12931 1
-2.13555 -2.13555 -2.19805 | 27.5713 | 0 
-2.13945 -2.07695 -2.13555 | 21.6099 | 0 
-2.19805 -2.19805 -2.07305 | 28.5819 | 0 
-2.19805 -2.07305 -2.07305 | 22.2896 | 0 
-2.18633 -1.97148 -2.09258 | 20.9556 | 0 
-2.07305 -1.95195 -2.07695 | 15.0548 | 0 
-1.96758 -1.96367 -2.09258 | 14.217 | 0 
-2.00664 -2.04961 -2.07305 | 14.0505 | 0 
-1.94805 -2.19805 -2.19805 | 27.5725 | 0 
-1.70977 -2.0457 -2.09258 | 26.0423 | 0 
-1.83477 -1.97539 -2.05742 | 17.1869 | 0 
-1.92852 -1.95586 -2.08086 | 14.5116 | 0 
-1.94805 -1.94805 -2.19805 | 20.2707 | 0 
-1.93633 -1.92461 -2.08086 | 14.9373 | 0 
-1.85039 -1.94805 -2.04961 | 16.532 | 0 
-1.74102 -1.83086 -2.08086 | 27.6757 | 0 
-1.94414 -1.71367 -2.19414 | 30.9649 | 0 
-2.08086 -1.87383 -2.17461 | 22.2526 | 0 
-2.04961 -1.91289 -2.1668 | 19.5048 | 0 
-2.04961 -1.94023 -2.06914 | 14.3543 | 0 
-2.04961 -1.9207 -1.95195 | 13.85 | 0 
-2.1043 -1.84648 -1.96758 | 18.2894 | 0 
-1.95195 -1.70195 -1.94805 | 24.4552 | 0 
-2.07695 -1.81133 -1.9207 | 19.8871 | 0 
-2.09258 -1.94023 -1.93242 | 15.1071 | 0 
-2.0457 -1.94023 -1.86602 | 15.8769 | 0 
-2.13164 -1.83086 -1.74102 | 29.8565 | 0 
-2.00664 -1.70586 -1.72148 | 34.4289 | 0 
-1.72539 -1.82305 -1.81523 | 32.7204 | 0 
-1.93242 -1.88945 -1.75664 | 23.1778 | 0 
-1.72539 -2.01836 -1.78398 | 29.7208 | 0 
-1.88945 -2.14336 -1.70977 | 29.6951 | 0 
-1.9832 -2.12383 -1.83867 | 19.4695 | 0 
-2.07305 -2.00664 -1.81523 | 18.6778 | 0 
-2.19805 -2.19805 -1.69805 | 39.3395 | 0 
-2.19023 -2.18633 -1.45586 | 43.7522 | 0 
-1.96367 -2.19805 -1.44023 | 37.1176 | 0 
-1.7293 -2.19023 -1.44805 | 46.986 | 0 
-1.72539 -1.95977 -1.45977 | 40.4887 | 0 
-1.72539 -1.70195 -1.45195 | 52.0429 | 0 
-1.92852 -1.70586 -1.44414 | 41.8349 | 0 
-2.18633 -1.71367 -1.44805 | 47.6535 | 0 
-2.19805 -1.69805 -1.69805 | 43.8048 | 0 
-2.1707 -1.67461 -1.45586 | 49.0366 | 0 
-1.96758 -1.69414 -1.38945 | 40.0002 | 0 
-1.71367 -1.4168 -1.50273 | 58.1279 | 0 
-2.0457 -1.26055 -1.44414 | 38.3215 | 0 
-2.15117 -1.22148 -1.51055 | 40.7791 | 0 
-2.19414 -1.20195 -1.7293 | 34.1352 | 0 
-2.08086 -1.44414 -1.84258 | 34.9697 | 0 
-2.18633 -1.22539 -1.97148 | 24.8936 | 0 
-2.07695 -1.20977 -2.08086 | 20.0155 | 0 
-1.97539 -1.2957 -2.05742 | 23.4094 | 0 
-2.18633 -1.45586 -1.97539 | 36.6441 | 0 
-2.19805 -1.68633 -1.9168 | 33.373 | 0 
-2.05742 -1.47148 -1.83086 | 35.3693 | 0 
-1.95586 -1.6707 -1.92852 | 26.4886 | 0 
-1.8543 -1.49102 -1.83086 | 38.0388 | 0 
-1.72148 -1.64727 -1.93633 | 38.0141 | 0 
-1.7293 -1.50273 -1.99492 | 40.5292 | 0 
-1.94023 -1.31133 -2.07305 | 25.272 | 0 
-1.72148 -1.20195 -1.99883 | 27.2127 | 0 
-1.79961 -1.39727 -1.86602 | 36.9333 | 0 
-1.69805 -1.20195 -1.70195 | 40.4313 | 0 
-1.69805 -1.22539 -1.95977 | 30.21 | 0 
-1.69805 -1.46367 -1.96758 | 42.0511 | 0 
-1.68242 -1.68633 -1.91289 | 38.8086 | 0 
-1.44023 -1.68242 -1.91289 | 43.4476 | 0 
-1.21758 -1.6668 -1.95195 | 31.4929 | 0 
-1.44805 -1.53789 -2.06523 | 48.7453 | 0 
-1.20195 -1.38945 -1.97539 | 32.1067 | 0 
-1.43242 -1.28008 -2.06523 | 39.7746 | 0 
-1.20195 -1.25273 -1.94414 | 24.6019 | 0 
-1.31914 -1.44414 -1.76445 | 49.6314 | 0 
-1.22148 -1.26055 -1.68242 | 38.9112 | 0 
-1.25273 -1.24492 -1.45195 | 44.6279 | 0 
-1.4168 -1.22539 -1.39336 | 50.4125 | 0 
-1.65508 -1.49102 -1.50664 | 62.8245 | 0 
-1.34648 -1.65117 -1.43242 | 57.2191 | 0 
-1.20977 -1.71367 -1.62773 | 43.7599 | 0 
-1.5457 -1.71758 -1.42852 | 58.0017 | 0 
-1.62383 -2.00273 -1.4832 | 45.9164 | 0 
-1.61211 -2.11211 -1.44805 | 48.6287 | 0 
-1.36992 -2.1082 -1.39727 | 45.3268 | 0 
-1.25273 -2.13555 -1.56523 | 41.336 | 0 
-1.2918 -2.12773 -1.76055 | 34.2809 | 0 
-1.53398 -2.14727 -1.71758 | 45.6939 | 0 
-1.56914 -1.89727 -1.74492 | 40.5087 | 0 
-1.40117 -1.70195 -1.78789 | 46.8046 | 0 
-1.44414 -1.70586 -2.03008 | 41.4232 | 0 
-1.49102 -1.72539 -2.18242 | 47.3676 | 0 
-1.49492 -2.00273 -2.15117 | 35.0515 | 0 
-1.42852 -2.15117 -2.14727 | 38.453 | 0 
-1.19805 -2.19805 -2.19805 | 31.4782 | 0 
-1.19023 -2.05742 -2.03789 | 17.061 | 0 
-1.1668 -1.98711 -2.11602 | 17.3687 | 0 
-1.07305 -2.00664 -2.09258 | 12.2451 | 0 
-0.994922 -2.02617 -2.1082 | 11.9031 | 0 
-0.975391 -2.00273 -2.0418 | 9.59491 | 0 
-1.01836 -2.0457 -2.01445 | 9.79713 | 0 
-0.955859 -2.11992 -2.03008 | 12.7961 | 0 
-1.00664 -2.16289 -2.09648 | 16.6733 | 0 
-0.897266 -2.15508 -2.16289 | 21.3187 | 0 
-0.791797 -2.1707 -2.02617 | 22.2043 | 0 
-0.748828 -2.05742 -2.11992 | 22.7122 | 0 
-0.721484 -1.97148 -2.02227 | 20.5367 | 0 
-0.877734 -1.95586 -2.02227 | 11.9737 | 0 
-0.920703 -2.06133 -2.05742 | 11.9226 | 0 
-0.905078 -1.97148 -2.11602 | 13.6112 | 0 
-0.912891 -1.93242 -2.1668 | 16.6185 | 0 
-0.944141 -1.90117 -2.02227 | 11.1695 | 0 
-0.803516 -1.88945 -2.06523 | 18.3265 | 0 
-0.709766 -1.78398 -2.09258 | 30.0919 | 0 
-0.987109 -1.73711 -2.18242 | 25.4771 | 0 
-1.09648 -1.86211 -2.17461 | 20.1431 | 0 
-1.0457 -1.89727 -2.16289 | 16.5887 | 0 
-1.0457 -1.94023 -2.06523 | 11.0578 | 0 
-1.02617 -1.84258 -2.03789 | 13.5238 | 0 
-1.04961 -1.93633 -1.9793 | 10.1247 | 0 
-1.13555 -1.83086 -1.95586 | 17.3969 | 0 
-1.11602 -1.7293 -1.97539 | 22.0958 | 0 
-0.987109 -1.7332 -1.97148 | 19.1114 | 0 
-1.03008 -1.75664 -1.92461 | 18.713 | 0 
-1.10039 -1.78008 -1.94805 | 18.7481 | 0 
-1.09258 -1.89727 -1.9168 | 13.4597 | 0 
-1.02227 -1.89727 -1.82695 | 15.4432 | 0 
-1.10039 -1.83867 -1.73711 | 25.0548 | 0 
-0.994922 -1.72539 -1.75273 | 28.4123 | 0 
-0.705859 -1.81914 -1.77227 | 34.0831 | 0 
-0.862109 -1.94805 -1.7332 | 22.6478 | 0 
-0.701953 -2.06523 -1.7332 | 32.6169 | 0 
-0.901172 -2.1707 -1.70586 | 28.26 | 0 
-0.991016 -2.11211 -1.86211 | 14.8307 | 0 
-1.03008 -2.06133 -1.82695 | 14.9103 | 0 
-0.987109 -1.98711 -1.87773 | 11.3229 | 0 
-1.03398 -1.99102 -1.76445 | 17.4827 | 0 
-1.14727 -1.95586 -1.77617 | 21.0255 | 0 
-1.17852 -2.07305 -1.86211 | 19.371 | 0 
-1.16289 -2.15508 -1.70195 | 31.0457 | 0 
-1.13164 -2.00664 -1.58867 | 29.5575 | 0 
-1.18633 -2.15117 -1.49883 | 38.5682 | 0 
-0.971484 -2.1082 -1.36992 | 26.4904 | 0 
-1.15898 -2.00664 -1.39727 | 29.9069 | 0 
-0.991016 -1.85039 -1.3582 | 26.6559 | 0 
-1.13945 -1.7332 -1.40508 | 39.2029 | 0 
-1.00664 -1.73711 -1.49102 | 37.0558 | 0 
-0.752734 -1.7332 -1.50273 | 46.709 | 0 
-0.733203 -1.9168 -1.39336 | 36.3802 | 0 
-0.733203 -2.15898 -1.4168 | 41.5118 | 0 
-0.756641 -2.14336 -1.64336 | 37.45 | 0 
-0.670703 -2.17852 -1.49492 | 47.8623 | 0 
-0.612109 -1.95977 -1.43242 | 43.317 | 0 
-0.475391 -1.76055 -1.47148 | 54.5492 | 0 
-0.241016 -1.70195 -1.40508 | 45.6116 | 0 
-0.225391 -1.95195 -1.41289 | 33.3085 | 0 
-0.201953 -2.17461 -1.42852 | 38.2835 | 0 
-0.256641 -2.1668 -1.68633 | 36.9235 | 0 
-0.323047 -1.95195 -1.86602 | 25.6181 | 0 
-0.346484 -2.08477 -1.94805 | 25.8721 | 0 
-0.229297 -2.18633 -1.9793 | 23.6428 | 0 
-0.252734 -2.07305 -2.1043 | 22.0676 | 0 
-0.369922 -1.97539 -2.05352 | 25.7771 | 0 
-0.467578 -2.13945 -1.95195 | 32.4508 | 0 
-0.619922 -1.99883 -2.06914 | 26.8831 | 0 
-0.686328 -2.1668 -1.9168 | 29.0777 | 0 
-0.471484 -2.05742 -1.84258 | 32.8398 | 0 
-0.682422 -1.95195 -1.9207 | 23.7525 | 0 
-0.451953 -1.88164 -1.82695 | 34.6216 | 0 
-0.658984 -1.75664 -1.93633 | 33.054 | 0 
-0.459766 -1.74492 -1.96367 | 37.3727 | 0 
-0.385547 -1.92852 -2.06523 | 27.4769 | 0 
-0.217578 -1.70977 -2.00273 | 27.4612 | 0 
-0.385547 -1.81133 -1.94805 | 31.5176 | 0 
-0.303516 -1.92852 -1.88164 | 24.2833 | 0 
-0.217578 -1.67852 -1.7293 | 39.4713 | 0 
-0.319141 -1.47148 -1.86602 | 43.1371 | 0 
-0.217578 -1.6707 -1.99492 | 29.5791 | 0 
-0.479297 -1.65898 -1.98711 | 42.2909 | 0 
-0.694141 -1.6668 -1.93633 | 36.2301 | 0 
-0.666797 -1.40117 -1.93633 | 40.073 | 0 
-0.662891 -1.25664 -2.00273 | 31.6522 | 0 
-0.518359 -1.40898 -2.0418 | 45.1082 | 0 
-0.401172 -1.24102 -1.98711 | 33.2515 | 0 
-0.287891 -1.44805 -2.01836 | 38.1502 | 0 
-0.248828 -1.20586 -1.90508 | 24.0601 | 0 
-0.264453 -1.40508 -1.76445 | 43.431 | 0 
-0.213672 -1.21758 -1.65117 | 35.7868 | 0 
-0.201953 -1.20195 -1.4168 | 36.2107 | 0 
-0.217578 -1.40898 -1.39727 | 48.3588 | 0 
-0.526172 -1.68242 -1.49492 | 59.3218 | 0 
-0.635547 -1.38945 -1.4168 | 57.2766 | 0 
-0.705859 -1.26836 -1.6082 | 46.3589 | 0 
-0.768359 -1.53008 -1.35039 | 49.3237 | 0 
-0.725391 -1.67461 -1.54961 | 51.3518 | 0 
-1.00273 -1.64336 -1.65898 | 38.082 | 0 
-1.19414 -1.69414 -1.26055 | 36.5473 | 0 
-1.17461 -1.4168 -1.32305 | 43.6703 | 0 
-1.01445 -1.2332 -1.45977 | 33.3508 | 0 
-1.08086 -1.4168 -1.68633 | 39.8414 | 0 
-1.1043 -1.22148 -1.77617 | 24.5186 | 0 
-0.971484 -1.38945 -1.71758 | 35.6908 | 0 
-0.862109 -1.26445 -1.77617 | 28.2909 | 0 
-0.823047 -1.39727 -1.72539 | 40.7046 | 0 
-0.869922 -1.57305 -1.81914 | 34.4549 | 0 
-1.02227 -1.6082 -1.72148 | 36.2513 | 0 
-1.01445 -1.55742 -1.87773 | 29.1864 | 0 
-0.971484 -1.62773 -1.9793 | 24.704 | 0 
-0.967578 -1.5457 -2.11992 | 30.3237 | 0 
-0.830859 -1.62773 -2.19023 | 36.5532 | 0 
-0.834766 -1.38945 -2.15117 | 34.0423 | 0 
-0.741016 -1.27617 -2.19414 | 35.7551 | 0 
-1.00273 -1.20195 -2.14727 | 18.0732 | 0 
-0.963672 -1.37383 -2.06523 | 25.1878 | 0 
-1.12383 -1.40117 -2.08867 | 30.1114 | 0 
-1.19805 -1.19805 -2.19805 | 28.0821 | 0 
-1.19023 -1.0457 -2.01445 | 13.3513 | 0 
-1.14336 -0.963672 -2.13555 | 14.2584 | 0 
-1.07695 -1.05742 -2.09648 | 10.2453 | 0 
-1.01445 -1.00273 -2.13555 | 10.0505 | 0 
-0.955859 -1.03398 -2.08867 | 8.46689 | 0 
-0.987109 -0.963672 -2.1707 | 12.1284 | 0 
-0.987109 -0.971484 -2.02227 | 6.29829 | 0 
-1.06133 -0.967578 -1.95586 | 7.21021 | 0 
-1.0457 -1.04961 -2.07305 | 8.41895 | 0 
-0.979297 -1.05742 -1.96758 | 6.88362 | 0 
-1.01055 -1.07695 -2.0418 | 7.8611 | 0 
-1.05742 -1.19023 -2.05352 | 14.288 | 0 
-0.987109 -1.17461 -2.13555 | 15.7984 | 0 
-0.830859 -1.17852 -2.15508 | 21.9 | 0 
-0.803516 -1.18633 -1.98711 | 18.8402 | 0 
-0.741016 -1.06133 -2.13164 | 20.7469 | 0 
-0.737109 -0.955859 -2.03398 | 17.0124 | 0 
-0.846484 -1.00664 -2.02617 | 10.2811 | 0 
-0.866016 -1.06523 -1.98711 | 10.0336 | 0 
-0.920703 -1.01836 -2.02227 | 7.3542 | 0 
-0.905078 -0.987109 -2.00273 | 7.56519 | 0 
-0.944141 -0.987109 -2.08086 | 8.10124 | 0 
-0.944141 -1.02227 -2.13945 | 10.8203 | 0 
-0.940234 -0.932422 -2.15117 | 12.1477 | 0 
-0.932422 -0.830859 -2.1082 | 14.2509 | 0 
-0.920703 -0.932422 -2.06523 | 8.91433 | 0 
-0.889453 -0.834766 -2.01836 | 12.8673 | 0 
-0.850391 -0.920703 -2.04961 | 11.5717 | 0 
-0.733203 -0.905078 -2.06914 | 19.3468 | 0 
-0.733203 -0.834766 -2.08477 | 22.9414 | 0 
-0.791797 -0.717578 -2.06523 | 25.6623 | 0 
-0.944141 -0.748828 -2.15117 | 20.9448 | 0 
-1.12773 -0.772266 -2.18633 | 24.4105 | 0 
-1.11211 -0.940234 -2.19805 | 16.8224 | 0 
-1.02227 -0.908984 -2.10039 | 9.89599 | 0 
-1.01836 -0.885547 -2.06523 | 9.45743 | 0 
-0.951953 -0.826953 -1.9832 | 11.3821 | 0 
-1.01836 -0.901172 -2.00664 | 7.81771 | 0 
-1.15508 -0.928516 -1.97539 | 11.5929 | 0 
-1.11602 -0.862109 -1.9832 | 12.0429 | 0 
-1.1082 -0.721484 -1.99492 | 19.739 | 0 
-1.00664 -0.721484 -1.9832 | 17.3134 | 0 
-1.02227 -0.713672 -1.90898 | 19.1502 | 0 
-1.09648 -0.811328 -1.88945 | 15.7707 | 0 
-1.1707 -0.826953 -1.90898 | 17.862 | 0 
-1.08867 -0.924609 -1.88945 | 10.5404 | 0 
-1.01836 -0.826953 -1.93242 | 11.7607 | 0 
-0.987109 -0.936328 -1.83867 | 10.7666 | 0 
-0.991016 -0.928516 -1.73711 | 16.6786 | 0 
-1.09258 -0.877734 -1.79961 | 16.589 | 0 
-0.975391 -0.713672 -1.81523 | 23.1529 | 0 
-0.701953 -0.783984 -1.74883 | 35.0935 | 0 
-0.838672 -0.889453 -1.71367 | 23.7232 | 0 
-0.741016 -1.0457 -1.70195 | 28.4862 | 0 
-0.862109 -1.14727 -1.70977 | 24.9921 | 0 
-1.04961 -1.16289 -1.77617 | 19.2496 | 0 
-1.0418 -1.1043 -1.88945 | 10.606 | 0 
-0.991016 -1.05352 -1.91289 | 7.7879 | 0 
-1.07305 -1.01445 -1.86211 | 10.2483 | 0 
-1.02617 -0.951953 -1.94414 | 6.93568 | 0 
-1.00664 -0.991016 -1.72539 | 16.5371 | 0 
-1.06914 -1.03008 -1.70977 | 18.7355 | 0 
-1.19414 -1.02227 -1.70195 | 25.0004 | 0 
-1.13555 -1.03008 -1.93242 | 10.5635 | 0 
-1.14727 -1.12773 -1.94414 | 14.0128 | 0 
-1.12773 -1.15508 -1.90117 | 15.5219 | 0 
-1.07695 -1.13555 -1.74102 | 20.6036 | 0 
-0.959766 -1.11992 -1.59258 | 26.0919 | 0 
-1.11602 -1.05352 -1.6043 | 25.959 | 0 
-1.17461 -1.11602 -1.49492 | 32.8344 | 0 
-1.06914 -1.11211 -1.37383 | 24.595 | 0 
-0.991016 -1.0457 -1.31133 | 17.9793 | 0 
-1.1668 -1.02617 -1.36992 | 26.275 | 0 
-1.19414 -0.873828 -1.2957 | 26.2438 | 0 
-1.04961 -0.932422 -1.34258 | 20.6378 | 0 
-0.951953 -0.815234 -1.24883 | 19.524 | 0 
-1.12773 -0.819141 -1.34648 | 28.2961 | 0 
-1.14727 -0.830859 -1.49883 | 33.372 | 0 
-1.06133 -0.787891 -1.53398 | 32.2482 | 0 
-0.752734 -0.772266 -1.56523 | 41.2184 | 0 
-0.733203 -0.885547 -1.42461 | 35.7798 | 0 
-0.850391 -1.05352 -1.41289 | 27.0308 | 0 
-0.823047 -1.13555 -1.38945 | 30.5631 | 0 
-0.721484 -1.18242 -1.59258 | 40.4728 | 0 
-0.694141 -1.19023 -1.54961 | 43.5885 | 0 
-0.623828 -0.971484 -1.43242 | 39.7798 | 0 
-0.616016 -0.721484 -1.44023 | 51.5183 | 0 
-0.510547 -0.756641 -1.45977 | 52.2072 | 0 
-0.299609 -0.713672 -1.38945 | 45.5425 | 0 
-0.201953 -0.979297 -1.39336 | 27.8905 | 0 
-0.436328 -1.05352 -1.3543 | 38.9989 | 0 
-0.221484 -1.18633 -1.41289 | 36.315 | 0 
-0.323047 -1.00664 -1.5457 | 37.5363 | 0 
-0.205859 -1.1668 -1.65117 | 32.2174 | 0 
-0.299609 -0.987109 -1.78008 | 25.4538 | 0 
-0.385547 -1.03398 -1.92852 | 23.6797 | 0 
-0.252734 -1.1668 -1.94414 | 20.9935 | 0 
-0.248828 -1.11602 -2.10039 | 20.1109 | 0 
-0.241016 -0.987109 -2.09648 | 16.6783 | 0 
-0.280078 -0.987109 -2.04961 | 17.647 | 0 
-0.444141 -1.0418 -2.08867 | 26.8907 | 0 
-0.424609 -1.19805 -1.95977 | 31.4664 | 0 
-0.569141 -0.951953 -2.05352 | 25.5304 | 0 
-0.690234 -1.0457 -2.09648 | 21.8242 | 0 
-0.686328 -1.17461 -1.96758 | 25.2619 | 0 
-0.510547 -1.10039 -1.84648 | 31.0856 | 0 
-0.514453 -0.955859 -1.80352 | 31.4725 | 0 
-0.686328 -0.998828 -1.90508 | 20.7195 | 0 
-0.616016 -0.936328 -1.78398 | 30.5681 | 0 
-0.471484 -0.834766 -1.93633 | 30.2203 | 0 
-0.616016 -0.713672 -1.90508 | 35.9661 | 0 
-0.569141 -0.748828 -1.95586 | 34.2369 | 0 
-0.326953 -0.936328 -1.9793 | 20.4242 | 0 
-0.213672 -0.830859 -2.1082 | 20.2763 | 0 
-0.241016 -0.729297 -1.99492 | 25.3077 | 0 
-0.377734 -0.780078 -1.88945 | 31.9509 | 0 
-0.276172 -0.908984 -1.83867 | 22.2237 | 0 
-0.209766 -0.686328 -1.70586 | 37.5566 | 0 
-0.323047 -0.455859 -1.87773 | 40.6946 | 0 
-0.221484 -0.686328 -1.95195 | 26.8951 | 0 
-0.295703 -0.459766 -2.06523 | 37.9068 | 0 
-0.455859 -0.682422 -1.96367 | 38.5264 | 0 
-0.674609 -0.674609 -1.93242 | 34.656 | 0 
-0.682422 -0.444141 -1.9207 | 39.0778 | 0 
-0.506641 -0.291797 -1.84648 | 40.641 | 0 
-0.670703 -0.229297 -1.99883 | 27.9796 | 0 
-0.526172 -0.440234 -2.06523 | 44.7324 | 0 
-0.428516 -0.201953 -2.01055 | 30.3236 | 0 
-0.272266 -0.424609 -2.06523 | 35.6413 | 0 
-0.260547 -0.213672 -1.9207 | 23.4178 | 0 
-0.299609 -0.444141 -1.81914 | 41.8446 | 0 
-0.248828 -0.221484 -1.68633 | 34.9937 | 0 
-0.248828 -0.217578 -1.49102 | 40.2198 | 0 
-0.256641 -0.428516 -1.43633 | 50.9482 | 0 
-0.451953 -0.666797 -1.51055 | 57.4494 | 0 
-0.639453 -0.432422 -1.44023 | 57.486 | 0 
-0.717578 -0.260547 -1.69805 | 39.3581 | 0 
-0.725391 -0.260547 -1.4207 | 43.599 | 0 
-0.752734 -0.451953 -1.39336 | 49.9262 | 0 
-0.780078 -0.694141 -1.49492 | 44.8796 | 0 
-1.0457 -0.682422 -1.4832 | 38.2325 | 0 
-1.13555 -0.674609 -1.41289 | 40.2545 | 0 
-1.13164 -0.448047 -1.43242 | 45.3472 | 0 
-1.1668 -0.221484 -1.52617 | 36.8297 | 0 
-1.14336 -0.428516 -1.63164 | 43.7211 | 0 
-1.15508 -0.244922 -1.76055 | 27.8957 | 0 
-1.02227 -0.408984 -1.77617 | 31.2367 | 0 
-0.912891 -0.260547 -1.73711 | 26.8509 | 0 
-0.733203 -0.373828 -1.76836 | 40.7257 | 0 
-0.901172 -0.467578 -1.74102 | 36.2861 | 0 
-0.721484 -0.600391 -1.7918 | 41.3533 | 0 
-0.951953 -0.686328 -1.74883 | 28.8563 | 0 
-1.02617 -0.467578 -1.88164 | 27.3805 | 0 
-1.1082 -0.635547 -1.9168 | 25.4525 | 0 
-0.967578 -0.662891 -1.97539 | 20.8079 | 0 
-1.11211 -0.541797 -1.96758 | 27.6456 | 0 
-1.04961 -0.479297 -2.12773 | 29.3075 | 0 
-0.928516 -0.694141 -2.19805 | 27.3987 | 0 
-0.701953 -0.596484 -2.10039 | 38.3757 | 0 
-0.948047 -0.479297 -2.19414 | 32.9482 | 0 
-0.744922 -0.264453 -2.1043 | 28.3502 | 0 
-0.885547 -0.256641 -2.06133 | 18.7257 | 0 
-0.932422 -0.221484 -2.13164 | 17.7983 | 0 
-0.975391 -0.205859 -2.1707 | 18.3082 | 0 
-0.963672 -0.209766 -2.0457 | 13.3253 | 0 
-0.955859 -0.295703 -2.07305 | 19.548 | 0 
-1.04961 -0.420703 -2.09648 | 26.722 | 0 
-1.24492 -0.237109 -2.19414 | 31.8541 | 0 
-1.30352 -0.440234 -2.02227 | 38.6829 | 0 
-1.2293 -0.213672 -1.96367 | 22.1123 | 0 
-1.43633 -0.291797 -1.83086 | 42.4419 | 0 
-1.2293 -0.389453 -1.93242 | 32.6711 | 0 
-1.38945 -0.526172 -1.86992 | 46.4104 | 0 
-1.24883 -0.694141 -1.89336 | 31.1528 | 0 
-1.2957 -0.479297 -1.99883 | 38.652 | 0 
-1.36602 -0.682422 -1.98711 | 37.0936 | 0 
-1.59258 -0.666797 -1.97539 | 40.3507 | 0 
-1.63164 -0.483203 -1.9168 | 44.6198 | 0 
-1.61602 -0.264453 -1.92852 | 35.7581 | 0 
-1.6668 -0.280078 -2.13164 | 37.5021 | 0 
-1.70586 -0.385547 -2.13555 | 41.2937 | 0 
-1.75273 -0.276172 -2.0457 | 29.208 | 0 
-1.77617 -0.369922 -1.89727 | 34.1081 | 0 
-1.84648 -0.311328 -1.93633 | 26.1064 | 0 
-2.06914 -0.276172 -1.72539 | 31.4406 | 0 
-2.02227 -0.342578 -1.93242 | 24.4212 | 0 
-2.07695 -0.369922 -1.70977 | 37.8632 | 0 
-2.11992 -0.315234 -1.89727 | 26.897 | 0 
-2.08867 -0.295703 -2.1707 | 28.7278 | 0 
-2.06914 -0.311328 -1.97539 | 23.0873 | 0 
-2.05742 -0.354297 -2.15898 | 30.3456 | 0 
-2.1082 -0.350391 -1.95586 | 26.8959 | 0 
-2.06133 -0.553516 -2.07305 | 30.0611 | 0 
-2.19414 -0.619922 -1.95977 | 33.212 | 0 
-2.1043 -0.541797 -1.88164 | 32.6309 | 0 
-1.95977 -0.627734 -1.9168 | 26.5109 | 0 
-1.88164 -0.565234 -1.88164 | 31.8526 | 0 
-1.75664 -0.600391 -1.87383 | 37.5973 | 0 
-1.71367 -0.608203 -2.18633 | 44.2313 | 0 
-1.7918 -0.944141 -2.04961 | 16.7982 | 0 
-1.84648 -0.897266 -2.06133 | 15.5112 | 0 
-1.87773 -0.807422 -2.06914 | 18.6664 | 0 
-1.82305 -0.799609 -1.9168 | 21.4756 | 0 
-1.78008 -0.862109 -1.81523 | 24.8676 | 0 
-1.94023 -0.866016 -1.83477 | 16.8391 | 0 
-1.87773 -0.737109 -1.70195 | 33.5566 | 0 
-2.03789 -0.709766 -1.88555 | 23.4715 | 0 
-2.03789 -0.940234 -1.7293 | 20.3035 | 0 
-2.19414 -0.826953 -1.83086 | 25.8983 | 0 
-2.1043 -0.783984 -1.78789 | 25.8333 | 0 
-2.13555 -0.795703 -1.9793 | 19.7762 | 0 
-2.06133 -0.760547 -2.18633 | 25.7839 | 0 
-1.98711 -0.733203 -1.98711 | 19.5538 | 0 
-2.01055 -0.881641 -2.02227 | 11.6689 | 0 
-2.01445 -0.897266 -2.03789 | 11.3514 | 0 
-1.9793 -0.932422 -2.10039 | 12.0954 | 0 
-1.99102 -0.850391 -2.1043 | 15.3051 | 0 
-2.05352 -0.893359 -2.09258 | 13.7606 | 0 
-2.19805 -0.932422 -2.15898 | 22.6313 | 0 
-2.08867 -0.893359 -1.99883 | 12.8306 | 0 
-2.09258 -1.0418 -2.00273 | 11.4641 | 0 
-2.11602 -1.00664 -2.01836 | 12.181 | 0 
-2.08477 -1.00664 -2.15508 | 15.781 | 0 
-1.96367 -0.998828 -2.15117 | 13.9227 | 0 
-1.99883 -0.967578 -2.00664 | 9.17388 | 0 
-2.02227 -1.06133 -1.9793 | 10.0491 | 0 
-2.00664 -1.1043 -1.95977 | 11.4848 | 0 
-2.0418 -1.14336 -1.9793 | 13.611 | 0 
-2.01836 -1.13555 -2.17461 | 19.0096 | 0 
-2.15508 -1.11992 -2.13945 | 21.1653 | 0 
-2.08477 -1.08477 -1.97148 | 12.34 | 0 
-2.12773 -1.08867 -1.8543 | 17.6205 | 0 
-2.08086 -1.08086 -1.70586 | 23.6724 | 0 
-2.09258 -1.06523 -1.86992 | 14.6413 | 0 
-1.96758 -1.0457 -1.83477 | 13.8698 | 0 
-2.02617 -1.05742 -1.81133 | 15.5244 | 0 
-2.0418 -1.17852 -1.76445 | 23.7651 | 0 
-1.99883 -1.11211 -1.88945 | 13.4992 | 0 
-1.89727 -1.11211 -1.8582 | 16.3945 | 0 
-1.86211 -1.09648 -1.7918 | 20.5904 | 0 
-1.88164 -0.955859 -1.80352 | 17.4297 | 0 
-1.8543 -1.03789 -1.8543 | 16.0479 | 0 
-1.71367 -1.0457 -1.84258 | 24.6032 | 0 
-1.81133 -1.07305 -1.81133 | 21.2307 | 0 
-1.77617 -1.08867 -1.93633 | 18.7543 | 0 
-1.80352 -1.1043 -2.07305 | 18.5765 | 0 
-1.94414 -1.13555 -2.0418 | 13.6033 | 0 
-1.84648 -1.0418 -2.01836 | 13.2802 | 0 
-1.9168 -0.998828 -2.01836 | 10.1479 | 0 
-1.72148 -1.02617 -2.03789 | 20.3686 | 0 
-1.74883 -1.01836 -2.19023 | 25.3651 | 0 
-1.86602 -1.04961 -2.1043 | 14.9042 | 0 
-1.70586 -1.19805 -2.14727 | 32.4714 | 0 
-1.49102 -1.17852 -2.18242 | 39.8974 | 0 
-1.4168 -0.959766 -2.14727 | 30.5054 | 0 
-1.40117 -0.721484 -2.13945 | 40.5758 | 0 
-1.51055 -0.748828 -1.99492 | 36.879 | 0 
-1.50273 -0.725391 -1.7293 | 48.6106 | 0 
-1.44414 -0.979297 -1.74883 | 35.6515 | 0 
-1.50664 -1.15117 -1.75664 | 40.437 | 0 
-1.57695 -1.17852 -1.65898 | 46.5516 | 0 
-1.41289 -0.830859 -1.61211 | 46.5799 | 0 
-1.57305 -0.721484 -1.36211 | 52.0734 | 0 
-1.40117 -0.737109 -1.33867 | 48.5286 | 0 
-1.39336 -0.963672 -1.39727 | 40.9078 | 0 
-1.4832 -1.1668 -1.40898 | 48.9069 | 0 
-1.83086 -1.13945 -1.31523 | 29.0998 | 0 
-1.86211 -1.01055 -1.34258 | 25.3317 | 0 
-1.77227 -1.17852 -1.6668 | 36.5645 | 0 
-1.8582 -1.00664 -1.66289 | 26.1574 | 0 
-2.05352 -1.1707 -1.69414 | 27.677 | 0 
-2.08086 -0.955859 -1.59648 | 27.6556 | 0 
-2.17852 -1.12383 -1.28789 | 28.561 | 0 
-2.03008 -1.1668 -1.33867 | 27.7474 | 0 
-1.99883 -1.06523 -1.31133 | 21.4369 | 0 
-2.14727 -1.06133 -1.40117 | 30.551 | 0 
-2.1082 -0.854297 -1.31523 | 27.0185 | 0 
-2.06523 -0.783984 -1.31133 | 29.0673 | 0 
-2.07695 -0.783984 -1.68242 | 30.9057 | 0 
-2.03008 -0.826953 -1.6707 | 27.9042 | 0 
-1.89336 -0.764453 -1.64336 | 34.3352 | 0 
-1.71758 -0.838672 -1.6082 | 40.7518 | 0 
-1.87773 -0.799609 -1.43633 | 35.1803 | 0 
-1.8543 -0.526172 -1.29961 | 42.2421 | 0 
-1.70195 -0.545703 -1.6668 | 53.5293 | 0 
-2.00273 -0.561328 -1.61992 | 43.5114 | 0 
-2.06523 -0.639453 -1.26836 | 34.6628 | 0 
-2.02227 -0.397266 -1.30742 | 37.5726 | 0 
-2.17852 -0.354297 -1.57695 | 47.964 | 0 
-1.89336 -0.299609 -1.59648 | 39.6702 | 0 
-1.85039 -0.287891 -1.43242 | 41.1313 | 0 
-1.5418 -0.276172 -1.25664 | 45.7438 | 0 
-1.58477 -0.491016 -1.69023 | 57.876 | 0 
-1.35039 -0.588672 -1.27617 | 49.8211 | 0 
-1.24883 -0.401172 -1.58867 | 50.7917 | 0 
-1.32305 -0.237109 -1.33867 | 42.5075 | 0 
-1.2957 -0.346484 -1.26445 | 42.8346 | 0 
-1.20195 -0.201953 -1.19805 | 23.7677 | 0 
-1.28789 -0.412891 -1.11211 | 36.3435 | 0 
-1.2332 -0.205859 -1.03008 | 19.0108 | 0 
-1.31523 -0.264453 -0.709766 | 39.6966 | 0 
-1.38555 -0.276172 -0.944141 | 32.6578 | 0 
-1.31523 -0.330859 -0.893359 | 33.6492 | 0 
-1.32695 -0.561328 -0.866016 | 40.0807 | 0 
-1.25273 -0.619922 -0.889453 | 32.5264 | 0 
-1.41289 -0.631641 -1.05352 | 39.3743 | 0 
-1.66289 -0.619922 -1.05742 | 37.4086 | 0 
-1.63945 -0.541797 -0.838672 | 44.4549 | 0 
-1.65508 -0.276172 -0.826953 | 36.1043 | 0 
-1.60039 -0.276172 -1.19023 | 40.0994 | 0 
-1.76445 -0.354297 -1.16289 | 34.5743 | 0 
-1.78398 -0.307422 -1.00664 | 25.7102 | 0 
-1.73711 -0.366016 -0.838672 | 36.0372 | 0 
-1.90508 -0.283984 -0.850391 | 22.381 | 0 
-2.02617 -0.213672 -0.764453 | 21.7007 | 0 
-1.95195 -0.373828 -0.850391 | 26.2464 | 0 
-2.19023 -0.264453 -0.830859 | 27.9319 | 0 
-2.1668 -0.283984 -1.12383 | 26.0419 | 0 
-2.03008 -0.229297 -1.06133 | 14.9144 | 0 
-1.95195 -0.330859 -1.13555 | 23.9388 | 0 
-2.1707 -0.366016 -1.06914 | 28.7999 | 0 
-2.05352 -0.451953 -1.07305 | 26.7153 | 0 
-2.19414 -0.600391 -1.0457 | 31.3153 | 0 
-2.17461 -0.561328 -0.850391 | 34.5745 | 0 
-1.97148 -0.576953 -0.842578 | 28.449 | 0 
-1.94023 -0.557422 -0.881641 | 27.5457 | 0 
-1.74102 -0.584766 -0.850391 | 37.3777 | 0 
-1.81133 -0.580859 -1.19414 | 36.5844 | 0 
-1.77227 -0.854297 -1.09258 | 19.2206 | 0 
-1.70977 -0.834766 -0.967578 | 22.1865 | 0 
-1.90898 -0.866016 -1.06523 | 11.2875 | 0 
-1.91289 -0.717578 -1.07305 | 19.8443 | 0 
-1.74883 -0.729297 -1.01836 | 26.0646 | 0 
-1.73711 -0.815234 -0.764453 | 30.1837 | 0 
-1.76836 -0.908984 -0.834766 | 20.0125 | 0 
-1.9168 -0.795703 -0.795703 | 20.6114 | 0 
-1.99883 -0.721484 -0.901172 | 18.9771 | 0 
-1.95586 -0.733203 -0.787891 | 24.061 | 0 
-2.00664 -0.862109 -0.807422 | 15.4245 | 0 
-2.07305 -0.916797 -0.807422 | 14.6304 | 0 
-1.95195 -0.936328 -0.846484 | 10.9475 | 0 
-1.99492 -0.826953 -0.866016 | 14.1089 | 0 
-2.0418 -0.932422 -0.826953 | 12.3041 | 0 
-2.1668 -0.897266 -0.866016 | 16.6083 | 0 
-2.14336 -0.834766 -0.783984 | 22.4984 | 0 
-2.1043 -0.713672 -0.908984 | 21.689 | 0 
-2.11211 -0.748828 -1.19023 | 25.2245 | 0 
-2.01836 -0.780078 -0.963672 | 14.0582 | 0 
-1.99883 -0.877734 -0.994922 | 8.56946 | 0 
-2.03398 -0.866016 -1.01836 | 9.55685 | 0 
-2.05352 -0.912891 -1.00664 | 8.09313 | 0 
-1.9832 -0.944141 -1.19805 | 13.7184 | 0 
-2.05742 -0.850391 -1.1707 | 16.2941 | 0 
-2.19023 -0.854297 -1.11211 | 19.3821 | 0 
-2.18242 -0.881641 -0.967578 | 15.2038 | 0 
-2.14336 -0.998828 -0.983203 | 10.4041 | 0 
-2.14727 -1.02617 -1.06133 | 11.6424 | 0 
-2.17461 -0.983203 -1.12383 | 15.3295 | 0 
-2.1043 -1.03398 -1.12383 | 11.9358 | 0 
-2.06133 -1.01055 -1.10039 | 9.16065 | 0 
-2.00664 -1.03008 -1.11992 | 9.2356 | 0 
-1.99883 -1.00273 -1.15117 | 10.5096 | 0 
-1.9832 -1.00273 -1.07305 | 7.18201 | 0 
-2.03008 -1.00273 -0.963672 | 6.49426 | 0 
-2.03008 -1.03008 -1.05742 | 7.30034 | 0 
-2.01055 -1.03398 -0.959766 | 6.59947 | 0 
-1.99492 -1.09648 -1.06133 | 8.82875 | 0 
-2.0457 -1.16289 -1.06914 | 12.8146 | 0 
-1.99883 -1.19023 -1.10039 | 14.8798 | 0 
-2.02617 -1.07695 -1.11602 | 10.3332 | 0 
-2.08086 -1.17461 -1.08477 | 14.9728 | 0 
-2.15508 -1.08867 -1.13555 | 16.4273 | 0 
-2.14336 -1.1043 -1.03398 | 12.9709 | 0 
-2.17852 -1.08477 -0.912891 | 15.2599 | 0 
-2.09648 -1.15117 -0.815234 | 18.3639 | 0 
-2.11211 -1.03789 -0.795703 | 16.0011 | 0 
-2.13945 -1.02227 -0.873828 | 13.0641 | 0 
-2.10039 -0.994922 -0.850391 | 12.1564 | 0 
-2.03398 -1.02227 -0.858203 | 9.9566 | 0 
-1.97539 -0.991016 -0.858203 | 9.46918 | 0 
-2.03789 -0.963672 -0.776172 | 14.5885 | 0 
-2.01836 -1.1043 -0.799609 | 15.0037 | 0 
-1.9793 -1.1043 -0.842578 | 12.5086 | 0 
-1.98711 -1.18242 -0.932422 | 13.0173 | 0 
-1.87773 -1.09258 -0.936328 | 10.8391 | 0 
-1.84648 -1.19414 -0.776172 | 24.665 | 0 
-1.88555 -1.07305 -0.787891 | 16.4803 | 0 
-1.9168 -0.951953 -0.783984 | 14.8637 | 0 
-1.92461 -1.05352 -0.944141 | 7.97615 | 0 
-1.87773 -0.975391 -0.908984 | 9.82241 | 0 
-1.76445 -1.0418 -0.928516 | 15.4886 | 0 
-1.79961 -1.01055 -0.737109 | 22.5673 | 0 
-1.81914 -1.12383 -0.885547 | 16.5009 | 0 
-1.73711 -1.1082 -1.05352 | 18.948 | 0 
-1.89727 -1.17461 -1.04961 | 14.0131 | 0 
-1.88164 -1.1043 -1.05742 | 11.2336 | 0 
-1.90508 -1.04961 -1.05742 | 8.70128 | 0 
-1.94805 -0.983203 -0.959766 | 6.58428 | 0 
-1.88555 -0.959766 -1.06914 | 9.34242 | 0 
-1.75273 -1.01445 -1.01055 | 15.0138 | 0 
-1.74102 -1.02617 -1.09258 | 17.6216 | 0 
-1.90508 -0.971484 -1.12773 | 10.7829 | 0 
-1.90898 -1.05742 -1.13164 | 11.5079 | 0 
-1.86602 -1.08477 -1.11602 | 13.1697 | 0 
-1.80742 -1.1668 -1.12773 | 20.4284 | 0 
-1.63945 -1.1668 -1.00664 | 26.479 | 0 
-1.65508 -0.951953 -1.18242 | 26.993 | 0 
-1.4832 -1.17852 -1.10039 | 32.3263 | 0 
-1.44414 -1.18633 -1.0418 | 30.4167 | 0 
-1.21367 -1.16289 -1.09258 | 18.1968 | 0 
-1.26055 -1.03008 -1.08477 | 16.0521 | 0 
-1.24102 -0.963672 -1.05352 | 13.8339 | 0 
-1.2957 -0.967578 -1.05742 | 17.4161 | 0 
-1.4207 -0.963672 -1.06914 | 24.0626 | 0 
-1.44805 -0.948047 -1.13164 | 27.5063 | 0 
-1.24883 -0.905078 -1.05352 | 15.7014 | 0 
-1.2293 -0.725391 -1.12773 | 26.6036 | 0 
-1.4168 -0.729297 -1.06133 | 34.3604 | 0 
-1.57695 -0.705859 -0.959766 | 35.8157 | 0 
-1.63555 -0.741016 -0.701953 | 43.8416 | 0 
-1.4168 -0.908984 -0.862109 | 27.3564 | 0 
-1.39336 -1.01055 -0.787891 | 29.085 | 0 
-1.20977 -0.975391 -0.858203 | 14.4827 | 0 
-1.21758 -1.15898 -0.760547 | 25.3069 | 0 
-1.44023 -1.17852 -0.932422 | 30.1818 | 0 
-1.45977 -1.00273 -0.901172 | 25.4989 | 0 
-1.63945 -0.987109 -0.744922 | 30.9696 | 0 
-1.64727 -1.15117 -0.924609 | 26.1925 | 0 
-1.56523 -1.18633 -0.569141 | 48.5293 | 0 
-1.40508 -1.06914 -0.545703 | 42.2081 | 0 
-1.37383 -0.783984 -0.569141 | 46.7968 | 0 
-1.65508 -0.819141 -0.451953 | 44.5702 | 0 
-1.68242 -0.764453 -0.256641 | 37.1107 | 0 
-1.42852 -0.873828 -0.350391 | 40.8141 | 0 
-1.40117 -1.08867 -0.405078 | 41.2317 | 0 
-1.65508 -1.18633 -0.405078 | 44.3063 | 0 
-1.88555 -1.1668 -0.397266 | 30.5458 | 0 
-1.74102 -1.00273 -0.584766 | 33.5592 | 0 
-1.93633 -1.19023 -0.604297 | 30.5818 | 0 
-1.99492 -0.983203 -0.584766 | 23.964 | 0 
-2.1707 -1.15117 -0.604297 | 33.734 | 0 
-1.96367 -1.1668 -0.268359 | 21.7069 | 0 
-1.97539 -0.963672 -0.362109 | 21.8164 | 0 
-2.18242 -0.955859 -0.213672 | 19.722 | 0 
-2.1043 -0.944141 -0.338672 | 23.4029 | 0 
-2.00273 -0.889453 -0.237109 | 16.3675 | 0 
-2.00664 -0.729297 -0.401172 | 34.1585 | 0 
-2.18633 -0.760547 -0.217578 | 28.8258 | 0 
-2.15898 -0.940234 -0.639453 | 27.6396 | 0 
-2.01836 -0.721484 -0.655078 | 32.4888 | 0 
-1.90117 -0.944141 -0.674609 | 21.9991 | 0 
-1.75273 -0.760547 -0.686328 | 37.1823 | 0 
-1.83867 -0.717578 -0.299609 | 33.7877 | 0 
-1.82695 -0.694141 -0.416797 | 41.4469 | 0 
-1.89727 -0.662891 -0.627734 | 38.5977 | 0 
-2.15508 -0.682422 -0.580859 | 42.6872 | 0 
-2.1707 -0.510547 -0.366016 | 46.9667 | 0 
-2.12773 -0.221484 -0.381641 | 33.3512 | 0 
-2.1668 -0.448047 -0.459766 | 49.2683 | 0 
-2.06914 -0.205859 -0.541797 | 32.4653 | 0 
-1.81133 -0.248828 -0.530078 | 39.6134 | 0 
-1.79961 -0.260547 -0.287891 | 33.343 | 0 
-1.58477 -0.201953 -0.420703 | 47.1552 | 0 
-1.59648 -0.412891 -0.569141 | 58.8715 | 0 
-1.49102 -0.631641 -0.358203 | 55.7913 | 0 
-1.24102 -0.573047 -0.471484 | 50.3316 | 0 
-1.30352 -0.311328 -0.483203 | 49.0321 | 0 
-1.25273 -0.295703 -0.323047 | 39.1955 | 0 
-1.08477 -0.366016 -0.252734 | 29.5923 | 0 
-1.01445 -0.283984 -0.260547 | 24.0002 | 0 
-0.783984 -0.295703 -0.252734 | 31.6509 | 0 
-0.838672 -0.412891 -0.260547 | 34.8555 | 0 
-0.709766 -0.518359 -0.252734 | 43.4428 | 0 
-0.885547 -0.670703 -0.256641 | 28.972 | 0 
-1.03398 -0.475391 -0.315234 | 35.4873 | 0 
-1.01055 -0.643359 -0.401172 | 35.9614 | 0 
-1.02227 -0.494922 -0.549609 | 41.2028 | 0 
-0.959766 -0.651172 -0.678516 | 32.2835 | 0 
-0.948047 -0.487109 -0.639453 | 38.4409 | 0 
-0.744922 -0.287891 -0.588672 | 42.1493 | 0 
-0.948047 -0.209766 -0.698047 | 22.6636 | 0 
-1.07305 -0.444141 -0.580859 | 40.8483 | 0 
-1.19023 -0.225391 -0.725391 | 28.3261 | 0 
-1.09258 -0.405078 -0.830859 | 27.1015 | 0 
-1.0418 -0.276172 -0.889453 | 16.2494 | 0 
-1.1043 -0.256641 -0.901172 | 16.4528 | 0 
-1.15117 -0.260547 -0.967578 | 17.3801 | 0 
-1.13945 -0.256641 -1.11602 | 19.1674 | 0 
-1.03398 -0.241016 -1.1082 | 14.2416 | 0 
-0.959766 -0.303516 -1.1043 | 17.9215 | 0 
-0.994922 -0.221484 -1.03398 | 10.5581 | 0 
-1.01055 -0.338672 -1.03008 | 17.6846 | 0 
-1.08086 -0.420703 -1.12383 | 25.5326 | 0 
-1.13555 -0.471484 -0.991016 | 25.7624 | 0 
-1.06523 -0.467578 -1.17461 | 28.7928 | 0 
-0.975391 -0.576953 -0.959766 | 21.4962 | 0 
-1.08086 -0.686328 -1.18633 | 24.3098 | 0 
-1.13164 -0.694141 -0.901172 | 21.1095 | 0 
-1.17461 -0.561328 -0.741016 | 37.5131 | 0 
-1.07305 -0.479297 -0.905078 | 24.8772 | 0 
-0.955859 -0.600391 -0.741016 | 30.8453 | 0 
-0.916797 -0.698047 -0.948047 | 17.297 | 0 
-0.905078 -0.557422 -0.803516 | 29.5587 | 0 
-0.807422 -0.459766 -0.850391 | 31.8408 | 0 
-0.701953 -0.682422 -0.889453 | 31.1592 | 0 
-0.780078 -0.674609 -1.08477 | 26.3086 | 0 
-0.944141 -0.612109 -1.0457 | 20.9987 | 0 
-0.737109 -0.494922 -0.983203 | 32.6146 | 0 
-0.846484 -0.448047 -1.09648 | 27.6757 | 0 
-0.912891 -0.303516 -1.07305 | 17.8721 | 0 
-0.803516 -0.256641 -1.12773 | 22.1524 | 0 
-0.713672 -0.205859 -0.885547 | 23.3369 | 0 
-0.729297 -0.389453 -0.803516 | 37.01 | 0 
-0.662891 -0.323047 -0.799609 | 37.7506 | 0 
-0.658984 -0.354297 -0.834766 | 37.685 | 0 
-0.658984 -0.319141 -0.959766 | 31.396 | 0 
-0.537891 -0.326953 -1.06523 | 36.7261 | 0 
-0.643359 -0.518359 -0.975391 | 37.897 | 0 
-0.686328 -0.580859 -0.908984 | 35.8575 | 0 
-0.428516 -0.604297 -0.858203 | 41.9352 | 0 
-0.229297 -0.557422 -0.842578 | 33.6379 | 0 
-0.205859 -0.592578 -1.0457 | 27.5139 | 0 
-0.350391 -0.467578 -1.0418 | 37.4605 | 0 
-0.287891 -0.346484 -1.06914 | 30.3309 | 0 
-0.350391 -0.201953 -0.994922 | 24.083 | 0 
-0.319141 -0.295703 -0.846484 | 32.2493 | 0 
-0.319141 -0.264453 -0.584766 | 44.2444 | 0 
-0.303516 -0.256641 -0.334766 | 39.0644 | 0 
-0.537891 -0.229297 -0.338672 | 44.165 | 0 
-0.666797 -0.491016 -0.592578 | 54.3692 | 0 
-0.412891 -0.647266 -0.237109 | 44.3918 | 0 
-0.436328 -0.737109 -0.580859 | 49.8275 | 0 
-0.287891 -0.924609 -0.291797 | 27.0784 | 0 
-0.381641 -0.717578 -0.354297 | 46.2631 | 0 
-0.541797 -0.905078 -0.444141 | 42.0839 | 0 
-0.475391 -0.932422 -0.561328 | 41.4459 | 0 
-0.619922 -1.15117 -0.662891 | 38.8279 | 0 
-0.487109 -1.15117 -0.268359 | 36.9346 | 0 
-0.412891 -1.01445 -0.424609 | 38.8592 | 0 
-0.268359 -1.08086 -0.428516 | 32.8461 | 0 
-0.323047 -0.998828 -0.526172 | 35.6745 | 0 
-0.205859 -1.15898 -0.772266 | 22.4375 | 0 
-0.440234 -1.07305 -0.729297 | 33.5123 | 0 
-0.295703 -1.03008 -0.908984 | 16.5762 | 0 
-0.436328 -1.15117 -0.877734 | 28.4867 | 0 
-0.319141 -1.18633 -1.06133 | 23.683 | 0 
-0.389453 -1.13164 -1.14336 | 27.4426 | 0 
-0.366016 -0.955859 -1.01445 | 19.1609 | 0 
-0.362109 -1.04961 -1.1082 | 21.642 | 0 
-0.268359 -1.0418 -1.11211 | 16.268 | 0 
-0.241016 -1.0457 -1.06914 | 13.0688 | 0 
-0.295703 -0.842578 -0.979297 | 19.1789 | 0 
-0.385547 -0.940234 -1.13945 | 24.151 | 0 
-0.432422 -0.776172 -1.05742 | 30.0264 | 0 
-0.311328 -0.725391 -0.955859 | 27.2177 | 0 
-0.272266 -0.783984 -0.748828 | 30.5985 | 0 
-0.323047 -0.881641 -0.877734 | 21.5309 | 0 
-0.385547 -0.889453 -0.787891 | 29.0428 | 0 
-0.346484 -0.795703 -0.866016 | 27.7077 | 0 
-0.506641 -0.928516 -0.862109 | 26.3694 | 0 
-0.647266 -0.701953 -0.776172 | 38.8663 | 0 
-0.510547 -0.733203 -1.18242 | 39.1082 | 0 
-0.670703 -0.854297 -1.19414 | 27.8522 | 0 
-0.506641 -1.05742 -1.12773 | 26.3332 | 0 
-0.592578 -1.09258 -1.15508 | 27.2623 | 0 
-0.514453 -1.10039 -0.932422 | 25.116 | 0 
-0.479297 -1.07305 -0.721484 | 34.6342 | 0 
-0.658984 -1.11211 -0.729297 | 31.2921 | 0 
-0.916797 -1.16289 -0.815234 | 15.0041 | 0 
-0.826953 -1.03789 -0.815234 | 14.0738 | 0 
-0.811328 -0.987109 -0.737109 | 19.2591 | 0 
-0.764453 -0.971484 -0.783984 | 19.2769 | 0 
-0.744922 -0.987109 -0.897266 | 14.6982 | 0 
-0.908984 -0.967578 -0.877734 | 7.13924 | 0 
-0.948047 -0.983203 -0.916797 | 4.62537 | 0 
-0.916797 -1.06133 -0.854297 | 8.67159 | 0 
-0.881641 -1.13555 -0.877734 | 11.6985 | 0 
-0.940234 -1.14727 -0.881641 | 10.2985 | 0 
-0.717578 -1.09258 -0.889453 | 18.4843 | 0 
-0.752734 -1.12773 -1.07305 | 16.9044 | 0 
-0.768359 -1.1043 -1.07695 | 15.0364 | 0 
-0.834766 -1.19805 -1.09648 | 16.832 | 0 
-0.885547 -1.1043 -1.08086 | 8.98266 | 0 
-0.932422 -1.15117 -1.1043 | 10.5554 | 0 
-0.862109 -1.19023 -1.06914 | 14.0885 | 0 
-0.940234 -1.09648 -1.01836 | 5.66864 | 0 
-0.940234 -1.08867 -1.06133 | 6.13807 | 0 
-0.920703 -1.0457 -1.02617 | 4.75434 | 0 
-0.846484 -1.05352 -0.963672 | 7.87675 | 0 
-0.885547 -0.979297 -1.06133 | 6.16361 | 0 
-0.881641 -1.01055 -0.998828 | 5.45851 | 0 
-0.920703 -0.987109 -1.00664 | 4.09263 | 0 
-0.940234 -0.991016 -1.03789 | 3.93818 | 0 
-0.936328 -1.01055 -1.07695 | 5.01564 | 0 
-0.905078 -1.03008 -1.18242 | 11.0632 | 0 
-0.850391 -0.991016 -1.16289 | 11.9718 | 0 
-0.819141 -1.01055 -1.1707 | 14.097 | 0 
-0.760547 -1.03398 -1.19805 | 19.4411 | 0 
-0.807422 -0.963672 -1.05742 | 10.0718 | 0 
-0.783984 -1.0457 -1.00664 | 11.0205 | 0 
-0.752734 -0.940234 -0.959766 | 13.2147 | 0 
-0.717578 -0.912891 -1.11211 | 18.449 | 0 
-0.846484 -0.936328 -1.10039 | 9.82029 | 0 
-0.873828 -0.830859 -1.10039 | 12.7054 | 0 
-0.916797 -0.897266 -1.10039 | 8.1284 | 0 
-0.912891 -0.905078 -0.998828 | 5.8377 | 0 
-0.858203 -0.944141 -1.01836 | 7.05421 | 0 
-0.846484 -0.862109 -0.967578 | 10.4292 | 0 
-0.897266 -0.842578 -1.01445 | 9.10302 | 0 
-0.834766 -0.795703 -0.975391 | 14.4906 | 0 
-0.912891 -0.760547 -0.959766 | 13.4494 | 0 
-0.854297 -0.733203 -1.19805 | 24.4554 | 0 
-0.803516 -0.795703 -1.01055 | 16.1901 | 0 
-0.783984 -0.764453 -0.768359 | 27.6124 | 0 
-0.744922 -0.877734 -0.885547 | 17.7132 | 0 
-0.830859 -0.889453 -0.721484 | 21.2361 | 0 
-0.866016 -0.760547 -0.858203 | 18.455 | 0 
-0.979297 -0.713672 -0.768359 | 23.255 | 0 
-0.987109 -0.885547 -0.780078 | 12.9975 | 0 
-1.03008 -0.901172 -0.799609 | 11.4905 | 0 
-0.983203 -0.944141 -0.811328 | 9.4229 | 0 
-0.967578 -0.862109 -0.885547 | 8.67082 | 0 
-1.03789 -0.834766 -0.924609 | 8.93438 | 0 
-1.06523 -0.932422 -0.873828 | 7.4652 | 0 
-1.12773 -0.830859 -0.936328 | 11.8151 | 0 
-1.16289 -0.893359 -0.920703 | 11.1718 | 0 
-1.12383 -0.885547 -0.741016 | 18.5138 | 0 
-1.13555 -0.729297 -0.737109 | 27.8836 | 0 
-1.1082 -0.744922 -0.916797 | 16.5016 | 0 
-1.08086 -0.823047 -1.05742 | 10.4405 | 0 
-1.1707 -0.721484 -1.15117 | 24.4015 | 0 
-1.09258 -0.783984 -1.09258 | 14.1722 | 0 
-1.00664 -0.823047 -1.13164 | 11.7799 | 0 
-0.991016 -0.721484 -1.09648 | 16.285 | 0 
-1.0418 -0.737109 -1.03789 | 14.1399 | 0 
-0.994922 -0.768359 -1.03008 | 11.6734 | 0 
-1.0457 -0.850391 -1.03398 | 7.62468 | 0 
-1.04961 -0.928516 -1.01445 | 4.50785 | 0 
-1.03398 -0.948047 -0.994922 | 3.71806 | 0 
-0.979297 -0.944141 -0.971484 | 3.64839 | 0 
-0.983203 -0.889453 -1.11211 | 7.74708 | 0 
-0.994922 -0.826953 -1.14727 | 12.3302 | 0 
-1.07695 -0.862109 -1.19414 | 14.5614 | 0 
-1.19805 -0.873828 -1.13945 | 16.8711 | 0 
-1.11602 -0.893359 -1.03398 | 8.04311 | 0 
-1.1668 -0.885547 -1.01836 | 10.7324 | 0 
-1.07695 -0.854297 -0.967578 | 8.08485 | 0 
-1.15117 -0.889453 -1.00273 | 9.62197 | 0 
-1.1082 -0.979297 -0.998828 | 5.49295 | 0 
-1.13945 -1.0457 -0.971484 | 7.50451 | 0 
-1.1668 -1.06523 -1.0457 | 9.83452 | 0 
-1.16289 -1.01055 -1.11992 | 11.1526 | 0 
-1.12773 -1.02227 -1.11211 | 9.08278 | 0 
-1.10039 -1.01055 -1.18633 | 11.6909 | 0 
-1.0457 -0.975391 -1.09258 | 5.41202 | 0 
-1.07305 -1.00664 -1.17852 | 10.2553 | 0 
-1.01836 -1.01836 -1.08867 | 4.90454 | 0 
-0.987109 -1.07305 -1.15508 | 8.91092 | 0 
-1.00664 -0.979297 -1.11992 | 6.02672 | 0 
-0.979297 -0.963672 -1.04961 | 3.81511 | 0 
-0.955859 -0.955859 -1.02227 | 3.73434 | 0 
-1.00664 -0.955859 -0.987109 | 3.325 | 0 
-1.06914 -0.975391 -0.959766 | 4.38162 | 0 
-1.01836 -0.991016 -1.06133 | 3.96125 | 0 
-1.03789 -1.0457 -1.02617 | 4.05019 | 0 
-1.06523 -1.03789 -0.991016 | 4.32035 | 0 
-0.983203 -1.01445 -0.979297 | 3.13616 | 0 
-1.00664 -1.0457 -1.03398 | 3.82124 | 0 
-0.971484 -1.09258 -1.05742 | 5.70418 | 0 
-0.998828 -1.08867 -0.963672 | 4.88348 | 0 
-1.01445 -1.13164 -1.0457 | 7.08394 | 0 
-1.06133 -1.16289 -1.01055 | 9.05112 | 0 
-0.963672 -1.19414 -1.15117 | 14.6829 | 0 
-1.07305 -1.13555 -1.12383 | 11.0285 | 0 
-1.13164 -1.17461 -1.08086 | 13.7599 | 0 
-1.11211 -1.09258 -1.08477 | 9.01697 | 0 
-1.17461 -1.14336 -1.12773 | 16.2383 | 0 
-1.11992 -1.09258 -1.06914 | 8.87146 | 0 
-1.19023 -1.13555 -0.830859 | 18.2768 | 0 
-1.04961 -1.13945 -0.854297 | 11.117 | 0 
-0.994922 -1.13555 -0.846484 | 10.7159 | 0 
-1.03789 -1.08477 -0.932422 | 5.67848 | 0 
-1.00273 -1.06133 -0.877734 | 6.44556 | 0 
-0.971484 -1.06523 -0.912891 | 5.36107 | 0 
-0.951953 -0.994922 -0.924609 | 4.30941 | 0 
-1.02617 -1.01055 -0.830859 | 8.05663 | 0 
-1.11211 -1.01055 -0.948047 | 6.08683 | 0 
-1.1707 -1.05352 -0.908984 | 10.679 | 0 
-1.1082 -0.971484 -0.826953 | 10.5903 | 0 
-1.1082 -1.02617 -0.823047 | 10.8866 | 0 
-1.08867 -0.994922 -0.760547 | 13.6087 | 0 
-0.955859 -1.03008 -0.737109 | 13.8873 | 0 
-0.955859 -1.18633 -0.744922 | 19.6823 | 0 
-1.15898 -1.11602 -0.803516 | 17.0641 | 0 
-1.19414 -1.05352 -0.561328 | 29.2396 | 0 
-0.967578 -1.04961 -0.463672 | 22.6822 | 0 
-1.01445 -1.15117 -0.662891 | 22.2209 | 0 
-0.877734 -1.11992 -0.494922 | 27.78 | 0 
-0.776172 -1.0457 -0.553516 | 30.2148 | 0 
-0.924609 -0.846484 -0.502734 | 27.2261 | 0 
-0.741016 -0.737109 -0.475391 | 42.5724 | 0 
-1.08086 -0.733203 -0.686328 | 28.3881 | 0 
-1.13164 -0.920703 -0.690234 | 20.718 | 0 
-1.01445 -0.944141 -0.506641 | 22.8193 | 0 
-1.11602 -0.756641 -0.537891 | 33.9494 | 0 
-1.06523 -0.768359 -0.354297 | 27.622 | 0 
-1.1668 -0.901172 -0.342578 | 24.6591 | 0 
-1.02227 -0.834766 -0.205859 | 14.0662 | 0 
-1.14727 -0.741016 -0.244922 | 26.1545 | 0 
-0.905078 -0.799609 -0.280078 | 22.0752 | 0 
-0.799609 -0.807422 -0.354297 | 30.914 | 0 
-0.787891 -0.858203 -0.209766 | 20.255 | 0 
-0.885547 -0.948047 -0.436328 | 24.088 | 0 
-0.893359 -0.944141 -0.311328 | 18.3168 | 0 
-0.932422 -1.00273 -0.248828 | 12.7526 | 0 
-0.932422 -0.967578 -0.268359 | 14.1234 | 0 
-0.846484 -0.991016 -0.366016 | 22.8117 | 0 
-0.705859 -1.03008 -0.217578 | 22.4996 | 0 
-0.807422 -1.11992 -0.397266 | 29.2288 | 0 
-0.885547 -1.09648 -0.260547 | 16.9747 | 0 
-1.01836 -1.11992 -0.377734 | 22.3989 | 0 
-0.987109 -1.0457 -0.323047 | 17.0447 | 0 
-1.08477 -0.955859 -0.366016 | 20.6524 | 0 
-1.1043 -1.11602 -0.303516 | 20.4693 | 0 
-1.15898 -1.42461 -0.366016 | 43.6544 | 0 
-1.06523 -1.26055 -0.334766 | 29.404 | 0 
-0.830859 -1.43633 -0.405078 | 45.5366 | 0 
-0.803516 -1.63555 -0.412891 | 45.3182 | 0 
-1.17461 -1.49883 -0.338672 | 44.4665 | 0 
-0.748828 -1.4793 -0.604297 | 51.0319 | 0 
-1.17461 -1.33867 -0.608203 | 42.0441 | 0 
-1.1082 -1.28789 -0.791797 | 25.4993 | 0 
-0.963672 -1.41289 -0.815234 | 28.4031 | 0 
-1.14727 -1.33867 -0.936328 | 24.0463 | 0 
-0.975391 -1.33086 -0.916797 | 19.8828 | 0 
-0.998828 -1.21758 -0.905078 | 13.003 | 0 
-1.15508 -1.2957 -0.928516 | 22.0826 | 0 
-1.13945 -1.31133 -1.01836 | 21.4795 | 0 
-1.0418 -1.26836 -1.1082 | 17.6394 | 0 
-1.07305 -1.33867 -1.01055 | 20.3091 | 0 
-1.13164 -1.33477 -1.18633 | 28.8826 | 0 
-1.08477 -1.52617 -0.998828 | 25.754 | 0 
-1.05742 -1.53398 -1.15117 | 29.395 | 0 
-0.987109 -1.61992 -0.955859 | 22.2202 | 0 
-1.12383 -1.68633 -1.13945 | 25.7762 | 0 
-1.11602 -1.67852 -0.920703 | 23.0096 | 0 
-1.13945 -1.55352 -0.787891 | 35.0135 | 0 
-1.06133 -1.50664 -0.869922 | 28.0358 | 0 
-0.951953 -1.51836 -0.799609 | 31.17 | 0 
-1.07305 -1.65898 -0.944141 | 21.8516 | 0 
-0.869922 -1.53008 -0.869922 | 29.9928 | 0 
-0.807422 -1.63164 -0.850391 | 31.3795 | 0 
-0.908984 -1.63945 -1.05352 | 23.1757 | 0 
-0.729297 -1.49883 -1.16289 | 40.2235 | 0 
-0.881641 -1.33867 -1.07695 | 22.8032 | 0 
-0.838672 -1.28008 -0.963672 | 20.121 | 0 
-0.768359 -1.25664 -1.14336 | 26.5327 | 0 
-0.701953 -1.24883 -0.916797 | 27.1281 | 0 
-0.877734 -1.26445 -0.905078 | 18.6302 | 0 
-0.928516 -1.40117 -0.717578 | 34.4885 | 0 
-0.471484 -1.22148 -0.701953 | 43.2381 | 0 
-0.639453 -1.24492 -1.07305 | 30.2267 | 0 
-0.631641 -1.4793 -1.02227 | 40.4155 | 0 
-0.600391 -1.68242 -0.826953 | 41.4213 | 0 
-0.424609 -1.6043 -0.830859 | 45.4071 | 0 
-0.272266 -1.58477 -0.994922 | 33.5899 | 0 
-0.397266 -1.53008 -0.971484 | 41.4128 | 0 
-0.248828 -1.39336 -0.967578 | 30.9107 | 0 
-0.428516 -1.36211 -1.03398 | 38.8192 | 0 
-0.291797 -1.24102 -1.01055 | 24.7003 | 0 
-0.307422 -1.4207 -0.846484 | 39.4461 | 0 
-0.205859 -1.27227 -0.616016 | 38.1557 | 0 
-0.307422 -1.21367 -0.369922 | 39.8136 | 0 
-0.526172 -1.28398 -0.276172 | 45.623 | 0 
-0.514453 -1.26836 -0.647266 | 49.4181 | 0 
-0.498828 -1.4832 -0.424609 | 61.472 | 0 
-0.303516 -1.62383 -0.596484 | 51.7252 | 0 
-0.205859 -1.72539 -0.252734 | 32.0571 | 0 
-0.416797 -1.81523 -0.295703 | 41.0679 | 0 
-0.483203 -1.90508 -0.276172 | 37.2469 | 0 
-0.522266 -1.89336 -0.483203 | 46.0998 | 0 
-0.623828 -2.08867 -0.631641 | 40.5559 | 0 
-0.518359 -2.12773 -0.330859 | 42.7552 | 0 
-0.209766 -2.19414 -0.471484 | 38.9812 | 0 
-0.237109 -1.9832 -0.616016 | 31.0741 | 0 
-0.201953 -2.11602 -0.701953 | 27.5523 | 0 
-0.401172 -2.01836 -0.725391 | 34.5007 | 0 
-0.291797 -2.05352 -0.881641 | 20.8756 | 0 
-0.448047 -2.13945 -0.936328 | 29.5156 | 0 
-0.217578 -2.13164 -1.03398 | 17.0944 | 0 
-0.381641 -2.1082 -1.16289 | 30.3217 | 0 
-0.397266 -2.03008 -1.03789 | 23.8044 | 0 
-0.354297 -1.97148 -1.16289 | 26.4147 | 0 
-0.291797 -2.04961 -0.971484 | 18.4679 | 0 
-0.213672 -1.86211 -1.09648 | 17.7588 | 0 
-0.416797 -1.89336 -0.994922 | 25.5799 | 0 
-0.229297 -1.75664 -1.19805 | 29.6528 | 0 
-0.397266 -1.76445 -0.744922 | 41.2262 | 0 
-0.604297 -1.84648 -0.737109 | 37.3579 | 0 
-0.491016 -1.82695 -1.19414 | 36.9019 | 0 
-0.666797 -1.98711 -1.15898 | 25.3501 | 0 
-0.502734 -2.14727 -1.09258 | 31.6844 | 0 
-0.608203 -2.08867 -0.897266 | 26.8385 | 0 
-0.604297 -2.00273 -0.885547 | 25.5665 | 0 
-0.576953 -2.08867 -0.780078 | 33.7913 | 0 
-0.854297 -2.19414 -0.807422 | 23.1336 | 0 
-0.908984 -1.99492 -0.811328 | 13.3017 | 0 
-0.733203 -2.05742 -0.780078 | 25.1977 | 0 
-0.811328 -2.02227 -0.948047 | 12.5137 | 0 
-0.842578 -1.98711 -0.928516 | 11.051 | 0 
-0.940234 -2.03789 -0.948047 | 7.44279 | 0 
-0.846484 -2.06133 -0.920703 | 12.0646 | 0 
-0.897266 -2.12383 -0.944141 | 11.7058 | 0 
-0.846484 -2.13945 -0.901172 | 15.8743 | 0 
-0.823047 -2.07695 -0.924609 | 13.6632 | 0 
-0.811328 -2.08477 -0.963672 | 13.8189 | 0 
-0.725391 -2.13164 -1.1668 | 26.2087 | 0 
-0.877734 -2.14727 -1.17852 | 19.2206 | 0 
-0.928516 -2.15117 -0.959766 | 11.9024 | 0 
-0.834766 -2.10039 -1.00664 | 12.9771 | 0 
-0.908984 -2.0418 -1.01445 | 7.99946 | 0 
-0.826953 -2.01836 -0.983203 | 11.1975 | 0 
-0.885547 -1.9793 -1.03789 | 8.62178 | 0 
-0.893359 -2.01055 -0.983203 | 8.04672 | 0 
-0.905078 -1.98711 -1.07695 | 8.83313 | 0 
-0.877734 -2.06133 -1.13555 | 13.2634 | 0 
-0.858203 -1.9793 -1.10039 | 11.5869 | 0 
-0.733203 -1.98711 -1.11992 | 19.5336 | 0 
-0.791797 -1.95586 -0.998828 | 13.2363 | 0 
-0.799609 -1.9168 -1.03008 | 13.8214 | 0 
-0.799609 -1.87773 -1.1668 | 20.2754 | 0 
-0.912891 -1.87773 -1.14336 | 13.7256 | 0 
-0.854297 -1.84648 -0.955859 | 13.6433 | 0 
-0.830859 -1.7293 -1.06523 | 22.0762 | 0 
-0.854297 -1.76836 -1.11602 | 20.3986 | 0 
-0.764453 -1.72539 -0.787891 | 32.4571 | 0 
-0.885547 -1.89727 -0.701953 | 22.338 | 0 
-0.866016 -1.74883 -0.858203 | 21.6708 | 0 
-0.971484 -1.71758 -0.729297 | 27.906 | 0 
-1.1707 -1.89727 -0.709766 | 25.2083 | 0 
-1.08867 -1.70195 -0.830859 | 24.3929 | 0 
-1.14727 -1.72148 -1.14336 | 25.1429 | 0 
-0.979297 -1.74883 -1.01055 | 15.2187 | 0 
-1.05352 -1.7918 -0.967578 | 13.4273 | 0 
-0.963672 -1.83477 -0.994922 | 10.4716 | 0 
-1.05352 -1.9207 -1.03398 | 7.87097 | 0 
-0.971484 -1.94023 -0.967578 | 6.70818 | 0 
-0.994922 -1.91289 -1.11211 | 9.73172 | 0 
-1.06914 -1.86992 -1.11992 | 12.6878 | 0 
-1.08477 -1.91289 -1.08477 | 10.2436 | 0 
-1.13945 -1.86602 -1.08086 | 14.1502 | 0 
-1.19805 -1.93633 -1.03789 | 14.1269 | 0 
-1.18242 -1.94414 -1.01055 | 12.711 | 0 
-1.18633 -2.03008 -1.00273 | 12.8188 | 0 
-1.1707 -1.9832 -1.06133 | 12.4402 | 0 
-1.17852 -2.03398 -1.12383 | 15.5512 | 0 
-1.10039 -2.00664 -1.13164 | 11.6811 | 0 
-1.04961 -2.03398 -1.08867 | 8.64527 | 0 
-1.01055 -1.9793 -1.13164 | 9.5559 | 0 
-0.971484 -1.95586 -0.963672 | 6.49942 | 0 
-1.06133 -1.95586 -1.03789 | 7.4265 | 0 
-1.07305 -2.0457 -0.991016 | 7.77875 | 0 
-0.955859 -2.07305 -1.03789 | 7.9875 | 0 
-0.955859 -2.09258 -1.03398 | 8.61555 | 0 
-1.04961 -2.1043 -0.987109 | 9.09024 | 0 
-0.955859 -2.19414 -0.951953 | 14.0304 | 0 
-1.02227 -2.18242 -1.19414 | 19.7739 | 0 
-1.13945 -2.17852 -1.14727 | 20.6019 | 0 
-1.1043 -2.1668 -0.846484 | 18.0118 | 0 
-1.0418 -2.1043 -0.830859 | 13.7533 | 0 
-1.00273 -2.06523 -0.842578 | 11.3161 | 0 
-1.03789 -1.9793 -0.885547 | 8.62178 | 0 
-1.14336 -2.00664 -0.897266 | 11.9495 | 0 
-1.17852 -2.01836 -0.873828 | 14.9319 | 0 
-1.15898 -2.01836 -0.729297 | 21.9005 | 0 
-1.00273 -2.18633 -0.811328 | 18.7918 | 0 
-1.11602 -2.12383 -0.600391 | 29.6106 | 0 
-1.12383 -1.99883 -0.475391 | 28.2423 | 0 
-0.979297 -2.05352 -0.682422 | 20.4058 | 0 
-1.0457 -2.1707 -0.569141 | 30.8312 | 0 
-0.905078 -2.13164 -0.616016 | 28.1578 | 0 
-0.807422 -2.01445 -0.588672 | 30.0552 | 0 
-0.889453 -1.85039 -0.690234 | 24.7782 | 0 
-0.776172 -1.78398 -0.678516 | 34.8313 | 0 
-0.994922 -1.74492 -0.631641 | 31.5277 | 0 
-1.01836 -1.94805 -0.537891 | 25.4337 | 0 
-0.998828 -1.72539 -0.420703 | 34.4763 | 0 
-1.07305 -1.93242 -0.326953 | 21.5644 | 0 
-1.1082 -1.87773 -0.217578 | 17.8102 | 0 
-0.991016 -1.76055 -0.237109 | 22.6825 | 0 
-0.744922 -1.77617 -0.256641 | 32.8747 | 0 
-0.776172 -1.89727 -0.440234 | 34.074 | 0 
-0.854297 -1.87383 -0.201953 | 18.1957 | 0 
-0.830859 -2.07305 -0.405078 | 29.5956 | 0 
-0.803516 -2.06133 -0.315234 | 26.4129 | 0 
-0.776172 -2.13555 -0.366016 | 33.7335 | 0 
-0.889453 -2.08477 -0.283984 | 21.039 | 0 
-1.0418 -2.14336 -0.377734 | 27.1462 | 0 
-0.975391 -2.05742 -0.307422 | 19.5722 | 0 
-1.09258 -1.96758 -0.436328 | 26.3172 | 0 
-1.10039 -2.12383 -0.319141 | 24.8336 | 0 
-1.25664 -2.15117 -0.448047 | 40.4784 | 0 
-1.2332 -1.95195 -0.264453 | 25.7065 | 0 
-1.39727 -2.16289 -0.307422 | 43.0391 | 0 
-1.46758 -2.00664 -0.334766 | 41.1721 | 0 
-1.48711 -1.73711 -0.416797 | 54.8434 | 0 
-1.20977 -1.73711 -0.334766 | 37.9788 | 0 
-1.21758 -1.74102 -0.662891 | 38.6982 | 0 
-1.55352 -1.85039 -0.545703 | 49.268 | 0 
-1.53398 -2.11211 -0.502734 | 49.2183 | 0 
-1.20977 -2.08086 -0.483203 | 34.7333 | 0 
-1.38555 -2.07305 -0.733203 | 36.367 | 0 
-1.3543 -2.11211 -0.936328 | 26.4356 | 0 
-1.21367 -2.14727 -0.979297 | 18.8485 | 0 
-1.24492 -2.1707 -1.09258 | 24.0023 | 0 
-1.20195 -2.0457 -1.07695 | 15.372 | 0 
-1.2332 -1.95977 -1.08477 | 17.1877 | 0 
-1.27617 -1.98711 -1.06523 | 19.2101 | 0 
-1.39727 -2.02617 -1.09258 | 27.019 | 0 
-1.49883 -2.10039 -1.11602 | 32.3689 | 0 
-1.69805 -2.05352 -1.18633 | 28.3796 | 0 
-1.63164 -2.14727 -0.733203 | 39.618 | 0 
-1.54961 -2.00664 -0.709766 | 38.9596 | 0 
-1.53789 -1.78789 -0.760547 | 42.8375 | 0 
-1.54961 -1.8543 -1.1043 | 32.5546 | 0 
-1.36992 -1.78008 -1.12773 | 34.3319 | 0 
-1.31914 -1.86602 -1.1082 | 26.2217 | 0 
-1.39727 -1.74883 -0.897266 | 35.8895 | 0 
-1.39727 -1.94023 -0.721484 | 36.7043 | 0 
-1.42852 -1.51445 -0.905078 | 45.8468 | 0 
-1.32695 -1.57305 -1.08086 | 40.2806 | 0 
-1.53789 -1.4793 -0.780078 | 52.9168 | 0 
-1.46367 -1.28008 -1.15117 | 40.9073 | 0 
-1.2918 -1.28398 -1.1668 | 34.4011 | 0 
-1.40117 -1.28398 -0.733203 | 45.4552 | 0 
-1.40508 -1.21367 -0.502734 | 49.7093 | 0 
-1.25664 -1.37383 -0.229297 | 39.6579 | 0 
-1.43242 -1.67852 -0.537891 | 58.3305 | 0 
-1.58086 -1.5457 -0.385547 | 60.8882 | 0 
-1.69805 -1.31523 -0.662891 | 47.4483 | 0 
-1.70195 -1.56523 -0.448047 | 57.1642 | 0 
-1.75273 -1.68242 -0.569141 | 49.2455 | 0 
-1.95586 -1.6668 -0.674609 | 36.9955 | 0 
-2.17852 -1.62773 -0.205859 | 37.3064 | 0 
-2.19805 -1.3582 -0.319141 | 44.067 | 0 
-1.99492 -1.29961 -0.467578 | 38.7525 | 0 
-1.95977 -1.35039 -0.631641 | 39.0487 | 0 
-1.95586 -1.2957 -0.787891 | 26.9811 | 0 
-2.01055 -1.36992 -0.908984 | 25.2002 | 0 
-2.15898 -1.32305 -0.920703 | 27.4933 | 0 
-2.08086 -1.23711 -1.1043 | 19.6054 | 0 
-2.19023 -1.36211 -1.02617 | 30.6486 | 0 
-2.07305 -1.4207 -1.09258 | 28.9734 | 0 
-1.82695 -1.24102 -1.1668 | 26.0333 | 0 
-1.75664 -1.42461 -1.1707 | 40.1888 | 0 
-1.71758 -1.21758 -0.713672 | 37.2047 | 0 
-1.74492 -1.4793 -0.752734 | 45.8624 | 0 
-1.74102 -1.69023 -1.15898 | 36.051 | 0 
-1.94805 -1.49492 -1.14727 | 31.8529 | 0 
-2.00664 -1.6668 -1.12383 | 25.9465 | 0 
-2.19023 -1.45195 -1.04961 | 34.3691 | 0 
-2.11602 -1.65508 -0.901172 | 28.0537 | 0 
-2.17461 -1.47539 -0.705859 | 45.4609 | 0 
-2.08477 -1.78789 -0.799609 | 24.1421 | 0 
-1.99883 -1.90898 -0.803516 | 16.577 | 0 
-2.18242 -1.8582 -0.783984 | 26.3049 | 0 
-2.19023 -1.87773 -0.893359 | 20.4241 | 0 
-1.98711 -1.73711 -0.869922 | 21.7229 | 0 
-2.1043 -1.80352 -1.04961 | 18.0363 | 0 
-2.07695 -1.76836 -1.15117 | 22.9432 | 0 
-2.09648 -1.88945 -1.18633 | 19.5767 | 0 
-2.11992 -1.85039 -0.975391 | 15.798 | 0 
-1.97148 -1.83867 -0.959766 | 13.3789 | 0 
-2.05742 -1.70195 -1.1668 | 27.1152 | 0 
-1.87773 -1.81133 -1.06133 | 17.7163 | 0 
-1.84258 -1.82305 -1.11602 | 20.5808 | 0 
-1.8543 -1.94414 -1.08477 | 14.2954 | 0 
-1.70586 -1.8582 -1.03398 | 24.1103 | 0 
-1.73711 -1.78789 -0.830859 | 30.4904 | 0 
-1.92852 -1.82305 -0.803516 | 20.9504 | 0 
-1.87773 -1.81133 -0.854297 | 20.4923 | 0 
-1.86602 -1.90117 -0.881641 | 15.7198 | 0 
-1.75273 -1.85039 -0.803516 | 27.7727 | 0 
-1.70195 -2.0457 -0.866016 | 24.5534 | 0 
-1.89727 -2.05352 -0.795703 | 18.1894 | 0 
-1.86211 -2.15898 -0.826953 | 22.2758 | 0 
-1.74102 -2.13555 -0.795703 | 29.3694 | 0 
-1.71758 -2.12773 -1.02227 | 23.6946 | 0 
-1.77227 -2.01055 -1.13555 | 20.5129 | 0 
-1.78008 -2.03008 -1.04961 | 17.1729 | 0 
-1.90508 -2.04961 -1.02227 | 11.1813 | 0 
-1.83086 -1.99883 -1.1043 | 15.7738 | 0 
-1.86992 -2.13164 -1.07695 | 16.7348 | 0 
-1.90117 -2.11211 -1.02227 | 13.465 | 0 
-1.90898 -2.13945 -0.979297 | 14.4554 | 0 
-2.01055 -2.11211 -0.951953 | 12.2637 | 0 
-2.0457 -2.19023 -1.08477 | 18.2858 | 0 
-2.0457 -2.06523 -1.12383 | 13.8279 | 0 
-1.95195 -1.97539 -1.15898 | 14.215 | 0 
-1.95586 -2.0457 -0.955859 | 10.0977 | 0 
-2.03398 -1.95586 -0.951953 | 9.93017 | 0 
-2.12383 -2.07305 -0.971484 | 13.824 | 0 
-2.13555 -2.00273 -1.14336 | 17.0828 | 0 
-2.11211 -2.11992 -1.19805 | 22.2707 | 0 
-2.19805 -2.1082 -0.869922 | 22.2076 | 0 
-1.98711 -2.17461 -0.850391 | 18.974 | 0 
-1.9832 -2.04961 -0.850391 | 13.497 | 0 
-2.15898 -2.01445 -0.924609 | 15.3044 | 0 
-2.19414 -2.03398 -0.768359 | 25.1797 | 0 
-1.99492 -2.12383 -0.780078 | 20.1024 | 0 
-2.08086 -2.08086 -0.658984 | 27.0324 | 0 
-2.0418 -2.03789 -0.647266 | 25.3818 | 0 
-1.8543 -2.11602 -0.639453 | 31.1727 | 0 
-1.77227 -2.06523 -0.655078 | 32.8859 | 0 
-1.87383 -1.90898 -0.670703 | 26.9563 | 0 
-1.74492 -1.78008 -0.694141 | 38.5738 | 0 
-1.99102 -1.76055 -0.619922 | 34.0948 | 0 
-1.9793 -1.92852 -0.553516 | 28.4595 | 0 
-1.99102 -1.72148 -0.346484 | 34.5435 | 0 
-1.96758 -1.9207 -0.287891 | 21.4242 | 0 
-1.83867 -1.72539 -0.244922 | 32.3511 | 0 
-1.7293 -1.84258 -0.217578 | 30.2127 | 0 
-1.8543 -1.92852 -0.389453 | 29.8902 | 0 
-1.90508 -1.99883 -0.256641 | 19.8343 | 0 
-1.71758 -2.11992 -0.311328 | 36.0298 | 0 
-1.95977 -2.17461 -0.248828 | 24.314 | 0 
-1.99102 -2.06914 -0.346484 | 25.0081 | 0 
-2.10039 -1.96758 -0.295703 | 23.3338 | 0 
-2.19805 -2.19805 -0.198047 | 30.0821 | 0 
-2.06914 -2.05352 -0.155078 | 14.3944 | 0 
-2.12383 -1.98711 -0.151172 | 15.5738 | 0 
-2.13555 -2.01836 -0.0769531 | 13.2657 | 0 
-2.09258 -1.99102 -0.0613281 | 10.7406 | 0 
-2.12383 -2.03008 0.0167969 | 11.7429 | 0 
-2.06914 -1.99883 0.0207031 | 9.29071 | 0 
-1.99102 -2.00664 -0.0222656 | 8.11358 | 0 
-2.00664 -2.03398 -0.00664063 | 8.40826 | 0 
-2.05742 -2.12383 0.0285156 | 12.4254 | 0 
-2.08867 -2.15508 0.0128906 | 14.9354 | 0 
-2.14727 -2.15117 0.0871094 | 18.8726 | 0 
-2.01836 -2.15898 0.231641 | 22.2921 | 0 
-2.01055 -2.17852 0.118359 | 17.1223 | 0 
-2.00273 -2.02227 0.130078 | 11.3747 | 0 
-1.96758 -2.00273 0.235547 | 17.2392 | 0 
-2.13164 -1.99883 0.208203 | 19.2168 | 0 
-2.15508 -2.00273 0.141797 | 16.7733 | 0 
-2.15898 -1.90508 0.0871094 | 16.0733 | 0 
-2.18242 -1.89336 0.235547 | 25.5388 | 0 
-2.06133 -1.89727 0.208203 | 18.0412 | 0 
-1.96758 -1.77617 0.161328 | 20.3343 | 0 
-2.12773 -1.74492 0.200391 | 27.9158 | 0 
-2.17461 -1.7293 0.00898437 | 24.4708 | 0 
-2.15508 -1.87383 -0.0964844 | 17.3113 | 0 
-2.15117 -1.92852 -0.0652344 | 14.353 | 0 
-2.11602 -1.83867 -0.0378906 | 15.3953 | 0 
-2.08477 -1.94805 -0.0652344 | 10.8869 | 0 
-2.01445 -1.84258 -0.0222656 | 12.0982 | 0 
-1.97148 -1.94805 -0.0535156 | 8.93266 | 0 
-2.06914 -1.90898 -0.0886719 | 11.9657 | 0 
-2.00664 -1.83477 -0.0886719 | 13.8441 | 0 
-1.98711 -1.72148 -0.0847656 | 20.1193 | 0 
-1.95977 -1.7332 -0.00664063 | 18.2247 | 0 
-1.92461 -1.76055 -0.0261719 | 17.3781 | 0 
-1.92461 -1.76836 -0.0886719 | 18.3015 | 0 
-1.92852 -1.90508 -0.0769531 | 11.219 | 0 
-1.9168 -1.86992 -0.0183594 | 11.7313 | 0 
-1.8543 -1.89336 -0.0300781 | 13.2701 | 0 
-1.74492 -1.92852 -0.0378906 | 18.3583 | 0 
-1.76055 -1.83477 -0.127734 | 23.7937 | 0 
-1.75273 -1.73711 0.0441406 | 27.111 | 0 
-1.81523 -1.74883 0.223828 | 30.8552 | 0 
-1.89727 -1.77617 0.141797 | 20.8626 | 0 
-1.8582 -1.92852 0.216016 | 19.8046 | 0 
-1.75664 -1.94414 0.216016 | 24.9855 | 0 
-1.75273 -1.94414 0.0675781 | 18.1821 | 0 
-1.79961 -1.96367 0.223828 | 22.7002 | 0 
-1.89336 -1.96758 0.212109 | 17.5117 | 0 
-1.92461 -2.0457 0.126172 | 12.3967 | 0 
-1.82695 -2.18242 0.274609 | 30.9477 | 0 
-1.73711 -2.19805 0.0832031 | 26.794 | 0 
-1.84258 -2.13555 -0.00273438 | 15.8755 | 0 
-1.90117 -2.06133 0.0167969 | 10.5195 | 0 
-1.86602 -2.01055 0.0128906 | 10.9184 | 0 
-1.81914 -2.02617 0.0480469 | 13.7952 | 0 
-1.78008 -1.98711 -0.0300781 | 15.4504 | 0 
-1.76836 -1.9793 -0.155078 | 20.3855 | 0 
-1.88555 -2.06523 -0.162891 | 15.9475 | 0 
-1.72539 -2.16289 -0.147266 | 27.9968 | 0 
-1.57695 -1.99883 -0.0847656 | 26.7283 | 0 
-1.6668 -2.17852 0.0441406 | 28.5591 | 0 
-1.60039 -1.97539 0.173047 | 30.0395 | 0 
-1.43633 -2.19414 0.0871094 | 34.1179 | 0 
-1.30352 -2.00273 0.141797 | 22.7443 | 0 
-1.2293 -2.13555 0.180859 | 24.0111 | 0 
-1.21367 -2.17461 0.00898437 | 19.3934 | 0 
-1.2957 -2.19805 -0.100391 | 28.0703 | 0 
-1.39336 -2.12773 -0.0652344 | 28.1907 | 0 
-1.32695 -1.99102 -0.0847656 | 21.7821 | 0 
-1.25273 -1.95195 0.0167969 | 16.0594 | 0 
-1.28008 -1.88945 -0.139453 | 23.0229 | 0 
-1.40508 -1.83086 0.00898437 | 28.7511 | 0 
-1.28789 -1.79961 0.0167969 | 24.2447 | 0 
-1.2957 -1.79961 0.212109 | 32.3696 | 0 
-1.31133 -1.87773 0.149609 | 25.9374 | 0 
-1.44805 -1.81523 0.0871094 | 32.3472 | 0 
-1.56133 -1.83086 0.0832031 | 31.5343 | 0 
-1.63164 -1.74492 0.0519531 | 33.3268 | 0 
-1.69023 -1.70195 -0.186328 | 38.5343 | 0 
-1.68633 -1.64727 0.0636719 | 36.2616 | 0 
-1.41289 -1.67852 0.0910156 | 39.2942 | 0 
-1.29961 -1.45195 0.0910156 | 38.0111 | 0 
-1.28008 -1.69414 -0.00273438 | 29.827 | 0 
-1.43633 -1.53008 -0.00664063 | 43.4452 | 0 
-1.31133 -1.38945 0.0128906 | 35.125 | 0 
-1.39336 -1.26445 0.0324219 | 32.4929 | 0 
-1.30742 -1.24102 0.0792969 | 27.4374 | 0 
-1.38164 -1.40508 0.0949219 | 41.252 | 0 
-1.56914 -1.22148 0.0558594 | 31.856 | 0 
-1.61992 -1.43633 0.0988281 | 43.0671 | 0 
-1.63945 -1.22148 -0.0613281 | 29.5354 | 0 
-1.67461 -1.43633 -0.108203 | 40.8746 | 0 
-1.76836 -1.22148 -0.147266 | 25.6917 | 0 
-1.84258 -1.4207 -0.158984 | 33.3167 | 0 
-1.99492 -1.22148 -0.190234 | 20.0633 | 0 
-1.98711 -1.20977 -0.0222656 | 13.042 | 0 
-2.11992 -1.22539 -0.0222656 | 17.2607 | 0 
-2.16289 -1.3543 -0.119922 | 30.1236 | 0 
-1.98711 -1.4793 -0.155078 | 30.4925 | 0 
-2.15898 -1.6082 -0.112109 | 32.0047 | 0 
-1.91289 -1.64727 -0.166797 | 28.8843 | 0 
-1.8582 -1.49102 -0.0457031 | 29.7848 | 0 
-1.92852 -1.65508 0.0597656 | 23.7675 | 0 
-1.82695 -1.49492 0.231641 | 39.8212 | 0 
-1.95586 -1.63945 0.270703 | 34.6664 | 0 
-1.98711 -1.44023 0.298047 | 38.4209 | 0 
-2.19805 -1.26836 0.258984 | 35.0158 | 0 
-1.83086 -1.24883 0.239453 | 29.3683 | 0 
-1.81133 -1.40117 0.258984 | 40.25 | 0 
-1.81914 -1.2918 0.352734 | 39.5056 | 0 
-2.06914 -1.31914 0.352734 | 37.2996 | 0 
-2.03008 -1.54961 0.305859 | 39.7504 | 0 
-1.94805 -1.6082 0.301953 | 37.9837 | 0 
-1.88945 -1.62383 0.606641 | 43.8526 | 0 
-2.00664 -1.60039 0.723828 | 36.8332 | 0 
-1.96758 -1.37383 0.723828 | 35.1453 | 0 
-2.13555 -1.24883 0.700391 | 33.0166 | 0 
-1.93633 -1.26445 0.712109 | 29.9101 | 0 
-1.59648 -1.32305 0.680859 | 51.6199 | 0 
-1.3543 -1.24492 0.438672 | 48.6182 | 0 
-1.22539 -1.49883 0.633984 | 49.2705 | 0 
-1.46758 -1.67852 0.387891 | 56.8769 | 0 
-1.51055 -1.70586 0.688672 | 52.1408 | 0 
-1.40508 -1.87383 0.383984 | 44.3464 | 0 
-1.3543 -1.76836 0.696484 | 43.6889 | 0 
-1.4168 -2.03789 0.794141 | 32.9994 | 0 
-1.24883 -2.15508 0.766797 | 30.0481 | 0 
-1.25273 -1.9832 0.387891 | 33.5003 | 0 
-1.49883 -1.95977 0.524609 | 46.5606 | 0 
-1.63555 -2.03398 0.575391 | 42.8565 | 0 
-1.74102 -2.05742 0.684766 | 32.926 | 0 
-1.86602 -2.18242 0.508984 | 37.7076 | 0 
-1.74102 -1.9832 0.481641 | 37.7496 | 0 
-1.9207 -1.94414 0.391797 | 27.2242 | 0 
-1.74883 -1.80352 0.352734 | 39.2256 | 0 
-1.81133 -1.87383 0.688672 | 30.2476 | 0 
-1.87773 -1.78789 0.770703 | 26.4695 | 0 
-2.0457 -1.70195 0.555859 | 40.1636 | 0 
-1.97148 -1.8582 0.731641 | 22.8992 | 0 
-2.02227 -1.91289 0.669141 | 24.6197 | 0 
-2.18242 -1.83477 0.786328 | 27.2875 | 0 
-2.1043 -1.79961 0.317578 | 30.8918 | 0 
-1.98711 -1.8582 0.383984 | 28.7537 | 0 
-2.17461 -2.01055 0.341016 | 29.7597 | 0 
-2.00273 -2.1707 0.403516 | 32.3264 | 0 
-2.1082 -2.19023 0.614453 | 35.6988 | 0 
-2.15508 -2.06523 0.770703 | 23.4179 | 0 
-1.95195 -2.14727 0.798047 | 20.5208 | 0 
-2.18633 -2.09258 0.821484 | 23.2416 | 0 
-2.09258 -2.19805 0.954297 | 18.9684 | 0 
-2.08477 -2.06914 1.00117 | 11.9442 | 0 
-2.17461 -2.04961 0.829297 | 20.7589 | 0 
-2.02227 -2.06133 0.844922 | 14.2667 | 0 
-1.98711 -1.97148 0.856641 | 12.5519 | 0 
-2.03008 -1.99102 1.00898 | 9.31332 | 0 
-2.00664 -2.02227 1.04805 | 9.7732 | 0 
-2.01445 -2.11602 1.04023 | 12.5179 | 0 
-1.9832 -2.19023 1.04805 | 16.6689 | 0 
-2.02617 -2.1082 0.903516 | 13.5065 | 0 
-1.86602 -2.13164 0.805859 | 21.8064 | 0 
-1.76836 -2.16289 1.03633 | 22.7835 | 0 
-1.70977 -2.01445 0.813672 | 26.291 | 0 
-1.85039 -1.96758 1.01289 | 12.6631 | 0 
-1.92852 -2.06133 0.977734 | 10.747 | 0 
-1.89336 -1.95586 0.872266 | 13.7667 | 0 
-1.89336 -1.88945 0.848828 | 16.5361 | 0 
-1.94805 -1.88945 0.938672 | 11.8242 | 0 
-1.78398 -1.94023 0.950391 | 16.9099 | 0 
-1.74883 -1.86992 0.919141 | 21.8946 | 0 
-1.78008 -1.75273 0.966016 | 25.3506 | 0 
-1.89336 -1.71758 0.805859 | 27.9313 | 0 
-2.12383 -1.82305 0.841016 | 21.5763 | 0 
-2.09258 -1.94023 0.891797 | 13.5035 | 0 
-1.9793 -1.84648 0.837109 | 17.2106 | 0 
-1.95195 -1.90508 0.899609 | 12.3517 | 0 
-1.95977 -1.87773 0.981641 | 11.523 | 0 
-1.9832 -1.91289 1.00508 | 10.124 | 0 
-2.1668 -1.83477 0.973828 | 19.074 | 0 
-2.15117 -1.74492 0.926953 | 24.0673 | 0 
-1.98711 -1.80742 0.981641 | 14.7481 | 0 
-2.06523 -1.7957 1.1418 | 20.5026 | 0 
-2.16289 -1.81914 1.06758 | 20.6022 | 0 
-2.01836 -1.82695 1.13008 | 17.2643 | 0 
-2.1668 -1.93633 1.25508 | 26.1353 | 0 
-2.05352 -1.7957 1.29023 | 29.335 | 0 
-1.77227 -1.71758 1.27852 | 40.1364 | 0 
-1.88164 -1.92461 1.23555 | 21.6056 | 0 
-1.88555 -1.97539 1.25117 | 21.692 | 0 
-1.94805 -1.95195 1.11055 | 12.1354 | 0 
-1.71758 -1.95977 1.21602 | 28.4912 | 0 
-1.75273 -2.17461 1.13008 | 27.5026 | 0 
-1.89727 -2.14336 1.2082 | 22.8591 | 0 
-1.97148 -2.15898 1.13398 | 17.9211 | 0 
-1.96367 -2.02617 1.15742 | 14.201 | 0 
-1.9793 -1.99883 1.17695 | 14.9527 | 0 
-2.19023 -1.97148 1.20039 | 23.5505 | 0 
-2.17852 -2.17461 1.21211 | 29.682 | 0 
-2.01445 -1.97148 1.32148 | 24.2344 | 0 
-2.06523 -2.16289 1.50508 | 36.8277 | 0 
-2.15898 -1.97539 1.73164 | 27.4202 | 0 
-1.97148 -2.15508 1.7707 | 24.9127 | 0 
-1.84258 -2.1668 1.6457 | 36.4053 | 0 
-1.9168 -1.95977 1.77852 | 20.5493 | 0 
-1.78789 -2.19414 1.77461 | 33.8235 | 0 
-1.72539 -2.07305 1.32148 | 35.9378 | 0 
-1.70195 -1.78008 1.36445 | 45.609 | 0 
-1.83477 -1.78008 1.72773 | 33.9582 | 0 
-2.02227 -1.87773 1.7082 | 26.0357 | 0 
-2.1082 -1.7957 1.69258 | 33.4551 | 0 
-1.96367 -1.76445 1.41523 | 36.9396 | 0 
-1.99492 -1.57695 1.50898 | 47.5864 | 0 
-2.0457 -1.6668 1.67695 | 39.6079 | 0 
-1.80742 -1.68633 1.78633 | 37.4033 | 0 
-1.75273 -1.45586 1.36055 | 52.8894 | 0 
-1.7293 -1.20977 1.4582 | 45.0335 | 0 
-1.89727 -1.24102 1.63789 | 35.746 | 0 
-2.08086 -1.25273 1.61836 | 37.3131 | 0 
-2.13164 -1.31133 1.36445 | 41.7013 | 0 
-2.13164 -1.34648 1.25117 | 36.9237 | 0 
-2.18633 -1.26836 1.09883 | 26.7192 | 0 
-2.10039 -1.31133 0.895703 | 24.6879 | 0 
-2.07305 -1.31133 0.993359 | 21.8062 | 0 
-2.04961 -1.3543 0.809766 | 29.5992 | 0 
-2.08477 -1.33086 1.04023 | 23.7672 | 0 
-2.11992 -1.52227 0.856641 | 33.9443 | 0 
-2.03398 -1.55742 1.04414 | 27.6183 | 0 
-2.13164 -1.66289 1.00898 | 26.7772 | 0 
-2.11211 -1.47148 1.09102 | 31.6276 | 0 
-2.01836 -1.67461 1.06367 | 23.4273 | 0 
-1.84258 -1.45586 1.09102 | 32.4196 | 0 
-1.73711 -1.6707 1.06367 | 33.3177 | 0 
-1.70195 -1.47148 1.0207 | 39.0014 | 0 
-1.89336 -1.2957 0.973828 | 21.3413 | 0 
-1.79961 -1.22539 0.837109 | 25.63 | 0 
-1.7332 -1.26055 1.1418 | 31.3254 | 0 
-1.6707 -1.2918 1.29023 | 46.0007 | 0 
-1.63945 -1.27227 0.966016 | 33.2619 | 0 
-1.58477 -1.52227 0.981641 | 44.3761 | 0 
-1.63164 -1.67461 1.12227 | 40.8663 | 0 
-1.44414 -1.68633 1.18086 | 45.3999 | 0 
-1.21758 -1.68242 0.805859 | 33.6209 | 0 
-1.25664 -1.38555 0.805859 | 38.6511 | 0 
-1.4168 -1.22148 1.07539 | 32.6391 | 0 
-1.42852 -1.31523 1.31367 | 52.3841 | 0 
-1.47148 -1.31523 1.71211 | 53.0096 | 0 
-1.53008 -1.50664 1.33711 | 61.4163 | 0 
-1.36211 -1.49102 1.72773 | 54.9178 | 0 
-1.38164 -1.92852 1.3957 | 43.8563 | 0 
-1.45977 -1.8582 1.60273 | 49.5359 | 0 
-1.53789 -2.05742 1.50898 | 49.221 | 0 
-1.37773 -2.06133 1.59883 | 44.7615 | 0 
-1.28789 -2.06914 1.47383 | 41.2645 | 0 
-1.31914 -2.07695 1.41133 | 41.8886 | 0 
-1.21758 -1.99492 1.16523 | 19.7243 | 0 
-1.40898 -2.1707 1.06367 | 32.2484 | 0 
-1.69805 -2.09258 1.13008 | 26.5487 | 0 
-1.53008 -2.0418 1.17305 | 33.402 | 0 
-1.63555 -1.84258 1.08711 | 29.8057 | 0 
-1.55742 -1.70977 1.05586 | 38.9307 | 0 
-1.32305 -1.84258 1.27852 | 37.4982 | 0 
-1.2918 -1.83477 1.09883 | 25.6277 | 0 
-1.41289 -1.73711 1.14961 | 39.786 | 0 
-1.22539 -1.78789 0.977734 | 21.8534 | 0 
-1.34258 -1.86602 0.938672 | 25.7324 | 0 
-1.2293 -1.87773 0.856641 | 21.072 | 0 
-1.47539 -1.7957 1.01289 | 33.5084 | 0 
-1.64727 -1.91289 1.02852 | 25.0673 | 0 
-1.45195 -1.99102 0.926953 | 27.5301 | 0 
-1.64727 -2.19023 0.887891 | 33.0274 | 0 
-1.36992 -2.11992 0.907422 | 28.3876 | 0 
-1.3543 -1.98711 0.993359 | 22.9051 | 0 
-1.22539 -2.02617 0.911328 | 16.5446 | 0 
-1.32305 -2.13555 0.985547 | 25.1664 | 0 
-1.17852 -2.13555 0.805859 | 22.2314 | 0 
-1.11992 -2.18242 0.981641 | 15.6346 | 0 
-1.1707 -2.13555 0.981641 | 15.5951 | 0 
-1.11992 -2.07305 0.930859 | 11.089 | 0 
-1.14727 -1.95586 0.985547 | 10.5203 | 0 
-1.17852 -2.06133 0.891797 | 15.048 | 0 
-1.08477 -1.96367 0.872266 | 10.4895 | 0 
-1.0457 -2.04961 0.841016 | 11.481 | 0 
-0.951953 -1.95195 0.817578 | 12.1696 | 0 
-1.05352 -1.97148 1.04414 | 7.1891 | 0 
-1.0457 -2.07305 0.950391 | 8.22052 | 0 
-0.967578 -2.03398 1.04414 | 6.97956 | 0 
-0.998828 -2.13555 0.973828 | 10.0544 | 0 
-1.06133 -2.13164 1.04023 | 11.0336 | 0 
-0.959766 -2.15508 1.00117 | 11.2692 | 0 
-1.07305 -2.10039 0.923047 | 10.5206 | 0 
-0.854297 -2.11602 0.829297 | 17.5634 | 0 
-0.908984 -2.11602 1.0207 | 10.5624 | 0 
-0.850391 -2.13945 1.04023 | 14.402 | 0 
-0.819141 -2.1082 1.04023 | 14.53 | 0 
-0.776172 -2.18633 0.852734 | 24.5619 | 0 
-0.737109 -2.05352 0.844922 | 21.2264 | 0 
-0.721484 -2.01055 0.989453 | 17.3679 | 0 
-0.811328 -2.01836 1.00508 | 12.0551 | 0 
-0.885547 -1.99492 1.04414 | 8.71757 | 0 
-0.881641 -2.01445 0.969922 | 8.63545 | 0 
-0.916797 -2.02227 1.00898 | 7.39741 | 0 
-0.834766 -1.97148 0.915234 | 11.8887 | 0 
-0.830859 -1.93633 0.829297 | 16.2735 | 0 
-0.834766 -1.82695 0.891797 | 17.3267 | 0 
-0.920703 -1.94805 1.03242 | 7.65906 | 0 
-0.826953 -1.82695 1.04023 | 16.1237 | 0 
-0.807422 -1.92461 1.00508 | 12.9423 | 0 
-0.744922 -1.94414 0.872266 | 19.0755 | 0 
-0.760547 -1.81523 0.880078 | 22.7078 | 0 
-0.850391 -1.74102 0.981641 | 19.4509 | 0 
-1.01055 -1.74492 0.813672 | 21.1742 | 0 
-1.12383 -1.83477 0.813672 | 19.196 | 0 
-1.06133 -1.92852 0.801953 | 14.0072 | 0 
-1.03789 -1.8543 0.856641 | 13.2272 | 0 
-1.05352 -1.92852 0.868359 | 10.365 | 0 
-1.06523 -1.86602 0.966016 | 9.9445 | 0 
-1.06133 -1.90117 1.00508 | 8.35619 | 0 
-1.1668 -1.90898 1.0168 | 12.6933 | 0 
-1.09258 -1.88164 1.0168 | 10.1086 | 0 
-1.13555 -1.75664 1.01289 | 18.4296 | 0 
-0.991016 -1.71758 0.989453 | 16.9721 | 0 
-1.0457 -1.71367 1.09883 | 19.7766 | 0 
-1.08867 -1.82305 1.12617 | 15.8402 | 0 
-1.09258 -1.94805 1.17305 | 13.8884 | 0 
-0.991016 -1.82695 1.08711 | 12.3295 | 0 
-0.959766 -1.94805 1.12227 | 9.62993 | 0 
-0.994922 -1.90898 1.24336 | 17.3591 | 0 
-1.11602 -1.83477 1.21211 | 21.1863 | 0 
-0.959766 -1.74883 1.21602 | 23.7306 | 0 
-0.764453 -1.78398 1.24727 | 32.1249 | 0 
-0.877734 -1.84648 1.27461 | 24.4554 | 0 
-0.850391 -2.05742 1.15352 | 15.3352 | 0 
-0.701953 -2.02617 1.16523 | 23.9863 | 0 
-0.787891 -2.0457 1.21602 | 22.2164 | 0 
-0.783984 -2.1082 1.17305 | 21.8906 | 0 
-0.893359 -2.08086 1.2668 | 21.2114 | 0 
-0.987109 -2.09258 1.25898 | 19.1799 | 0 
-1.04961 -2.14727 1.1457 | 15.3969 | 0 
-1.01055 -2.1082 1.16133 | 13.7721 | 0 
-1.01445 -2.01836 1.13008 | 9.64574 | 0 
-0.971484 -2.00664 1.15742 | 10.9845 | 0 
-0.967578 -2.03398 1.23164 | 15.8731 | 0 
-1.1043 -2.01836 1.19648 | 15.5633 | 0 
-1.08477 -1.97148 1.15352 | 12.2415 | 0 
-1.17852 -2.06914 1.13398 | 16.8822 | 0 
-1.10039 -2.08477 1.11836 | 12.7573 | 0 
-1.1082 -2.08477 1.20039 | 17.557 | 0 
-1.0418 -2.17852 1.37617 | 30.8489 | 0 
-1.19023 -1.97148 1.33711 | 28.7878 | 0 
-1.08477 -2.14336 1.51289 | 33.2017 | 0 
-1.18242 -1.98711 1.72383 | 25.8685 | 0 
-0.967578 -1.97539 1.56758 | 26.7338 | 0 
-0.983203 -2.19023 1.77461 | 23.761 | 0 
-0.858203 -2.13555 1.61836 | 32.4019 | 0 
-0.850391 -2.00273 1.79414 | 19.3188 | 0 
-0.803516 -2.18633 1.68477 | 35.0549 | 0 
-0.905078 -2.08086 1.38789 | 27.6849 | 0 
-0.811328 -2.0418 1.36836 | 30.0537 | 0 
-0.709766 -1.7918 1.40742 | 43.9556 | 0 
-0.889453 -1.71758 1.74727 | 31.3058 | 0 
-1.05742 -1.71758 1.62227 | 36.5584 | 0 
-0.959766 -1.91289 1.79805 | 16.6187 | 0 
-1.15117 -1.92461 1.59102 | 31.2525 | 0 
-1.18633 -1.75664 1.73555 | 34.1003 | 0 
-1.11211 -1.72148 1.36055 | 36.6142 | 0 
-1.07695 -1.69414 1.51289 | 40.8704 | 0 
-1.03008 -1.6707 1.61445 | 38.9394 | 0 
-0.709766 -1.56133 1.43867 | 56.0459 | 0 
-0.873828 -1.30352 1.58711 | 39.8015 | 0 
-1.08086 -1.31133 1.55977 | 39.6457 | 0 
-1.13945 -1.27227 1.36445 | 36.3598 | 0 
-1.18242 -1.4168 1.18867 | 35.6044 | 0 
-1.18242 -1.22539 1.14961 | 22.6639 | 0 
-1.1082 -1.20586 0.864453 | 16.3276 | 0 
-0.987109 -1.22539 0.880078 | 14.4501 | 0 
-1.00273 -1.26445 0.962109 | 14.7204 | 0 
-1.0418 -1.39727 0.891797 | 24.3872 | 0 
-1.1707 -1.4207 1.02852 | 28.6124 | 0 
-0.959766 -1.56133 0.942578 | 24.4757 | 0 
-1.07305 -1.69414 0.923047 | 20.4929 | 0 
-1.17461 -1.69414 1.05195 | 24.7609 | 0 
-1.06523 -1.46758 1.14961 | 29.334 | 0 
-0.979297 -1.58867 1.2043 | 30.6731 | 0 
-0.924609 -1.67852 1.05977 | 20.9353 | 0 
-0.850391 -1.50664 1.13789 | 31.9057 | 0 
-0.737109 -1.66289 1.10664 | 32.7083 | 0 
-0.889453 -1.59258 0.985547 | 25.0121 | 0 
-0.733203 -1.46758 1.0207 | 34.6643 | 0 
-0.842578 -1.4207 0.923047 | 28.0166 | 0 
-0.920703 -1.2957 0.954297 | 17.8947 | 0 
-0.908984 -1.22148 0.923047 | 14.1256 | 0 
-0.823047 -1.24492 0.923047 | 19.4763 | 0 
-0.744922 -1.22539 1.0832 | 23.3444 | 0 
-0.760547 -1.44805 1.21992 | 41.0946 | 0 
-0.651172 -1.30742 1.2082 | 40.3453 | 0 
-0.576953 -1.29961 0.997266 | 34.9384 | 0 
-0.627734 -1.55352 1.00117 | 40.1986 | 0 
-0.643359 -1.57695 1.05195 | 39.5992 | 0 
-0.444141 -1.58086 1.06758 | 42.8514 | 0 
-0.260547 -1.63555 0.997266 | 30.9884 | 0 
-0.369922 -1.53398 0.969922 | 40.2235 | 0 
-0.237109 -1.37383 1.00508 | 29.1687 | 0 
-0.381641 -1.28789 0.969922 | 32.6413 | 0 
-0.237109 -1.27227 1.0832 | 24.7692 | 0 
-0.299609 -1.35039 1.17695 | 37.8328 | 0 
-0.244922 -1.31133 1.31367 | 40.8397 | 0 
-0.502734 -1.28398 1.57539 | 55.3997 | 0 
-0.655078 -1.51445 1.45039 | 59.92 | 0 
-0.342578 -1.60039 1.63789 | 55.4071 | 0 
-0.295703 -1.7957 1.40352 | 43.4999 | 0 
-0.573047 -1.74102 1.66914 | 50.5396 | 0 
-0.647266 -1.71758 1.46211 | 53.2638 | 0 
-0.694141 -1.9832 1.4582 | 39.6922 | 0 
-0.670703 -2.14727 1.61836 | 43.8023 | 0 
-0.424609 -2.14336 1.62617 | 47.1262 | 0 
-0.342578 -2.19805 1.52852 | 49.4127 | 0 
-0.256641 -2.15117 1.22383 | 29.1531 | 0 
-0.545703 -2.19023 1.22773 | 41.1308 | 0 
-0.526172 -1.88945 1.21602 | 35.3884 | 0 
-0.381641 -1.76445 1.22773 | 39.8248 | 0 
-0.436328 -1.86602 1.05195 | 27.8566 | 0 
-0.342578 -1.81523 1.01289 | 25.9805 | 0 
-0.385547 -1.86992 0.825391 | 30.4467 | 0 
-0.455859 -1.78398 0.880078 | 34.3706 | 0 
-0.580859 -1.88945 0.876172 | 28.6059 | 0 
-0.459766 -2.01445 0.852734 | 28.704 | 0 
-0.627734 -2.08867 0.899609 | 25.951 | 0 
-0.408984 -2.09648 0.805859 | 31.9647 | 0 
-0.299609 -2.06914 0.805859 | 25.5781 | 0 
-0.299609 -2.11211 0.794141 | 27.8903 | 0 
-0.354297 -1.98711 0.751172 | 30.6916 | 0 
-0.530078 -2.14727 0.747266 | 39.4279 | 0 
-0.537891 -1.9207 0.739453 | 36.1211 | 0 
-0.412891 -1.70977 0.719922 | 46.5311 | 0 
-0.424609 -1.77227 0.430859 | 50.0825 | 0 
-0.491016 -1.82305 0.325391 | 43.7861 | 0 
-0.494922 -2.07305 0.356641 | 41.9097 | 0 
-0.401172 -2.12773 0.329297 | 40.7601 | 0 
-0.315234 -2.06133 0.419141 | 37.9793 | 0 
-0.213672 -2.14727 0.212109 | 24.0643 | 0 
-0.381641 -2.07305 0.208203 | 30.2852 | 0 
-0.244922 -2.01055 0.114453 | 16.2945 | 0 
-0.362109 -2.13555 0.145703 | 28.5073 | 0 
-0.323047 -2.15508 -0.00664063 | 23.5709 | 0 
-0.373828 -2.15117 -0.151172 | 30.1727 | 0 
-0.405078 -2.03789 -0.0105469 | 22.8948 | 0 
-0.264453 -1.96758 -0.139453 | 18.6737 | 0 
-0.299609 -1.97148 -0.0496094 | 17.6878 | 0 
-0.311328 -1.94023 0.0480469 | 18.7715 | 0 
-0.338672 -1.92852 -0.186328 | 26.2533 | 0 
-0.432422 -1.81133 0.0480469 | 29.2757 | 0 
-0.283984 -1.72148 0.0792969 | 28.1674 | 0 
-0.213672 -1.8543 0.286328 | 27.472 | 0 
-0.358203 -1.93242 0.0792969 | 22.2594 | 0 
-0.549609 -1.74492 0.0753906 | 34.2907 | 0 
-0.635547 -1.89336 0.0949219 | 24.4735 | 0 
-0.584766 -1.74102 -0.0105469 | 32.5743 | 0 
-0.498828 -1.88164 0.0441406 | 26.8134 | 0 
-0.608203 -1.89727 -0.162891 | 28.5806 | 0 
-0.592578 -1.9793 0.0402344 | 23.0281 | 0 
-0.530078 -1.95586 -0.139453 | 27.9292 | 0 
-0.459766 -2.12383 0.0246094 | 27.4012 | 0 
-0.651172 -2.19023 0.141797 | 31.105 | 0 
-0.690234 -1.96367 0.223828 | 26.6724 | 0 
-0.744922 -2.17461 0.192578 | 27.548 | 0 
-0.866016 -2.06523 0.196484 | 15.9218 | 0 
-0.737109 -1.99883 0.298047 | 28.41 | 0 
-0.760547 -2.02617 0.137891 | 17.6997 | 0 
-0.901172 -1.96758 0.161328 | 11.4954 | 0 
-0.877734 -2.0418 0.157422 | 12.6212 | 0 
-0.905078 -2.11211 0.153516 | 13.7125 | 0 
-0.772266 -2.12773 0.133984 | 20.1378 | 0 
-0.803516 -2.1082 0.0363281 | 14.2748 | 0 
-0.752734 -2.13555 -0.194141 | 24.9676 | 0 
-0.858203 -2.13164 -0.174609 | 17.6923 | 0 
-0.873828 -2.18242 0.0441406 | 14.7722 | 0 
-0.897266 -2.08477 0.0285156 | 8.70932 | 0 
-0.948047 -2.0457 -0.0574219 | 6.66837 | 0 
-0.908984 -2.04961 -0.00273438 | 7.1016 | 0 
-0.826953 -2.02617 -0.0496094 | 10.7596 | 0 
-0.873828 -1.9793 0.0480469 | 8.20141 | 0 
-0.889453 -1.99883 -0.190234 | 13.4722 | 0 
-0.772266 -1.9832 -0.178516 | 18.8806 | 0 
-0.815234 -2.01055 -0.0652344 | 11.5764 | 0 
-0.819141 -2.03789 0.0441406 | 11.2813 | 0 
-0.803516 -1.92852 0.0207031 | 12.1421 | 0 
-0.756641 -1.9207 -0.190234 | 21.4289 | 0 
-0.846484 -1.94023 -0.186328 | 15.6201 | 0 
-0.912891 -1.83086 -0.194141 | 17.381 | 0 
-0.944141 -1.94805 0.0246094 | 5.94389 | 0 
-0.838672 -1.84648 -0.0105469 | 13.1496 | 0 
-0.936328 -1.81133 -0.00664063 | 11.1973 | 0 
-0.944141 -1.74492 -0.123828 | 17.7572 | 0 
-0.783984 -1.74102 -0.131641 | 25.3382 | 0 
-0.780078 -1.70586 0.0558594 | 24.9906 | 0 
-0.709766 -1.83477 0.262891 | 32.1717 | 0 
-0.826953 -1.92852 0.137891 | 14.2892 | 0 
-0.920703 -1.92461 0.219922 | 15.0384 | 0 
-0.920703 -1.81523 0.219922 | 19.5432 | 0 
-1.00273 -1.70195 0.0949219 | 18.6123 | 0 
-1.01055 -1.7293 0.231641 | 24.2334 | 0 
-0.983203 -1.86602 0.212109 | 15.5302 | 0 
-1.03008 -1.92461 0.180859 | 11.8682 | 0 
-0.987109 -1.90117 0.118359 | 9.14254 | 0 
-1.06914 -1.8582 0.137891 | 12.7812 | 0 
-1.08086 -1.89336 0.130078 | 11.3532 | 0 
-1.13945 -1.9207 0.176953 | 15.4036 | 0 
-1.16289 -1.80352 0.204297 | 23.3109 | 0 
-1.17461 -1.71367 0.00507812 | 22.0225 | 0 
-1.02617 -1.70586 -0.100391 | 18.7703 | 0 
-0.963672 -1.72539 -0.0691406 | 16.6388 | 0 
-0.991016 -1.81523 -0.0613281 | 11.0452 | 0 
-1.0457 -1.86602 -0.0457031 | 8.73571 | 0 
-1.02227 -1.9207 0.0285156 | 6.20845 | 0 
-0.991016 -1.90508 -0.0496094 | 6.83814 | 0 
-0.998828 -1.9168 -0.182422 | 11.9214 | 0 
-1.00273 -1.87773 -0.0769531 | 8.49357 | 0 
-1.01836 -1.87773 -0.155078 | 11.8452 | 0 
-1.06133 -1.9168 -0.0886719 | 8.38963 | 0 
-1.09648 -1.88164 -0.123828 | 12.0574 | 0 
-1.17852 -1.9168 -0.127734 | 15.1244 | 0 
-1.18242 -1.88164 -0.0691406 | 14.3929 | 0 
-1.1668 -1.91289 0.00507812 | 11.4936 | 0 
-1.1707 -2.03008 0.0402344 | 11.2105 | 0 
-1.15508 -1.97539 -0.0222656 | 9.8371 | 0 
-1.18242 -2.07305 -0.100391 | 14.5453 | 0 
-1.11992 -1.95195 -0.123828 | 11.1159 | 0 
-1.04961 -2.06523 -0.119922 | 9.3984 | 0 
-0.959766 -2.0457 -0.162891 | 10.6559 | 0 
-0.959766 -1.96758 -0.127734 | 8.3849 | 0 
-0.967578 -1.95977 0.00117187 | 5.30178 | 0 
-1.07305 -1.95586 -0.0183594 | 6.46065 | 0 
-1.04961 -2.06133 -0.0261719 | 6.7015 | 0 
-0.963672 -2.05742 -0.00273438 | 6.06633 | 0 
-0.983203 -2.08867 -0.0144531 | 6.93859 | 0 
-1.0457 -2.1043 0.0402344 | 8.32195 | 0 
-0.971484 -2.15117 0.0480469 | 10.3678 | 0 
-1.03398 -2.17461 -0.190234 | 17.832 | 0 
-1.14336 -2.17852 -0.190234 | 21.8696 | 0 
-1.08867 -2.19414 0.0441406 | 14.4577 | 0 
-1.12773 -2.19414 0.157422 | 20.2298 | 0 
-1.05352 -2.13555 0.145703 | 13.5703 | 0 
-0.967578 -2.0418 0.149609 | 9.77947 | 0 
-1.05352 -1.98711 0.173047 | 11.0323 | 0 
-1.1707 -2.06914 0.102734 | 13.8245 | 0 
-1.15508 -1.95977 0.141797 | 13.6092 | 0 
-1.17852 -1.95586 0.258984 | 21.8857 | 0 
-1.06133 -2.0418 0.180859 | 12.1953 | 0 
-1.18242 -2.19414 0.387891 | 36.4251 | 0 
-1.19414 -1.97539 0.481641 | 32.1748 | 0 
-1.08477 -2.16289 0.563672 | 31.564 | 0 
-1.03008 -2.01055 0.555859 | 25.0027 | 0 
-0.885547 -2.15508 0.579297 | 31.4078 | 0 
-0.815234 -2.01445 0.579297 | 29.8987 | 0 
-0.823047 -2.1082 0.501172 | 33.166 | 0 
-0.846484 -2.03008 0.493359 | 29.5528 | 0 
-0.807422 -1.83477 0.516797 | 35.6218 | 0 
-0.705859 -1.81914 0.571484 | 41.6714 | 0 
-0.983203 -1.78789 0.598828 | 30.3524 | 0 
-1.12383 -1.8582 0.665234 | 26.8264 | 0 
-1.15898 -1.81133 0.516797 | 35.6649 | 0 
-1.12383 -1.63555 0.348828 | 39.3422 | 0 
-1.16289 -1.6043 0.665234 | 42.1709 | 0 
-0.854297 -1.6043 0.653516 | 41.2628 | 0 
-0.776172 -1.64336 0.430859 | 47.133 | 0 
-0.819141 -1.44414 0.469922 | 47.9808 | 0 
-0.709766 -1.2332 0.665234 | 38.9926 | 0 
-0.920703 -1.4168 0.649609 | 39.0548 | 0 
-1.00273 -1.26055 0.637891 | 30.1408 | 0 
-1.19023 -1.4207 0.551953 | 48.3284 | 0 
-1.12383 -1.24492 0.454297 | 35.1678 | 0 
-1.1668 -1.36602 0.321484 | 39.3407 | 0 
-1.09258 -1.30742 0.180859 | 23.9017 | 0 
-0.963672 -1.43633 0.192578 | 28.9684 | 0 
-1.13945 -1.34648 0.0597656 | 23.1088 | 0 
-0.979297 -1.33867 0.165234 | 23.0727 | 0 
-0.975391 -1.20586 0.102734 | 11.8093 | 0 
-1.18242 -1.31523 0.0636719 | 23.787 | 0 
-1.15508 -1.31523 -0.0457031 | 21.8438 | 0 
-0.979297 -1.31523 -0.0964844 | 18.5496 | 0 
-1.03398 -1.44414 -0.0613281 | 23.5092 | 0 
-1.19023 -1.38555 -0.0886719 | 28.7128 | 0 
-1.14336 -1.51445 -0.0652344 | 28.182 | 0 
-0.963672 -1.52617 -0.131641 | 26.6297 | 0 
-1.03008 -1.65898 -0.0261719 | 19.539 | 0 
-1.14336 -1.61211 -0.0769531 | 26.4682 | 0 
-1.19023 -1.63164 0.126172 | 30.1784 | 0 
-0.994922 -1.56133 0.157422 | 27.2299 | 0 
-0.901172 -1.59258 0.141797 | 27.3038 | 0 
-0.752734 -1.55742 0.149609 | 36.3012 | 0 
-0.760547 -1.6082 -0.0339844 | 30.5074 | 0 
-0.885547 -1.47539 -0.0613281 | 26.0549 | 0 
-0.733203 -1.33867 -0.0652344 | 29.5032 | 0 
-0.893359 -1.34648 -0.178516 | 26.1608 | 0 
-0.834766 -1.21367 0.0246094 | 14.9492 | 0 
-0.729297 -1.32305 -0.127734 | 31.0775 | 0 
-0.776172 -1.32305 0.141797 | 28.8794 | 0 
-0.701953 -1.38555 0.282422 | 45.0123 | 0 
-0.592578 -1.24883 0.223828 | 38.6055 | 0 
-0.651172 -1.39336 0.0714844 | 37.0185 | 0 
-0.608203 -1.26055 -0.0496094 | 30.882 | 0 
-0.635547 -1.49492 -0.0339844 | 39.4492 | 0 
-0.596484 -1.64727 0.137891 | 40.8465 | 0 
-0.330859 -1.66289 0.137891 | 36.4867 | 0 
-0.323047 -1.65117 -0.0652344 | 33.9116 | 0 
-0.401172 -1.49492 0.0167969 | 40.5798 | 0 
-0.307422 -1.41289 -0.0652344 | 34.9927 | 0 
-0.444141 -1.25273 0.0246094 | 31.4487 | 0 
-0.276172 -1.21758 0.122266 | 23.9962 | 0 
-0.260547 -1.41289 0.290234 | 43.8509 | 0 
-0.319141 -1.20977 0.391797 | 41.2032 | 0 
-0.549609 -1.46367 0.368359 | 58.6088 | 0 
-0.338672 -1.67852 0.637891 | 49.4444 | 0 
-0.498828 -1.39336 0.700391 | 53.5853 | 0 
-0.436328 -1.2293 0.657422 | 45.5413 | 0 
-0.276172 -1.19414 0.708203 | 32.7988 | 0 
-0.553516 -1.18633 0.731641 | 38.9453 | 0 
-0.549609 -0.948047 0.704297 | 34.5754 | 0 
-0.358203 -0.713672 0.708203 | 42.2849 | 0 
-0.373828 -0.729297 0.497266 | 49.2334 | 0 
-0.451953 -0.744922 0.368359 | 47.5316 | 0 
-0.483203 -0.959766 0.430859 | 40.6736 | 0 
-0.436328 -1.1707 0.419141 | 44.9051 | 0 
-0.307422 -1.14727 0.258984 | 29.5562 | 0 
-0.326953 -0.971484 0.290234 | 28.4451 | 0 
-0.319141 -0.979297 0.0714844 | 16.3512 | 0 
-0.354297 -1.19023 0.0753906 | 25.0755 | 0 
-0.213672 -1.19414 -0.0378906 | 16.0542 | 0 
-0.416797 -1.1668 -0.0808594 | 26.4762 | 0 
-0.416797 -1.01055 -0.0457031 | 20.2928 | 0 
-0.385547 -1.01055 -0.0886719 | 20.2358 | 0 
-0.229297 -0.991016 -0.0925781 | 11.4067 | 0 
-0.260547 -1.01836 -0.0339844 | 12.0619 | 0 
-0.233203 -1.00664 0.0402344 | 10.3425 | 0 
-0.244922 -0.869922 0.0324219 | 13.8637 | 0 
-0.252734 -0.908984 -0.0691406 | 13.5867 | 0 
-0.416797 -0.944141 -0.143359 | 24.1494 | 0 
-0.420703 -0.756641 -0.00273438 | 29.1181 | 0 
-0.323047 -0.705859 0.122266 | 30.5943 | 0 
-0.436328 -0.936328 0.102734 | 23.0897 | 0 
-0.491016 -0.760547 0.118359 | 32.7955 | 0 
-0.686328 -0.912891 0.173047 | 22.041 | 0 
-0.655078 -0.752734 0.204297 | 33.6501 | 0 
-0.698047 -0.733203 -0.0144531 | 25.3263 | 0 
-0.498828 -0.756641 -0.104297 | 32.4863 | 0 
-0.451953 -0.916797 -0.0652344 | 22.7608 | 0 
-0.690234 -0.901172 -0.112109 | 19.2154 | 0 
-0.651172 -0.893359 0.0480469 | 19.6568 | 0 
-0.658984 -1.00273 -0.0339844 | 17.0815 | 0 
-0.475391 -0.979297 -0.112109 | 23.5428 | 0 
-0.479297 -1.18242 -0.0144531 | 27.4652 | 0 
-0.600391 -1.19805 0.0871094 | 28.1332 | 0 
-0.631641 -0.979297 0.298047 | 31.2745 | 0 
-0.803516 -1.19805 0.235547 | 24.7234 | 0 
-0.877734 -1.11211 0.258984 | 17.827 | 0 
-0.881641 -0.998828 0.239453 | 13.8105 | 0 
-0.776172 -0.987109 0.223828 | 18.3857 | 0 
-0.764453 -0.967578 0.0832031 | 12.1631 | 0 
-0.842578 -0.994922 0.145703 | 10.1377 | 0 
-0.908984 -0.963672 0.0636719 | 4.39906 | 0 
-0.936328 -1.03008 0.169141 | 8.06928 | 0 
-0.866016 -1.03789 0.0949219 | 7.18386 | 0 
-0.842578 -1.11992 0.169141 | 14.3406 | 0 
-0.912891 -1.1043 0.0558594 | 6.19783 | 0 
-0.924609 -1.16289 0.173047 | 13.4853 | 0 
-0.877734 -1.14727 0.106641 | 11.0526 | 0 
-0.752734 -1.14336 0.0949219 | 17.2273 | 0 
-0.760547 -1.1668 -0.0730469 | 17.325 | 0 
-0.815234 -1.15508 -0.0886719 | 13.9172 | 0 
-0.881641 -1.12383 -0.112109 | 9.95007 | 0 
-0.901172 -1.13555 -0.155078 | 11.7883 | 0 
-0.940234 -1.14336 -0.0886719 | 8.1981 | 0 
-0.873828 -1.15898 -0.0261719 | 9.81156 | 0 
-0.842578 -1.12773 0.00898437 | 9.55486 | 0 
-0.920703 -1.11211 -0.0339844 | 5.90851 | 0 
-0.940234 -1.03789 -0.0730469 | 3.98037 | 0 
-0.940234 -1.01445 -0.0105469 | 2.67325 | 0 
-0.885547 -1.02617 0.0324219 | 4.65616 | 0 
-0.873828 -1.06133 -0.0730469 | 6.64469 | 0 
-0.842578 -0.991016 0.0324219 | 6.42148 | 0 
-0.905078 -0.987109 0.0402344 | 3.87223 | 0 
-0.905078 -0.994922 -0.0144531 | 3.58198 | 0 
-0.936328 -0.963672 -0.174609 | 8.32311 | 0 
-0.936328 -1.06523 -0.127734 | 6.69715 | 0 
-0.834766 -0.951953 -0.166797 | 12.0125 | 0 
-0.713672 -0.967578 -0.135547 | 17.3462 | 0 
-0.756641 -0.971484 0.0246094 | 11.3792 | 0 
-0.733203 -0.854297 0.0402344 | 16.5462 | 0 
-0.741016 -0.920703 -0.0574219 | 13.8239 | 0 
-0.705859 -0.850391 -0.127734 | 21.1295 | 0 
-0.819141 -0.928516 -0.119922 | 11.0374 | 0 
-0.838672 -0.826953 -0.143359 | 15.2611 | 0 
-0.948047 -0.932422 -0.155078 | 7.59154 | 0 
-0.920703 -0.928516 -0.0339844 | 4.14567 | 0 
-0.830859 -0.940234 0.0167969 | 7.46233 | 0 
-0.826953 -0.826953 -0.0691406 | 13.0035 | 0 
-0.920703 -0.834766 0.0441406 | 8.06662 | 0 
-0.842578 -0.807422 0.0402344 | 12.6568 | 0 
-0.932422 -0.729297 0.0402344 | 13.9059 | 0 
-0.756641 -0.701953 -0.186328 | 29.7613 | 0 
-0.776172 -0.709766 0.153516 | 26.2962 | 0 
-0.725391 -0.920703 0.180859 | 19.9536 | 0 
-0.791797 -0.924609 0.165234 | 14.9364 | 0 
-0.834766 -0.862109 0.137891 | 13.4298 | 0 
-0.940234 -0.948047 0.0949219 | 4.74318 | 0 
-0.881641 -0.948047 0.286328 | 17.1891 | 0 
-0.905078 -0.838672 0.286328 | 20.3061 | 0 
-0.936328 -0.748828 0.255078 | 22.6848 | 0 
-1.05742 -0.713672 0.114453 | 17.0234 | 0 
-0.963672 -0.795703 0.298047 | 22.0509 | 0 
-0.975391 -0.940234 0.294141 | 15.4761 | 0 
-0.963672 -0.826953 0.110547 | 9.55202 | 0 
-1.07305 -0.850391 0.126172 | 10.0089 | 0 
-1.06523 -0.944141 0.0753906 | 4.57085 | 0 
-1.1082 -0.948047 0.141797 | 8.61164 | 0 
-1.07695 -0.830859 0.0519531 | 8.66246 | 0 
-1.18633 -0.944141 0.0910156 | 10.613 | 0 
-1.19414 -0.717578 0.258984 | 31.1571 | 0 
-1.13945 -0.729297 -0.0691406 | 17.6604 | 0 
-1.13555 -0.717578 -0.119922 | 19.9615 | 0 
-0.987109 -0.756641 -0.127734 | 14.2303 | 0 
-1.02617 -0.701953 -0.0613281 | 15.3909 | 0 
-1.01055 -0.776172 -0.0417969 | 10.3532 | 0 
-0.963672 -0.869922 0.0402344 | 5.42237 | 0 
-1.05352 -0.846484 -0.0613281 | 7.42575 | 0 
-1.06914 -0.940234 0.0167969 | 3.70872 | 0 
-1.00273 -0.924609 0.00117187 | 2.96323 | 0 
-0.963672 -0.936328 -0.0144531 | 2.8958 | 0 
-0.967578 -0.932422 -0.0496094 | 3.38472 | 0 
-0.998828 -0.948047 -0.123828 | 5.31719 | 0 
-0.971484 -0.842578 -0.182422 | 12.2331 | 0 
-1.02617 -0.924609 -0.190234 | 9.51258 | 0 
-1.11992 -0.838672 -0.155078 | 13.7842 | 0 
-1.14727 -0.908984 -0.151172 | 11.9223 | 0 
-1.08477 -0.881641 -0.0496094 | 6.46358 | 0 
-1.19805 -0.869922 -0.00273438 | 12.145 | 0 
-1.1082 -0.901172 0.0128906 | 6.16334 | 0 
-1.17461 -0.955859 0.00507812 | 8.11887 | 0 
-1.1082 -1.01836 0.0207031 | 4.63994 | 0 
-1.13945 -1.05742 -0.0300781 | 6.8386 | 0 
-1.1082 -1.03398 -0.0730469 | 5.78797 | 0 
-1.1668 -1.01055 -0.166797 | 12.4466 | 0 
-1.10039 -1.05352 -0.186328 | 10.945 | 0 
-1.08477 -0.971484 -0.135547 | 7.09674 | 0 
-1.03789 -0.963672 -0.127734 | 5.61509 | 0 
-1.01445 -1.04961 -0.186328 | 8.79384 | 0 
-0.994922 -1.02617 -0.123828 | 5.07528 | 0 
-0.991016 -0.987109 -0.186328 | 8.14517 | 0 
-0.971484 -0.951953 -0.0574219 | 3.10943 | 0 
-0.963672 -0.963672 -0.00664063 | 2.38483 | 0 
-0.967578 -0.994922 -0.00664063 | 2.14669 | 0 
-0.983203 -0.979297 0.00507812 | 2.07095 | 0 
-1.05742 -0.955859 0.0207031 | 3.14269 | 0 
-1.03398 -1.00664 -0.0730469 | 3.35849 | 0 
-1.02227 -1.06523 -0.0574219 | 3.75289 | 0 
-1.03789 -1.03789 -0.0105469 | 2.74061 | 0 
-0.987109 -1.0418 0.0128906 | 2.46832 | 0 
-0.967578 -1.06523 0.00507812 | 3.11114 | 0 
-0.983203 -1.01445 -0.0417969 | 2.43726 | 0 
-0.991016 -1.1082 -0.0613281 | 5.18659 | 0 
-0.975391 -1.07695 0.0402344 | 3.6963 | 0 
-1.02617 -1.10039 0.0167969 | 4.37899 | 0 
-1.06133 -1.07695 -0.0105469 | 4.1879 | 0 
-1.04961 -1.18242 -0.0730469 | 9.90229 | 0 
-0.959766 -1.15508 -0.00664063 | 6.96517 | 0 
-0.994922 -1.12383 -0.182422 | 11.0487 | 0 
-1.06914 -1.13555 -0.143359 | 10.5845 | 0 
-1.1082 -1.14727 -0.174609 | 14.2205 | 0 
-1.11602 -1.19805 -0.0417969 | 12.36 | 0 
-1.15508 -1.17461 0.110547 | 14.8644 | 0 
-1.08086 -1.08477 0.145703 | 8.92027 | 0 
-1.13164 -1.15898 0.110547 | 12.7709 | 0 
-1.05742 -1.13945 0.133984 | 10.0167 | 0 
-0.987109 -1.09648 0.173047 | 9.37246 | 0 
-1.06523 -1.09258 0.0558594 | 5.41413 | 0 
-1.06523 -1.07305 0.118359 | 6.80351 | 0 
-0.983203 -1.04961 0.137891 | 6.1491 | 0 
-0.959766 -1.0457 0.0519531 | 3.27274 | 0 
-0.971484 -0.998828 0.0753906 | 3.20858 | 0 
-0.967578 -1.00664 0.149609 | 6.28971 | 0 
-1.01836 -0.998828 0.118359 | 4.75559 | 0 
-1.07305 -1.00273 0.0871094 | 4.66166 | 0 
-1.1082 -0.987109 0.0792969 | 5.6807 | 0 
-1.1707 -1.07305 0.0910156 | 10.3775 | 0 
-1.12383 -0.967578 0.153516 | 9.60887 | 0 
-1.12383 -1.02227 0.176953 | 10.8839 | 0 
-1.08477 -1.01055 0.239453 | 13.0001 | 0 
-0.971484 -0.998828 0.255078 | 12.4859 | 0 
-0.987109 -1.16289 0.251172 | 17.2922 | 0 
-1.11992 -1.17461 0.376172 | 28.0436 | 0 
-1.17461 -0.971484 0.532422 | 27.9985 | 0 
-1.09258 -1.18633 0.673047 | 25.4529 | 0 
-1.19805 -1.00664 0.743359 | 20.2204 | 0 
-1.01055 -0.963672 0.598828 | 20.723 | 0 
-0.963672 -1.03008 0.755078 | 12.6783 | 0 
-0.967578 -1.14336 0.747266 | 16.9703 | 0 
-0.838672 -1.19023 0.622266 | 30.7436 | 0 
-0.760547 -0.975391 0.579297 | 30.1068 | 0 
-0.807422 -1.1707 0.481641 | 33.8791 | 0 
-0.936328 -0.994922 0.520703 | 22.8479 | 0 
-0.787891 -0.944141 0.485547 | 29.958 | 0 
-0.948047 -0.741016 0.544141 | 32.4541 | 0 
-0.776172 -0.713672 0.626172 | 39.1484 | 0 
-0.940234 -0.944141 0.606641 | 21.2878 | 0 
-0.932422 -0.713672 0.762891 | 24.3025 | 0 
-1.02227 -0.721484 0.657422 | 29.3719 | 0 
-1.19023 -0.928516 0.606641 | 27.809 | 0 
-1.08477 -0.713672 0.497266 | 35.5797 | 0 
-1.12383 -0.928516 0.313672 | 19.9872 | 0 
-1.07305 -0.701953 0.399609 | 33.8877 | 0 
-1.1043 -0.690234 0.333203 | 32.5388 | 0 
-1.1668 -0.639453 0.641797 | 39.8768 | 0 
-0.932422 -0.658984 0.653516 | 33.7285 | 0 
-0.705859 -0.698047 0.442578 | 46.4822 | 0 
-0.741016 -0.436328 0.391797 | 48.4442 | 0 
-0.780078 -0.291797 0.716016 | 34.0429 | 0 
-0.842578 -0.401172 0.684766 | 37.9637 | 0 
-1.03008 -0.237109 0.798047 | 18.1499 | 0 
-1.17852 -0.424609 0.778516 | 34.9501 | 0 
-1.0457 -0.248828 0.501172 | 31.7422 | 0 
-1.08867 -0.424609 0.301953 | 35.0745 | 0 
-1.09258 -0.229297 0.223828 | 20.0068 | 0 
-1.07305 -0.405078 0.188672 | 26.9009 | 0 
-1.18633 -0.444141 0.0988281 | 28.9768 | 0 
-1.07305 -0.209766 0.161328 | 14.4676 | 0 
-1.16289 -0.213672 0.137891 | 17.4743 | 0 
-1.1043 -0.248828 -0.0183594 | 13.346 | 0 
-1.08867 -0.256641 -0.198047 | 20.0131 | 0 
-0.963672 -0.256641 -0.143359 | 15.4814 | 0 
-1.03398 -0.307422 0.00507812 | 14.926 | 0 
-1.03008 -0.436328 0.0363281 | 20.9006 | 0 
-1.15898 -0.373828 -0.198047 | 29.9223 | 0 
-1.08867 -0.514453 -0.0535156 | 23.4838 | 0 
-0.983203 -0.553516 -0.139453 | 24.3875 | 0 
-1.06523 -0.655078 0.0363281 | 18.2696 | 0 
-1.17461 -0.576953 -0.139453 | 29.6233 | 0 
-1.14336 -0.604297 0.157422 | 27.9213 | 0 
-0.959766 -0.522266 0.157422 | 25.9445 | 0 
-1.03398 -0.666797 0.223828 | 25.1468 | 0 
-0.944141 -0.608203 0.133984 | 23.0046 | 0 
-0.748828 -0.514453 0.149609 | 34.9825 | 0 
-0.741016 -0.623828 -0.0300781 | 28.8044 | 0 
-0.885547 -0.463672 -0.0417969 | 23.5606 | 0 
-0.721484 -0.358203 -0.0730469 | 29.758 | 0 
-0.897266 -0.354297 -0.190234 | 25.4054 | 0 
-0.850391 -0.252734 0.0480469 | 15.5157 | 0 
-0.741016 -0.291797 -0.162891 | 28.617 | 0 
-0.815234 -0.272266 0.161328 | 22.8866 | 0 
-0.748828 -0.393359 0.266797 | 39.7517 | 0 
-0.576953 -0.221484 0.251172 | 37.5902 | 0 
-0.627734 -0.405078 0.0519531 | 36.311 | 0 
-0.655078 -0.201953 -0.0339844 | 23.3417 | 0 
-0.459766 -0.436328 -0.0144531 | 39.3357 | 0 
-0.655078 -0.487109 -0.0378906 | 36.5339 | 0 
-0.643359 -0.662891 0.145703 | 36.1947 | 0 
-0.420703 -0.662891 0.149609 | 38.7294 | 0 
-0.209766 -0.463672 0.192578 | 34.0054 | 0 
-0.221484 -0.670703 -0.0300781 | 23.6745 | 0 
-0.389453 -0.471484 -0.0574219 | 38.5442 | 0 
-0.229297 -0.424609 -0.0183594 | 27.9014 | 0 
-0.416797 -0.213672 -0.0730469 | 27.6612 | 0 
-0.225391 -0.213672 -0.104297 | 18.3759 | 0 
-0.299609 -0.205859 0.0519531 | 20.9917 | 0 
-0.307422 -0.405078 0.262891 | 42.9405 | 0 
-0.209766 -0.205859 0.450391 | 34.5682 | 0 
-0.553516 -0.241016 0.399609 | 47.4757 | 0 
-0.487109 -0.498828 0.372266 | 57.5402 | 0 
-0.354297 -0.666797 0.598828 | 50.149 | 0 
-0.502734 -0.424609 0.653516 | 55.4553 | 0 
-0.408984 -0.260547 0.567578 | 48.7404 | 0 
-0.315234 -0.260547 0.919141 | 26.9223 | 0 
-0.393359 -0.385547 0.809766 | 42.6533 | 0 
-0.514453 -0.319141 0.891797 | 37.5529 | 0 
-0.455859 -0.522266 0.899609 | 42.7343 | 0 
-0.397266 -0.584766 0.860547 | 41.4425 | 0 
-0.432422 -0.619922 1.07148 | 39.1163 | 0 
-0.561328 -0.619922 1.27461 | 50.4239 | 0 
-0.541797 -0.366016 1.29414 | 51.1583 | 0 
-0.373828 -0.241016 1.25898 | 38.8017 | 0 
-0.237109 -0.217578 1.35273 | 35.1173 | 0 
-0.248828 -0.241016 1.56367 | 41.1376 | 0 
-0.514453 -0.205859 1.55586 | 49.3389 | 0 
-0.682422 -0.573047 1.52461 | 56.0839 | 0 
-0.432422 -0.604297 1.65742 | 55.8341 | 0 
-0.319141 -0.752734 1.40742 | 45.0418 | 0 
-0.241016 -0.756641 1.71992 | 34.486 | 0 
-0.561328 -0.717578 1.7043 | 47.8567 | 0 
-0.619922 -0.764453 1.30195 | 42.2566 | 0 
-0.530078 -0.975391 1.40352 | 41.3615 | 0 
-0.655078 -1.06523 1.71992 | 32.8457 | 0 
-0.463672 -1.10039 1.75898 | 35.6206 | 0 
-0.436328 -1.03008 1.79023 | 31.3436 | 0 
-0.205859 -1.11992 1.77461 | 22.8747 | 0 
-0.346484 -1.02227 1.45039 | 38.5823 | 0 
-0.373828 -1.13555 1.36836 | 40.5031 | 0 
-0.346484 -1.0418 1.17695 | 24.201 | 0 
-0.276172 -0.951953 1.12227 | 17.1397 | 0 
-0.330859 -1.12773 1.06367 | 21.2185 | 0 
-0.213672 -1.17461 1.07539 | 16.8584 | 0 
-0.303516 -1.14336 0.899609 | 21.2223 | 0 
-0.428516 -1.09648 0.985547 | 23.1886 | 0 
-0.377734 -0.955859 0.825391 | 24.7495 | 0 
-0.280078 -0.983203 1.00508 | 13.9947 | 0 
-0.287891 -0.869922 0.946484 | 17.8119 | 0 
-0.287891 -0.877734 0.825391 | 22.1396 | 0 
-0.350391 -0.846484 1.04023 | 22.4392 | 0 
-0.342578 -0.783984 0.907422 | 26.5752 | 0 
-0.280078 -0.760547 1.19258 | 29.7654 | 0 
-0.541797 -0.713672 1.21992 | 42.3324 | 0 
-0.635547 -0.901172 1.18086 | 26.8557 | 0 
-0.674609 -0.803516 0.868359 | 26.3471 | 0 
-0.455859 -0.877734 0.801953 | 30.8411 | 0 
-0.658984 -0.951953 0.821484 | 23.5376 | 0 
-0.506641 -0.971484 0.969922 | 22.4706 | 0 
-0.510547 -1.14727 0.907422 | 28.007 | 0 
-0.600391 -1.16289 1.11055 | 28.1346 | 0 
-0.694141 -0.967578 1.29414 | 29.4758 | 0 
-0.780078 -1.12383 1.22773 | 22.9828 | 0 
-0.889453 -1.12773 1.18867 | 15.0854 | 0 
-0.889453 -0.987109 1.23164 | 14.4811 | 0 
-0.725391 -1.0418 1.2043 | 22.1125 | 0 
-0.701953 -1.03008 1.06367 | 16.6261 | 0 
-0.866016 -0.987109 1.13398 | 9.72137 | 0 
-0.889453 -0.991016 1.09102 | 6.88738 | 0 
-0.920703 -1.03789 1.12617 | 7.67216 | 0 
-0.834766 -1.12773 1.11836 | 13.8332 | 0 
-0.936328 -1.14727 1.14961 | 12.3905 | 0 
-0.744922 -1.09648 1.17305 | 20.5853 | 0 
-0.791797 -1.10039 0.969922 | 12.2848 | 0 
-0.823047 -1.08086 0.805859 | 15.8898 | 0 
-0.834766 -1.19414 0.825391 | 19.7264 | 0 
-0.920703 -1.1043 0.841016 | 10.6496 | 0 
-0.944141 -1.18242 0.989453 | 9.78049 | 0 
-0.846484 -1.08086 1.00117 | 8.45276 | 0 
-0.948047 -1.08477 0.981641 | 5.01875 | 0 
-0.940234 -1.08477 0.926953 | 6.03681 | 0 
-0.948047 -1.07305 0.977734 | 4.66685 | 0 
-0.854297 -1.05352 1.00117 | 7.30824 | 0 
-0.826953 -0.979297 0.985547 | 8.09097 | 0 
-0.932422 -0.967578 1.0168 | 3.9899 | 0 
-0.905078 -0.955859 0.876172 | 7.48614 | 0 
-0.936328 -1.05742 0.829297 | 9.33727 | 0 
-0.838672 -1.05352 0.911328 | 9.42847 | 0 
-0.772266 -0.987109 0.891797 | 13.2278 | 0 
-0.713672 -1.0418 0.895703 | 17.0741 | 0 
-0.721484 -1.03008 1.03633 | 14.8751 | 0 
-0.725391 -0.862109 0.946484 | 17.7896 | 0 
-0.811328 -0.881641 0.872266 | 14.1293 | 0 
-0.842578 -0.897266 0.883984 | 11.3554 | 0 
-0.897266 -0.858203 0.864453 | 11.4267 | 0 
-0.889453 -0.901172 0.950391 | 7.17195 | 0 
-0.862109 -0.908984 1.04023 | 8.0847 | 0 
-0.850391 -0.885547 0.954297 | 9.40604 | 0 
-0.912891 -0.823047 0.946484 | 9.99719 | 0 
-0.854297 -0.752734 0.962109 | 16.2382 | 0 
-0.893359 -0.799609 0.883984 | 13.8554 | 0 
-0.768359 -0.803516 0.919141 | 18.8934 | 0 
-0.733203 -0.776172 1.07148 | 22.6963 | 0 
-0.776172 -0.842578 1.18867 | 21.8353 | 0 
-0.701953 -0.846484 1.16914 | 24.9869 | 0 
-0.854297 -0.854297 1.0832 | 11.7804 | 0 
-0.869922 -0.893359 1.2668 | 19.5332 | 0 
-0.846484 -0.783984 1.24727 | 24.8982 | 0 
-0.834766 -0.803516 1.15742 | 18.8106 | 0 
-1.02617 -0.783984 1.11055 | 13.2336 | 0 
-1.03008 -0.713672 1.24336 | 25.1401 | 0 
-1.01055 -0.846484 1.26289 | 18.4659 | 0 
-0.991016 -0.936328 1.2668 | 15.3226 | 0 
-0.979297 -0.901172 1.08711 | 6.365 | 0 
-0.994922 -0.826953 1.16523 | 13.3099 | 0 
-1.0457 -0.869922 1.05195 | 7.05253 | 0 
-1.03398 -0.908984 1.15352 | 9.34644 | 0 
-1.13164 -0.912891 1.05195 | 8.43949 | 0 
-1.16289 -0.893359 1.19648 | 17.2405 | 0 
-1.19023 -0.776172 1.29023 | 30.8804 | 0 
-1.11992 -0.717578 1.0168 | 17.5887 | 0 
-1.19805 -0.705859 0.813672 | 28.2322 | 0 
-1.05352 -0.721484 0.844922 | 19.0697 | 0 
-0.975391 -0.709766 1.00898 | 15.1096 | 0 
-1.05352 -0.811328 0.981641 | 9.59953 | 0 
-0.959766 -0.815234 1.04805 | 9.46924 | 0 
-0.994922 -0.858203 0.958203 | 6.70564 | 0 
-1.0457 -0.877734 1.02852 | 6.29981 | 0 
-1.01836 -0.862109 0.926953 | 7.26509 | 0 
-1.02227 -0.940234 0.934766 | 4.42569 | 0 
-1.02617 -0.901172 1.0207 | 4.99313 | 0 
-0.955859 -0.893359 1.00898 | 5.28992 | 0 
-0.967578 -0.912891 0.868359 | 7.42124 | 0 
-0.987109 -0.842578 0.860547 | 10.5626 | 0 
-1.04961 -0.873828 0.891797 | 8.34702 | 0 
-1.02227 -0.912891 0.852734 | 8.14808 | 0 
-1.1043 -0.912891 0.915234 | 7.80784 | 0 
-1.14727 -0.881641 0.903516 | 11.316 | 0 
-1.1707 -0.912891 0.985547 | 9.89845 | 0 
-1.17852 -0.842578 1.01289 | 13.3212 | 0 
-1.18633 -0.951953 0.989453 | 9.87203 | 0 
-1.15898 -1.04961 0.958203 | 8.77578 | 0 
-1.19023 -0.955859 0.911328 | 11.3877 | 0 
-1.14727 -1.05352 0.868359 | 10.9542 | 0 
-1.11211 -0.963672 0.911328 | 7.14767 | 0 
-1.06914 -0.983203 0.821484 | 9.4271 | 0 
-1.03398 -1.05352 0.919141 | 5.07403 | 0 
-0.994922 -1.02617 0.825391 | 8.3024 | 0 
-1.01055 -0.983203 0.907422 | 4.53352 | 0 
-0.998828 -1.00273 0.985547 | 3.01739 | 0 
-0.991016 -0.998828 1.04414 | 3.46834 | 0 
-1.07305 -1.00664 1.02852 | 4.42628 | 0 
-1.01836 -0.998828 0.958203 | 3.36246 | 0 
-1.02617 -1.06523 0.985547 | 4.16348 | 0 
-1.01836 -1.03789 1.00898 | 3.49677 | 0 
-0.967578 -1.03398 1.00898 | 3.4732 | 0 
-0.959766 -1.03008 0.942578 | 4.01038 | 0 
-0.979297 -1.13555 0.962109 | 6.95339 | 0 
-0.979297 -1.12383 0.989453 | 6.18452 | 0 
-1.03398 -1.08086 0.977734 | 4.78123 | 0 
-1.06133 -1.14727 1.04805 | 8.71057 | 0 
-1.01055 -1.1668 0.977734 | 8.46532 | 0 
-0.983203 -1.19414 0.821484 | 15.343 | 0 
-0.951953 -1.09258 0.923047 | 6.19513 | 0 
-1.07305 -1.09648 0.821484 | 11.5034 | 0 
-1.01445 -1.19023 0.887891 | 11.9878 | 0 
-1.19805 -1.1707 0.880078 | 18.3019 | 0 
-1.13164 -1.17461 1.0207 | 12.4549 | 0 
-1.08477 -1.19023 1.1418 | 15.3278 | 0 
-0.963672 -1.19023 1.14961 | 14.3611 | 0 
-1.05742 -1.08086 1.17305 | 10.9204 | 0 
-0.967578 -1.06523 1.15352 | 8.73889 | 0 
-0.967578 -0.975391 1.07539 | 4.47125 | 0 
-1.04961 -0.979297 1.15742 | 8.47236 | 0 
-1.15898 -1.07305 1.10273 | 11.3456 | 0 
-1.15508 -0.959766 1.13789 | 11.7754 | 0 
-1.1707 -0.975391 1.24336 | 18.7913 | 0 
-1.05352 -1.01445 1.18867 | 10.3945 | 0 
-1.06914 -1.1668 1.21602 | 17.8 | 0 
-1.14727 -1.17461 1.18867 | 19.7724 | 0 
-1.01445 -1.1043 1.41523 | 24.979 | 0 
-1.1668 -1.03008 1.40742 | 27.9438 | 0 
-1.15898 -1.10039 1.48555 | 31.232 | 0 
-1.09648 -1.06523 1.63789 | 24.1058 | 0 
-1.01445 -1.07305 1.73555 | 17.1756 | 0 
-0.951953 -1.11992 1.60664 | 25.7389 | 0 
-0.862109 -1.1082 1.7043 | 23.4559 | 0 
-0.869922 -1.0418 1.67305 | 22.7911 | 0 
-0.744922 -1.11602 1.60273 | 35.2174 | 0 
-0.713672 -1.06133 1.54414 | 36.634 | 0 
-0.768359 -0.713672 1.53242 | 44.353 | 0 
-1.00664 -0.725391 1.55977 | 34.8244 | 0 
-1.18633 -0.823047 1.48555 | 35.9254 | 0 
-1.10039 -0.596484 1.3918 | 41.4227 | 0 
-1.1043 -0.662891 1.61445 | 39.0646 | 0 
-0.912891 -0.651172 1.66914 | 36.1871 | 0 
-0.729297 -0.655078 1.38789 | 47.4211 | 0 
-0.729297 -0.389453 1.34492 | 47.0895 | 0 
-0.783984 -0.260547 1.73555 | 33.1446 | 0 
-0.826953 -0.448047 1.69258 | 42.1026 | 0 
-1.03008 -0.248828 1.7668 | 23.2955 | 0 
-1.1668 -0.420703 1.79023 | 36.0335 | 0 
-1.06914 -0.244922 1.42695 | 32.8142 | 0 
-1.0418 -0.420703 1.33711 | 37.3814 | 0 
-1.19414 -0.229297 1.15742 | 22.5886 | 0 
-1.17461 -0.448047 1.15352 | 32.1235 | 0 
-1.00273 -0.424609 1.2043 | 28.7042 | 0 
-0.994922 -0.244922 1.14961 | 16.1598 | 0 
-0.951953 -0.252734 1.27852 | 25.0108 | 0 
-0.920703 -0.260547 1.17695 | 19.7485 | 0 
-0.744922 -0.436328 1.22383 | 40.1354 | 0 
-0.908984 -0.475391 1.23164 | 32.89 | 0 
-0.741016 -0.694141 1.23555 | 35.653 | 0 
-1.07305 -0.682422 1.2668 | 29.4298 | 0 
-0.987109 -0.475391 1.10273 | 24.3419 | 0 
-1.08477 -0.655078 1.12617 | 22.8572 | 0 
-1.01836 -0.643359 0.930859 | 19.523 | 0 
-1.11602 -0.459766 0.954297 | 25.0004 | 0 
-0.991016 -0.506641 0.825391 | 27.3655 | 0 
-1.13945 -0.694141 0.872266 | 22.6299 | 0 
-0.881641 -0.635547 0.887891 | 23.577 | 0 
-0.772266 -0.502734 0.821484 | 35.7861 | 0 
-0.834766 -0.334766 0.915234 | 23.0316 | 0 
-0.756641 -0.354297 1.04414 | 27.8474 | 0 
-0.819141 -0.233203 0.821484 | 21.7959 | 0 
-0.807422 -0.311328 1.0207 | 22.1037 | 0 
-0.940234 -0.299609 1.02461 | 15.9066 | 0 
-0.881641 -0.311328 0.837109 | 22.7698 | 0 
-1.03398 -0.299609 0.907422 | 16.9209 | 0 
-1.05352 -0.428516 0.966016 | 22.022 | 0 
-1.18242 -0.334766 0.911328 | 24.8111 | 0 
-1.08477 -0.334766 0.981641 | 18.7817 | 0 
-1.10039 -0.221484 0.942578 | 12.9344 | 0 
-1.2293 -0.307422 0.903516 | 26.437 | 0 
-1.35039 -0.369922 0.868359 | 38.6841 | 0 
-1.53398 -0.307422 0.825391 | 41.8702 | 0 
-1.52227 -0.565234 0.837109 | 47.2075 | 0 
-1.40508 -0.604297 0.883984 | 41.8642 | 0 
-1.4207 -0.631641 1.17305 | 44.6987 | 0 
-1.55742 -0.338672 1.29414 | 51.5969 | 0 
-1.20977 -0.295703 1.38398 | 41.2563 | 0 
-1.55742 -0.291797 1.55977 | 56.199 | 0 
-1.6707 -0.557422 1.5207 | 59.465 | 0 
-1.40508 -0.616016 1.65352 | 56.5179 | 0 
-1.22539 -0.772266 1.34883 | 36.8009 | 0 
-1.2332 -0.780078 1.5793 | 40.4757 | 0 
-1.49102 -0.815234 1.5832 | 50.0577 | 0 
-1.67852 -0.799609 1.47773 | 46.818 | 0 
-1.69023 -1.02617 1.46211 | 39.5681 | 0 
-1.67852 -1.11602 1.63008 | 40.4452 | 0 
-1.43242 -1.1043 1.6418 | 43.4371 | 0 
-1.29961 -1.12383 1.5168 | 41.1409 | 0 
-1.27227 -1.0418 1.35273 | 32.2872 | 0 
-1.21367 -1.11602 1.25117 | 24.636 | 0 
-1.4168 -1.0457 1.24336 | 33.3035 | 0 
-1.26836 -1.02227 1.15742 | 19.7478 | 0 
-1.40898 -1.08477 1.10273 | 26.184 | 0 
-1.20195 -1.13555 1.04414 | 14.646 | 0 
-1.20977 -1.09648 0.907422 | 14.4147 | 0 
-1.33086 -1.09258 0.895703 | 22.3481 | 0 
-1.3543 -1.07305 0.938672 | 21.7289 | 0 
-1.2957 -1.04961 0.895703 | 18.9684 | 0 
-1.20195 -1.07305 0.934766 | 12.3599 | 0 
-1.2293 -0.834766 1.0207 | 16.9594 | 0 
-1.34258 -0.830859 0.848828 | 28.0248 | 0 
-1.33086 -0.799609 1.00508 | 25.2238 | 0 
-1.31914 -0.811328 0.829297 | 28.7575 | 0 
-1.28789 -0.803516 1.09492 | 24.2884 | 0 
-1.30742 -0.826953 1.28633 | 35.1919 | 0 
-1.33477 -0.834766 1.0832 | 24.9874 | 0 
-1.49883 -0.823047 1.0793 | 30.874 | 0 
-1.58086 -0.830859 1.15352 | 32.6945 | 0 
-1.69805 -0.803516 1.03242 | 24.7088 | 0 
-1.55742 -0.850391 0.942578 | 28.1395 | 0 
-1.58867 -0.854297 0.911328 | 27.9901 | 0 
-1.67852 -1.06133 1.02852 | 20.237 | 0 
-1.54961 -1.04961 0.891797 | 26.5217 | 0 
-1.56133 -1.1043 0.973828 | 26.0786 | 0 
-1.60039 -1.08867 0.868359 | 27.3186 | 0 
-1.68242 -1.07695 1.12227 | 23.3243 | 0 
-1.63555 -1.06133 1.20039 | 29.4961 | 0 
-1.71367 -1.1082 1.29805 | 33.3091 | 0 
-1.90898 -1.00273 1.26289 | 18.6462 | 0 
-1.81133 -1.03008 1.23555 | 21.381 | 0 
-1.81523 -1.06523 1.09492 | 14.1984 | 0 
-1.86602 -0.975391 1.07539 | 10.1494 | 0 
-1.90117 -0.967578 1.16523 | 12.9042 | 0 
-1.93242 -1.02617 1.06367 | 7.7312 | 0 
-1.8582 -1.09648 1.05195 | 11.785 | 0 
-1.90898 -1.15508 1.05195 | 12.5874 | 0 
-1.7332 -1.13164 1.05195 | 20.2027 | 0 
-1.73711 -1.11992 0.981641 | 18.8179 | 0 
-1.81523 -1.1082 0.868359 | 16.7457 | 0 
-1.94805 -1.13164 0.915234 | 11.0564 | 0 
-1.89727 -1.15117 0.958203 | 12.3797 | 0 
-1.87383 -1.09258 0.942578 | 10.863 | 0 
-1.88945 -1.0418 0.981641 | 8.34513 | 0 
-1.8582 -0.963672 0.930859 | 10.1495 | 0 
-1.88945 -0.991016 0.887891 | 10.0533 | 0 
-1.84648 -1.03008 0.903516 | 11.5492 | 0 
-1.72148 -1.05742 0.923047 | 18.5059 | 0 
-1.74492 -1.06133 1.02852 | 16.4414 | 0 
-1.77227 -0.830859 0.930859 | 19.3674 | 0 
-1.82305 -0.838672 0.883984 | 17.6317 | 0 
-1.94023 -0.885547 0.887891 | 10.8901 | 0 
-1.92852 -0.897266 0.950391 | 8.91322 | 0 
-1.88555 -0.881641 0.942578 | 10.9812 | 0 
-1.85039 -0.756641 0.926953 | 19.5758 | 0 
-1.78398 -0.819141 0.919141 | 19.6335 | 0 
-1.75664 -0.783984 1.07539 | 23.4218 | 0 
-1.80352 -0.854297 1.20039 | 22.963 | 0 
-1.7293 -0.854297 1.12617 | 23.1728 | 0 
-1.86992 -0.846484 1.05586 | 13.398 | 0 
-1.86211 -0.791797 1.27461 | 28.1872 | 0 
-2.03008 -0.760547 1.07148 | 16.3554 | 0 
-2.01055 -0.733203 1.2707 | 28.5671 | 0 
-2.00273 -0.885547 1.25508 | 19.1671 | 0 
-2.01055 -0.908984 1.10664 | 9.86829 | 0 
-2.02227 -0.834766 1.10664 | 13.1931 | 0 
-2.1082 -0.932422 1.05977 | 10.2452 | 0 
-2.15898 -0.920703 1.21992 | 20.9222 | 0 
-2.13945 -0.815234 1.21602 | 24.2158 | 0 
-2.1668 -0.741016 0.993359 | 21.8109 | 0 
-2.05742 -0.733203 0.876172 | 20.1126 | 0 
-1.96758 -0.733203 0.938672 | 17.2835 | 0 
-1.99492 -0.838672 0.946484 | 10.8564 | 0 
-2.06914 -0.912891 0.962109 | 8.7121 | 0 
-1.99492 -0.932422 0.997266 | 6.73822 | 0 
-1.95195 -0.940234 0.934766 | 7.54531 | 0 
-1.99102 -0.846484 0.880078 | 12.4804 | 0 
-2.01836 -0.948047 0.911328 | 7.90992 | 0 
-2.11211 -0.858203 0.895703 | 14.1644 | 0 
-2.16289 -0.893359 0.907422 | 14.9022 | 0 
-2.17461 -0.889453 1.03633 | 14.6085 | 0 
-2.18242 -0.987109 0.950391 | 13.0356 | 0 
-2.14727 -1.03008 0.880078 | 13.3154 | 0 
-2.09648 -0.994922 0.919141 | 9.28008 | 0 
-2.0418 -0.998828 0.837109 | 11.0064 | 0 
-2.03008 -1.03398 0.887891 | 8.76387 | 0 
-1.99492 -1.0418 0.833203 | 11.1143 | 0 
-1.96367 -0.987109 0.895703 | 7.99628 | 0 
-1.99492 -0.987109 1.00117 | 5.99459 | 0 
-2.03398 -0.987109 0.973828 | 6.45461 | 0 
-2.03398 -1.02617 1.00117 | 6.55475 | 0 
-1.96367 -1.01445 0.950391 | 6.57082 | 0 
-1.97539 -1.13164 1.00508 | 9.54739 | 0 
-2.03789 -1.1043 0.985547 | 8.73849 | 0 
-1.95195 -1.15508 0.977734 | 11.0334 | 0 
-1.95586 -1.12773 0.864453 | 12.6907 | 0 
-2.06914 -1.14727 0.872266 | 14.3228 | 0 
-2.19805 -1.1668 0.891797 | 21.012 | 0 
-2.18242 -1.13945 1.04414 | 17.0134 | 0 
-2.08867 -1.13945 1.06367 | 12.6936 | 0 
-1.99883 -1.15117 1.0832 | 12.0116 | 0 
-2.03008 -1.12773 1.05195 | 10.2572 | 0 
-2.01445 -1.01836 1.16914 | 11.7048 | 0 
-1.99883 -1.02617 1.05195 | 6.81819 | 0 
-1.99102 -1.01055 1.16914 | 11.5253 | 0 
-2.01836 -1.00273 1.07539 | 7.40476 | 0 
-2.19805 -0.987109 1.09883 | 15.7061 | 0 
-2.08477 -1.01445 1.10273 | 10.0297 | 0 
-2.1043 -0.983203 1.12227 | 11.5898 | 0 
-2.11211 -1.00664 1.2707 | 20.7749 | 0 
-2.01836 -1.02227 1.24336 | 16.4118 | 0 
-2.1707 -1.14336 1.32539 | 31.3487 | 0 
-2.19023 -1.17852 1.58711 | 39.2346 | 0 
-1.95195 -1.19805 1.55586 | 34.3021 | 0 
-1.70586 -1.18242 1.60664 | 43.3457 | 0 
-1.72539 -0.991016 1.5207 | 37.7432 | 0 
-1.70586 -0.737109 1.59492 | 47.8177 | 0 
-1.9832 -0.701953 1.55586 | 39.2658 | 0 
-2.17852 -0.760547 1.44648 | 41.8525 | 0 
-2.19414 -0.596484 1.41523 | 50.5677 | 0 
-2.11602 -0.616016 1.65742 | 43.0984 | 0 
-1.93633 -0.666797 1.68867 | 36.5868 | 0 
-1.71367 -0.576953 1.40352 | 54.5739 | 0 
-1.81133 -0.369922 1.34102 | 43.7113 | 0 
-1.81914 -0.319141 1.76289 | 35.7099 | 0 
-1.83477 -0.381641 1.71602 | 40.858 | 0 
-2.0457 -0.229297 1.78633 | 24.278 | 0 
-2.19414 -0.405078 1.75898 | 42.3436 | 0 
-2.06523 -0.237109 1.54414 | 36.3429 | 0 
-2.12773 -0.408984 1.31758 | 42.0105 | 0 
-2.11992 -0.237109 1.18477 | 23.8669 | 0 
-1.99102 -0.373828 1.28633 | 35.0561 | 0 
-1.84648 -0.303516 1.20039 | 29.4775 | 0 
-1.81523 -0.432422 1.29805 | 43.2672 | 0 
-1.86992 -0.573047 1.18477 | 33.3669 | 0 
-1.79961 -0.678516 1.19258 | 32.8662 | 0 
-2.06914 -0.616016 1.24336 | 34.1773 | 0 
-2.01836 -0.526172 1.10664 | 27.6689 | 0 
-2.17461 -0.666797 1.0793 | 27.9853 | 0 
-2.00273 -0.584766 0.993359 | 23.9647 | 0 
-2.05352 -0.533984 0.864453 | 28.9949 | 0 
-1.90898 -0.631641 0.833203 | 28.1056 | 0 
-1.78398 -0.557422 0.911328 | 33.0732 | 0 
-1.90117 -0.354297 0.809766 | 28.689 | 0 
-1.80742 -0.303516 0.844922 | 28.2253 | 0 
-1.82695 -0.299609 1.03633 | 23.1788 | 0 
-2.05352 -0.315234 0.860547 | 23.2012 | 0 
-2.12383 -0.358203 0.837109 | 29.2996 | 0 
-2.13945 -0.264453 0.719922 | 31.5503 | 0 
-2.13945 -0.366016 0.645703 | 41.4824 | 0 
-2.1082 -0.244922 0.497266 | 36.6547 | 0 
-2.1082 -0.483203 0.532422 | 46.9225 | 0 
-2.12383 -0.662891 0.606641 | 41.2371 | 0 
-1.85039 -0.643359 0.594922 | 42.7779 | 0 
-1.81133 -0.647266 0.505078 | 46.2071 | 0 
-1.7957 -0.393359 0.524609 | 48.5408 | 0 
-1.74102 -0.260547 0.626172 | 41.7363 | 0 
-1.64336 -0.209766 0.727734 | 38.3777 | 0 
-1.58086 -0.201953 0.524609 | 48.4595 | 0 
-1.3543 -0.205859 0.540234 | 45.2066 | 0 
-1.26445 -0.506641 0.606641 | 50.9597 | 0 
-1.51836 -0.619922 0.505078 | 60.1663 | 0 
-1.64727 -0.780078 0.688672 | 41.6923 | 0 
-1.69023 -0.819141 0.544141 | 42.9005 | 0 
-1.40117 -0.799609 0.473828 | 47.7587 | 0 
-1.2918 -0.811328 0.614453 | 39.0657 | 0 
-1.31914 -1.01836 0.673047 | 32.1544 | 0 
-1.32305 -1.07695 0.462109 | 38.4183 | 0 
-1.56914 -1.13164 0.430859 | 45.3007 | 0 
-1.59648 -1.14727 0.665234 | 41.5873 | 0 
-1.66289 -0.987109 0.747266 | 29.7066 | 0 
-1.82305 -1.11602 0.692578 | 26.6898 | 0 
-1.77617 -0.991016 0.591016 | 31.274 | 0 
-1.90898 -1.05352 0.794141 | 14.7979 | 0 
-1.83477 -1.18633 0.579297 | 34.9211 | 0 
-2.03398 -1.08477 0.688672 | 21.159 | 0 
-2.17461 -1.08477 0.637891 | 29.6117 | 0 
-2.09258 -0.955859 0.680859 | 21.9918 | 0 
-1.95586 -1.01836 0.665234 | 20.8313 | 0 
-1.99492 -0.885547 0.692578 | 21.255 | 0 
-2.14727 -0.842578 0.645703 | 30.3214 | 0 
-2.08867 -0.744922 0.688672 | 30.9817 | 0 
-1.98711 -0.803516 0.637891 | 28.2102 | 0 
-1.91289 -0.803516 0.782422 | 21.0552 | 0 
-1.76055 -0.881641 0.758984 | 25.8666 | 0 
-1.87773 -0.862109 0.645703 | 27.1129 | 0 
-1.90117 -0.772266 0.524609 | 34.8391 | 0 
-1.87383 -0.881641 0.364453 | 26.63 | 0 
-1.99102 -0.791797 0.305859 | 25.5426 | 0 
-2.09258 -0.838672 0.383984 | 29.0455 | 0 
-2.05352 -0.846484 0.501172 | 30.0466 | 0 
-2.0418 -1.06523 0.337109 | 21.7925 | 0 
-2.13555 -1.06523 0.508984 | 30.1794 | 0 
-2.1082 -1.12383 0.337109 | 26.1256 | 0 
-1.86992 -1.12383 0.337109 | 26.1125 | 0 
-1.81914 -1.01055 0.352734 | 26.2839 | 0 
-1.7957 -1.13945 0.262891 | 26.1681 | 0 
-1.74492 -1.0457 0.0714844 | 15.8637 | 0 
-1.7293 -0.987109 0.286328 | 27.6396 | 0 
-1.8543 -0.991016 0.270703 | 19.7128 | 0 
-1.92852 -1.00664 0.247266 | 15.6224 | 0 
-1.90508 -0.979297 0.0949219 | 8.13471 | 0 
-1.83867 -1.00664 0.133984 | 12.4722 | 0 
-1.88164 -1.06133 0.0519531 | 8.57117 | 0 
-1.89727 -1.06914 0.165234 | 12.6331 | 0 
-1.90898 -1.09648 0.0636719 | 9.01325 | 0 
-1.83867 -1.15898 0.216016 | 21.9518 | 0 
-2.03008 -1.14727 0.239453 | 18.9947 | 0 
-1.9793 -1.1668 0.0714844 | 11.3675 | 0 
-2.05742 -1.12383 0.0558594 | 9.6296 | 0 
-2.09258 -1.13945 0.0753906 | 12.028 | 0 
-2.14336 -1.14336 0.294141 | 26.3054 | 0 
-2.13945 -1.0418 0.286328 | 21.9496 | 0 
-2.19805 -1.01445 0.0910156 | 14.2945 | 0 
-2.1043 -1.02617 0.102734 | 9.71 | 0 
-2.11602 -0.963672 0.157422 | 12.7373 | 0 
-2.03789 -0.998828 0.0636719 | 6.22667 | 0 
-2.0418 -1.02617 0.161328 | 10.4381 | 0 
-1.99883 -1.01445 0.0910156 | 6.66527 | 0 
-2.05352 -0.994922 0.180859 | 11.5957 | 0 
-2.05352 -0.908984 0.262891 | 18.0724 | 0 
-2.03008 -0.881641 0.212109 | 15.4034 | 0 
-2.00664 -0.901172 0.0871094 | 8.18258 | 0 
-2.01445 -0.869922 0.106641 | 10.1875 | 0 
-2.11602 -0.948047 0.0832031 | 9.78821 | 0 
-2.1668 -0.893359 0.208203 | 20.1095 | 0 
-2.1707 -0.768359 0.255078 | 29.7566 | 0 
-1.9168 -0.705859 0.227734 | 26.9035 | 0 
-1.78398 -0.842578 0.231641 | 25.1818 | 0 
-1.9168 -0.869922 0.274609 | 20.5401 | 0 
-1.94023 -0.940234 0.126172 | 9.03931 | 0 
-1.88945 -0.854297 0.110547 | 12.8516 | 0 
-1.7957 -0.936328 0.118359 | 14.7127 | 0 
-1.7957 -0.815234 0.169141 | 22.2357 | 0 
-1.94023 -0.709766 -0.0652344 | 18.2988 | 0 
-1.7957 -0.705859 -0.0691406 | 24.5621 | 0 
-1.7957 -0.838672 -0.0535156 | 16.3709 | 0 
-1.70195 -0.912891 -0.0496094 | 18.6484 | 0 
-1.90117 -0.932422 -0.0105469 | 7.26068 | 0 
-1.90898 -0.830859 -0.0457031 | 11.4724 | 0 
-1.88945 -0.932422 -0.0847656 | 9.03653 | 0 
-1.82695 -0.854297 -0.178516 | 19.0144 | 0 
-1.82305 -0.908984 -0.151172 | 15.5153 | 0 
-1.7918 -0.791797 -0.162891 | 23.4678 | 0 
-1.99883 -0.709766 -0.186328 | 23.1405 | 0 
-2.07695 -0.729297 -0.0378906 | 17.5726 | 0 
-2.17461 -0.717578 -0.135547 | 26.1362 | 0 
-2.17852 -0.838672 -0.116016 | 18.3744 | 0 
-2.19023 -0.924609 -0.0300781 | 13.2645 | 0 
-2.08867 -0.826953 -0.0574219 | 12.5569 | 0 
-2.01836 -0.905078 -0.0300781 | 6.86479 | 0 
-2.01445 -0.854297 0.0207031 | 8.81986 | 0 
-1.95977 -0.885547 -0.0535156 | 7.9818 | 0 
-2.01055 -0.940234 -0.00273438 | 5.6466 | 0 
-2.00273 -0.908984 -0.104297 | 8.51209 | 0 
-1.9832 -0.881641 -0.170703 | 12.6565 | 0 
-1.97148 -0.983203 -0.182422 | 10.9828 | 0 
-1.96758 -1.02227 -0.135547 | 8.65194 | 0 
-2.07305 -0.994922 -0.108203 | 8.56248 | 0 
-1.9832 -0.983203 -0.0457031 | 5.42263 | 0 
-1.97539 -1.02617 0.0441406 | 5.59349 | 0 
-2.03398 -1.07305 -0.0574219 | 7.19765 | 0 
-2.06133 -0.998828 0.0285156 | 6.14117 | 0 
-2.10039 -0.971484 -0.0535156 | 8.00266 | 0 
-2.13164 -1.07305 -0.0222656 | 10.0584 | 0 
-2.17852 -0.979297 -0.0535156 | 12.0103 | 0 
-2.08086 -0.987109 -0.0808594 | 7.86983 | 0 
-2.15508 -1.03789 -0.0769531 | 11.5391 | 0 
-2.18242 -1.16289 -0.0769531 | 17.9439 | 0 
-2.08867 -1.15898 -0.0183594 | 11.8729 | 0 
-2.05352 -1.13555 -0.0457031 | 9.89067 | 0 
-1.9832 -1.18242 -0.0261719 | 11.4028 | 0 
-1.9832 -1.19023 -0.170703 | 16.9882 | 0 
-1.90898 -1.13945 -0.131641 | 13.3803 | 0 
-1.8582 -1.19023 -0.0261719 | 15.0508 | 0 
-1.93633 -1.12383 -0.0300781 | 8.858 | 0 
-1.9168 -1.01836 0.0167969 | 6.16921 | 0 
-1.87383 -1.03789 -0.0261719 | 7.98728 | 0 
-1.86992 -0.987109 0.0128906 | 7.69483 | 0 
-1.94805 -0.991016 -0.0691406 | 6.25465 | 0 
-1.89727 -1.00273 -0.158984 | 11.2318 | 0 
-1.88945 -1.01445 -0.0808594 | 8.22678 | 0 
-1.88555 -1.0418 -0.186328 | 13.5997 | 0 
-1.88555 -0.983203 -0.0769531 | 8.20606 | 0 
-1.78398 -1.01445 -0.119922 | 14.8551 | 0 
-1.72148 -1.00273 -0.104297 | 17.8349 | 0 
-1.74102 -1.01445 -0.0183594 | 14.7325 | 0 
-1.67852 -1.15898 -0.158984 | 27.7039 | 0 
-1.53398 -1.03789 -0.139453 | 27.104 | 0 
-1.63555 -0.955859 -0.0535156 | 21.121 | 0 
-1.56133 -1.08867 -0.0105469 | 24.424 | 0 
-1.61211 -1.17461 0.0949219 | 28.7723 | 0 
-1.52227 -0.991016 0.110547 | 25.5467 | 0 
-1.48711 -1.11992 0.282422 | 38.2427 | 0 
-1.37383 -1.14727 0.110547 | 26.5355 | 0 
-1.40117 -1.05352 0.255078 | 32.1505 | 0 
-1.31133 -1.01055 0.0636719 | 17.3151 | 0 
-1.24492 -1.08867 0.274609 | 25.5438 | 0 
-1.28398 -1.15508 -0.0105469 | 19.5072 | 0 
-1.37383 -1.1707 -0.143359 | 29.3083 | 0 
-1.42461 -1.06914 0.0480469 | 23.4549 | 0 
-1.30742 -0.971484 -0.127734 | 19.4111 | 0 
-1.25273 -0.994922 -0.0339844 | 12.9644 | 0 
-1.23711 -0.893359 0.0324219 | 13.8894 | 0 
-1.22148 -0.866016 -0.0300781 | 13.978 | 0 
-1.20195 -0.928516 -0.0925781 | 11.9786 | 0 
-1.31523 -0.897266 -0.0886719 | 20.0521 | 0 
-1.42461 -0.838672 -0.0339844 | 26.5724 | 0 
-1.36211 -0.733203 -0.139453 | 33.5409 | 0 
-1.28789 -0.787891 0.0128906 | 22.3124 | 0 
-1.2957 -0.783984 0.282422 | 35.1095 | 0 
-1.2957 -0.826953 0.149609 | 24.6708 | 0 
-1.39727 -0.803516 0.118359 | 29.9406 | 0 
-1.56523 -0.854297 0.0519531 | 26.7881 | 0 
-1.58086 -0.752734 0.0519531 | 32.1616 | 0 
-1.57695 -0.901172 -0.0339844 | 24.2476 | 0 
-1.67461 -0.694141 -0.143359 | 35.0964 | 0 
-1.62773 -0.686328 0.0832031 | 35.3064 | 0 
-1.53789 -0.459766 0.0714844 | 42.9735 | 0 
-1.33477 -0.694141 0.0753906 | 31.8861 | 0 
-1.26445 -0.487109 0.0871094 | 34.1786 | 0 
-1.31523 -0.639453 0.0207031 | 32.6093 | 0 
-1.40117 -0.533984 0.0207031 | 40.2395 | 0 
-1.26836 -0.401172 0.00898437 | 31.0699 | 0 
-1.38945 -0.319141 0.0128906 | 33.9574 | 0 
-1.27227 -0.237109 0.0949219 | 23.9957 | 0 
-1.38164 -0.412891 0.0792969 | 39.2005 | 0 
-1.5418 -0.256641 0.0988281 | 34.3938 | 0 
-1.59648 -0.393359 0.0714844 | 39.7564 | 0 
-1.65898 -0.248828 -0.0652344 | 28.9851 | 0 
-1.68633 -0.393359 -0.0769531 | 35.8834 | 0 
-1.74102 -0.217578 -0.108203 | 23.8547 | 0 
-1.70195 -0.424609 -0.0417969 | 35.2937 | 0 
-1.78789 -0.217578 0.0871094 | 20.3309 | 0 
-1.83477 -0.217578 0.258984 | 26.9442 | 0 
-1.94414 -0.346484 0.122266 | 23.0305 | 0 
-1.76836 -0.459766 0.0792969 | 33.0917 | 0 
-1.92461 -0.584766 0.0597656 | 24.4625 | 0 
-1.81133 -0.670703 0.290234 | 37.3362 | 0 
-1.76445 -0.674609 0.00117187 | 27.2236 | 0 
-1.83477 -0.463672 -0.0261719 | 28.3798 | 0 
-1.92461 -0.600391 -0.123828 | 26.1338 | 0 
-1.99102 -0.662891 0.00117187 | 19.6238 | 0 
-1.95977 -0.526172 -0.119922 | 27.0218 | 0 
-2.08477 -0.494922 -0.0613281 | 26.7082 | 0 
-2.19023 -0.662891 0.110547 | 29.1021 | 0 
-1.9832 -0.537891 0.149609 | 28.1207 | 0 
-2.19414 -0.416797 0.106641 | 32.3876 | 0 
-2.03789 -0.428516 0.208203 | 31.0741 | 0 
-2.00664 -0.272266 0.118359 | 18.158 | 0 
-2.09258 -0.241016 0.180859 | 21.3412 | 0 
-2.17852 -0.248828 0.137891 | 23.9354 | 0 
-2.14336 -0.205859 0.0324219 | 15.896 | 0 
-2.05742 -0.221484 0.0480469 | 13.5983 | 0 
-2.07305 -0.311328 0.0285156 | 19.3489 | 0 
-2.08086 -0.448047 -0.0730469 | 26.306 | 0 
-2.07305 -0.326953 -0.198047 | 26.9208 | 0 
-2.19805 -0.198047 -0.198047 | 25.2899 | 0 
-2.05742 -0.186328 -0.143359 | 14.8271 | 0 
-1.95195 -0.0925781 -0.166797 | 10.9505 | 0 
-2.06523 -0.0496094 -0.143359 | 9.3882 | 0 
-1.95977 0.0207031 -0.178516 | 9.93331 | 0 
-2.11211 0.00898437 -0.166797 | 11.8919 | 0 
-2.12773 -0.0417969 -0.0886719 | 9.44348 | 0 
-2.19023 0.0285156 -0.0964844 | 13.0818 | 0 
-2.08477 0.0128906 -0.0457031 | 6.17586 | 0 
-2.1707 -0.0339844 -0.0535156 | 10.7243 | 0 
-2.11211 -0.0300781 0.00898437 | 7.03599 | 0 
-2.18242 0.0128906 0.0246094 | 10.7962 | 0 
-2.04961 0.0167969 0.0207031 | 4.82361 | 0 
-2.04961 0.0128906 -0.0300781 | 4.89468 | 0 
-1.9832 0.0128906 -0.0261719 | 4.15727 | 0 
-1.9832 0.0207031 -0.00664063 | 4.0824 | 0 
-1.9832 -0.0378906 -0.0105469 | 4.29429 | 0 
-1.97539 -0.0417969 -0.0183594 | 4.43288 | 0 
-2.03398 -0.0417969 -0.0144531 | 4.75023 | 0 
-2.06133 -0.127734 0.0207031 | 8.13504 | 0 
-1.98711 -0.135547 -0.0261719 | 7.54804 | 0 
-2.00664 -0.162891 0.0128906 | 8.89075 | 0 
-2.08867 -0.147266 0.00507812 | 9.88568 | 0 
-2.19414 -0.108203 -0.00273438 | 13.6127 | 0 
-2.15898 -0.151172 0.0988281 | 15.3304 | 0 
-2.15508 -0.151172 0.212109 | 20.919 | 0 
-2.03008 -0.143359 0.223828 | 16.5227 | 0 
-1.9832 -0.151172 0.137891 | 11.7367 | 0 
-2.02227 -0.0769531 0.126172 | 8.3366 | 0 
-1.95977 -0.112109 0.0949219 | 8.28656 | 0 
-1.96367 -0.0339844 0.141797 | 8.07691 | 0 
-2.0457 -0.0183594 0.0988281 | 6.53772 | 0 
-2.01445 0.0246094 0.141797 | 7.9524 | 0 
-1.95586 0.00117187 0.192578 | 10.7147 | 0 
-2.03398 -0.0378906 0.231641 | 13.5504 | 0 
-2.10039 0.00507812 0.204297 | 13.5505 | 0 
-2.19414 0.0167969 0.153516 | 15.7579 | 0 
-2.19023 0.0988281 0.0597656 | 13.7065 | 0 
-2.14727 0.0832031 0.180859 | 15.7612 | 0 
-2.02227 0.0792969 0.180859 | 11.2331 | 0 
-2.00664 0.165234 0.184766 | 15.034 | 0 
-1.9793 0.0597656 0.157422 | 9.23295 | 0 
-2.05742 0.126172 0.118359 | 10.5281 | 0 
-1.95586 0.169141 0.173047 | 14.7524 | 0 
-1.98711 0.298047 0.157422 | 21.5739 | 0 
-2.02617 0.286328 0.192578 | 23.092 | 0 
-2.18242 0.298047 0.0792969 | 24.9274 | 0 
-2.13945 0.243359 -0.100391 | 19.753 | 0 
-2.13945 0.114453 -0.0808594 | 11.9355 | 0 
-2.09258 0.0832031 -0.104297 | 9.44841 | 0 
-2.19414 0.0714844 -0.0652344 | 13.2056 | 0 
-2.14336 0.149609 -0.0417969 | 12.8531 | 0 
-2.1082 0.0714844 -0.0457031 | 8.07643 | 0 
-2.03789 0.102734 0.0246094 | 6.57753 | 0 
-2.03008 0.141797 -0.0730469 | 9.07276 | 0 
-1.99492 0.137891 0.0246094 | 7.64793 | 0 
-1.99883 0.0988281 -0.0457031 | 6.28369 | 0 
-1.99883 0.102734 -0.174609 | 11.4869 | 0 
-2.01836 0.102734 -0.135547 | 9.59386 | 0 
-1.97148 0.133984 -0.100391 | 9.33829 | 0 
-2.03398 0.192578 -0.108203 | 13.1062 | 0 
-1.95586 0.266797 -0.116016 | 17.8868 | 0 
-2.00664 0.247266 0.0246094 | 14.0446 | 0 
-1.9168 0.255078 -0.0261719 | 15.5294 | 0 
-1.88945 0.204297 -0.127734 | 16.164 | 0 
-1.8543 0.145703 -0.0847656 | 12.6637 | 0 
-1.91289 0.0636719 -0.127734 | 8.98141 | 0 
-1.9207 0.0636719 0.00898437 | 5.71453 | 0 
-1.94805 0.149609 -0.0339844 | 8.67592 | 0 
-1.84258 0.153516 -0.00664063 | 12.2354 | 0 
-1.82695 0.0558594 -0.00664063 | 9.31034 | 0 
-1.78008 0.153516 0.0246094 | 15.7358 | 0 
-1.74102 0.0988281 0.0167969 | 15.5278 | 0 
-1.70195 0.137891 -0.166797 | 24.448 | 0 
-1.76445 0.282422 -0.0105469 | 24.3313 | 0 
-1.7957 0.294141 0.266797 | 34.3414 | 0 
-1.9207 0.219922 0.0558594 | 13.6873 | 0 
-1.85039 0.118359 0.0519531 | 10.7112 | 0 
-1.94805 0.102734 0.0988281 | 8.22205 | 0 
-1.9168 0.126172 0.262891 | 18.885 | 0 
-1.87383 0.0714844 0.266797 | 18.614 | 0 
-1.7332 0.102734 0.243359 | 25.7221 | 0 
-1.7957 0.0871094 0.0871094 | 13.329 | 0 
-1.7957 -0.0144531 0.0910156 | 12.033 | 0 
-1.78398 -0.00664063 0.114453 | 13.5615 | 0 
-1.78789 0.00507812 0.270703 | 22.2138 | 0 
-1.89727 0.0441406 0.270703 | 17.3661 | 0 
-1.8543 0.00898437 0.0871094 | 8.82871 | 0 
-1.87773 -0.0183594 0.114453 | 8.89049 | 0 
-1.89727 -0.0378906 0.0792969 | 7.11714 | 0 
-1.93242 -0.0847656 0.145703 | 9.94165 | 0 
-1.89727 -0.0925781 0.110547 | 9.59385 | 0 
-1.86602 -0.143359 0.0636719 | 11.4252 | 0 
-1.82695 -0.151172 0.274609 | 24.5091 | 0 
-1.78789 -0.155078 0.0988281 | 17.1221 | 0 
-1.78398 -0.158984 -0.0574219 | 16.3238 | 0 
-1.90508 -0.143359 -0.0691406 | 10.0998 | 0 
-1.86992 -0.127734 -0.0730469 | 10.7627 | 0 
-1.8582 -0.0261719 0.0363281 | 7.56236 | 0 
-1.88945 -0.0183594 -0.0457031 | 6.36522 | 0 
-1.88945 0.00117187 0.0128906 | 5.92007 | 0 
-1.88164 -0.0105469 -0.0261719 | 6.33836 | 0 
-1.70586 -0.0144531 -0.0105469 | 15.7114 | 0 
-1.7293 0.00507812 -0.0652344 | 15.1253 | 0 
-1.70586 0.0207031 -0.182422 | 21.6466 | 0 
-1.8543 -0.0417969 -0.119922 | 10.4103 | 0 
-1.91289 -0.135547 -0.127734 | 11.6188 | 0 
-1.88164 -0.166797 -0.108203 | 13.4507 | 0 
-1.72539 -0.198047 -0.104297 | 23.432 | 0 
-1.57305 -0.0925781 -0.100391 | 25.0271 | 0 
-1.6668 0.0363281 -0.108203 | 20.2669 | 0 
-1.56523 -0.0535156 -0.0496094 | 22.6689 | 0 
-1.68242 -0.186328 -0.0574219 | 23.7372 | 0 
-1.69805 -0.104297 0.286328 | 30.5171 | 0 
-1.6043 0.0441406 0.0558594 | 21.4991 | 0 
-1.45586 -0.0339844 0.278516 | 33.8253 | 0 
-1.53398 -0.174609 0.0949219 | 29.3302 | 0 
-1.4207 -0.0847656 0.243359 | 31.837 | 0 
-1.32695 0.0402344 0.0949219 | 18.4646 | 0 
-1.20586 -0.0730469 0.278516 | 21.616 | 0 
-1.27227 -0.186328 0.110547 | 21.4821 | 0 
-1.2918 -0.182422 -0.190234 | 26.5471 | 0 
-1.44023 -0.119922 -0.0105469 | 24.1208 | 0 
-1.38555 0.0324219 -0.155078 | 24.0586 | 0 
-1.30352 0.00117187 -0.00273438 | 15.0004 | 0 
-1.28398 0.126172 -0.198047 | 23.5974 | 0 
-1.33477 0.153516 0.0363281 | 21.4459 | 0 
-1.33086 0.212109 -0.0769531 | 25.4749 | 0 
-1.21367 0.176953 -0.0105469 | 14.8334 | 0 
-1.26836 0.239453 0.180859 | 27.9787 | 0 
-1.20977 0.165234 0.130078 | 17.087 | 0 
-1.33867 0.0792969 0.282422 | 30.4045 | 0 
-1.40117 0.192578 0.169141 | 31.7673 | 0 
-1.51836 0.153516 0.137891 | 30.108 | 0 
-1.61602 0.204297 0.0675781 | 28.1722 | 0 
-1.49883 0.231641 -0.0378906 | 31.4324 | 0 
-1.65117 0.0910156 -0.0457031 | 20.5554 | 0 
-1.67461 0.294141 -0.151172 | 34.3953 | 0 
-1.60039 0.532422 -0.0496094 | 41.198 | 0 
-1.62773 0.325391 0.0675781 | 35.1583 | 0 
-1.39727 0.399609 0.0792969 | 39.3978 | 0 
-1.28398 0.423047 -0.0613281 | 33.5374 | 0 
-1.38555 0.544141 0.00117187 | 39.3578 | 0 
-1.2918 0.559766 -0.0613281 | 34.6184 | 0 
-1.42461 0.790234 -0.0574219 | 29.6988 | 0 
-1.24492 0.774609 0.212109 | 27.9774 | 0 
-1.56133 0.755078 0.278516 | 43.8153 | 0 
-1.46367 0.692578 -0.0261719 | 36.0284 | 0 
-1.50664 0.626172 -0.0925781 | 41.3254 | 0 
-1.7918 0.692578 0.00898437 | 24.6403 | 0 
-1.80352 0.587109 -0.158984 | 33.4503 | 0 
-1.90117 0.653516 0.0207031 | 21.6909 | 0 
-1.82695 0.743359 -0.151172 | 23.8633 | 0 
-2.03398 0.739453 0.0128906 | 15.6061 | 0 
-2.14336 0.735547 -0.162891 | 24.6542 | 0 
-2.1082 0.555859 -0.00664063 | 26.376 | 0 
-2.03008 0.559766 -0.158984 | 28.529 | 0 
-2.07305 0.520703 -0.00273438 | 25.5205 | 0 
-2.17461 0.442578 -0.135547 | 33.1503 | 0 
-2.12773 0.325391 -0.0144531 | 22.2878 | 0 
-1.80742 0.391797 -0.174609 | 33.1355 | 0 
-1.80742 0.438672 0.0480469 | 29.6503 | 0 
-1.77617 0.442578 0.0714844 | 32.0668 | 0 
-1.77617 0.419141 0.231641 | 39.333 | 0 
-2.13555 0.407422 0.149609 | 30.6193 | 0 
-2.00273 0.458203 0.110547 | 26.2085 | 0 
-2.13945 0.587109 0.118359 | 29.7146 | 0 
-2.1668 0.758984 0.153516 | 24.0398 | 0 
-1.99492 0.782422 0.184766 | 18.6231 | 0 
-1.86211 0.786328 0.262891 | 26.2253 | 0 
-1.9168 0.739453 0.110547 | 18.5478 | 0 
-1.89336 0.673047 0.278516 | 32.7084 | 0 
-1.78398 0.571484 0.383984 | 48.0045 | 0 
-2.14727 0.591016 0.473828 | 47.4426 | 0 
-2.06523 0.376172 0.520703 | 42.5446 | 0 
-1.83477 0.376172 0.548047 | 45.4012 | 0 
-2.00273 0.391797 0.731641 | 33.6288 | 0 
-2.1668 0.508984 0.614453 | 47.8466 | 0 
-2.05352 0.665234 0.594922 | 38.9247 | 0 
-1.88945 0.551953 0.602734 | 44.0147 | 0 
-1.49102 0.587109 0.317578 | 55.3116 | 0 
-1.22148 0.614453 0.591016 | 46.3695 | 0 
-1.45586 0.415234 0.352734 | 56.6651 | 0 
-1.63945 0.532422 0.551953 | 58.9418 | 0 
-1.65508 0.102734 0.622266 | 37.9573 | 0 
-1.55742 0.0832031 0.352734 | 39.2647 | 0 
-1.28008 0.196484 0.399609 | 38.4918 | 0 
-1.38164 0.0675781 0.692578 | 34.1712 | 0 
-1.37383 -0.108203 0.692578 | 35.1511 | 0 
-1.40898 0.0128906 0.372266 | 37.5142 | 0 
-1.67461 -0.0535156 0.540234 | 37.903 | 0 
-1.69023 -0.131641 0.551953 | 39.5484 | 0 
-1.68633 0.0402344 0.716016 | 29.6897 | 0 
-1.64336 -0.147266 0.755078 | 33.1677 | 0 
-1.72148 -0.0535156 0.716016 | 27.9403 | 0 
-1.81914 -0.0964844 0.555859 | 30.591 | 0 
-1.93242 -0.194141 0.544141 | 31.1357 | 0 
-1.72148 0.0480469 0.380078 | 32.6377 | 0 
-1.93633 0.169141 0.348828 | 25.6426 | 0 
-1.8582 0.298047 0.329297 | 35.1153 | 0 
-1.74883 0.255078 0.723828 | 35.6771 | 0 
-1.89336 0.231641 0.587109 | 33.5334 | 0 
-2.02617 0.294141 0.762891 | 26.8378 | 0 
-2.01055 0.106641 0.786328 | 14.5932 | 0 
-2.09258 0.145703 0.583203 | 28.9551 | 0 
-2.1668 0.196484 0.700391 | 29.9986 | 0 
-2.18242 0.219922 0.333203 | 33.917 | 0 
-2.05352 0.137891 0.477734 | 28.4507 | 0 
-2.08477 0.137891 0.528516 | 29.3938 | 0 
-1.9793 0.0324219 0.333203 | 19.3139 | 0 
-2.11992 -0.143359 0.399609 | 29.2468 | 0 
-2.01445 -0.190234 0.649609 | 26.7875 | 0 
-2.18242 -0.0105469 0.700391 | 24.2228 | 0 
-2.11602 -0.186328 0.680859 | 27.8312 | 0 
-2.1043 -0.127734 0.919141 | 11.6752 | 0 
-2.13164 -0.178516 0.934766 | 15.1659 | 0 
-2.17461 -0.0691406 1.01289 | 12.1595 | 0 
-2.18242 -0.00273438 1.04023 | 12.0448 | 0 
-2.15508 0.0324219 0.837109 | 14.7321 | 0 
-2.12383 -0.0457031 0.923047 | 9.79761 | 0 
-2.08086 0.0441406 0.848828 | 10.8795 | 0 
-2.05742 -0.00273438 0.813672 | 11.6456 | 0 
-1.97539 -0.0300781 0.880078 | 7.68192 | 0 
-2.01055 -0.00664063 0.868359 | 8.05708 | 0 
-1.95586 0.0480469 0.973828 | 5.74531 | 0 
-2.07305 0.00117187 1.04023 | 6.73262 | 0 
-2.03008 -0.0300781 0.942578 | 6.0105 | 0 
-2.03398 -0.0535156 0.997266 | 5.92309 | 0 
-1.97539 -0.0222656 0.926953 | 6.01381 | 0 
-1.95195 -0.116016 1.03633 | 8.1504 | 0 
-2.02617 -0.186328 0.966016 | 11.5405 | 0 
-1.95977 -0.178516 0.950391 | 11.2335 | 0 
-1.95195 -0.119922 0.915234 | 9.20643 | 0 
-1.86602 -0.116016 0.805859 | 16.5871 | 0 
-1.90508 -0.155078 0.966016 | 10.9233 | 0 
-1.83086 -0.162891 0.985547 | 14.3223 | 0 
-1.72539 -0.143359 1.00898 | 19.3614 | 0 
-1.7957 -0.104297 0.923047 | 14.4729 | 0 
-1.78789 -0.0261719 0.880078 | 14.4553 | 0 
-1.76055 -0.0378906 1.04414 | 14.1932 | 0 
-1.78008 -0.0222656 1.03633 | 12.7216 | 0 
-1.84648 0.0363281 1.0168 | 9.06199 | 0 
-1.85039 -0.0691406 1.04805 | 10.0105 | 0 
-1.90508 -0.0339844 0.958203 | 6.84504 | 0 
-1.93633 0.00117187 1.00898 | 5.57325 | 0 
-1.89727 0.0285156 0.946484 | 7.22835 | 0 
-1.8543 0.0402344 0.903516 | 10.2621 | 0 
-1.90898 -0.0457031 0.907422 | 8.11491 | 0 
-1.84648 0.0128906 0.821484 | 14.0776 | 0 
-1.86992 0.157422 0.864453 | 15.3451 | 0 
-1.88945 0.173047 0.977734 | 12.3216 | 0 
-1.79961 0.157422 1.04023 | 16.1022 | 0 
-1.75273 0.231641 0.919141 | 23.9108 | 0 
-1.81133 0.227734 1.0207 | 19.306 | 0 
-1.93242 0.227734 0.934766 | 14.9818 | 0 
-1.9168 0.208203 0.903516 | 15.0553 | 0 
-2.09258 0.298047 0.876172 | 22.7303 | 0 
-2.1082 0.169141 0.829297 | 17.7407 | 0 
-2.07695 0.0832031 0.919141 | 8.91053 | 0 
-1.98711 0.130078 0.817578 | 13.7052 | 0 
-1.97148 0.149609 0.895703 | 11.0453 | 0 
-2.03789 0.0675781 0.962109 | 6.53533 | 0 
-2.06914 0.173047 1.01289 | 11.65 | 0 
-2.18633 0.0714844 0.958203 | 13.1432 | 0 
-2.11211 0.208203 0.938672 | 15.9027 | 0 
-2.07305 0.239453 1.0207 | 15.8539 | 0 
-1.99492 0.262891 0.989453 | 15.8639 | 0 
-2.04961 0.219922 1.11445 | 16.5707 | 0 
-2.13945 0.204297 1.06758 | 17.4137 | 0 
-2.1668 0.161328 1.10273 | 17.6685 | 0 
-2.00664 0.106641 1.06367 | 8.12976 | 0 
-1.98711 0.157422 1.16523 | 14.7919 | 0 
-2.06133 0.0636719 1.2082 | 14.6397 | 0 
-1.95586 0.0792969 1.27852 | 18.8463 | 0 
-2.19023 0.255078 1.21602 | 30.8732 | 0 
-1.79961 0.239453 1.12617 | 23.8164 | 0 
-1.76055 0.184766 1.27852 | 31.9032 | 0 
-1.75664 0.118359 1.16133 | 21.3839 | 0 
-1.83867 0.0636719 1.17695 | 15.8418 | 0 
-1.94805 0.0324219 1.25117 | 16.1698 | 0 
-1.88945 0.0324219 1.18086 | 13.2802 | 0 
-1.9168 -0.0183594 1.0832 | 7.58555 | 0 
-1.84258 -0.0417969 1.06367 | 10.1664 | 0 
-1.70977 -0.0378906 1.12227 | 19.7759 | 0 
-1.78398 -0.123828 1.24727 | 25.3398 | 0 
-1.82695 -0.0925781 1.2668 | 23.0002 | 0 
-2.05742 -0.166797 1.09492 | 12.837 | 0 
-2.01836 -0.119922 1.05586 | 8.58603 | 0 
-1.96758 -0.0613281 1.11445 | 8.5334 | 0 
-2.05352 -0.00273438 1.11445 | 8.49663 | 0 
-1.99883 0.0363281 1.12617 | 8.50573 | 0 
-2.05742 -0.0535156 1.27461 | 18.6044 | 0 
-2.08477 -0.0457031 1.19258 | 14.035 | 0 
-2.19805 0.00898437 1.06367 | 13.5618 | 0 
-2.15117 -0.0339844 1.11445 | 12.7559 | 0 
-2.1707 -0.116016 1.22383 | 22.3486 | 0 
-2.01445 -0.178516 1.34492 | 27.2147 | 0 
-2.1082 -0.0730469 1.46992 | 29.6908 | 0 
-2.14727 -0.186328 1.49727 | 36.9751 | 0 
-2.16289 -0.0378906 1.6457 | 28.56 | 0 
-1.95586 -0.190234 1.7043 | 26.3131 | 0 
-1.88555 -0.158984 1.62227 | 30.468 | 0 
-1.88555 0.00898437 1.7043 | 21.7844 | 0 
-1.75664 -0.123828 1.73164 | 29.7106 | 0 
-1.7957 -0.0847656 1.34102 | 28.9949 | 0 
-1.91289 0.0246094 1.35273 | 23.0857 | 0 
-1.81523 0.122266 1.4543 | 33.839 | 0 
-1.86211 0.212109 1.54805 | 36.6226 | 0 
-1.70977 0.130078 1.65352 | 37.0313 | 0 
-1.90898 0.274609 1.68867 | 33.4611 | 0 
-2.05742 0.114453 1.69648 | 23.5437 | 0 
-2.11992 0.286328 1.69648 | 35.7233 | 0 
-1.99883 0.0910156 1.43086 | 26.7134 | 0 
-2.1668 0.462109 1.3293 | 46.1794 | 0 
-1.7293 0.520703 1.59883 | 55.1637 | 0 
-1.77227 0.692578 1.3957 | 45.6329 | 0 
-1.86602 0.747266 1.65352 | 35.9832 | 0 
-2.18633 0.782422 1.53242 | 41.6159 | 0 
-2.13945 0.622266 1.30586 | 40.8987 | 0 
-1.96758 0.790234 1.29023 | 26.3673 | 0 
-2.18633 0.641797 1.22773 | 37.6969 | 0 
-2.06523 0.700391 1.05195 | 20.2855 | 0 
-2.09258 0.708203 1.04023 | 20.5211 | 0 
-1.95195 0.680859 0.887891 | 22.1032 | 0 
-1.98711 0.602734 0.981641 | 23.3627 | 0 
-2.12773 0.606641 0.946484 | 27.2405 | 0 
-2.12383 0.485547 0.876172 | 31.227 | 0 
-1.97539 0.438672 1.00508 | 24.4959 | 0 
-2.1668 0.403516 1.12227 | 32.1509 | 0 
-1.9832 0.516797 1.27852 | 37.6169 | 0 
-1.94023 0.423047 1.2668 | 36.1522 | 0 
-1.82305 0.337109 1.21602 | 33.5705 | 0 
-1.77227 0.305859 0.985547 | 26.2907 | 0 
-1.92852 0.325391 1.04023 | 20.7786 | 0 
-1.91289 0.466016 0.907422 | 27.578 | 0 
-1.81133 0.501172 1.00898 | 30.8071 | 0 
-1.83086 0.575391 0.880078 | 31.1987 | 0 
-1.86992 0.684766 0.973828 | 22.1919 | 0 
-1.7293 0.723828 0.829297 | 32.3575 | 0 
-1.85039 0.778516 1.07539 | 18.6078 | 0 
-1.76445 0.551953 1.06367 | 33.904 | 0 
-1.90508 0.594922 1.17695 | 30.9383 | 0 
-1.48711 0.637891 1.25898 | 51.2107 | 0 
-1.45977 0.790234 1.04414 | 31.4088 | 0 
-1.45586 0.473828 1.03633 | 43.1603 | 0 
-1.48711 0.438672 1.14961 | 47.0618 | 0 
-1.26055 0.505078 1.29023 | 46.6671 | 0 
-1.28789 0.532422 0.903516 | 36.692 | 0 
-1.38555 0.665234 0.817578 | 41.5126 | 0 
-1.20977 0.696484 0.899609 | 25.4805 | 0 
-1.38164 0.567578 1.09883 | 41.7771 | 0 
-1.30352 0.739453 1.19648 | 34.3397 | 0 
-1.24102 0.770703 1.54023 | 42.3272 | 0 
-1.45195 0.696484 1.65742 | 53.6819 | 0 
-1.68633 0.755078 1.3293 | 43.5354 | 0 
-1.63555 0.497266 1.69648 | 55.6857 | 0 
-1.2918 0.501172 1.47773 | 56.6017 | 0 
-1.28008 0.153516 1.53242 | 39.9846 | 0 
-1.41289 0.0519531 1.7082 | 36.5803 | 0 
-1.68633 0.133984 1.66133 | 38.1432 | 0 
-1.46758 0.169141 1.49336 | 49.3323 | 0 
-1.57305 -0.0496094 1.5207 | 44.152 | 0 
-1.69414 0.0324219 1.57539 | 37.8968 | 0 
-1.4832 -0.158984 1.7082 | 42.2715 | 0 
-1.3543 0.0207031 1.79023 | 28.7169 | 0 
-1.31133 -0.0769531 1.7043 | 32.3675 | 0 
-1.33086 -0.0496094 1.43477 | 38.3506 | 0 
-1.38555 -0.0730469 1.31758 | 36.3394 | 0 
-1.32305 -0.119922 1.05195 | 20.5367 | 0 
-1.2918 -0.0496094 1.18477 | 22.1679 | 0 
-1.33477 0.0480469 1.16914 | 23.816 | 0 
-1.45195 -0.178516 1.0793 | 29.7264 | 0 
-1.51445 0.141797 1.28242 | 39.6533 | 0 
-1.52227 0.180859 1.17695 | 34.9984 | 0 
-1.27617 0.0871094 1.28633 | 28.6515 | 0 
-1.22539 0.227734 1.11055 | 22.169 | 0 
-1.43633 0.235547 0.934766 | 32.1241 | 0 
-1.27617 0.137891 1.04023 | 18.2088 | 0 
-1.42461 0.0832031 0.930859 | 24.0664 | 0 
-1.25664 0.165234 0.821484 | 23.2787 | 0 
-1.45195 0.274609 0.954297 | 34.5916 | 0 
-1.62383 0.145703 0.876172 | 27.3316 | 0 
-1.53008 0.0519531 0.829297 | 28.6028 | 0 
-1.61211 0.00117187 0.817578 | 26.768 | 0 
-1.50273 -0.127734 1.02461 | 26.4936 | 0 
-1.42852 -0.0574219 0.981641 | 22.726 | 0 
-1.36602 0.0285156 0.856641 | 23.2114 | 0 
-1.29961 -0.0378906 0.966016 | 16.1996 | 0 
-1.29961 -0.139453 0.915234 | 20.5973 | 0 
-1.18633 -0.139453 0.844922 | 16.2285 | 0 
-1.13945 -0.182422 0.899609 | 13.5449 | 0 
-1.08867 -0.182422 1.00898 | 9.64515 | 0 
-1.18242 -0.104297 1.04414 | 10.8332 | 0 
-1.15508 -0.0339844 0.977734 | 6.99936 | 0 
-1.15898 -0.0183594 1.03242 | 7.27068 | 0 
-1.07695 -0.0144531 1.00508 | 3.36283 | 0 
-1.11211 -0.0300781 0.958203 | 5.05678 | 0 
-1.12383 0.0324219 0.969922 | 5.46667 | 0 
-1.14727 0.0128906 0.993359 | 6.32866 | 0 
-1.17852 -0.0261719 0.825391 | 13.302 | 0 
-1.07695 0.00507812 0.833203 | 8.01258 | 0 
-1.08867 0.0441406 0.915234 | 5.30434 | 0 
-1.04961 -0.00273438 0.844922 | 6.68216 | 0 
-1.03789 -0.0652344 0.895703 | 5.06558 | 0 
-0.987109 -0.0144531 0.805859 | 8.25986 | 0 
-1.01055 -0.00664063 0.923047 | 3.05023 | 0 
-0.987109 0.0363281 0.942578 | 2.80014 | 0 
-0.975391 -0.00664063 0.973828 | 2.16269 | 0 
-0.971484 0.0363281 1.01289 | 2.42329 | 0 
-0.998828 0.00507812 1.00508 | 2.01832 | 0 
-1.03008 0.0207031 0.993359 | 2.31949 | 0 
-1.05742 -0.0105469 0.993359 | 2.77949 | 0 
-1.07305 0.0480469 1.00117 | 3.64348 | 0 
-1.02227 0.0324219 0.985547 | 2.36306 | 0 
-1.07305 0.0167969 0.985547 | 3.25475 | 0 
-1.03398 -0.0183594 0.962109 | 2.57075 | 0 
-1.06523 -0.0222656 1.01289 | 3.11996 | 0 
-0.983203 -0.0144531 1.04414 | 2.53611 | 0 
-0.971484 -0.0535156 1.02852 | 2.88466 | 0 
-0.991016 -0.0417969 0.969922 | 2.46145 | 0 
-0.987109 -0.104297 0.950391 | 4.47462 | 0 
-0.971484 -0.0847656 1.02461 | 3.66527 | 0 
-1.02617 -0.0847656 1.02852 | 3.79813 | 0 
-1.04961 -0.0925781 0.966016 | 4.39705 | 0 
-1.05352 -0.190234 0.997266 | 9.03456 | 0 
-0.998828 -0.190234 0.872266 | 11.1789 | 0 
-0.963672 -0.131641 0.801953 | 11.8719 | 0 
-0.905078 -0.147266 0.825391 | 12.6708 | 0 
-0.948047 -0.135547 0.868359 | 8.84202 | 0 
-0.916797 -0.190234 0.950391 | 9.92994 | 0 
-0.944141 -0.112109 0.997266 | 4.88963 | 0 
-0.944141 -0.0886719 0.985547 | 4.03369 | 0 
-0.905078 -0.100391 0.977734 | 5.53363 | 0 
-0.830859 -0.108203 1.04805 | 9.61128 | 0 
-0.869922 -0.158984 0.946484 | 9.98395 | 0 
-0.768359 -0.131641 0.969922 | 13.8055 | 0 
-0.783984 -0.198047 0.903516 | 17.9264 | 0 
-0.795703 -0.0457031 0.841016 | 13.5077 | 0 
-0.705859 0.0246094 0.801953 | 20.7927 | 0 
-0.752734 -0.0691406 1.0168 | 12.418 | 0 
-0.791797 0.00507812 0.989453 | 9.03693 | 0 
-0.858203 -0.00273438 0.950391 | 5.83627 | 0 
-0.846484 -0.0144531 1.02461 | 6.22935 | 0 
-0.905078 -0.0730469 0.930859 | 5.3812 | 0 
-0.940234 -0.0691406 1.01289 | 3.57325 | 0 
-0.944141 0.00898437 1.00117 | 2.51965 | 0 
-0.944141 0.0363281 0.981641 | 2.7918 | 0 
-0.944141 0.0207031 0.950391 | 2.97106 | 0 
-0.905078 0.0324219 0.899609 | 5.48701 | 0 
-0.877734 0.00117187 0.891797 | 6.59788 | 0 
-0.920703 -0.0457031 0.887891 | 5.64337 | 0 
-0.834766 -0.0378906 0.841016 | 11.1979 | 0 
-0.854297 0.106641 0.809766 | 13.7973 | 0 
-0.834766 0.145703 0.907422 | 12.0143 | 0 
-0.901172 0.106641 0.915234 | 7.07505 | 0 
-0.932422 0.0714844 1.04023 | 4.15427 | 0 
-0.936328 0.153516 0.973828 | 7.07543 | 0 
-0.826953 0.161328 0.973828 | 11.8566 | 0 
-0.776172 0.0597656 0.969922 | 10.7846 | 0 
-0.701953 0.0949219 0.923047 | 17.1997 | 0 
-0.733203 0.180859 0.907422 | 19.8829 | 0 
-0.815234 0.251172 0.966016 | 17.9766 | 0 
-0.862109 0.282422 0.841016 | 21.6655 | 0 
-1.02617 0.278516 0.903516 | 15.6459 | 0 
-1.10039 0.231641 0.872266 | 15.8501 | 0 
-1.14336 0.114453 0.919141 | 9.69428 | 0 
-1.12773 0.0558594 0.880078 | 8.41747 | 0 
-1.08477 0.0636719 0.817578 | 9.90431 | 0 
-0.998828 0.0949219 0.848828 | 7.63576 | 0 
-1.06914 0.141797 0.860547 | 10.1451 | 0 
-0.975391 0.133984 0.907422 | 6.89583 | 0 
-1.03398 0.0910156 0.915234 | 5.11835 | 0 
-1.07305 0.0910156 0.938672 | 5.40008 | 0 
-0.959766 0.0636719 0.977734 | 3.08634 | 0 
-0.975391 0.130078 0.985547 | 5.25823 | 0 
-1.05742 0.149609 0.934766 | 7.58876 | 0 
-1.00664 0.169141 1.00898 | 7.21983 | 0 
-1.0418 0.0675781 1.03633 | 3.65411 | 0 
-1.05352 0.0558594 1.04805 | 3.83328 | 0 
-1.09258 0.0675781 1.00117 | 4.73352 | 0 
-1.17461 0.0675781 0.926953 | 9.60464 | 0 
-1.17461 0.161328 1.02852 | 12.7743 | 0 
-1.14727 0.239453 1.03242 | 15.9681 | 0 
-1.01836 0.286328 1.04023 | 14.8482 | 0 
-1.0418 0.204297 1.00117 | 9.64025 | 0 
-0.991016 0.239453 1.03242 | 11.6659 | 0 
-0.955859 0.223828 1.05195 | 11.3436 | 0 
-1.19023 0.290234 1.05977 | 22.1544 | 0 
-1.17461 0.161328 1.10664 | 14.9431 | 0 
-1.09648 0.0910156 1.16914 | 11.0857 | 0 
-0.959766 0.133984 1.11055 | 8.14622 | 0 
-1.05352 0.149609 1.13008 | 10.2298 | 0 
-0.983203 0.0988281 1.15742 | 8.74416 | 0 
-1.01055 0.106641 1.21211 | 12.3275 | 0 
-0.955859 0.133984 1.24727 | 16.0368 | 0 
-1.09258 0.0910156 1.21211 | 13.5486 | 0 
-1.07695 0.204297 1.18086 | 16.7011 | 0 
-1.07305 0.282422 1.20039 | 22.6633 | 0 
-0.737109 0.294141 1.18867 | 31.8312 | 0 
-0.733203 0.0949219 1.13008 | 17.7616 | 0 
-0.772266 0.102734 1.15742 | 17.0698 | 0 
-0.838672 0.169141 1.13789 | 15.3986 | 0 
-0.901172 0.106641 1.08711 | 7.49491 | 0 
-0.881641 0.137891 1.27852 | 20.3774 | 0 
-0.838672 -0.0378906 1.18867 | 13.3535 | 0 
-0.889453 0.0363281 1.09883 | 6.44283 | 0 
-0.920703 -0.0300781 1.14961 | 7.66629 | 0 
-0.842578 -0.0613281 1.05195 | 7.58732 | 0 
-0.811328 0.0207031 1.1418 | 12.0013 | 0 
-0.701953 -0.0535156 1.12617 | 18.2783 | 0 
-0.783984 -0.158984 1.17695 | 20.0638 | 0 
-0.760547 -0.0886719 1.11836 | 15.3273 | 0 
-0.780078 -0.170703 1.1457 | 19.1988 | 0 
-0.862109 -0.112109 1.12617 | 10.9095 | 0 
-0.924609 -0.139453 1.12617 | 9.82423 | 0 
-0.948047 -0.0925781 1.20039 | 11.4542 | 0 
-1.02617 -0.0808594 1.2707 | 15.3694 | 0 
-1.01445 -0.174609 1.22773 | 16.6519 | 0 
-1.04961 -0.151172 1.05195 | 7.42296 | 0 
-1.0418 -0.100391 1.12617 | 7.61201 | 0 
-1.00664 -0.108203 1.0832 | 5.76612 | 0 
-1.00273 -0.0417969 1.16914 | 7.85367 | 0 
-1.03008 -0.0691406 1.07539 | 4.43033 | 0 
-1.05742 -0.0535156 1.13789 | 7.14384 | 0 
-1.06133 -0.00273438 1.11836 | 5.75204 | 0 
-1.06914 0.0285156 1.13789 | 7.05182 | 0 
-1.03398 0.0441406 1.05195 | 3.315 | 0 
-0.994922 -0.00273438 1.16523 | 7.27648 | 0 
-0.991016 0.00507812 1.27461 | 14.1679 | 0 
-1.11211 0.0285156 1.24727 | 15.1616 | 0 
-1.15508 -0.0535156 1.27461 | 19.445 | 0 
-1.19805 0.0480469 1.07148 | 10.8231 | 0 
-1.1043 -0.0652344 1.12227 | 8.19147 | 0 
-1.15117 -0.0964844 1.11836 | 11.1892 | 0 
-1.19023 -0.170703 1.15742 | 18.8448 | 0 
-1.16289 -0.139453 1.28242 | 23.4347 | 0 
-1.03008 -0.108203 1.37617 | 22.491 | 0 
-1.19414 -0.0535156 1.41133 | 29.0303 | 0 
-0.998828 -0.0339844 1.5168 | 23.4712 | 0 
-1.1082 -0.135547 1.51289 | 29.1386 | 0 
-1.11602 -0.147266 1.7668 | 19.8606 | 0 
-1.14336 0.0285156 1.60273 | 25.8147 | 0 
-0.959766 0.0167969 1.69258 | 17.6899 | 0 
-0.991016 -0.155078 1.69258 | 21.8003 | 0 
-0.912891 -0.182422 1.62617 | 27.8711 | 0 
-0.737109 0.0207031 1.60664 | 31.8565 | 0 
-0.803516 -0.112109 1.48555 | 31.9044 | 0 
-0.826953 0.0480469 1.44648 | 28.0218 | 0 
-0.717578 0.145703 1.45039 | 38.0869 | 0 
-0.846484 0.278516 1.47773 | 38.9645 | 0 
-0.783984 0.196484 1.63398 | 34.5654 | 0 
-0.940234 0.153516 1.58711 | 26.9648 | 0 
-1.03398 0.188672 1.6457 | 26.3756 | 0 
-1.19414 0.153516 1.5793 | 33.5921 | 0 
-1.09258 0.184766 1.44648 | 30.4198 | 0 
-1.1707 0.153516 1.36055 | 29.1694 | 0 
-1.17852 0.532422 1.50898 | 49.3847 | 0 
-0.994922 0.520703 1.69648 | 37.3591 | 0 
-0.756641 0.536328 1.7668 | 42.2518 | 0 
-0.908984 0.458203 1.38398 | 41.6586 | 0 
-0.862109 0.696484 1.34102 | 35.2624 | 0 
-0.741016 0.688672 1.77852 | 36.7273 | 0 
-0.940234 0.661328 1.77852 | 28.6868 | 0 
-0.955859 0.716016 1.67695 | 31.17 | 0 
-1.19805 0.708203 1.69258 | 37.7213 | 0 
-1.00664 0.676953 1.3957 | 35.7871 | 0 
-0.967578 0.606641 1.28633 | 33.2664 | 0 
-1.12383 0.649609 1.07539 | 22.7173 | 0 
-0.991016 0.665234 1.05586 | 18.2428 | 0 
-1.01055 0.747266 1.09492 | 14.6986 | 0 
-1.17461 0.723828 1.08711 | 21.6215 | 0 
-1.19805 0.719922 0.954297 | 21.9458 | 0 
-0.951953 0.676953 0.825391 | 22.3664 | 0 
-1.03008 0.563672 1.02461 | 21.9363 | 0 
-1.15117 0.563672 0.848828 | 29.9375 | 0 
-0.998828 0.505078 0.883984 | 24.5706 | 0 
-0.967578 0.360547 0.930859 | 19.469 | 0 
-1.18242 0.329297 0.923047 | 24.164 | 0 
-1.19023 0.501172 1.1418 | 33.0169 | 0 
-1.01836 0.313672 1.15742 | 20.942 | 0 
-0.948047 0.344922 1.28633 | 31.08 | 0 
-0.916797 0.536328 1.0832 | 24.7134 | 0 
-0.783984 0.352734 1.14961 | 30.0598 | 0 
-0.737109 0.391797 0.809766 | 36.2707 | 0 
-0.830859 0.341016 0.997266 | 22.3499 | 0 
-0.701953 0.466016 0.926953 | 35.3502 | 0 
-0.830859 0.649609 0.938672 | 23.7596 | 0 
-0.869922 0.680859 0.809766 | 25.5755 | 0 
-0.803516 0.719922 1.00117 | 20.7457 | 0 
-0.729297 0.583203 1.15352 | 36.4664 | 0 
-0.674609 0.790234 1.29023 | 37.306 | 0 
-0.580859 0.602734 1.11836 | 41.3165 | 0 
-0.674609 0.751172 0.997266 | 26.5035 | 0 
-0.510547 0.622266 0.926953 | 39.7116 | 0 
-0.658984 0.508984 1.03242 | 37.3621 | 0 
-0.651172 0.317578 1.09883 | 33.5368 | 0 
-0.553516 0.544141 1.11445 | 43.3785 | 0 
-0.405078 0.301953 1.05586 | 33.4599 | 0 
-0.303516 0.548047 1.09102 | 36.0211 | 0 
-0.280078 0.325391 1.00508 | 27.64 | 0 
-0.448047 0.442578 1.03242 | 40.4974 | 0 
-0.323047 0.563672 1.04805 | 35.6133 | 0 
-0.401172 0.723828 1.01289 | 31.5139 | 0 
-0.248828 0.751172 1.13789 | 25.2979 | 0 
-0.217578 0.575391 1.19648 | 35.3863 | 0 
-0.209766 0.739453 1.41914 | 39.5027 | 0 
-0.323047 0.758984 1.56367 | 46.2019 | 0 
-0.545703 0.790234 1.55195 | 49.8921 | 0 
-0.608203 0.450391 1.50898 | 60.1286 | 0 
-0.326953 0.419141 1.66914 | 51.3192 | 0 
-0.303516 0.411328 1.46992 | 54.0311 | 0 
-0.217578 0.219922 1.31367 | 31.8145 | 0 
-0.311328 0.188672 1.59492 | 40.9499 | 0 
-0.557422 0.196484 1.59883 | 47.0955 | 0 
-0.592578 0.204297 1.53633 | 48.0169 | 0 
-0.592578 -0.0417969 1.50508 | 41.3113 | 0 
-0.635547 -0.131641 1.57148 | 41.7163 | 0 
-0.385547 -0.158984 1.57148 | 43.7634 | 0 
-0.209766 -0.158984 1.43086 | 33.2746 | 0 
-0.221484 -0.00273438 1.41914 | 29.0193 | 0 
-0.315234 -0.178516 1.24727 | 31.1581 | 0 
-0.494922 -0.186328 1.29414 | 40.7926 | 0 
-0.498828 0.102734 1.27461 | 35.4358 | 0 
-0.412891 0.262891 1.29023 | 43.7537 | 0 
-0.420703 0.286328 1.06758 | 33.3337 | 0 
-0.448047 0.251172 0.801953 | 37.2459 | 0 
-0.694141 0.231641 0.899609 | 25.5562 | 0 
-0.510547 0.0871094 0.833203 | 27.4084 | 0 
-0.530078 0.0402344 0.969922 | 21.5412 | 0 
-0.674609 -0.0496094 0.860547 | 19.8411 | 0 
-0.612109 -0.178516 1.04023 | 25.0845 | 0 
-0.569141 -0.170703 0.844922 | 29.7425 | 0 
-0.440234 -0.108203 0.993359 | 22.7276 | 0 
-0.377734 -0.00273438 0.852734 | 22.0469 | 0 
-0.241016 0.00117187 0.852734 | 14.2053 | 0 
-0.291797 -0.0105469 1.03633 | 14.0366 | 0 
-0.256641 -0.0535156 1.03242 | 12.3185 | 0 
-0.256641 -0.190234 0.993359 | 17.8471 | 0 
-0.291797 -0.166797 0.825391 | 23.8357 | 0 
-0.283984 -0.0925781 0.610547 | 31.9089 | 0 
-0.315234 -0.0183594 0.786328 | 22.5067 | 0 
-0.381641 -0.0339844 0.559766 | 37.3503 | 0 
-0.326953 -0.127734 0.758984 | 27.8354 | 0 
-0.600391 -0.116016 0.762891 | 30.7638 | 0 
-0.553516 -0.0691406 0.747266 | 31.4102 | 0 
-0.604297 0.133984 0.751172 | 32.1415 | 0 
-0.545703 0.208203 0.762891 | 37.1085 | 0 
-0.420703 0.270703 0.657422 | 46.2582 | 0 
-0.440234 0.247266 0.360547 | 45.917 | 0 
-0.479297 0.0714844 0.333203 | 36.2461 | 0 
-0.463672 -0.198047 0.348828 | 42.728 | 0 
-0.221484 -0.178516 0.337109 | 29.2745 | 0 
-0.362109 -0.0261719 0.274609 | 28.358 | 0 
-0.283984 0.00507812 0.165234 | 17.1544 | 0 
-0.373828 -0.116016 0.110547 | 22.0423 | 0 
-0.248828 -0.194141 -0.0105469 | 16.6099 | 0 
-0.366016 -0.162891 -0.108203 | 23.8524 | 0 
-0.448047 -0.0144531 -0.0183594 | 19.7809 | 0 
-0.448047 0.00898437 -0.131641 | 22.936 | 0 
-0.299609 0.00507812 -0.119922 | 15.883 | 0 
-0.225391 -0.0339844 -0.123828 | 11.6314 | 0 
-0.229297 0.00507812 -0.0496094 | 9.24488 | 0 
-0.303516 -0.0183594 -0.0613281 | 14.1954 | 0 
-0.225391 -0.0222656 0.00117187 | 8.60917 | 0 
-0.217578 0.0871094 -0.00664063 | 9.50141 | 0 
-0.237109 0.161328 -0.0378906 | 14.2691 | 0 
-0.225391 0.0675781 -0.0535156 | 9.96613 | 0 
-0.260547 0.133984 -0.0769531 | 15.2394 | 0 
-0.303516 0.0988281 -0.0886719 | 16.7883 | 0 
-0.420703 0.141797 -0.0144531 | 22.7359 | 0 
-0.358203 0.278516 -0.123828 | 31.1672 | 0 
-0.256641 0.282422 0.0363281 | 22.8465 | 0 
-0.225391 0.219922 0.208203 | 24.1277 | 0 
-0.276172 0.0675781 0.145703 | 16.533 | 0 
-0.412891 0.145703 0.184766 | 28.686 | 0 
-0.502734 0.274609 0.0988281 | 33.7433 | 0 
-0.580859 0.0792969 0.0832031 | 21.6389 | 0 
-0.580859 0.286328 0.0167969 | 31.475 | 0 
-0.483203 0.137891 -0.00273438 | 23.7225 | 0 
-0.635547 0.0753906 -0.143359 | 21.9084 | 0 
-0.584766 0.0480469 0.0480469 | 19.8659 | 0 
-0.530078 0.0363281 -0.151172 | 24.5684 | 0 
-0.455859 -0.108203 0.00898437 | 22.0768 | 0 
-0.608203 -0.178516 -0.162891 | 28.6589 | 0 
-0.662891 -0.182422 0.114453 | 24.0464 | 0 
-0.557422 -0.0144531 0.126172 | 22.7054 | 0 
-0.686328 0.0285156 0.204297 | 21.7361 | 0 
-0.533984 -0.127734 0.219922 | 31.2955 | 0 
-0.741016 -0.162891 0.223828 | 24.3489 | 0 
-0.908984 -0.143359 0.235547 | 15.3763 | 0 
-0.838672 -0.135547 0.219922 | 17.0165 | 0 
-0.928516 -0.0300781 0.200391 | 9.00627 | 0 
-0.783984 -0.0535156 0.270703 | 20.4288 | 0 
-0.791797 -0.0261719 0.149609 | 12.2911 | 0 
-0.823047 0.0207031 0.0949219 | 8.06754 | 0 
-0.866016 0.0441406 0.165234 | 9.42279 | 0 
-0.920703 0.00117187 0.0871094 | 3.53209 | 0 
-0.948047 -0.0457031 0.102734 | 3.86099 | 0 
-0.908984 -0.0691406 0.118359 | 6.00514 | 0 
-0.842578 -0.100391 0.0714844 | 8.14691 | 0 
-0.916797 -0.0886719 0.145703 | 7.62347 | 0 
-0.912891 -0.158984 0.0558594 | 7.52015 | 0 
-0.819141 -0.166797 0.0636719 | 12.2907 | 0 
-0.729297 -0.135547 0.0558594 | 15.8728 | 0 
-0.764453 -0.100391 -0.0496094 | 12.0962 | 0 
-0.811328 -0.0925781 -0.194141 | 15.1523 | 0 
-0.846484 -0.194141 -0.186328 | 17.7583 | 0 
-0.920703 -0.0847656 -0.174609 | 8.92444 | 0 
-0.905078 -0.155078 -0.123828 | 9.84527 | 0 
-0.936328 -0.155078 0.0402344 | 6.39308 | 0 
-0.869922 -0.170703 -0.0652344 | 9.9978 | 0 
-0.842578 -0.116016 0.0246094 | 7.89022 | 0 
-0.897266 -0.131641 -0.0378906 | 6.34795 | 0 
-0.908984 -0.0144531 -0.0457031 | 2.87032 | 0 
-0.897266 -0.0730469 -0.0339844 | 4.08559 | 0 
-0.932422 -0.0261719 0.0441406 | 2.27707 | 0 
-0.869922 -0.0183594 0.0441406 | 4.36576 | 0 
-0.881641 -0.0652344 -0.0691406 | 5.18365 | 0 
-0.826953 0.00117187 0.0246094 | 6.15513 | 0 
-0.889453 -0.00273438 0.0324219 | 3.31725 | 0 
-0.916797 0.00117187 -0.0300781 | 2.3554 | 0 
-0.901172 0.0402344 -0.198047 | 9.83092 | 0 
-0.885547 -0.0613281 -0.190234 | 10.3661 | 0 
-0.780078 0.0480469 -0.139453 | 12.8032 | 0 
-0.748828 -0.0378906 -0.162891 | 15.7404 | 0 
-0.823047 0.00117187 -0.0574219 | 6.89458 | 0 
-0.752734 -0.0183594 -0.0261719 | 10.5972 | 0 
-0.815234 -0.0144531 0.0441406 | 7.10512 | 0 
-0.701953 -0.00664063 0.0402344 | 13.7942 | 0 
-0.815234 0.106641 0.0207031 | 8.93795 | 0 
-0.811328 0.126172 -0.0183594 | 9.96345 | 0 
-0.776172 0.165234 -0.166797 | 18.9499 | 0 
-0.940234 0.169141 -0.166797 | 11.7796 | 0 
-0.908984 0.0597656 -0.127734 | 6.18551 | 0 
-0.932422 0.0753906 -0.0730469 | 3.90442 | 0 
-0.948047 0.0519531 -0.0339844 | 2.1859 | 0 
-0.912891 0.0558594 0.0128906 | 2.93986 | 0 
-0.846484 0.0519531 0.0285156 | 5.71047 | 0 
-0.834766 0.173047 -0.0730469 | 12.0404 | 0 
-0.885547 0.290234 -0.0300781 | 16.0248 | 0 
-0.748828 0.235547 -0.131641 | 23.0304 | 0 
-0.717578 0.235547 0.141797 | 25.4199 | 0 
-0.787891 0.110547 0.231641 | 19.4942 | 0 
-0.780078 0.133984 0.149609 | 16.2117 | 0 
-0.897266 0.173047 0.173047 | 13.5792 | 0 
-0.830859 0.0832031 0.200391 | 14.1415 | 0 
-0.881641 0.235547 0.235547 | 21.7147 | 0 
-0.901172 0.216016 0.133984 | 13.9635 | 0 
-0.916797 0.262891 0.0871094 | 14.5227 | 0 
-1.00273 0.200391 0.0714844 | 8.97723 | 0 
-1.07305 0.290234 0.243359 | 24.4138 | 0 
-1.07305 0.165234 0.223828 | 15.549 | 0 
-0.959766 0.0636719 0.208203 | 9.47993 | 0 
-0.951953 0.173047 0.118359 | 9.39363 | 0 
-1.06914 0.165234 0.0988281 | 8.89804 | 0 
-1.06133 0.0558594 0.106641 | 4.64586 | 0 
-1.08867 0.0792969 0.130078 | 7.09456 | 0 
-1.09648 0.165234 0.110547 | 10.2629 | 0 
-1.1707 0.0558594 0.0910156 | 8.80388 | 0 
-1.08086 0.0519531 0.294141 | 15.7866 | 0 
-1.08086 0.200391 0.258984 | 20.0359 | 0 
-1.14336 0.192578 0.153516 | 15.9298 | 0 
-1.12773 0.286328 0.0519531 | 17.1988 | 0 
-1.1082 0.184766 0.0207031 | 9.58557 | 0 
-1.19023 0.184766 -0.178516 | 19.4881 | 0 
-1.06914 0.180859 -0.198047 | 14.7283 | 0 
-1.05742 0.290234 0.0128906 | 14.3803 | 0 
-0.967578 0.200391 0.0167969 | 8.17224 | 0 
-0.994922 0.169141 -0.0261719 | 6.29437 | 0 
-1.04961 0.145703 0.0246094 | 5.6306 | 0 
-1.05742 0.130078 -0.0613281 | 5.67403 | 0 
-1.05742 0.0519531 -0.0691406 | 3.22639 | 0 
-1.06133 0.0832031 0.0324219 | 3.41011 | 0 
-1.02227 0.0714844 0.0246094 | 2.25958 | 0 
-0.998828 0.0714844 0.0246094 | 2.11478 | 0 
-0.963672 0.0832031 0.0285156 | 2.69151 | 0 
-0.998828 0.0871094 -0.0691406 | 3.39997 | 0 
-1.00664 0.0988281 -0.119922 | 5.6199 | 0 
-0.983203 0.149609 -0.178516 | 10.8369 | 0 
-1.03398 0.0714844 -0.182422 | 8.20684 | 0 
-1.11992 0.145703 -0.170703 | 13.1387 | 0 
-1.15508 0.0753906 -0.198047 | 13.6568 | 0 
-1.1043 0.153516 -0.0417969 | 7.96137 | 0 
-1.19414 0.122266 0.0480469 | 11.2658 | 0 
-1.07695 0.0519531 -0.00273438 | 2.8384 | 0 
-1.19805 0.110547 0.0207031 | 10.6426 | 0 
-1.13945 -0.0105469 0.0285156 | 5.08063 | 0 
-1.08867 -0.0105469 0.0363281 | 2.98026 | 0 
-1.1043 -0.0730469 0.0363281 | 4.59185 | 0 
-1.1668 -0.0144531 -0.0417969 | 6.75453 | 0 
-1.09258 -0.0574219 -0.0730469 | 4.5257 | 0 
-1.10039 -0.0105469 -0.0613281 | 3.89424 | 0 
-1.13945 0.00117187 -0.104297 | 6.98028 | 0 
-1.14727 -0.0300781 -0.174609 | 10.9479 | 0 
-1.1043 0.00507812 -0.178516 | 8.98591 | 0 
-1.03398 0.0402344 -0.0808594 | 2.88531 | 0 
-1.04961 0.0285156 -0.158984 | 6.35769 | 0 
-1.07305 -0.0339844 -0.147266 | 6.4203 | 0 
-1.00664 -0.0730469 -0.135547 | 5.49333 | 0 
-0.951953 -0.0300781 -0.147266 | 5.54311 | 0 
-0.979297 0.0285156 -0.166797 | 6.23931 | 0 
-0.971484 0.0402344 -0.0769531 | 2.57556 | 0 
-0.983203 -0.0105469 -0.0613281 | 1.78143 | 0 
-0.998828 0.0402344 -0.0417969 | 1.662 | 0 
-0.971484 -0.00273438 0.0324219 | 1.31317 | 0 
-0.983203 0.0246094 0.0246094 | 1.26215 | 0 
-1.03398 0.0167969 0.0402344 | 1.67162 | 0 
-1.06914 0.0246094 0.0363281 | 2.45254 | 0 
-1.0457 0.0480469 -0.0496094 | 2.44186 | 0 
-1.03789 -0.00664063 -0.0652344 | 2.20059 | 0 
-1.0457 -0.0300781 -0.0730469 | 2.72216 | 0 
-1.03789 -0.0496094 -0.0457031 | 2.25519 | 0 
-1.05352 -0.0613281 0.0246094 | 2.52686 | 0 
-1.03789 -0.0261719 0.0441406 | 1.87895 | 0 
-0.998828 -0.0613281 0.0402344 | 2.05443 | 0 
-0.955859 -0.0222656 0.0324219 | 1.60183 | 0 
-0.979297 -0.0613281 -0.0183594 | 1.84735 | 0 
-0.951953 -0.0222656 -0.0730469 | 2.49687 | 0 
-0.967578 -0.119922 -0.0261719 | 3.99991 | 0 
-0.994922 -0.116016 -0.0105469 | 3.57172 | 0 
-1.0418 -0.127734 -0.00273438 | 4.49746 | 0 
-1.02227 -0.0808594 -0.0183594 | 2.47914 | 0 
-1.02227 -0.166797 -0.0730469 | 7.21786 | 0 
-1.06133 -0.155078 0.0363281 | 6.52767 | 0 
-0.979297 -0.182422 -0.194141 | 13.5567 | 0 
-1.06523 -0.0769531 -0.194141 | 9.71483 | 0 
-1.07695 -0.182422 -0.162891 | 13.0423 | 0 
-1.17461 -0.0847656 -0.123828 | 11.1026 | 0 
-1.14336 -0.198047 -0.0378906 | 12.2131 | 0 
-1.1707 -0.0964844 0.0324219 | 8.59088 | 0 
-1.14336 -0.139453 0.0871094 | 10.1842 | 0 
-1.18242 -0.0925781 0.169141 | 14.0955 | 0 
-1.08867 -0.0886719 0.0832031 | 5.56025 | 0 
-1.09258 -0.190234 0.122266 | 12.0304 | 0 
-1.04961 -0.186328 0.141797 | 11.4568 | 0 
-0.979297 -0.131641 0.161328 | 9.02928 | 0 
-1.05742 -0.112109 0.106641 | 6.32798 | 0 
-1.07305 -0.0300781 0.0714844 | 3.36222 | 0 
-1.03008 -0.0144531 0.141797 | 5.01379 | 0 
-0.971484 -0.0378906 0.118359 | 4.0415 | 0 
-0.983203 -0.0144531 0.110547 | 3.39278 | 0 
-1.01055 0.0363281 0.0910156 | 2.90322 | 0 
-0.991016 -0.0105469 0.173047 | 6.40114 | 0 
-1.04961 0.0128906 0.173047 | 6.99755 | 0 
-1.03008 0.0128906 0.0636719 | 2.06574 | 0 
-1.13555 0.0207031 0.0910156 | 6.38645 | 0 
-1.15117 0.0128906 0.0832031 | 6.8826 | 0 
-1.11602 -0.0535156 0.0910156 | 5.94898 | 0 
-1.1668 0.00117187 0.161328 | 11.1072 | 0 
-1.19414 -0.0261719 0.208203 | 15.5707 | 0 
-1.18633 0.0441406 0.255078 | 18.2808 | 0 
-0.975391 0.0480469 0.196484 | 8.26436 | 0 
-1.07305 -0.0691406 0.251172 | 13.2567 | 0 
-0.987109 -0.0964844 0.294141 | 15.623 | 0 
-1.13555 -0.119922 0.278516 | 19.2832 | 0 
-1.1082 -0.100391 0.305859 | 18.9176 | 0 
-0.955859 -0.127734 0.348828 | 20.3034 | 0 
-0.971484 -0.0339844 0.301953 | 14.6299 | 0 
-1.12773 -0.0222656 0.344922 | 20.1572 | 0 
-1.1082 -0.0144531 0.426953 | 22.6403 | 0 
-0.967578 -0.0886719 0.481641 | 22.8287 | 0 
-1.09648 -0.0886719 0.575391 | 23.7344 | 0 
-1.10039 -0.147266 0.762891 | 16.9138 | 0 
-1.12383 -0.0535156 0.774609 | 13.7628 | 0 
-1.19805 -0.0300781 0.606641 | 26.6136 | 0 
-1.0457 0.0167969 0.591016 | 20.3171 | 0 
-1.00273 0.00898437 0.790234 | 9.14627 | 0 
-1.01445 -0.0261719 0.751172 | 11.6965 | 0 
-0.967578 -0.127734 0.758984 | 14.2226 | 0 
-0.826953 -0.194141 0.575391 | 31.8645 | 0 
-0.803516 0.00898437 0.575391 | 26.5921 | 0 
-0.783984 -0.123828 0.505078 | 31.6379 | 0 
-0.854297 -0.0144531 0.548047 | 24.5253 | 0 
-0.701953 0.169141 0.532422 | 38.7065 | 0 
-0.729297 0.196484 0.657422 | 34.4947 | 0 
-0.893359 0.153516 0.598828 | 25.7778 | 0 
-1.02227 0.251172 0.637891 | 28.1621 | 0 
-1.19023 0.0753906 0.555859 | 28.5553 | 0 
-1.09648 0.266797 0.544141 | 34.0228 | 0 
-1.09258 0.102734 0.544141 | 24.7749 | 0 
-1.01445 0.106641 0.305859 | 16.7754 | 0 
-1.11602 0.294141 0.309766 | 30.3748 | 0 
-1.06914 0.321484 0.391797 | 34.4474 | 0 
-1.06523 0.489453 0.458203 | 42.0477 | 0 
-1.16289 0.360547 0.790234 | 30.8023 | 0 
-1.00664 0.524609 0.766797 | 30.7125 | 0 
-0.858203 0.309766 0.786328 | 26.5687 | 0 
-0.701953 0.387891 0.352734 | 47.3768 | 0 
-0.752734 0.626172 0.423047 | 46.8384 | 0 
-0.776172 0.684766 0.790234 | 31.5426 | 0 
-0.873828 0.641797 0.778516 | 29.2675 | 0 
-1.0418 0.727734 0.751172 | 23.8429 | 0 
-1.10039 0.649609 0.735547 | 30.9027 | 0 
-0.991016 0.680859 0.528516 | 35.7897 | 0 
-1.00664 0.661328 0.301953 | 30.0448 | 0 
-1.13945 0.727734 0.321484 | 31.2671 | 0 
-0.951953 0.758984 0.247266 | 21.2596 | 0 
-1.10039 0.641797 0.262891 | 30.7121 | 0 
-1.01055 0.594922 0.110547 | 21.9997 | 0 
-1.1043 0.723828 0.0675781 | 16.3444 | 0 
-1.18242 0.676953 -0.112109 | 24.5596 | 0 
-1.07305 0.719922 -0.0886719 | 16.1034 | 0 
-1.06133 0.774609 0.0128906 | 10.9526 | 0 
-1.0457 0.630078 0.0246094 | 18.8618 | 0 
-0.983203 0.673047 -0.182422 | 22.0379 | 0 
-1.08086 0.649609 -0.0730469 | 19.7912 | 0 
-1.13945 0.473828 -0.155078 | 29.3946 | 0 
-0.975391 0.387891 -0.198047 | 25.6737 | 0 
-1.1082 0.313672 0.239453 | 26.8398 | 0 
-0.994922 0.540234 0.298047 | 34.031 | 0 
-0.916797 0.348828 0.290234 | 30.7014 | 0 
-0.772266 0.497266 0.290234 | 42.0332 | 0 
-0.729297 0.399609 -0.131641 | 33.3118 | 0 
-0.889453 0.458203 -0.0847656 | 24.3673 | 0 
-0.776172 0.630078 -0.127734 | 29.2721 | 0 
-0.830859 0.680859 -0.186328 | 26.6379 | 0 
-0.795703 0.692578 0.0402344 | 22.1301 | 0 
-0.889453 0.719922 0.165234 | 20.4544 | 0 
-0.713672 0.641797 0.122266 | 32.2943 | 0 
-0.893359 0.618359 0.176953 | 26.3035 | 0 
-0.565234 0.723828 0.243359 | 41.2942 | 0 
-0.553516 0.669141 0.0753906 | 36.1657 | 0 
-0.608203 0.786328 -0.0769531 | 27.6543 | 0 
-0.541797 0.579297 -0.0847656 | 40.4628 | 0 
-0.518359 0.501172 -0.104297 | 42.5355 | 0 
-0.440234 0.469922 0.266797 | 50.6644 | 0 
-0.338672 0.372266 -0.178516 | 38.1793 | 0 
-0.385547 0.649609 -0.162891 | 38.8146 | 0 
-0.424609 0.645703 0.137891 | 39.1334 | 0 
-0.280078 0.626172 0.466016 | 49.358 | 0 
-0.678516 0.434766 0.501172 | 54.414 | 0 
-0.280078 0.493359 0.633984 | 49.2546 | 0 
-0.655078 0.567578 0.567578 | 54.9142 | 0 
-0.420703 0.591016 0.669141 | 53.032 | 0 
-0.272266 0.997266 0.602734 | 30.8159 | 0 
-0.651172 0.852734 0.563672 | 40.4814 | 0 
-0.670703 1.05195 0.630078 | 34.1022 | 0 
-0.475391 1.24727 0.665234 | 47.0108 | 0 
-0.299609 1.07539 0.782422 | 24.0033 | 0 
-0.315234 1.2707 0.563672 | 46.5243 | 0 
-0.381641 1.07148 0.501172 | 39.8963 | 0 
-0.647266 1.2668 0.344922 | 44.8289 | 0 
-0.608203 1.01289 0.317578 | 33.4257 | 0 
-0.549609 0.891797 0.411328 | 41.4958 | 0 
-0.393359 0.930859 0.341016 | 35.3164 | 0 
-0.268359 0.923047 0.364453 | 29.9415 | 0 
-0.428516 0.829297 0.184766 | 31.1499 | 0 
-0.209766 0.934766 0.290234 | 21.8303 | 0 
-0.397266 1.00117 0.118359 | 21.8026 | 0 
-0.299609 0.887891 0.161328 | 21.0634 | 0 
-0.264453 0.876172 0.0324219 | 14.8294 | 0 
-0.205859 0.856641 -0.139453 | 15.4468 | 0 
-0.416797 0.801953 0.0363281 | 26.5352 | 0 
-0.420703 1.00898 -0.174609 | 25.464 | 0 
-0.295703 1.02461 -0.0652344 | 14.9214 | 0 
-0.311328 1.07148 -0.0105469 | 16.0176 | 0 
-0.217578 1.05977 -0.198047 | 16.6768 | 0 
-0.440234 1.07148 0.00117187 | 21.6372 | 0 
-0.420703 1.27461 -0.127734 | 35.1938 | 0 
-0.233203 1.27852 -0.0261719 | 22.5533 | 0 
-0.256641 1.24336 0.223828 | 30.0249 | 0 
-0.209766 1.08711 0.157422 | 14.7159 | 0 
-0.295703 1.09492 0.145703 | 19.7722 | 0 
-0.405078 1.07539 0.0636719 | 21.4889 | 0 
-0.412891 1.29805 0.176953 | 38.9689 | 0 
-0.459766 1.0793 0.204297 | 29.4836 | 0 
-0.678516 1.29805 0.196484 | 36.1997 | 0 
-0.471484 1.29023 -0.0769531 | 35.3803 | 0 
-0.475391 1.09883 -0.127734 | 26.2487 | 0 
-0.690234 1.05195 -0.0652344 | 16.6112 | 0 
-0.698047 1.06758 0.0324219 | 15.9295 | 0 
-0.694141 1.03633 -0.0222656 | 15.3515 | 0 
-0.619922 1.02461 -0.0808594 | 20.1161 | 0 
-0.491016 1.00898 -0.0886719 | 22.7793 | 0 
-0.487109 0.852734 -0.0222656 | 25.0139 | 0 
-0.698047 0.801953 -0.151172 | 25.3351 | 0 
-0.627734 0.809766 0.149609 | 28.4555 | 0 
-0.526172 1.00898 0.153516 | 25.5018 | 0 
-0.491016 0.860547 0.208203 | 32.0123 | 0 
-0.772266 0.887891 0.212109 | 20.057 | 0 
-0.928516 0.923047 0.231641 | 12.755 | 0 
-0.901172 1.02852 0.266797 | 15.0214 | 0 
-0.768359 0.954297 0.219922 | 18.9293 | 0 
-0.768359 0.966016 0.118359 | 13.2538 | 0 
-0.764453 1.01289 0.0558594 | 11.349 | 0 
-0.850391 1.01289 0.149609 | 10.0089 | 0 
-0.936328 1.04023 0.0871094 | 4.53466 | 0 
-0.924609 0.969922 0.102734 | 5.09736 | 0 
-0.928516 0.950391 0.106641 | 5.41252 | 0 
-0.838672 0.930859 0.153516 | 11.537 | 0 
-0.940234 0.876172 0.153516 | 9.55144 | 0 
-0.885547 0.848828 0.141797 | 11.8961 | 0 
-0.811328 0.880078 0.161328 | 15.1194 | 0 
-0.807422 0.844922 0.00507812 | 12.224 | 0 
-0.717578 0.801953 -0.198047 | 26.807 | 0 
-0.858203 0.825391 -0.123828 | 13.4616 | 0 
-0.948047 0.887891 -0.116016 | 7.14994 | 0 
-0.905078 0.841016 -0.139453 | 11.4596 | 0 
-0.912891 0.848828 -0.0535156 | 7.75943 | 0 
-0.877734 0.825391 0.0480469 | 10.153 | 0 
-0.842578 0.883984 -0.0378906 | 8.82177 | 0 
-0.869922 0.903516 -0.00273438 | 6.51467 | 0 
-0.893359 0.923047 -0.0457031 | 5.37004 | 0 
-0.912891 0.946484 -0.0417969 | 4.09462 | 0 
-0.916797 0.969922 0.0480469 | 3.74951 | 0 
-0.826953 0.977734 0.0402344 | 7.40807 | 0 
-0.866016 0.977734 -0.0222656 | 5.24099 | 0 
-0.846484 1.00508 -0.00664063 | 6.04283 | 0 
-0.889453 1.00117 -0.00664063 | 4.11931 | 0 
-0.897266 0.989453 -0.0339844 | 4.04632 | 0 
-0.932422 1.02852 -0.190234 | 9.34396 | 0 
-0.928516 0.950391 -0.116016 | 5.7938 | 0 
-0.846484 0.934766 -0.127734 | 9.78868 | 0 
-0.846484 1.04805 -0.158984 | 11.1827 | 0 
-0.733203 0.993359 -0.143359 | 16.3968 | 0 
-0.764453 0.966016 0.0402344 | 11.1573 | 0 
-0.799609 1.0832 0.00507812 | 10.0867 | 0 
-0.803516 1.1457 -0.0691406 | 13.4983 | 0 
-0.803516 1.15352 -0.151172 | 17.1838 | 0 
-0.912891 1.13398 -0.131641 | 10.1666 | 0 
-0.905078 1.08711 -0.178516 | 10.8781 | 0 
-0.932422 1.05195 -0.0613281 | 4.12912 | 0 
-0.924609 1.05195 -0.00273438 | 3.59217 | 0 
-0.889453 1.06758 0.0128906 | 5.1686 | 0 
-0.850391 1.09883 -0.0496094 | 8.38401 | 0 
-0.881641 1.1418 0.00507812 | 8.4394 | 0 
-0.936328 1.11445 -0.0261719 | 5.52015 | 0 
-0.826953 1.19648 -0.0378906 | 14.4505 | 0 
-0.889453 1.21211 -0.143359 | 16.0292 | 0 
-0.772266 1.27852 -0.0535156 | 23.1816 | 0 
-0.721484 1.26289 0.270703 | 36.077 | 0 
-0.744922 1.13789 0.0558594 | 16.3057 | 0 
-0.819141 1.11445 0.0636719 | 10.974 | 0 
-0.858203 1.0793 0.0675781 | 7.72284 | 0 
-0.932422 1.1457 0.165234 | 11.9255 | 0 
-0.908984 1.08711 0.192578 | 11.5669 | 0 
-0.901172 1.13398 0.235547 | 16.4526 | 0 
-0.924609 1.2707 0.262891 | 25.746 | 0 
-1.04961 1.22773 0.149609 | 15.8212 | 0 
-1.05352 1.21602 0.270703 | 22.3999 | 0 
-1.07305 1.0793 0.243359 | 14.209 | 0 
-0.979297 1.07539 0.130078 | 6.47611 | 0 
-1.0457 1.15742 0.165234 | 12.2978 | 0 
-1.12773 1.09883 0.137891 | 10.9406 | 0 
-1.1707 1.13398 0.122266 | 14.0403 | 0 
-1.10039 1.12227 0.180859 | 13.027 | 0 
-1.08867 1.23945 0.223828 | 21.9846 | 0 
-1.1668 1.23555 0.0207031 | 17.0731 | 0 
-1.18242 1.23555 -0.0925781 | 19.5514 | 0 
-1.07305 1.18867 -0.108203 | 12.0757 | 0 
-1.05742 1.28242 0.0207031 | 15.5146 | 0 
-0.971484 1.2082 0.0363281 | 10.2282 | 0 
-0.963672 1.13398 -0.0222656 | 5.9113 | 0 
-1.0418 1.13008 0.00898437 | 5.8794 | 0 
-1.01445 1.09102 -0.0730469 | 4.89195 | 0 
-1.05742 1.09492 0.0363281 | 4.94795 | 0 
-1.01055 1.07539 0.0402344 | 3.62018 | 0 
-1.01055 1.05586 -0.0222656 | 2.86581 | 0 
-0.967578 1.05586 -0.0847656 | 4.25972 | 0 
-0.975391 1.12227 -0.147266 | 9.14439 | 0 
-1.06914 1.12227 -0.198047 | 12.9725 | 0 
-1.13164 1.09102 -0.178516 | 12.9819 | 0 
-1.15898 1.13398 -0.143359 | 14.3666 | 0 
-1.09258 1.0793 -0.0417969 | 5.56358 | 0 
-1.19023 1.15352 -0.0652344 | 14.2145 | 0 
-1.12773 1.16914 0.0207031 | 10.9103 | 0 
-1.1668 1.03242 0.0246094 | 7.76109 | 0 
-1.11992 0.930859 0.00117187 | 5.75682 | 0 
-1.1707 0.977734 -0.0613281 | 8.38247 | 0 
-1.1668 0.989453 -0.104297 | 9.4518 | 0 
-1.1707 0.977734 -0.186328 | 13.7854 | 0 
-1.11602 0.950391 -0.116016 | 7.72656 | 0 
-1.08086 0.966016 -0.151172 | 7.79636 | 0 
-1.12773 1.02461 -0.0808594 | 6.76198 | 0 
-1.01836 1.00117 -0.190234 | 8.47477 | 0 
-1.03398 0.973828 -0.108203 | 4.61458 | 0 
-1.01055 0.930859 -0.198047 | 9.6711 | 0 
-1.00664 1.02852 -0.112109 | 4.63254 | 0 
-0.983203 1.03633 -0.0652344 | 3.18825 | 0 
-0.963672 1.02852 0.00117187 | 2.40623 | 0 
-0.983203 0.989453 -0.0105469 | 2.04536 | 0 
-0.987109 1.04414 0.00117187 | 2.47981 | 0 
-1.05742 1.04023 0.00507812 | 3.16701 | 0 
-1.06914 1.01289 -0.0535156 | 3.69354 | 0 
-1.0457 0.926953 -0.0457031 | 3.80868 | 0 
-1.0418 0.985547 0.0285156 | 2.6016 | 0 
-0.998828 0.938672 0.0285156 | 2.7732 | 0 
-0.955859 0.977734 -0.00664063 | 2.35822 | 0 
-0.967578 0.973828 -0.0496094 | 2.71057 | 0 
-0.967578 0.880078 -0.0691406 | 5.55813 | 0 
-0.959766 0.864453 0.0441406 | 5.78305 | 0 
-1.02227 0.891797 0.0324219 | 4.36925 | 0 
-1.05742 0.860547 -0.0300781 | 6.28078 | 0 
-1.03008 0.825391 -0.00273438 | 7.3601 | 0 
-1.00273 0.844922 -0.186328 | 12.244 | 0 
-1.02617 0.911328 -0.170703 | 8.78112 | 0 
-1.09648 0.801953 -0.155078 | 14.828 | 0 
-1.18633 0.923047 -0.0886719 | 11.0311 | 0 
-1.15117 0.833203 -0.0652344 | 12.041 | 0 
-1.19023 0.864453 -0.00664063 | 11.9178 | 0 
-1.19805 0.852734 0.0910156 | 14.5392 | 0 
-1.1043 0.883984 0.0558594 | 7.22633 | 0 
-1.1043 0.825391 0.169141 | 14.5743 | 0 
-1.0457 0.801953 0.0988281 | 10.816 | 0 
-0.959766 0.805859 0.118359 | 11.1044 | 0 
-0.955859 0.903516 0.141797 | 7.62739 | 0 
-1.01445 0.915234 0.0871094 | 4.76146 | 0 
-1.06523 0.962109 0.157422 | 7.7012 | 0 
-0.991016 0.973828 0.149609 | 6.20598 | 0 
-1.00664 0.926953 0.0519531 | 3.44694 | 0 
-0.998828 1.00117 0.110547 | 4.32958 | 0 
-0.979297 1.00898 0.130078 | 5.25252 | 0 
-1.0418 0.989453 0.133984 | 5.78627 | 0 
-1.06914 0.989453 0.0753906 | 4.17969 | 0 
-1.19414 0.993359 0.0871094 | 10.4517 | 0 
-1.14336 0.969922 0.130078 | 9.3909 | 0 
-1.14727 0.997266 0.290234 | 18.8817 | 0 
-1.0418 0.954297 0.200391 | 9.72171 | 0 
-0.983203 0.883984 0.196484 | 11.0841 | 0 
-1.0418 0.841016 0.216016 | 14.651 | 0 
-1.17461 0.801953 0.411328 | 32.9113 | 0 
-1.19414 0.966016 0.450391 | 28.8691 | 0 
-1.17852 0.880078 0.598828 | 29.0202 | 0 
-1.1082 0.997266 0.731641 | 16.1338 | 0 
-1.10039 0.985547 0.657422 | 20.0742 | 0 
-0.963672 0.950391 0.630078 | 19.8121 | 0 
-1.07305 0.950391 0.794141 | 11.4641 | 0 
-1.0418 0.856641 0.755078 | 16.203 | 0 
-0.877734 0.860547 0.649609 | 24.2385 | 0 
-0.701953 1.0207 0.637891 | 31.475 | 0 
-0.713672 0.837109 0.419141 | 37.1814 | 0 
-0.709766 1.16133 0.348828 | 35.0058 | 0 
-0.877734 1.22773 0.364453 | 30.4119 | 0 
-0.791797 1.23164 0.798047 | 26.0604 | 0 
-0.780078 1.0832 0.579297 | 30.3587 | 0 
-0.924609 1.16914 0.774609 | 17.518 | 0 
-0.893359 1.25117 0.567578 | 34.0334 | 0 
-0.963672 1.18867 0.692578 | 22.8521 | 0 
-1.08477 1.11055 0.649609 | 22.4316 | 0 
-1.19023 1.17695 0.735547 | 26.152 | 0 
-0.987109 1.15742 0.477734 | 26.983 | 0 
-1.19023 1.15742 0.387891 | 31.3648 | 0 
-1.01055 1.2043 0.325391 | 24.3288 | 0 
-0.979297 1.54023 0.348828 | 39.0378 | 0 
-1.09648 1.53633 0.716016 | 37.717 | 0 
-0.834766 1.53242 0.684766 | 42.2145 | 0 
-0.948047 1.40742 0.423047 | 40.7957 | 0 
-0.924609 1.63789 0.399609 | 39.3499 | 0 
-0.764453 1.55977 0.731641 | 43.0999 | 0 
-1.01445 1.59492 0.708203 | 34.9853 | 0 
-1.01055 1.59883 0.520703 | 41.9193 | 0 
-0.979297 1.59883 0.274609 | 33.3485 | 0 
-1.12773 1.67305 0.0519531 | 22.302 | 0 
-0.983203 1.65352 0.0558594 | 20.0669 | 0 
-1.01055 1.7668 0.0753906 | 14.2181 | 0 
-1.14727 1.68086 0.0675781 | 23.227 | 0 
-1.1707 1.67695 -0.0339844 | 24.0624 | 0 
-0.983203 1.68086 -0.123828 | 20.9489 | 0 
-1.06133 1.63398 -0.0300781 | 21.3694 | 0 
-1.11602 1.66914 -0.0886719 | 22.9577 | 0 
-1.18242 1.44258 -0.00273438 | 28.7172 | 0 
-1.03008 1.48164 -0.0925781 | 25.0211 | 0 
-1.0418 1.37617 -0.0417969 | 20.7896 | 0 
-1.10039 1.3918 -0.112109 | 25.2414 | 0 
-1.11992 1.45039 0.200391 | 32.5563 | 0 
-1.05352 1.40352 0.184766 | 27.9069 | 0 
-0.834766 1.43477 0.212109 | 34.536 | 0 
-0.764453 1.42305 0.184766 | 36.6054 | 0 
-0.846484 1.36836 -0.119922 | 26.3825 | 0 
-0.768359 1.46992 -0.116016 | 33.9767 | 0 
-0.877734 1.62617 -0.0808594 | 24.5118 | 0 
-0.881641 1.67695 -0.0457031 | 21.0714 | 0 
-0.807422 1.68477 -0.116016 | 26.4999 | 0 
-0.701953 1.69258 0.157422 | 34.3914 | 0 
-0.932422 1.63789 0.118359 | 23.57 | 0 
-0.479297 1.5793 0.235547 | 50.5723 | 0 
-0.510547 1.4582 -0.174609 | 47.4909 | 0 
-0.408984 1.50898 0.270703 | 52.2077 | 0 
-0.440234 1.56758 -0.147266 | 45.072 | 0 
-0.225391 1.59102 0.430859 | 48.7077 | 0 
-0.682422 1.48945 0.473828 | 56.8714 | 0 
-0.264453 1.53242 0.591016 | 51.8766 | 0 
-0.647266 1.57539 0.610547 | 55.8716 | 0 
-0.444141 1.59102 0.563672 | 60.056 | 0 
-0.264453 1.60664 0.958203 | 32.6571 | 0 
-0.358203 1.75898 0.950391 | 30.3301 | 0 
-0.639453 1.69258 0.938672 | 34.8189 | 0 
-0.643359 1.42695 0.930859 | 39.4208 | 0 
-0.205859 1.5168 0.860547 | 33.8893 | 0 
-0.225391 1.36445 1.00117 | 27.9624 | 0 
-0.229297 1.46602 1.09102 | 33.4589 | 0 
-0.682422 1.37227 1.1418 | 38.4338 | 0 
-0.674609 1.66133 1.0832 | 35.5735 | 0 
-0.366016 1.55195 1.09102 | 41.4567 | 0 
-0.330859 1.59492 1.31758 | 51.6472 | 0 
-0.479297 1.62617 1.61055 | 60.0855 | 0 
-0.557422 1.4543 1.43867 | 62.7089 | 0 
-0.369922 1.53633 1.65352 | 57.5115 | 0 
-0.295703 1.50508 1.48555 | 57.3456 | 0 
-0.213672 1.1457 1.30977 | 28.3844 | 0 
-0.319141 1.21602 1.4543 | 45.3758 | 0 
-0.209766 1.0832 1.55195 | 31.9323 | 0 
-0.491016 1.12617 1.56367 | 46.1301 | 0 
-0.541797 1.25898 1.50508 | 54.3601 | 0 
-0.573047 0.989453 1.50508 | 42.5546 | 0 
-0.694141 0.954297 1.60273 | 35.7969 | 0 
-0.436328 0.969922 1.65352 | 38.9514 | 0 
-0.295703 0.954297 1.54414 | 36.2421 | 0 
-0.311328 0.903516 1.3332 | 33.2243 | 0 
-0.217578 0.958203 1.29023 | 23.4512 | 0 
-0.401172 0.997266 1.11445 | 23.0084 | 0 
-0.276172 0.887891 1.16914 | 21.3838 | 0 
-0.233203 0.868359 0.821484 | 19.3179 | 0 
-0.362109 0.829297 1.02461 | 23.685 | 0 
-0.432422 0.985547 0.805859 | 27.5228 | 0 
-0.268359 0.962109 0.946484 | 13.8866 | 0 
-0.272266 1.12617 1.03633 | 17.0514 | 0 
-0.217578 1.0832 0.848828 | 15.4356 | 0 
-0.346484 1.0832 0.833203 | 24.0281 | 0 
-0.401172 1.06758 1.00898 | 21.3559 | 0 
-0.448047 1.25117 0.821484 | 37.6446 | 0 
-0.276172 1.26289 0.962109 | 25.325 | 0 
-0.244922 1.28633 1.28633 | 37.5758 | 0 
-0.260547 1.09492 1.05586 | 15.3798 | 0 
-0.408984 1.07539 1.21992 | 30.4433 | 0 
-0.342578 1.28633 1.14961 | 34.953 | 0 
-0.506641 1.05977 1.09883 | 25.1421 | 0 
-0.623828 1.28633 1.11836 | 35.3204 | 0 
-0.455859 1.29414 1.04414 | 35.7109 | 0 
-0.592578 1.06367 0.958203 | 21.8886 | 0 
-0.690234 1.03242 0.841016 | 20.7119 | 0 
-0.467578 1.03633 0.977734 | 22.3989 | 0 
-0.506641 0.829297 0.883984 | 29.4796 | 0 
-0.666797 0.833203 0.981641 | 22.1689 | 0 
-0.553516 0.848828 1.09883 | 27.7229 | 0 
-0.619922 0.993359 1.05977 | 20.4927 | 0 
-0.627734 0.848828 1.27461 | 35.4097 | 0 
-0.815234 1.04805 1.23945 | 19.1043 | 0 
-0.815234 1.0207 1.23555 | 18.4256 | 0 
-0.768359 1.00117 1.09492 | 13.3673 | 0 
-0.850391 1.00117 1.16523 | 12.1081 | 0 
-0.936328 1.02461 1.05586 | 4.55993 | 0 
-0.920703 0.954297 1.12617 | 7.63305 | 0 
-0.846484 0.942578 1.12617 | 10.8005 | 0 
-0.940234 0.907422 1.14961 | 9.47281 | 0 
-0.834766 0.844922 1.13789 | 15.5352 | 0 
-0.705859 0.860547 1.1418 | 22.593 | 0 
-0.811328 0.887891 0.977734 | 11.1216 | 0 
-0.811328 0.907422 0.813672 | 16.1349 | 0 
-0.838672 0.809766 0.891797 | 15.4226 | 0 
-0.936328 0.876172 0.919141 | 7.41897 | 0 
-0.901172 0.829297 0.844922 | 13.685 | 0 
-0.924609 0.860547 0.926953 | 8.19001 | 0 
-0.854297 0.864453 0.966016 | 9.95599 | 0 
-0.862109 0.911328 0.997266 | 7.60627 | 0 
-0.893359 0.911328 0.942578 | 6.83524 | 0 
-0.908984 0.962109 1.02852 | 4.84298 | 0 
-0.869922 0.969922 0.966016 | 6.19397 | 0 
-0.838672 1.00898 0.989453 | 7.45069 | 0 
-0.916797 1.0168 0.977734 | 4.31935 | 0 
-0.936328 1.03633 0.844922 | 8.09681 | 0 
-0.920703 0.938672 0.860547 | 8.01768 | 0 
-0.858203 1.04805 0.817578 | 12.5491 | 0 
-0.772266 0.926953 0.837109 | 16.5928 | 0 
-0.768359 0.973828 0.973828 | 11.6059 | 0 
-0.780078 0.977734 1.03242 | 11.0562 | 0 
-0.815234 1.10273 0.993359 | 10.9031 | 0 
-0.709766 1.05977 0.809766 | 21.813 | 0 
-0.858203 1.10273 0.880078 | 11.1592 | 0 
-0.908984 1.1418 0.907422 | 9.90223 | 0 
-0.948047 1.11055 0.833203 | 10.6783 | 0 
-0.936328 1.0793 0.911328 | 6.38978 | 0 
-0.889453 1.07148 1.02461 | 6.41699 | 0 
-0.862109 1.10664 0.977734 | 8.7078 | 0 
-0.912891 1.15742 0.966016 | 9.29976 | 0 
-0.846484 1.19258 1.03633 | 14.2442 | 0 
-0.901172 1.26289 0.997266 | 16.0788 | 0 
-0.854297 1.2668 0.821484 | 23.6268 | 0 
-0.772266 1.19258 1.01289 | 18.1528 | 0 
-0.815234 1.21602 1.18867 | 23.6934 | 0 
-0.725391 1.13398 1.12617 | 20.9408 | 0 
-0.826953 1.07148 1.29023 | 22.3407 | 0 
-0.881641 1.21211 1.1457 | 17.7469 | 0 
-0.955859 1.24727 1.2668 | 25.3379 | 0 
-1.03398 1.16914 1.29414 | 22.2112 | 0 
-0.979297 1.07539 1.05195 | 4.93576 | 0 
-0.979297 1.16133 1.11445 | 10.8228 | 0 
-1.0457 1.14961 1.1418 | 11.9437 | 0 
-1.13555 1.10273 1.11445 | 11.6484 | 0 
-1.19023 1.05195 1.25117 | 21.0228 | 0 
-1.15508 1.29023 1.13008 | 24.3185 | 0 
-1.15898 1.23945 0.864453 | 20.9652 | 0 
-1.06133 1.24336 0.899609 | 15.7221 | 0 
-1.01055 1.26289 0.938672 | 15.0615 | 0 
-0.991016 1.2043 0.942578 | 11.1483 | 0 
-1.03008 1.17305 0.966016 | 9.12654 | 0 
-1.07305 1.07148 1.04414 | 5.7986 | 0 
-1.00664 1.05977 1.00898 | 3.87593 | 0 
-0.955859 1.06367 0.973828 | 4.30008 | 0 
-1.01055 1.16523 0.825391 | 13.4427 | 0 
-1.03398 1.09492 0.821484 | 10.5544 | 0 
-1.19023 1.12617 0.852734 | 16.7097 | 0 
-1.1043 1.1418 1.04805 | 9.85841 | 0 
-1.15117 1.09492 1.04414 | 9.90473 | 0 
-1.10039 1.04414 1.00898 | 5.64149 | 0 
-1.15508 0.930859 1.04414 | 8.98517 | 0 
-1.14336 0.930859 0.942578 | 8.42472 | 0 
-1.1668 1.01289 0.887891 | 10.5956 | 0 
-1.11602 0.985547 0.872266 | 8.61154 | 0 
-1.13164 0.989453 0.805859 | 12.7229 | 0 
-1.03008 1.03242 0.903516 | 5.1101 | 0 
-1.05352 0.973828 0.844922 | 7.85027 | 0 
-1.03008 0.938672 0.868359 | 6.83758 | 0 
-0.951953 0.977734 0.805859 | 9.62338 | 0 
-0.991016 1.01289 0.903516 | 4.65509 | 0 
-0.994922 0.989453 0.969922 | 3.11472 | 0 
-1.01055 1.00508 0.989453 | 3.05939 | 0 
-1.05352 0.997266 0.989453 | 3.66689 | 0 
-1.03008 1.02852 0.977734 | 3.5107 | 0 
-1.01836 0.973828 0.977734 | 3.24042 | 0 
-1.0457 0.973828 1.03633 | 3.91957 | 0 
-1.00664 0.969922 1.04414 | 3.61319 | 0 
-1.01055 0.950391 0.958203 | 3.68929 | 0 
-0.983203 0.923047 0.950391 | 4.40578 | 0 
-0.967578 0.899609 1.01289 | 4.93529 | 0 
-1.03398 0.919141 0.989453 | 4.40509 | 0 
-1.05742 0.895703 0.989453 | 5.63667 | 0 
-1.05352 0.817578 0.926953 | 10.1129 | 0 
-0.955859 0.852734 1.0168 | 7.09651 | 0 
-0.959766 0.837109 0.907422 | 9.20374 | 0 
-0.987109 0.891797 0.829297 | 9.93482 | 0 
-1.04961 0.844922 0.856641 | 11.2043 | 0 
-1.10039 0.833203 0.829297 | 14.7454 | 0 
-1.14336 0.880078 0.813672 | 15.3459 | 0 
-1.08477 0.821484 0.950391 | 10.2798 | 0 
-1.1707 0.821484 1.17305 | 19.6517 | 0 
-1.04961 0.844922 1.1457 | 11.8992 | 0 
-0.975391 0.919141 1.15742 | 9.02388 | 0 
-1.0457 0.915234 1.09102 | 6.50712 | 0 
-1.05352 0.926953 1.11445 | 7.28226 | 0 
-0.975391 0.926953 1.11836 | 6.85569 | 0 
-0.963672 1.0207 1.09102 | 5.09576 | 0 
-1.05742 1.04414 1.1418 | 8.25119 | 0 
-1.13555 1.04805 1.09492 | 9.17808 | 0 
-1.08477 0.946484 1.16914 | 10.5198 | 0 
-1.1082 1.0207 1.23164 | 14.9438 | 0 
-1.06133 0.989453 1.28242 | 16.5283 | 0 
-1.01836 0.923047 1.2707 | 16.0137 | 0 
-1.19414 0.805859 1.37617 | 34.2159 | 0 
-1.12383 1.03633 1.43867 | 26.8099 | 0 
-1.1668 0.809766 1.55586 | 35.1678 | 0 
-1.07305 1.03242 1.63008 | 22.958 | 0 
-0.901172 0.825391 1.57148 | 30.2761 | 0 
-0.737109 0.801953 1.52852 | 40.9652 | 0 
-0.748828 1.05977 1.51289 | 34.7104 | 0 
-0.756641 1.29414 1.58711 | 45.6263 | 0 
-1.01055 1.29414 1.57148 | 36.9337 | 0 
-1.1707 1.29023 1.5168 | 43.0027 | 0 
-1.19023 1.31758 1.34883 | 41.2422 | 0 
-1.15117 1.3918 1.57539 | 46.6015 | 0 
-0.862109 1.38008 1.66523 | 41.3158 | 0 
-0.713672 1.62617 1.42305 | 53.3141 | 0 
-0.705859 1.67695 1.73164 | 44.6282 | 0 
-0.971484 1.64961 1.73945 | 33.4107 | 0 
-0.998828 1.66133 1.43867 | 40.3821 | 0 
-0.975391 1.68086 1.38398 | 37.479 | 0 
-1.09258 1.65742 1.16914 | 27.5818 | 0 
-1.0418 1.63789 1.2082 | 29.4503 | 0 
-1.06133 1.73555 1.16523 | 22.0587 | 0 
-0.905078 1.68477 1.22773 | 29.4819 | 0 
-0.733203 1.73164 1.13789 | 30.5596 | 0 
-0.823047 1.57539 1.23164 | 37.9939 | 0 
-0.932422 1.66914 1.05586 | 21.1327 | 0 
-0.701953 1.50898 1.09492 | 38.6524 | 0 
-1.11992 1.52461 1.27852 | 39.583 | 0 
-1.02617 1.34492 1.09883 | 21.6877 | 0 
-1.12773 1.31758 1.00898 | 21.2128 | 0 
-1.02227 1.54805 1.03242 | 24.3596 | 0 
-1.1082 1.49727 0.880078 | 29.1733 | 0 
-1.06133 1.37617 0.895703 | 23.7502 | 0 
-0.912891 1.41914 1.0207 | 24.1714 | 0 
-0.772266 1.30586 0.887891 | 27.5137 | 0 
-0.948047 1.46211 0.805859 | 30.4938 | 0 
-0.737109 1.66133 0.841016 | 34.6953 | 0 
-0.807422 1.75117 0.977734 | 21.1684 | 0 
-0.920703 1.78633 0.825391 | 19.1111 | 0 
-0.967578 1.62617 0.985547 | 21.8187 | 0 
-1.11992 1.59102 0.821484 | 31.2343 | 0 
-1.39336 1.62227 0.805859 | 46.8139 | 0 
-1.65117 1.67305 1.00117 | 36.9951 | 0 
-1.58086 1.34492 0.966016 | 39.8219 | 0 
-1.27227 1.43477 0.872266 | 38.0556 | 0 
-1.24883 1.34883 1.04023 | 30.5233 | 0 
-1.30352 1.49336 1.1457 | 42.4386 | 0 
-1.3543 1.30195 1.19648 | 40.962 | 0 
-1.53008 1.48945 1.28633 | 58.277 | 0 
-1.38555 1.67695 1.29023 | 50.8518 | 0 
-1.31133 1.70039 1.70039 | 47.3946 | 0 
-1.4832 1.74727 1.30195 | 50.2707 | 0 
-1.53398 1.48945 1.66914 | 61.9733 | 0 
-1.44805 1.54805 1.38398 | 62.8872 | 0 
-1.34648 1.21992 1.7082 | 42.6344 | 0 
-1.6668 1.17695 1.59102 | 45.6664 | 0 
-1.68633 0.962109 1.47383 | 39.9834 | 0 
-1.6082 0.887891 1.71602 | 38.5951 | 0 
-1.47148 0.872266 1.71602 | 40.8813 | 0 
-1.36211 1.02852 1.73555 | 33.4681 | 0 
-1.33867 0.942578 1.4582 | 40.3954 | 0 
-1.40117 0.868359 1.22773 | 34.1935 | 0 
-1.4168 1.04023 1.13008 | 26.5068 | 0 
-1.31133 0.817578 1.07539 | 24.2847 | 0 
-1.28398 0.868359 0.954297 | 19.072 | 0 
-1.32695 0.872266 0.923047 | 22.2203 | 0 
-1.38945 0.926953 0.973828 | 22.5911 | 0 
-1.38555 1.00117 0.856641 | 24.9698 | 0 
-1.20977 0.973828 0.966016 | 11.2059 | 0 
-1.32305 1.09492 1.0207 | 20.2323 | 0 
-1.24883 1.11055 0.950391 | 16.4212 | 0 
-1.36602 1.13008 0.903516 | 25.5604 | 0 
-1.35039 1.19258 0.880078 | 29.0948 | 0 
-1.26836 1.24336 1.16133 | 29.9496 | 0 
-1.31523 1.07539 1.13398 | 22.5975 | 0 
-1.40117 1.19648 1.05195 | 29.8633 | 0 
-1.47539 1.16133 1.09883 | 31.1927 | 0 
-1.49883 1.29414 0.911328 | 39.0019 | 0 
-1.57305 1.00117 0.813672 | 29.2095 | 0 
-1.53789 0.801953 0.829297 | 35.4285 | 0 
-1.50273 0.848828 1.05586 | 28.8836 | 0 
-1.65898 0.977734 1.29023 | 33.3838 | 0 
-1.76055 0.837109 1.29023 | 32.0999 | 0 
-1.74102 0.950391 1.28633 | 28.8979 | 0 
-1.81523 1.03242 1.06367 | 12.5038 | 0 
-1.92852 1.0207 1.11445 | 9.55554 | 0 
-1.91289 0.942578 1.11836 | 10.5431 | 0 
-1.82695 0.911328 1.08711 | 13.6743 | 0 
-1.92461 0.864453 1.10273 | 12.1932 | 0 
-1.81133 0.895703 1.12617 | 16.6454 | 0 
-1.77227 0.841016 1.04023 | 18.4417 | 0 
-1.81914 0.801953 0.899609 | 19.2705 | 0 
-1.90898 0.809766 0.864453 | 16.3835 | 0 
-1.83867 0.852734 1.0207 | 13.9306 | 0 
-1.9168 0.899609 0.989453 | 8.74431 | 0 
-1.89727 0.899609 0.942578 | 9.87748 | 0 
-1.90508 0.977734 0.997266 | 7.40544 | 0 
-1.83867 1.04023 0.993359 | 10.4885 | 0 
-1.92461 1.00117 0.907422 | 8.27588 | 0 
-1.90898 0.926953 0.872266 | 10.9417 | 0 
-1.81914 0.930859 0.868359 | 14.8799 | 0 
-1.7918 0.973828 0.930859 | 13.4931 | 0 
-1.77617 1.06758 1.02461 | 14.7146 | 0 
-1.74102 1.05977 0.919141 | 17.5232 | 0 
-1.7918 1.0793 0.872266 | 16.8074 | 0 
-1.89727 1.09102 0.801953 | 15.8295 | 0 
-1.86602 1.29023 0.966016 | 22.1473 | 0 
-1.73711 1.27852 1.06367 | 29.1644 | 0 
-1.73711 1.19258 1.21602 | 31.0783 | 0 
-1.76836 1.17305 1.05977 | 20.5232 | 0 
-1.86992 1.0832 1.21992 | 18.7733 | 0 
-1.86211 1.24336 1.13789 | 22.9395 | 0 
-1.95195 1.27461 1.16914 | 23.9292 | 0 
-2.01055 1.05977 1.29414 | 20.297 | 0 
-2.14336 1.12227 1.14961 | 17.8757 | 0 
-2.08086 1.21211 1.29414 | 29.1168 | 0 
-2.12383 1.24727 0.876172 | 22.4163 | 0 
-2.03398 1.23555 1.04414 | 16.4563 | 0 
-1.95195 1.1418 1.04805 | 10.8298 | 0 
-2.05352 1.05586 0.926953 | 8.39553 | 0 
-2.00273 1.09492 0.911328 | 9.28053 | 0 
-2.01055 1.16914 0.880078 | 14.0478 | 0 
-2.10039 1.16133 0.856641 | 16.9206 | 0 
-2.13164 1.13008 0.954297 | 13.5293 | 0 
-2.07695 1.11445 1.0207 | 10.3046 | 0 
-2.13555 1.02461 0.989453 | 10.1434 | 0 
-2.18633 0.962109 0.954297 | 13.4132 | 0 
-2.16289 1.0168 0.907422 | 13.0316 | 0 
-2.1668 0.942578 0.895703 | 14.1081 | 0 
-2.1082 0.997266 0.880078 | 11.1454 | 0 
-2.05352 0.926953 0.841016 | 11.9663 | 0 
-1.9832 1.00117 0.841016 | 10.2866 | 0 
-2.00273 1.02461 0.954297 | 6.50172 | 0 
-1.99102 1.04414 0.989453 | 6.45341 | 0 
-2.04961 0.989453 0.954297 | 7.00391 | 0 
-2.03398 0.985547 0.989453 | 6.37768 | 0 
-1.99883 0.958203 0.969922 | 6.3754 | 0 
-1.97148 0.895703 1.00117 | 7.92318 | 0 
-2.01445 0.809766 0.985547 | 12.0999 | 0 
-1.9832 0.801953 0.915234 | 13.648 | 0 
-1.98711 0.868359 0.895703 | 10.8392 | 0 
-2.1082 0.919141 0.825391 | 14.8953 | 0 
-2.17461 0.801953 1.13398 | 22.2287 | 0 
-2.0457 0.837109 1.05977 | 11.911 | 0 
-1.96367 0.841016 1.10273 | 12.6387 | 0 
-2.06523 0.891797 1.08711 | 10.7548 | 0 
-1.97539 0.926953 1.11055 | 9.46574 | 0 
-2.06523 1.00898 1.11445 | 9.8457 | 0 
-2.15117 0.981641 1.09883 | 12.9137 | 0 
-2.1707 0.981641 1.13789 | 15.7823 | 0 
-2.11602 0.930859 1.27852 | 22.2309 | 0 
-1.97148 0.962109 1.24336 | 16.3834 | 0 
-2.13164 0.868359 1.23164 | 22.124 | 0 
-1.96758 0.825391 1.34492 | 27.6232 | 0 
-2.10039 0.946484 1.34102 | 25.0021 | 0 
-2.15898 0.915234 1.4582 | 33.2554 | 0 
-2.07695 1.04023 1.6418 | 25.8423 | 0 
-1.90117 0.860547 1.5793 | 31.0995 | 0 
-1.7918 0.969922 1.5832 | 32.9041 | 0 
-1.73711 0.876172 1.48164 | 39.6001 | 0 
-1.74883 1.05195 1.40742 | 35.1029 | 0 
-1.87383 1.19648 1.40352 | 34.8124 | 0 
-1.74883 1.11836 1.68867 | 33.6332 | 0 
-1.87773 1.24727 1.68086 | 34.7524 | 0 
-2.01055 1.05586 1.66523 | 23.6394 | 0 
-2.14336 1.23164 1.66133 | 36.7974 | 0 
-2.15898 1.07148 1.46992 | 33.3717 | 0 
-2.02617 1.51289 1.5168 | 48.7414 | 0 
-1.70195 1.46211 1.69258 | 54.1206 | 0 
-1.73711 1.7668 1.31758 | 41.7504 | 0 
-1.87773 1.73945 1.7668 | 32.0904 | 0 
-2.06523 1.57539 1.78633 | 37.4024 | 0 
-2.08477 1.77461 1.7043 | 33.0774 | 0 
-1.98711 1.69258 1.35664 | 38.427 | 0 
-2.08867 1.65742 1.13008 | 28.5514 | 0 
-2.01445 1.6418 1.25508 | 34.9758 | 0 
-2.00664 1.68477 1.05195 | 22.4934 | 0 
-1.86992 1.74336 1.27852 | 33.5279 | 0 
-1.81914 1.75898 1.09102 | 24.4116 | 0 
-1.85039 1.63008 1.08711 | 29.6679 | 0 
-1.7957 1.46602 1.05195 | 33.949 | 0 
-1.88555 1.38398 1.06367 | 27.3267 | 0 
-2.18633 1.4582 1.21992 | 42.2783 | 0 
-2.17461 1.41914 1.13398 | 35.5431 | 0 
-2.17852 1.45039 1.02461 | 33.1948 | 0 
-2.14336 1.3957 0.856641 | 32.784 | 0 
-1.77227 1.41914 0.950391 | 33.8825 | 0 
-1.89727 1.44648 0.950391 | 28.5291 | 0 
-1.74102 1.61836 0.962109 | 34.782 | 0 
-1.93633 1.72383 0.938672 | 20.762 | 0 
-1.97148 1.71992 0.903516 | 21.4819 | 0 
-2.06914 1.56367 0.962109 | 28.0734 | 0 
-2.18633 1.66914 0.844922 | 33.6332 | 0 
-2.09258 1.79414 1.0168 | 17.5939 | 0 
-1.9793 1.56758 0.696484 | 39.356 | 0 
-1.99492 1.78633 0.645703 | 31.424 | 0 
-2.14336 1.65742 0.360547 | 43.1558 | 0 
-2.15898 1.37617 0.352734 | 44.4064 | 0 
-2.03789 1.34492 0.766797 | 31.3952 | 0 
-1.8543 1.5168 0.755078 | 39.8405 | 0 
-1.82305 1.34883 0.778516 | 35.3547 | 0 
-1.73711 1.50898 0.317578 | 50.3082 | 0 
-1.71367 1.75117 0.403516 | 46.5733 | 0 
-1.59648 1.69648 0.657422 | 52.8709 | 0 
-1.2332 1.68477 0.544141 | 47.2047 | 0 
-1.27617 1.31758 0.559766 | 48.7378 | 0 
-1.69414 1.30195 0.598828 | 49.7018 | 0 
-1.64727 1.18477 0.532422 | 46.2248 | 0 
-1.44414 1.24727 0.356641 | 49.1972 | 0 
-1.28398 1.25898 0.680859 | 40.5894 | 0 
-1.31133 1.17305 0.755078 | 32.4566 | 0 
-1.42461 0.977734 0.758984 | 31.9939 | 0 
-1.25273 0.821484 0.645703 | 34.585 | 0 
-1.24492 0.950391 0.473828 | 32.7055 | 0 
-1.55352 1.00508 0.493359 | 43.1034 | 0 
-1.57695 1.04805 0.696484 | 36.6757 | 0 
-1.81914 0.817578 0.790234 | 23.7725 | 0 
-1.7332 0.969922 0.587109 | 34.0601 | 0 
-1.87383 0.997266 0.743359 | 18.4581 | 0 
-1.91289 0.883984 0.551953 | 28.2192 | 0 
-2.02227 0.844922 0.766797 | 18.8189 | 0 
-2.08086 0.844922 0.583203 | 29.6946 | 0 
-2.11211 0.942578 0.739453 | 19.5823 | 0 
-2.07305 0.997266 0.622266 | 23.9071 | 0 
-2.00273 1.03633 0.751172 | 15.8364 | 0 
-2.02617 1.11445 0.567578 | 27.3926 | 0 
-2.1082 1.13789 0.696484 | 25.2715 | 0 
-2.06914 1.27461 0.688672 | 32.6079 | 0 
-1.7957 1.10664 0.692578 | 27.7888 | 0 
-1.71758 1.23945 0.602734 | 44.1985 | 0 
-1.81914 1.13398 0.485547 | 33.92 | 0 
-1.80352 1.1457 0.423047 | 34.2044 | 0 
-2.02617 1.18477 0.426953 | 30.8063 | 0 
-2.19023 1.13398 0.493359 | 35.9893 | 0 
-1.96367 1.04023 0.399609 | 23.7507 | 0 
-2.13555 0.833203 0.317578 | 27.895 | 0 
-1.89336 0.883984 0.360547 | 25.6002 | 0 
-1.77227 1.02852 0.403516 | 31.3453 | 0 
-1.72148 0.919141 0.309766 | 30.617 | 0 
-1.70195 1.00508 0.290234 | 29.4705 | 0 
-1.90898 1.02852 0.153516 | 10.7791 | 0 
-1.88164 0.993359 0.130078 | 10.3512 | 0 
-1.94414 0.938672 0.110547 | 8.33272 | 0 
-1.87383 0.876172 0.0675781 | 11.0297 | 0 
-1.87383 0.829297 0.0714844 | 13.3983 | 0 
-1.94023 0.880078 0.298047 | 21.0049 | 0 
-1.97148 0.876172 0.247266 | 17.5809 | 0 
-1.99102 0.821484 0.223828 | 18.726 | 0 
-1.98711 0.919141 0.0832031 | 7.43186 | 0 
-2.06914 0.848828 0.106641 | 12.286 | 0 
-2.13164 0.844922 0.0871094 | 14.3394 | 0 
-2.18242 0.872266 0.227734 | 23.1131 | 0 
-2.19414 1.00898 0.243359 | 22.0522 | 0 
-2.10039 0.926953 0.0675781 | 9.12261 | 0 
-2.03008 0.989453 0.126172 | 8.29734 | 0 
-2.02617 0.966016 0.0519531 | 5.93134 | 0 
-1.9832 0.950391 0.118359 | 8.028 | 0 
-1.9832 0.981641 0.0675781 | 5.91137 | 0 
-1.96758 1.00508 0.126172 | 8.09052 | 0 
-2.02617 0.934766 0.216016 | 13.8699 | 0 
-2.06523 1.09102 0.258984 | 18.5062 | 0 
-1.97539 1.09883 0.157422 | 11.6261 | 0 
-1.99102 1.17305 0.126172 | 13.7043 | 0 
-2.06133 1.09492 0.133984 | 11.2647 | 0 
-2.08477 1.14961 0.110547 | 13.4843 | 0 
-2.16289 1.09102 0.0871094 | 13.7238 | 0 
-2.1082 1.25898 0.270703 | 30.1876 | 0 
-1.94805 1.2082 0.223828 | 21.5997 | 0 
-1.81523 1.16133 0.290234 | 27.9565 | 0 
-1.90117 1.1418 0.188672 | 16.775 | 0 
-1.70586 1.09102 0.0792969 | 19.6514 | 0 
-1.83477 1.26289 0.149609 | 24.8173 | 0 
-1.87773 1.28242 0.0363281 | 20.2628 | 0 
-1.74492 1.09492 -0.0535156 | 16.8519 | 0 
-1.89336 1.1457 -0.0457031 | 11.377 | 0 
-1.88555 1.13789 -0.158984 | 15.4637 | 0 
-1.7332 1.22773 -0.186328 | 30.3103 | 0 
-2.03398 1.18477 -0.178516 | 17.4728 | 0 
-2.00664 1.21211 0.0207031 | 13.2311 | 0 
-2.11992 1.24336 0.0246094 | 18.4498 | 0 
-2.18633 1.2707 -0.182422 | 29.7108 | 0 
-2.15508 1.13008 -0.116016 | 16.0175 | 0 
-2.14336 1.06367 -0.0613281 | 11.0419 | 0 
-2.15898 1.15742 -0.0378906 | 15.378 | 0 
-2.11602 1.10664 -0.0691406 | 11.3391 | 0 
-2.05352 1.12617 -0.0613281 | 9.76343 | 0 
-1.96367 1.15352 0.0324219 | 9.95608 | 0 
-1.95195 1.05586 -0.0339844 | 6.21508 | 0 
-2.07305 1.15352 -0.123828 | 13.8577 | 0 
-2.05352 1.09883 -0.194141 | 14.4507 | 0 
-2.02227 0.985547 -0.151172 | 9.40449 | 0 
-2.01836 0.969922 -0.131641 | 8.5064 | 0 
-1.96758 0.989453 -0.112109 | 7.4717 | 0 
-2.01055 1.00898 0.0128906 | 5.13117 | 0 
-1.96758 0.981641 -0.0691406 | 6.04187 | 0 
-2.06914 0.954297 0.0285156 | 6.69127 | 0 
-2.06523 1.03633 0.0324219 | 6.63469 | 0 
-2.1043 1.00508 -0.0339844 | 7.74305 | 0 
-2.12773 0.946484 -0.0261719 | 9.17014 | 0 
-2.15508 0.997266 -0.0378906 | 10.3071 | 0 
-2.08867 1.02852 -0.178516 | 12.7826 | 0 
-2.14727 0.868359 -0.182422 | 18.4925 | 0 
-2.19414 0.856641 -0.0300781 | 16.0787 | 0 
-2.07695 0.841016 -0.0183594 | 10.8221 | 0 
-2.07305 0.899609 0.0324219 | 8.27382 | 0 
-1.96758 0.848828 0.0285156 | 9.14142 | 0 
-2.06914 0.841016 -0.135547 | 13.9366 | 0 
-2.03789 0.903516 -0.178516 | 12.7232 | 0 
-1.9168 0.860547 -0.182422 | 15.2633 | 0 
-1.90117 0.903516 -0.139453 | 11.6983 | 0 
-1.94023 0.825391 -0.0535156 | 11.1437 | 0 
-1.83477 0.864453 -0.0574219 | 13.0957 | 0 
-1.90508 0.950391 -0.0691406 | 7.67453 | 0 
-1.86602 0.958203 0.0441406 | 8.46627 | 0 
-1.88555 1.00898 -0.0535156 | 7.62835 | 0 
-1.90898 0.993359 0.0363281 | 6.49147 | 0 
-1.90508 1.00117 -0.0847656 | 7.75065 | 0 
-1.89727 0.977734 -0.155078 | 11.0726 | 0 
-1.87773 0.966016 -0.127734 | 10.5625 | 0 
-1.70586 0.954297 -0.0886719 | 18.4883 | 0 
-1.81523 0.981641 -0.0105469 | 10.3622 | 0 
-1.73711 0.809766 0.00117187 | 20.815 | 0 
-1.52227 0.829297 -0.198047 | 34.9611 | 0 
-1.48711 1.01289 -0.0730469 | 24.2777 | 0 
-1.62383 0.872266 0.200391 | 30.5454 | 0 
-1.49102 0.958203 0.258984 | 34.0995 | 0 
-1.42461 0.977734 0.208203 | 29.4293 | 0 
-1.26445 0.883984 0.251172 | 25.9651 | 0 
-1.24492 0.903516 0.165234 | 18.7787 | 0 
-1.21367 0.864453 0.0324219 | 13.578 | 0 
-1.23711 0.872266 -0.0925781 | 16.1869 | 0 
-1.40117 0.891797 -0.0769531 | 24.2674 | 0 
-1.33086 1.01289 0.0480469 | 18.1492 | 0 
-1.36992 0.958203 -0.186328 | 26.1196 | 0 
-1.20977 0.993359 -0.186328 | 16.0978 | 0 
-1.30742 1.04805 0.0480469 | 17.2447 | 0 
-1.24102 1.06758 -0.0691406 | 13.9373 | 0 
-1.30742 1.08711 -0.135547 | 21.3132 | 0 
-1.44805 1.05586 -0.0574219 | 23.9403 | 0 
-1.4207 1.2707 -0.135547 | 37.1456 | 0 
-1.27227 1.26289 -0.0183594 | 25.4838 | 0 
-1.32305 1.26289 0.274609 | 40.2001 | 0 
-1.26055 1.11445 0.157422 | 20.4998 | 0 
-1.37773 1.15742 0.219922 | 33.1047 | 0 
-1.35039 1.18867 0.0597656 | 26.0759 | 0 
-1.53398 1.08711 0.133984 | 28.1257 | 0 
-1.63945 1.27852 -0.0574219 | 33.1523 | 0 
-1.60039 1.11445 -0.0886719 | 25.8753 | 0 
-1.60039 1.40352 -0.0964844 | 42.6161 | 0 
-1.53789 1.49727 0.0363281 | 44.5841 | 0 
-1.5457 1.50117 0.290234 | 56.8184 | 0 
-1.30352 1.44648 0.223828 | 44.944 | 0 
-1.37383 1.50508 -0.127734 | 44.2342 | 0 
-1.34648 1.60273 -0.0847656 | 39.4598 | 0 
-1.28398 1.79414 -0.0808594 | 25.5183 | 0 
-1.24883 1.71992 0.235547 | 35.4713 | 0 
-1.44805 1.69258 0.204297 | 45.1732 | 0 
-1.67461 1.73164 0.231641 | 40.4183 | 0 
-1.5457 1.7043 -0.0769531 | 38.8689 | 0 
-1.83477 1.61836 -0.123828 | 31.16 | 0 
-1.82695 1.68867 -0.0417969 | 25.6438 | 0 
-1.75273 1.77852 0.110547 | 26.6103 | 0 
-1.8543 1.7668 0.188672 | 25.6894 | 0 
-1.79961 1.55977 0.298047 | 44.9699 | 0 
-1.79961 1.38789 0.282422 | 41.8208 | 0 
-1.85039 1.40352 -0.151172 | 31.9189 | 0 
-2.06914 1.42695 -0.0886719 | 27.7317 | 0 
-2.12773 1.3957 -0.0964844 | 29.2465 | 0 
-2.01836 1.38789 0.208203 | 31.1337 | 0 
-2.11992 1.44258 0.212109 | 36.3249 | 0 
-1.99492 1.65352 0.180859 | 28.2405 | 0 
-2.1707 1.72383 0.212109 | 32.2285 | 0 
-1.96758 1.57539 -0.0574219 | 26.106 | 0 
-2.15898 1.67305 -0.155078 | 31.1044 | 0 
-1.97148 1.79805 -0.112109 | 16.6992 | 0 
-1.95195 1.56758 -0.287891 | 38.2729 | 0 
-1.98711 1.75898 -0.330859 | 31.4855 | 0 
-2.1668 1.59102 -0.596484 | 49.2162 | 0 
-2.1043 1.36445 -0.518359 | 45.1508 | 0 
-1.72539 1.3332 -0.471484 | 51.3496 | 0 
-1.73711 1.63398 -0.522266 | 53.3324 | 0 
-1.83086 1.78242 -0.444141 | 39.2289 | 0 
-1.50273 1.76289 -0.225391 | 43.0662 | 0 
-1.65508 1.72773 -0.604297 | 51.0293 | 0 
-1.38555 1.67305 -0.635547 | 53.8827 | 0 
-1.40898 1.79023 -0.205859 | 38.4023 | 0 
-1.31523 1.48164 -0.455859 | 57.6693 | 0 
-1.6707 1.43086 -0.244922 | 48.4295 | 0 
-1.55742 1.09883 -0.393359 | 42.8486 | 0 
-1.54961 1.0832 -0.616016 | 42.2666 | 0 
-1.20195 1.23164 -0.612109 | 36.8321 | 0 
-1.3582 1.19258 -0.237109 | 35.2708 | 0 
-1.24883 1.13008 -0.268359 | 27.1441 | 0 
-1.40117 1.00508 -0.221484 | 29.3787 | 0 
-1.20586 0.817578 -0.358203 | 31.68 | 0 
-1.4168 0.911328 -0.467578 | 43.0263 | 0 
-1.65898 0.833203 -0.389453 | 41.7004 | 0 
-1.67852 0.930859 -0.299609 | 32.1114 | 0 
-1.71367 0.919141 -0.252734 | 27.543 | 0 
-1.78789 1.04023 -0.342578 | 27.8499 | 0 
-1.90117 0.950391 -0.229297 | 15.6218 | 0 
-1.90898 0.805859 -0.397266 | 30.5924 | 0 
-2.0418 0.821484 -0.272266 | 22.3132 | 0 
-2.18633 0.856641 -0.354297 | 31.6285 | 0 
-2.16289 1.00898 -0.330859 | 25.4823 | 0 
-2.01836 1.04805 -0.323047 | 20.2254 | 0 
-1.9832 1.10273 -0.420703 | 26.178 | 0 
-2.17461 1.18867 -0.381641 | 35.3269 | 0 
-1.74883 1.23164 -0.256641 | 33.981 | 0 
-1.77227 1.21211 -0.467578 | 40.8692 | 0 
-2.07695 1.19258 -0.459766 | 33.2457 | 0 
-2.00273 1.11445 -0.561328 | 27.3124 | 0 
-2.19805 0.973828 -0.455859 | 32.5337 | 0 
-1.9793 0.860547 -0.537891 | 28.3492 | 0 
-1.9168 0.841016 -0.569141 | 29.7001 | 0 
-1.94023 1.03633 -0.623828 | 23.3068 | 0 
-1.80352 0.883984 -0.588672 | 32.1101 | 0 
-1.76055 0.946484 -0.780078 | 22.6231 | 0 
-1.89336 0.973828 -0.768359 | 16.2695 | 0 
-1.87383 0.942578 -0.850391 | 12.8502 | 0 
-1.84258 0.817578 -0.885547 | 17.71 | 0 
-1.84648 0.911328 -0.721484 | 22.3573 | 0 
-2.0418 0.891797 -0.803516 | 14.8766 | 0 
-1.95195 0.887891 -0.893359 | 10.3909 | 0 
-2.06914 0.844922 -0.932422 | 12.0647 | 0 
-2.1082 0.868359 -0.944141 | 12.153 | 0 
-2.13945 0.856641 -0.932422 | 14.4576 | 0 
-2.18633 0.907422 -0.741016 | 24.4666 | 0 
-2.19023 1.01289 -0.776172 | 21.1537 | 0 
-2.13555 1.01289 -0.838672 | 14.4477 | 0 
-2.02227 0.934766 -0.862109 | 10.1568 | 0 
-1.96367 1.02461 -0.815234 | 11.9641 | 0 
-1.96758 1.0832 -0.721484 | 18.8898 | 0 
-1.9793 1.15352 -0.811328 | 16.5345 | 0 
-1.97539 1.05195 -0.885547 | 8.91656 | 0 
-2.06914 1.16914 -0.893359 | 14.6725 | 0 
-2.07695 1.05586 -0.924609 | 9.14052 | 0 
-2.17852 1.05977 -0.764453 | 21.9014 | 0 
-2.15508 1.20039 -0.752734 | 27.7965 | 0 
-2.05742 1.22383 -0.869922 | 18.6524 | 0 
-1.83477 1.17695 -0.776172 | 24.209 | 0 
-1.77227 1.09492 -0.815234 | 21.3514 | 0 
-1.90898 1.06367 -0.772266 | 16.3583 | 0 
-1.90508 1.14961 -0.842578 | 15.9953 | 0 
-1.8582 1.05977 -0.936328 | 10.6523 | 0 
-1.79961 1.16914 -0.893359 | 19.634 | 0 
-1.79961 1.27852 -0.920703 | 25.6519 | 0 
-1.80742 1.25898 -1.07305 | 24.0722 | 0 
-1.75273 1.1457 -1.06523 | 20.0818 | 0 
-1.94023 1.14961 -0.994922 | 10.8802 | 0 
-1.91289 1.05195 -1.05742 | 8.51659 | 0 
-1.8543 1.16523 -1.08477 | 16.1862 | 0 
-1.7293 1.13008 -1.15508 | 24.4402 | 0 
-1.9207 1.18867 -1.1668 | 18.9276 | 0 
-2.02227 1.2043 -1.11602 | 16.592 | 0 
-2.0418 1.19258 -0.994922 | 13.3988 | 0 
-2.16289 1.22383 -0.983203 | 20.3571 | 0 
-2.11992 1.18477 -1.18242 | 21.8982 | 0 
-2.16289 1.05586 -1.19805 | 19.4272 | 0 
-2.10039 1.09102 -0.967578 | 10.2603 | 0 
-2.05742 1.13398 -0.975391 | 10.5726 | 0 
-1.96367 1.08711 -0.979297 | 7.8015 | 0 
-2.02617 1.13789 -1.12773 | 13.3825 | 0 
-2.01836 1.09492 -1.16289 | 13.2138 | 0 
-2.03008 0.958203 -1.15898 | 11.4915 | 0 
-2.02617 1.00898 -1.1082 | 8.72576 | 0 
-1.99883 1.04414 -1.06914 | 7.53989 | 0 
-1.95586 0.962109 -0.955859 | 6.71104 | 0 
-2.03398 0.938672 -1.07305 | 8.16491 | 0 
-2.07305 1.00117 -0.955859 | 7.63084 | 0 
-2.09648 1.04414 -1.07305 | 9.83592 | 0 
-2.1043 0.969922 -0.994922 | 8.61327 | 0 
-2.17852 1.01289 -1.00664 | 12.4847 | 0 
-2.15117 0.930859 -1.17461 | 17.4227 | 0 
-2.13945 0.801953 -1.19805 | 23.8417 | 0 
-2.08477 0.852734 -0.991016 | 11.4406 | 0 
-2.05352 0.887891 -0.971484 | 9.04917 | 0 
-1.99102 0.856641 -0.971484 | 9.60757 | 0 
-2.07305 0.880078 -1.11602 | 12.6006 | 0 
-2.0457 0.860547 -1.1707 | 15.526 | 0 
-1.83086 0.801953 -1.08477 | 18.4856 | 0 
-1.83867 0.817578 -0.967578 | 15.7849 | 0 
-1.94805 0.887891 -0.951953 | 8.84978 | 0 
-1.84648 0.946484 -0.955859 | 10.4634 | 0 
-1.83477 1.02461 -1.0457 | 10.9607 | 0 
-1.92852 1.04414 -0.951953 | 7.54182 | 0 
-1.94414 0.926953 -1.16289 | 12.4317 | 0 
-1.82695 1.04414 -1.13945 | 15.0589 | 0 
-1.75273 1.03242 -1.13555 | 18.8751 | 0 
-1.71758 0.977734 -1.02227 | 17.1695 | 0 
-1.69023 0.817578 -1.18633 | 30.5859 | 0 
-1.56914 0.930859 -1.13945 | 28.2264 | 0 
-1.47539 0.903516 -1.06914 | 26.7277 | 0 
-1.62773 1.00898 -0.776172 | 29.5975 | 0 
-1.51055 0.852734 -0.752734 | 37.3658 | 0 
-1.44805 1.00898 -0.866016 | 26.6919 | 0 
-1.20977 1.00898 -0.701953 | 23.4623 | 0 
-1.26836 0.864453 -0.834766 | 22.5388 | 0 
-1.23711 0.919141 -1.19805 | 21.0579 | 0 
-1.37383 0.825391 -1.02617 | 26.2137 | 0 
-1.37773 0.977734 -1.08867 | 22.8408 | 0 
-1.20977 0.973828 -1.07695 | 12.3518 | 0 
-1.2332 1.0168 -1.0418 | 12.9851 | 0 
-1.2293 0.950391 -0.955859 | 12.8949 | 0 
-1.31914 1.1457 -1.15117 | 26.6746 | 0 
-1.40898 1.16523 -0.998828 | 27.6721 | 0 
-1.34258 1.29023 -1.19805 | 39.6914 | 0 
-1.23711 1.23945 -0.975391 | 22.6661 | 0 
-1.24102 1.16133 -0.795703 | 24.8378 | 0 
-1.37383 1.07148 -0.877734 | 24.625 | 0 
-1.56133 1.22383 -0.920703 | 33.6286 | 0 
-1.63164 1.16914 -0.846484 | 30.9531 | 0 
-1.63164 1.20039 -1.05352 | 29.4762 | 0 
-1.53789 1.34492 -1.1707 | 46.1004 | 0 
-1.61992 1.42305 -0.725391 | 52.8622 | 0 
-1.37383 1.47383 -0.748828 | 51.5779 | 0 
-1.38945 1.30586 -1.15898 | 40.6884 | 0 
-1.36602 1.61055 -1.01836 | 39.9074 | 0 
-1.34648 1.59492 -0.885547 | 41.5885 | 0 
-1.6668 1.62227 -0.908984 | 40.0117 | 0 
-1.45977 1.59492 -1.13164 | 47.1411 | 0 
-1.83477 1.63008 -1.00664 | 28.8097 | 0 
-1.88164 1.74727 -0.713672 | 32.1776 | 0 
-1.74492 1.67305 -0.791797 | 38.8426 | 0 
-1.7293 1.30195 -0.858203 | 33.639 | 0 
-1.70586 1.46992 -1.00273 | 38.6375 | 0 
-1.92461 1.42305 -1.01445 | 26.7543 | 0 
-2.01445 1.48555 -0.998828 | 27.2628 | 0 
-2.15117 1.36055 -1.00273 | 28.0681 | 0 
-1.97539 1.4543 -0.908984 | 28.1443 | 0 
-2.12383 1.65742 -0.905078 | 28.1747 | 0 
-2.03008 1.65352 -0.803516 | 30.0773 | 0 
-2.02617 1.79414 -0.877734 | 18.3001 | 0 
-2.16289 1.69258 -0.756641 | 36.0244 | 0 
-2.13555 1.74727 -1.06523 | 23.161 | 0 
-2.08086 1.55586 -1.14336 | 32.5012 | 0 
-2.11992 1.79023 -1.41289 | 38.4403 | 0 
-1.88164 1.77461 -1.36602 | 36.3167 | 0 
-1.7332 1.4582 -1.44805 | 57.4097 | 0 
-1.95195 1.52461 -1.58086 | 47.7035 | 0 
-1.74102 1.52852 -1.59648 | 56.5384 | 0 
-1.82305 1.7668 -1.51055 | 43.2212 | 0 
-2.12383 1.73555 -1.56133 | 43.0112 | 0 
-2.01836 1.59102 -1.77617 | 36.5982 | 0 
-2.06914 1.73945 -1.94414 | 23.2874 | 0 
-2.15117 1.78242 -2.13164 | 27.7373 | 0 
-2.01055 1.78633 -1.99883 | 18.988 | 0 
-1.95586 1.66523 -2.12383 | 29.446 | 0 
-2.15898 1.63008 -1.95586 | 32.9557 | 0 
-1.9793 1.4543 -2.03008 | 30.0069 | 0 
-2.09648 1.35273 -1.93242 | 28.6453 | 0 
-2.01055 1.47383 -1.83086 | 34.5888 | 0 
-1.89727 1.30586 -1.86602 | 27.5762 | 0 
-1.7332 1.53633 -1.74102 | 49.7537 | 0 
-1.79961 1.40352 -2.08477 | 36.091 | 0 
-1.84648 1.62227 -2.16289 | 37.0091 | 0 
-1.70586 1.7082 -2.10039 | 37.4979 | 0 
-1.82695 1.59883 -1.89336 | 35.1252 | 0 
-1.57695 1.62227 -1.81133 | 50.6859 | 0 
-1.53789 1.66914 -1.98711 | 43.7152 | 0 
-1.54961 1.44258 -1.81133 | 52.8788 | 0 
-1.26836 1.37227 -1.74102 | 45.1867 | 0 
-1.22148 1.51289 -2.11602 | 38.9847 | 0 
-1.44023 1.60664 -1.97539 | 45.8182 | 0 
-1.20586 1.68477 -2.04961 | 30.2223 | 0 
-1.27617 1.66914 -1.83867 | 39.0095 | 0 
-1.22148 1.77852 -1.7957 | 31.4831 | 0 
-1.2957 1.73945 -1.39727 | 48.1394 | 0 
-1.53789 1.7707 -1.38555 | 53.3648 | 0 
-1.60039 1.54023 -1.63945 | 61.7799 | 0 
-1.40117 1.53633 -1.28398 | 55.9652 | 0 
-1.20977 1.44258 -1.56523 | 52.0212 | 0 
-1.21758 1.1418 -1.53398 | 36.6023 | 0 
-1.43242 1.0832 -1.37383 | 42.579 | 0 
-1.61992 1.16523 -1.28008 | 39.7145 | 0 
-1.56133 1.10664 -1.68633 | 41.8296 | 0 
-1.5457 0.821484 -1.57695 | 49.653 | 0 
-1.56523 0.864453 -1.2332 | 36.249 | 0 
-1.3543 0.946484 -1.22539 | 29.3455 | 0 
-1.2957 0.903516 -1.21758 | 26.5689 | 0 
-1.39336 0.969922 -1.49883 | 43.1444 | 0 
-1.40898 0.841016 -1.63164 | 45.1216 | 0 
-1.36602 1.04805 -1.70195 | 35.9474 | 0 
-1.2918 0.841016 -1.94805 | 23.8831 | 0 
-1.2293 0.817578 -2.13164 | 24.5368 | 0 
-1.39336 0.852734 -1.9832 | 28.4793 | 0 
-1.39336 0.973828 -2.19023 | 31.9922 | 0 
-1.28789 0.938672 -2.06133 | 20.6137 | 0 
-1.25664 1.13398 -2.12773 | 24.2 | 0 
-1.36211 1.1418 -2.05352 | 28.1249 | 0 
-1.29961 1.21211 -1.99492 | 27.8515 | 0 
-1.24883 1.23164 -1.72148 | 36.5975 | 0 
-1.32305 1.05586 -1.86602 | 24.7263 | 0 
-1.49492 1.26289 -1.90508 | 39.9894 | 0 
-1.61211 1.13789 -1.94023 | 29.4992 | 0 
-1.69414 1.21992 -2.01055 | 29.9821 | 0 
-1.55352 1.0793 -1.95977 | 28.3925 | 0 
-1.60039 1.04414 -2.02227 | 26.2966 | 0 
-1.50273 0.805859 -2.09258 | 35.4915 | 0 
-1.51445 0.801953 -1.84648 | 37.4006 | 0 
-1.45195 0.934766 -1.72148 | 38.1037 | 0 
-1.82695 0.887891 -1.76055 | 24.2946 | 0 
-1.81523 1.00117 -1.84648 | 18.0245 | 0 
-1.86992 1.04023 -1.89727 | 13.6663 | 0 
-1.83477 0.868359 -1.83086 | 20.76 | 0 
-1.81133 0.833203 -1.85039 | 22.7498 | 0 
-1.79961 0.876172 -2.00664 | 17.8518 | 0 
-1.74492 0.919141 -2.18242 | 26.115 | 0 
-1.84258 0.895703 -2.09648 | 16.9517 | 0 
-1.87383 0.848828 -2.06523 | 16.4883 | 0 
-1.84258 0.997266 -2.0418 | 13.4086 | 0 
-1.71367 0.950391 -2.17461 | 26.7518 | 0 
-1.81914 1.09883 -2.03789 | 16.6097 | 0 
-1.7957 1.05586 -2.19805 | 23.7415 | 0 
-1.89336 1.05977 -2.11211 | 14.4078 | 0 
-1.89727 1.29805 -2.05352 | 25.0467 | 0 
-1.78008 1.28242 -2.03398 | 29.3219 | 0 
-1.7293 1.12617 -1.86602 | 25.3582 | 0 
-1.83477 1.10664 -1.82305 | 20.5686 | 0 
-1.83867 1.23164 -1.76445 | 30.6655 | 0 
-1.9168 1.17695 -1.90898 | 17.2001 | 0 
-2.03398 1.21211 -1.80352 | 23.4283 | 0 
-2.05352 1.11445 -1.86602 | 15.3163 | 0 
-2.18633 1.13789 -1.88555 | 21.7358 | 0 
-2.11992 1.16133 -1.81914 | 22.3625 | 0 
-2.15117 1.18867 -1.93242 | 21.0859 | 0 
-2.09258 1.19648 -2.18633 | 25.0409 | 0 
-2.05352 1.2082 -1.99102 | 17.6207 | 0 
-2.03789 1.08711 -2.00273 | 11.0901 | 0 
-2.01445 1.12227 -2.19414 | 19.5433 | 0 
-2.1707 1.11836 -2.18242 | 24.4674 | 0 
-2.13164 1.12617 -1.99102 | 16.0035 | 0 
-2.1082 0.966016 -2.06914 | 13.0384 | 0 
-2.08477 1.00508 -2.14727 | 15.3414 | 0 
-1.95195 0.989453 -2.18633 | 16.1486 | 0 
-2.03008 1.03242 -1.9793 | 9.57404 | 0 
-1.98711 0.942578 -1.96758 | 9.59181 | 0 
-2.01445 0.915234 -1.95195 | 10.5843 | 0 
-2.01055 0.805859 -1.96367 | 15.3909 | 0 
-2.02227 0.844922 -2.18242 | 19.9277 | 0 
-2.1668 0.860547 -2.14336 | 22.4258 | 0 
-2.07695 0.817578 -1.97539 | 16.0303 | 0 
-2.12383 0.813672 -1.86602 | 20.9762 | 0 
-2.06523 0.887891 -1.83086 | 16.7491 | 0 
-2.0457 1.04414 -1.83477 | 14.3554 | 0 
-2.15117 1.02461 -1.84648 | 17.6903 | 0 
-2.12773 1.03633 -1.70977 | 24.3365 | 0 
-2.05742 0.950391 -1.74492 | 19.6257 | 0 
-2.1707 0.852734 -1.70977 | 30.0688 | 0 
-2.06133 1.00508 -1.59258 | 26.8893 | 0 
-1.83086 0.805859 -1.68242 | 32.6487 | 0 
-1.7918 0.977734 -1.6707 | 29.2381 | 0 
-1.80352 1.2707 -1.59648 | 43.6318 | 0 
-2.03008 1.09492 -1.49102 | 29.4318 | 0 
-2.07695 1.28242 -1.38945 | 38.7415 | 0 
-2.19023 1.09102 -1.27617 | 27.1766 | 0 
-1.86211 1.19258 -1.32695 | 31.2934 | 0 
-1.81914 1.12227 -1.40508 | 33.4162 | 0 
-1.82695 0.989453 -1.3543 | 27.618 | 0 
-1.82695 0.825391 -1.44805 | 36.3771 | 0 
-2.0457 0.926953 -1.4207 | 27.2912 | 0 
-2.1082 0.841016 -1.38555 | 31.4067 | 0 
-2.13164 0.551953 -1.44023 | 48.928 | 0 
-1.9832 0.758984 -1.37383 | 32.9068 | 0 
-1.74883 0.739453 -1.26836 | 37.1007 | 0 
-1.87773 0.614453 -1.28789 | 38.2527 | 0 
-1.86602 0.423047 -1.20586 | 34.5699 | 0 
-1.97539 0.321484 -1.42852 | 39.5156 | 0 
-1.88164 0.419141 -1.64336 | 44.0041 | 0 
-1.87383 0.633984 -1.61602 | 43.6255 | 0 
-1.95977 0.794141 -1.45586 | 33.7886 | 0 
-2.11211 0.555859 -1.45586 | 48.2778 | 0 
-1.96758 0.794141 -1.76055 | 24.4081 | 0 
-1.99883 0.563672 -1.83477 | 31.8123 | 0 
-2.1668 0.774609 -2.1707 | 28.6952 | 0 
-1.95977 0.591016 -2.11211 | 29.7578 | 0 
-2.17461 0.532422 -2.03789 | 34.6789 | 0 
-1.97539 0.301953 -2.03008 | 21.6186 | 0 
-2.16289 0.321484 -2.17852 | 34.3233 | 0 
-2.08477 0.352734 -1.85039 | 29.398 | 0 
-2.00664 0.469922 -1.94805 | 28.401 | 0 
-1.89336 0.407422 -1.83086 | 32.7555 | 0 
-1.71367 0.399609 -2.02617 | 37.6751 | 0 
-1.74102 0.630078 -1.97539 | 34.8557 | 0 
-1.74102 0.692578 -1.83477 | 35.8938 | 0 
-1.69805 0.747266 -1.76445 | 39.0266 | 0 
-1.62773 0.790234 -1.96367 | 31.8368 | 0 
-1.67852 0.532422 -1.95195 | 41.4985 | 0 
-1.64727 0.321484 -1.95195 | 37.4372 | 0 
-1.51836 0.333203 -1.92461 | 42.1481 | 0 
-1.28398 0.407422 -1.94805 | 36.6121 | 0 
-1.24102 0.450391 -2.03398 | 35.0611 | 0 
-1.3582 0.567578 -2.07305 | 42.8981 | 0 
-1.31523 0.688672 -2.01445 | 34.047 | 0 
-1.25273 0.614453 -1.93633 | 34.1815 | 0 
-1.26836 0.798047 -1.81523 | 29.7335 | 0 
-1.32695 0.766797 -1.53789 | 48.0273 | 0 
-1.34648 0.751172 -1.29961 | 42.7572 | 0 
-1.58867 0.637891 -1.69414 | 54.2025 | 0 
-1.5418 0.348828 -1.30742 | 53.2136 | 0 
-1.38164 0.348828 -1.58086 | 56.4446 | 0 
-1.39336 0.239453 -1.31523 | 44.8894 | 0 
-1.66289 0.243359 -1.27617 | 40.877 | 0 
-1.69414 0.0675781 -1.67461 | 34.5669 | 0 
-1.67461 -0.190234 -1.68242 | 40.6849 | 0 
-1.46758 -0.162891 -1.21758 | 36.2289 | 0 
-1.44414 0.0363281 -1.28008 | 35.2539 | 0 
-1.20977 -0.139453 -1.20195 | 21.0526 | 0 
-1.39336 0.0128906 -1.56133 | 41.5168 | 0 
-1.33086 -0.151172 -1.58867 | 41.8523 | 0 
-1.31914 0.0128906 -1.70586 | 31.6299 | 0 
-1.27227 -0.198047 -1.87773 | 26.1801 | 0 
-1.43242 -0.178516 -1.98711 | 30.8351 | 0 
-1.43633 0.0324219 -2.19414 | 32.8574 | 0 
-1.24492 0.0128906 -2.04961 | 15.9465 | 0 
-1.22539 0.106641 -1.9793 | 16.137 | 0 
-1.2293 0.0871094 -2.09648 | 17.8596 | 0 
-1.42461 0.0910156 -2.01836 | 26.668 | 0 
-1.2332 0.290234 -2.06914 | 28.263 | 0 
-1.21367 0.239453 -1.72539 | 33.1224 | 0 
-1.25664 0.110547 -1.9168 | 19.3351 | 0 
-1.39336 0.0832031 -1.71758 | 36.0951 | 0 
-1.3543 0.216016 -1.87773 | 32.1902 | 0 
-1.49883 0.149609 -1.92852 | 31.0819 | 0 
-1.66289 0.196484 -1.85039 | 32.2346 | 0 
-1.52617 0.282422 -2.0418 | 38.8089 | 0 
-1.66289 0.173047 -2.01445 | 27.4495 | 0 
-1.53008 -0.0144531 -2.06914 | 27.4147 | 0 
-1.53789 -0.119922 -2.12383 | 32.1921 | 0 
-1.68633 -0.135547 -1.9793 | 24.1716 | 0 
-1.63555 -0.0730469 -1.82695 | 28.9914 | 0 
-1.64727 -0.104297 -1.76836 | 32.7879 | 0 
-1.74883 0.0167969 -1.79961 | 23.3597 | 0 
-1.7293 -0.00273438 -1.88945 | 20.1759 | 0 
-1.87773 -0.0144531 -1.83477 | 14.6644 | 0 
-1.75664 -0.190234 -1.86602 | 25.8585 | 0 
-1.79961 -0.178516 -2.11992 | 23.0627 | 0 
-1.89727 -0.186328 -2.1082 | 18.4195 | 0 
-1.9207 -0.0847656 -1.96758 | 10.3753 | 0 
-1.8543 -0.0574219 -1.95195 | 12.2538 | 0 
-1.94414 0.0246094 -1.95195 | 8.77157 | 0 
-1.91289 -0.0574219 -2.19805 | 17.3918 | 0 
-1.85039 0.0207031 -2.1707 | 17.5443 | 0 
-1.70977 0.0207031 -2.17852 | 25.9133 | 0 
-1.76445 0.0207031 -1.99492 | 16.2761 | 0 
-1.7957 0.0558594 -2.19023 | 22.1346 | 0 
-1.94414 0.0558594 -2.19805 | 16.6268 | 0 
-1.93242 0.114453 -1.96758 | 11.1897 | 0 
-1.8543 0.255078 -2.19414 | 29.1045 | 0 
-1.75273 0.286328 -1.95195 | 29.5074 | 0 
-1.73711 0.192578 -1.7918 | 30.948 | 0 
-1.77617 0.0714844 -1.88164 | 18.6954 | 0 
-1.90508 0.157422 -1.78008 | 21.1763 | 0 
-1.90117 0.255078 -1.90508 | 21.2211 | 0 
-1.95977 0.223828 -1.76836 | 24.5477 | 0 
-1.96367 0.0871094 -1.82305 | 14.477 | 0 
-2.04961 0.0949219 -1.87383 | 12.9106 | 0 
-2.1668 0.0753906 -1.86211 | 17.8005 | 0 
-2.13945 0.141797 -1.76836 | 23.8859 | 0 
-2.19414 0.243359 -1.9168 | 26.028 | 0 
-2.10039 0.298047 -2.10039 | 25.7339 | 0 
-1.97539 0.176953 -2.06914 | 14.8328 | 0 
-2.06133 0.122266 -2.03789 | 12.2409 | 0 
-1.98711 0.0597656 -2.07305 | 10.0142 | 0 
-2.00664 0.169141 -2.09258 | 15.2226 | 0 
-2.0418 0.0636719 -2.10039 | 11.6414 | 0 
-2.14727 0.0597656 -2.10039 | 15.6311 | 0 
-2.17461 0.0519531 -2.01055 | 14.7622 | 0 
-2.19023 0.0363281 -2.03398 | 15.7545 | 0 
-2.09648 0.0480469 -2.09648 | 12.809 | 0 
-2.0418 -0.0535156 -2.11602 | 12.0934 | 0 
-1.97539 0.0246094 -2.09258 | 10.1649 | 0 
-2.06523 0.00898437 -2.03398 | 9.47372 | 0 
-1.96367 -0.0457031 -2.07305 | 9.85937 | 0 
-2.05352 -0.135547 -2.03789 | 12.6431 | 0 
-1.97539 -0.186328 -2.07305 | 15.4939 | 0 
-2.0457 -0.186328 -2.1043 | 17.2339 | 0 
-2.19023 -0.190234 -2.08867 | 23.3731 | 0 
-2.17461 -0.170703 -1.94023 | 19.8789 | 0 
-2.01445 -0.155078 -1.93242 | 13.1287 | 0 
-1.9832 -0.116016 -1.94414 | 10.9327 | 0 
-2.03789 -0.0378906 -1.93242 | 9.3408 | 0 
-2.00273 -0.0417969 -1.82695 | 13.0459 | 0 
-1.99492 0.0167969 -1.94023 | 8.50206 | 0 
-2.09648 -0.00273438 -1.9168 | 11.1885 | 0 
-2.1043 0.0128906 -1.79961 | 16.7042 | 0 
-2.05352 -0.127734 -1.73711 | 21.6713 | 0 
-2.11211 -0.198047 -1.69805 | 29.7636 | 0 
-2.02617 0.0363281 -1.59648 | 25.2678 | 0 
-1.9832 -0.166797 -1.65898 | 27.1879 | 0 
-1.75664 -0.108203 -1.65508 | 33.2598 | 0 
-1.8543 -0.0300781 -1.68633 | 24.2617 | 0 
-1.78008 0.173047 -1.61211 | 36.89 | 0 
-1.94805 0.219922 -1.63555 | 31.755 | 0 
-2.00273 0.161328 -1.68242 | 25.701 | 0 
-2.04961 0.219922 -1.5418 | 34.8868 | 0 
-1.95195 0.0519531 -1.40898 | 25.1873 | 0 
-2.1043 0.0597656 -1.24883 | 18.6859 | 0 
-2.06133 0.255078 -1.21367 | 24.5766 | 0 
-1.70977 0.258984 -1.35039 | 43.777 | 0 
-1.89727 0.0792969 -1.43633 | 28.1071 | 0 
-1.72539 -0.0261719 -1.43633 | 35.9261 | 0 
-1.94023 -0.0847656 -1.36602 | 24.3805 | 0 
-1.9832 -0.108203 -1.28008 | 19.7411 | 0 
-2.06914 -0.0261719 -1.37383 | 24.252 | 0 
-2.1082 -0.0417969 -1.28789 | 21.0295 | 0 
-2.10039 -0.0808594 -1.36602 | 26.1324 | 0 
-2.18242 -0.131641 -1.15898 | 19.8219 | 0 
-2.11992 -0.147266 -1.01836 | 12.3103 | 0 
-2.19023 -0.112109 -1.03398 | 14.8184 | 0 
-2.12773 -0.0535156 -1.05352 | 9.81149 | 0 
-2.19805 -0.0613281 -1.13555 | 17.064 | 0 
-2.03789 -0.0574219 -1.17852 | 12.1291 | 0 
-1.9832 0.0441406 -1.15117 | 9.87989 | 0 
-1.97539 -0.0105469 -1.05742 | 5.8055 | 0 
-2.02227 -0.00664063 -1.00664 | 5.21803 | 0 
-2.02227 -0.0417969 -1.05742 | 6.29383 | 0 
-2.01055 -0.0535156 -0.955859 | 5.92293 | 0 
-1.98711 -0.0886719 -1.05352 | 7.17145 | 0 
-2.01836 -0.0964844 -0.994922 | 6.92648 | 0 
-2.05352 -0.127734 -1.03398 | 9.14094 | 0 
-2.02227 -0.166797 -0.975391 | 10.2929 | 0 
-2.06523 -0.174609 -1.09648 | 13.5465 | 0 
-1.86602 -0.186328 -1.15508 | 18.6786 | 0 
-1.76445 -0.186328 -1.03008 | 19.5855 | 0 
-1.70195 -0.162891 -1.12773 | 25.0156 | 0 
-1.75273 -0.0222656 -1.08867 | 15.696 | 0 
-1.70977 0.0285156 -1.05352 | 17.2553 | 0 
-1.78398 0.0246094 -1.06914 | 13.2553 | 0 
-1.88164 -0.0261719 -1.05742 | 8.07826 | 0 
-1.90898 -0.0300781 -1.00273 | 6.42121 | 0 
-1.92461 0.00898437 -1.03398 | 6.11747 | 0 
-1.83477 0.0441406 -1.12383 | 12.8128 | 0 
-1.93242 -0.0417969 -1.08477 | 7.52866 | 0 
-1.90117 0.0402344 -1.1668 | 12.1692 | 0 
-1.86992 0.161328 -1.19023 | 19.1422 | 0 
-1.86602 0.0792969 -1.11992 | 12.0044 | 0 
-1.89336 0.161328 -0.951953 | 11.8437 | 0 
-1.88164 0.0871094 -0.991016 | 8.64714 | 0 
-1.70195 0.137891 -0.963672 | 20.6011 | 0 
-1.78398 0.157422 -1.18633 | 23.1066 | 0 
-1.7957 0.180859 -0.959766 | 17.4551 | 0 
-1.90508 0.219922 -1.19023 | 21.2746 | 0 
-2.1707 0.243359 -1.13945 | 24.473 | 0 
-2.02617 0.141797 -1.18242 | 15.252 | 0 
-2.03008 0.0910156 -1.13164 | 10.4093 | 0 
-2.03398 0.145703 -1.05352 | 9.96123 | 0 
-2.02227 0.169141 -0.951953 | 10.7095 | 0 
-1.99492 0.0558594 -0.979297 | 5.64105 | 0 
-2.17852 0.0949219 -1.06914 | 14.2113 | 0 
-2.15117 0.227734 -1.05742 | 19.2288 | 0 
-2.06133 0.231641 -1.01445 | 14.9553 | 0 
-2.00664 0.262891 -0.842578 | 20.1291 | 0 
-2.08086 0.243359 -0.846484 | 20.254 | 0 
-2.1043 0.145703 -0.850391 | 15.2521 | 0 
-2.19023 0.0636719 -0.901172 | 14.6021 | 0 
-2.03008 0.0871094 -0.897266 | 8.58474 | 0 
-2.0418 0.141797 -0.866016 | 12.3342 | 0 
-2.05742 0.0792969 -0.791797 | 14.1297 | 0 
-2.1043 0.0753906 -0.701953 | 21.0723 | 0 
-2.09648 0.255078 -0.717578 | 29.0993 | 0 
-1.91289 0.274609 -0.823047 | 22.9826 | 0 
-1.74883 0.282422 -0.901172 | 27.9137 | 0 
-1.75273 0.0636719 -0.752734 | 24.0888 | 0 
-1.81523 0.0832031 -0.897266 | 13.4698 | 0 
-1.83477 0.0949219 -0.932422 | 11.7815 | 0 
-1.90508 0.114453 -0.908984 | 10.2624 | 0 
-1.86992 0.173047 -0.760547 | 21.952 | 0 
-1.91289 -0.0730469 -0.803516 | 13.5063 | 0 
-1.9168 0.00898437 -0.869922 | 8.94065 | 0 
-1.83477 -0.0378906 -0.869922 | 12.487 | 0 
-1.7332 -0.0339844 -0.830859 | 20.1112 | 0 
-1.79961 -0.131641 -0.807422 | 20.5409 | 0 
-1.7332 -0.135547 -0.858203 | 21.9382 | 0 
-1.84258 -0.104297 -0.850391 | 14.8086 | 0 
-1.86992 -0.0964844 -0.803516 | 15.7922 | 0 
-2.06914 -0.0769531 -0.733203 | 17.9535 | 0 
-2.03789 -0.162891 -0.889453 | 12.3655 | 0 
-2.00664 -0.108203 -0.948047 | 7.69728 | 0 
-1.99883 -0.0652344 -0.842578 | 10.0438 | 0 
-2.01445 -0.0574219 -0.897266 | 7.56344 | 0 
-2.05352 -0.0378906 -0.866016 | 9.14956 | 0 
-2.02617 0.0207031 -0.940234 | 5.90606 | 0 
-1.99883 -0.0105469 -0.725391 | 16.0839 | 0 
-2.12773 0.0246094 -0.741016 | 18.8119 | 0 
-2.15898 0.0285156 -0.846484 | 14.4289 | 0 
-2.19414 -0.0457031 -0.889453 | 14.8956 | 0 
-2.13945 -0.108203 -0.748828 | 21.0461 | 0 
-2.01445 -0.186328 -0.612109 | 28.2338 | 0 
-2.03398 -0.0105469 -0.658984 | 20.2326 | 0 
-2.08086 -0.0574219 -0.471484 | 26.3024 | 0 
-2.00664 -0.108203 -0.565234 | 25.7616 | 0 
-2.15508 -0.186328 -0.463672 | 35.1232 | 0 
-2.07695 -0.0769531 -0.209766 | 14.1551 | 0 
-2.16289 -0.0300781 -0.408984 | 28.2292 | 0 
-1.99102 0.0207031 -0.350391 | 20.0855 | 0 
-2.04961 -0.143359 -0.225391 | 17.0038 | 0 
-1.8582 -0.0808594 -0.448047 | 28.1084 | 0 
-1.86992 0.0128906 -0.424609 | 25.7669 | 0 
-1.82305 -0.143359 -0.377734 | 30.0378 | 0 
-1.94023 -0.0847656 -0.623828 | 23.3657 | 0 
-1.77227 0.00117187 -0.596484 | 30.3206 | 0 
-1.93242 0.286328 -0.533984 | 37.025 | 0 
-1.76836 0.165234 -0.397266 | 35.0715 | 0 
-1.92852 0.258984 -0.373828 | 32.5008 | 0 
-2.00664 0.133984 -0.225391 | 15.9031 | 0 
-2.02617 0.102734 -0.397266 | 24.4086 | 0 
-2.08867 0.0753906 -0.283984 | 19.1814 | 0 
-2.08867 0.262891 -0.549609 | 36.5732 | 0 
-2.08867 0.231641 -0.643359 | 31.4016 | 0 
-1.99883 0.387891 -0.494922 | 42.0059 | 0 
-2.03398 0.508984 -0.307422 | 38.232 | 0 
-1.71367 0.469922 -0.385547 | 52.9147 | 0 
-1.86602 0.368359 -0.506641 | 43.9748 | 0 
-1.90898 0.591016 -0.643359 | 40.6176 | 0 
-1.74492 0.735547 -0.287891 | 37.2529 | 0 
-1.88164 0.622266 -0.209766 | 31.3023 | 0 
-2.04961 0.758984 -0.307422 | 28.3193 | 0 
-2.12383 0.563672 -0.256641 | 37.3988 | 0 
-2.03789 0.758984 -0.451953 | 34.1989 | 0 
-2.19023 0.598828 -0.678516 | 44.4238 | 0 
-2.11211 0.735547 -0.748828 | 28.9233 | 0 
-2.19414 0.626172 -0.846484 | 33.8058 | 0 
-2.19023 0.790234 -0.998828 | 20.2508 | 0 
-2.1043 0.798047 -1.16289 | 20.3114 | 0 
-2.02227 0.731641 -0.971484 | 16.9774 | 0 
-2.01445 0.653516 -1.09648 | 23.2083 | 0 
-2.19023 0.622266 -1.05352 | 30.3782 | 0 
-1.96367 0.548047 -1.03008 | 25.2026 | 0 
-2.14336 0.309766 -1.15508 | 27.8647 | 0 
-2.07695 0.540234 -0.780078 | 34.164 | 0 
-2.06133 0.419141 -0.819141 | 30.3571 | 0 
-1.72148 0.423047 -0.701953 | 47.2442 | 0 
-1.82695 0.548047 -1.15508 | 34.2544 | 0 
-1.82305 0.614453 -1.10039 | 29.9298 | 0 
-1.93633 0.716016 -1.18242 | 24.4493 | 0 
-1.74883 0.794141 -1.0418 | 22.4529 | 0 
-1.7957 0.762891 -0.932422 | 21.9226 | 0 
-1.75273 0.606641 -0.737109 | 42.4586 | 0 
-1.57695 0.669141 -0.842578 | 41.8686 | 0 
-1.4832 0.731641 -1.04961 | 35.4141 | 0 
-1.56914 0.477734 -1.03789 | 43.0231 | 0 
-1.3543 0.532422 -0.721484 | 50.3076 | 0 
-1.33867 0.419141 -1.06914 | 38.0642 | 0 
-1.21367 0.583203 -0.994922 | 29.2096 | 0 
-1.38555 0.716016 -1.06914 | 34.1473 | 0 
-1.40898 0.579297 -0.780078 | 48.2439 | 0 
-1.38945 0.676953 -0.557422 | 54.1691 | 0 
-1.64727 0.751172 -0.491016 | 49.4453 | 0 
-1.67461 0.403516 -0.291797 | 48.4282 | 0 
-1.21758 0.466016 -0.530078 | 49.5524 | 0 
-1.25273 0.145703 -0.471484 | 35.7305 | 0 
-1.20586 0.243359 -0.311328 | 32.2138 | 0 
-1.36602 0.102734 -0.311328 | 34.405 | 0 
-1.4832 0.196484 -0.264453 | 39.8602 | 0 
-1.58867 0.200391 -0.221484 | 36.2519 | 0 
-1.63555 0.110547 -0.537891 | 41.5986 | 0 
-1.66289 -0.190234 -0.436328 | 43.7386 | 0 
-1.4207 -0.182422 -0.311328 | 40.572 | 0 
-1.22539 -0.0808594 -0.373828 | 28.3897 | 0 
-1.4168 -0.00273438 -0.549609 | 40.4933 | 0 
-1.33867 -0.0183594 -0.678516 | 31.9488 | 0 
-1.20195 -0.0769531 -0.670703 | 24.8523 | 0 
-1.22148 -0.147266 -0.932422 | 15.473 | 0 
-1.26055 -0.108203 -0.854297 | 19.122 | 0 
-1.23711 0.0285156 -0.905078 | 13.4279 | 0 
-1.32695 -0.0574219 -0.783984 | 25.5524 | 0 
-1.44414 -0.0886719 -0.717578 | 35.5341 | 0 
-1.63945 -0.198047 -0.901172 | 28.5999 | 0 
-1.53008 0.0207031 -0.834766 | 27.8671 | 0 
-1.45195 0.106641 -0.936328 | 25.4957 | 0 
-1.63164 0.188672 -0.795703 | 33.5099 | 0 
-1.55742 0.188672 -0.760547 | 37.9749 | 0 
-1.26445 0.0871094 -0.744922 | 24.848 | 0 
-1.27617 0.216016 -0.908984 | 23.6105 | 0 
-1.38945 0.208203 -0.866016 | 31.1502 | 0 
-1.24492 0.251172 -1.05742 | 23.1295 | 0 
-1.37383 0.153516 -1.13555 | 27.9342 | 0 
-1.50273 0.239453 -0.955859 | 32.9477 | 0 
-1.61602 0.180859 -1.13164 | 30.4047 | 0 
-1.62383 0.0988281 -1.01445 | 22.7066 | 0 
-1.52617 -0.0378906 -1.14336 | 27.5749 | 0 
-1.69805 -0.0613281 -1.02227 | 17.9698 | 0 
-1.65508 -0.178516 -1.07695 | 26.3521 | 0 
-1.55742 -0.0964844 -1.11992 | 27.5342 | 0 
-1.37383 -0.178516 -1.01445 | 25.6664 | 0 
-1.37773 -0.0496094 -1.08477 | 22.1358 | 0 
-1.20586 -0.0222656 -1.11992 | 12.7755 | 0 
-1.2957 -0.0730469 -1.01836 | 16.6549 | 0 
-1.30742 -0.127734 -1.15898 | 24.2385 | 0 
-1.11211 -0.0808594 -1.10039 | 8.02156 | 0 
-1.17852 -0.166797 -1.04961 | 13.6654 | 0 
-1.1043 -0.158984 -1.0457 | 9.40714 | 0 
-1.1668 -0.104297 -1.03008 | 9.68994 | 0 
-1.19414 -0.0496094 -1.03008 | 9.71129 | 0 
-1.08477 -0.0183594 -0.979297 | 3.67212 | 0 
-1.11992 -0.0457031 -1.02617 | 5.56068 | 0 
-1.11602 0.0128906 -1.04961 | 5.40324 | 0 
-1.12773 0.0402344 -1.01055 | 5.68585 | 0 
-1.1668 0.0324219 -1.14336 | 11.6734 | 0 
-1.08086 -0.0339844 -1.1043 | 5.95052 | 0 
-1.13164 0.00117187 -1.18242 | 11.7894 | 0 
-1.08867 0.0480469 -1.08867 | 5.84955 | 0 
-1.01836 -0.00664063 -1.15898 | 7.04347 | 0 
-1.07305 -0.0457031 -1.08867 | 5.2954 | 0 
-0.955859 -0.0730469 -1.08477 | 4.89785 | 0 
-1.00664 0.0128906 -1.14336 | 6.15205 | 0 
-0.971484 0.0480469 -1.05742 | 3.32037 | 0 
-0.979297 0.0324219 -1.03398 | 2.54757 | 0 
-0.994922 0.00507812 -0.955859 | 2.29588 | 0 
-1.05352 -0.00664063 -1.01055 | 2.72181 | 0 
-1.01445 0.0246094 -1.05742 | 2.9522 | 0 
-1.06523 -0.0261719 -1.05742 | 3.86059 | 0 
-1.07305 -0.0574219 -1.02227 | 3.97617 | 0 
-1.01445 -0.0457031 -0.975391 | 2.55259 | 0 
-0.971484 -0.0300781 -0.983203 | 2.30514 | 0 
-0.994922 -0.0222656 -1.02617 | 2.28109 | 0 
-1.01055 -0.0769531 -1.06133 | 4.05509 | 0 
-0.963672 -0.0808594 -1.03789 | 3.81693 | 0 
-0.991016 -0.0925781 -0.951953 | 4.00968 | 0 
-1.07305 -0.123828 -0.998828 | 6.07665 | 0 
-1.02227 -0.0886719 -1.01836 | 3.76641 | 0 
-1.04961 -0.174609 -1.0418 | 8.48049 | 0 
-0.998828 -0.166797 -0.987109 | 7.04 | 0 
-1.06133 -0.166797 -1.09258 | 9.73295 | 0 
-0.967578 -0.135547 -1.19414 | 12.5619 | 0 
-0.963672 -0.158984 -1.1668 | 12.1698 | 0 
-0.885547 -0.0847656 -1.14727 | 9.95293 | 0 
-0.877734 -0.108203 -1.09258 | 8.65237 | 0 
-0.928516 -0.198047 -1.01055 | 9.7297 | 0 
-0.866016 -0.0847656 -1.03789 | 6.84069 | 0 
-0.834766 -0.186328 -0.987109 | 12.7662 | 0 
-0.780078 -0.151172 -0.979297 | 13.9781 | 0 
-0.713672 -0.198047 -1.19023 | 27.3538 | 0 
-0.733203 -0.00664063 -1.1668 | 17.9683 | 0 
-0.795703 -0.0691406 -0.975391 | 9.80518 | 0 
-0.826953 0.00898437 -1.0457 | 7.55394 | 0 
-0.838672 -0.0417969 -0.994922 | 6.75531 | 0 
-0.866016 -0.0222656 -1.06523 | 6.15036 | 0 
-0.912891 -0.0496094 -0.975391 | 3.8492 | 0 
-0.940234 0.00117187 -0.991016 | 2.57918 | 0 
-0.940234 0.0285156 -0.983203 | 2.76408 | 0 
-0.912891 0.0128906 -1.06133 | 4.18681 | 0 
-0.912891 0.0128906 -1.07695 | 4.63326 | 0 
-0.858203 -0.0339844 -1.11602 | 8.46467 | 0 
-0.838672 -0.0457031 -1.19805 | 14.056 | 0 
-0.893359 0.0832031 -1.1668 | 10.6712 | 0 
-0.893359 0.165234 -1.11211 | 11.5265 | 0 
-0.905078 0.0832031 -1.11602 | 7.67492 | 0 
-0.916797 0.169141 -1.00273 | 8.34695 | 0 
-0.826953 0.114453 -0.959766 | 9.76325 | 0 
-0.752734 0.130078 -1.01836 | 14.6734 | 0 
-0.807422 0.0636719 -1.13945 | 12.8131 | 0 
-0.752734 0.200391 -1.17852 | 24.4151 | 0 
-0.756641 0.251172 -1.02227 | 21.4348 | 0 
-0.815234 0.251172 -1.06914 | 18.8883 | 0 
-0.897266 0.243359 -1.01055 | 13.5023 | 0 
-0.846484 0.180859 -1.15508 | 16.5601 | 0 
-1.01445 0.184766 -1.15508 | 12.8369 | 0 
-1.1707 0.298047 -1.12383 | 23.7939 | 0 
-1.11602 0.161328 -1.08867 | 11.2226 | 0 
-1.18633 0.0910156 -1.07695 | 11.4181 | 0 
-1.03008 0.0949219 -1.14727 | 8.2748 | 0 
-1.04961 0.173047 -1.11211 | 10.5814 | 0 
-1.06914 0.0910156 -1.1043 | 6.96222 | 0 
-0.967578 0.0714844 -1.02227 | 3.28265 | 0 
-1.02617 0.161328 -1.07305 | 8.11266 | 0 
-1.05742 0.130078 -0.971484 | 6.04086 | 0 
-0.967578 0.0988281 -0.971484 | 4.12338 | 0 
-1.11602 0.0597656 -0.951953 | 5.84557 | 0 
-1.11211 0.0558594 -1.05742 | 5.99152 | 0 
-1.17461 0.130078 -1.05352 | 11.6629 | 0 
-1.18633 0.262891 -0.979297 | 19.4343 | 0 
-1.06523 0.192578 -1.00273 | 9.47692 | 0 
-0.987109 0.255078 -1.01836 | 12.4948 | 0 
-0.959766 0.239453 -0.869922 | 14.549 | 0 
-1.11211 0.286328 -0.916797 | 18.1378 | 0 
-1.08477 0.188672 -0.948047 | 10.2656 | 0 
-1.1668 0.145703 -0.916797 | 12.4718 | 0 
-1.09258 0.0636719 -0.866016 | 7.72117 | 0 
-1.02227 0.106641 -0.905078 | 5.86175 | 0 
-0.955859 0.126172 -0.916797 | 6.46909 | 0 
-1.03398 0.165234 -0.869922 | 10.1607 | 0 
-0.998828 0.141797 -0.881641 | 8.14862 | 0 
-0.967578 0.0792969 -0.783984 | 10.8605 | 0 
-1.01445 0.149609 -0.721484 | 17.4977 | 0 
-1.19023 0.176953 -0.772266 | 22.5522 | 0 
-0.866016 0.294141 -0.748828 | 27.548 | 0 
-0.823047 0.235547 -0.729297 | 27.2248 | 0 
-0.701953 0.118359 -0.854297 | 20.7558 | 0 
-0.869922 0.102734 -0.897266 | 8.75452 | 0 
-0.889453 0.149609 -0.842578 | 12.4482 | 0 
-0.940234 0.0597656 -0.928516 | 4.13524 | 0 
-0.850391 0.102734 -0.772266 | 16.05 | 0 
-0.854297 0.137891 -0.713672 | 20.9511 | 0 
-0.948047 -0.0378906 -0.768359 | 11.1497 | 0 
-0.924609 0.00117187 -0.787891 | 10.2187 | 0 
-0.893359 0.0402344 -0.924609 | 5.23561 | 0 
-0.932422 -0.0535156 -0.885547 | 5.58068 | 0 
-0.842578 -0.0300781 -0.838672 | 10.8103 | 0 
-0.885547 -0.0105469 -0.893359 | 6.2426 | 0 
-0.799609 0.0207031 -0.830859 | 13.483 | 0 
-0.803516 -0.0105469 -0.928516 | 9.22219 | 0 
-0.701953 0.00117187 -0.811328 | 20.3658 | 0 
-0.725391 -0.0144531 -0.776172 | 21.0731 | 0 
-0.744922 -0.158984 -0.709766 | 28.4921 | 0 
-0.823047 -0.0847656 -0.881641 | 11.0569 | 0 
-0.834766 -0.139453 -0.854297 | 13.8736 | 0 
-0.862109 -0.0847656 -0.877734 | 9.23863 | 0 
-0.948047 -0.162891 -0.858203 | 10.699 | 0 
-0.866016 -0.100391 -0.819141 | 12.4856 | 0 
-1.02227 -0.162891 -0.721484 | 18.2679 | 0 
-0.967578 -0.170703 -0.869922 | 10.3082 | 0 
-1.03789 -0.135547 -0.873828 | 8.53511 | 0 
-0.975391 -0.0964844 -0.830859 | 8.68752 | 0 
-0.983203 -0.0183594 -0.932422 | 2.84652 | 0 
-1.05742 -0.0417969 -0.901172 | 4.78546 | 0 
-1.03398 -0.0652344 -0.877734 | 5.70772 | 0 
-1.0418 -0.00273438 -0.830859 | 7.25523 | 0 
-1.07305 0.0480469 -0.944141 | 4.14188 | 0 
-1.01055 0.0363281 -0.889453 | 4.41179 | 0 
-0.963672 0.0363281 -0.924609 | 3.40474 | 0 
-0.959766 -0.0261719 -0.721484 | 13.6772 | 0 
-1.01445 -0.0222656 -0.709766 | 14.1734 | 0 
-1.19805 -0.0652344 -0.807422 | 16.183 | 0 
-1.19414 0.00507812 -0.866016 | 12.0821 | 0 
-1.08477 -0.0183594 -0.873828 | 6.37337 | 0 
-1.19414 -0.0417969 -0.854297 | 12.9682 | 0 
-1.08867 -0.0925781 -0.862109 | 8.61814 | 0 
-1.10039 -0.170703 -0.799609 | 15.9581 | 0 
-1.17852 -0.158984 -0.604297 | 29.9539 | 0 
-1.14727 0.0285156 -0.619922 | 23.1385 | 0 
-0.979297 -0.0183594 -0.545703 | 20.9986 | 0 
-1.1082 -0.0808594 -0.451953 | 24.4732 | 0 
-1.11992 -0.151172 -0.205859 | 15.4703 | 0 
-1.15508 0.0480469 -0.369922 | 23.1507 | 0 
-0.979297 0.0128906 -0.385547 | 18.7489 | 0 
-0.971484 -0.0378906 -0.229297 | 10.1428 | 0 
-1.03398 -0.190234 -0.248828 | 17.6532 | 0 
-0.912891 -0.127734 -0.350391 | 21.3824 | 0 
-0.854297 -0.0496094 -0.272266 | 16.5886 | 0 
-0.772266 0.0207031 -0.397266 | 27.4327 | 0 
-0.717578 -0.0769531 -0.295703 | 26.61 | 0 
-0.803516 -0.0886719 -0.678516 | 23.6687 | 0 
-0.862109 -0.147266 -0.557422 | 27.94 | 0 
-0.940234 -0.0378906 -0.670703 | 17.093 | 0 
-0.709766 0.00117187 -0.541797 | 32.9559 | 0 
-0.748828 0.0910156 -0.541797 | 32.1844 | 0 
-0.787891 0.251172 -0.408984 | 36.9754 | 0 
-0.791797 0.0558594 -0.381641 | 26.1491 | 0 
-0.936328 0.212109 -0.389453 | 27.1879 | 0 
-1.05352 0.286328 -0.229297 | 22.7701 | 0 
-0.983203 0.0792969 -0.436328 | 21.6451 | 0 
-1.14727 0.0714844 -0.350391 | 22.3177 | 0 
-1.15117 0.255078 -0.201953 | 22.9587 | 0 
-1.11602 0.227734 -0.491016 | 32.6693 | 0 
-0.975391 0.137891 -0.553516 | 24.3603 | 0 
-1.11211 0.0792969 -0.600391 | 23.275 | 0 
-1.03008 0.169141 -0.639453 | 23.2125 | 0 
-0.991016 0.352734 -0.643359 | 33.7625 | 0 
-1.04961 0.532422 -0.569141 | 41.0553 | 0 
-1.07305 0.473828 -0.385547 | 39.9484 | 0 
-0.873828 0.473828 -0.401172 | 42.1285 | 0 
-0.908984 0.360547 -0.600391 | 37.3842 | 0 
-0.885547 0.594922 -0.674609 | 36.9048 | 0 
-0.772266 0.747266 -0.272266 | 31.4007 | 0 
-0.940234 0.583203 -0.280078 | 32.5424 | 0 
-1.06914 0.704297 -0.346484 | 31.2181 | 0 
-1.19805 0.758984 -0.432422 | 37.5395 | 0 
-1.12773 0.755078 -0.576953 | 33.7609 | 0 
-1.02617 0.606641 -0.760547 | 29.3101 | 0 
-1.16289 0.637891 -0.893359 | 25.9911 | 0 
-0.983203 0.712109 -0.948047 | 15.3146 | 0 
-1.1043 0.704297 -0.858203 | 21.0689 | 0 
-1.13164 0.735547 -0.983203 | 16.9809 | 0 
-1.15117 0.782422 -1.19414 | 22.084 | 0 
-1.05742 0.762891 -1.1082 | 14.9864 | 0 
-0.991016 0.782422 -1.07695 | 11.8933 | 0 
-0.979297 0.696484 -1.00273 | 15.835 | 0 
-1.02227 0.653516 -1.15117 | 22.7746 | 0 
-1.13945 0.485547 -1.13945 | 29.9899 | 0 
-0.971484 0.532422 -1.00664 | 22.2026 | 0 
-0.994922 0.337109 -1.03008 | 17.5518 | 0 
-1.14336 0.387891 -1.1668 | 29.236 | 0 
-1.18242 0.423047 -0.866016 | 30.4003 | 0 
-1.04961 0.524609 -0.912891 | 24.0336 | 0 
-0.963672 0.462109 -0.807422 | 28.2413 | 0 
-1.02617 0.368359 -0.936328 | 19.7599 | 0 
-0.862109 0.376172 -0.783984 | 30.0274 | 0 
-0.940234 0.426953 -0.916797 | 22.9044 | 0 
-0.756641 0.321484 -0.799609 | 32.1733 | 0 
-0.932422 0.380078 -1.09258 | 22.0333 | 0 
-0.830859 0.501172 -1.10039 | 29.2116 | 0 
-0.729297 0.673047 -1.19023 | 34.68 | 0 
-0.905078 0.587109 -0.971484 | 22.5334 | 0 
-0.944141 0.692578 -1.05742 | 17.2728 | 0 
-0.908984 0.790234 -0.991016 | 11.5387 | 0 
-0.826953 0.716016 -1.13164 | 23.1774 | 0 
-0.811328 0.735547 -1.13555 | 23.0496 | 0 
-0.752734 0.794141 -0.916797 | 20.4636 | 0 
-0.866016 0.712109 -0.846484 | 21.9734 | 0 
-0.819141 0.645703 -0.893359 | 25.9333 | 0 
-0.850391 0.594922 -0.815234 | 30.1326 | 0 
-0.838672 0.778516 -0.803516 | 21.5859 | 0 
-0.530078 0.673047 -0.815234 | 41.8844 | 0 
-0.498828 0.673047 -0.877734 | 38.9294 | 0 
-0.451953 0.563672 -1.04961 | 40.8637 | 0 
-0.494922 0.395703 -1.00273 | 39.3319 | 0 
-0.408984 0.493359 -0.717578 | 51.3489 | 0 
-0.319141 0.583203 -1.15898 | 39.2464 | 0 
-0.381641 0.794141 -0.854297 | 30.0339 | 0 
-0.283984 0.719922 -0.596484 | 43.1705 | 0 
-0.330859 0.684766 -0.416797 | 48.2662 | 0 
-0.690234 0.653516 -0.639453 | 47.0784 | 0 
-0.522266 0.477734 -0.283984 | 52.5054 | 0 
-0.295703 0.466016 -0.619922 | 50.5872 | 0 
-0.287891 0.0988281 -0.573047 | 33.6112 | 0 
-0.209766 0.219922 -0.549609 | 35.5328 | 0 
-0.213672 0.149609 -0.358203 | 28.3227 | 0 
-0.393359 0.243359 -0.381641 | 45.1403 | 0 
-0.483203 0.0714844 -0.209766 | 28.7176 | 0 
-0.522266 0.227734 -0.639453 | 45.6421 | 0 
-0.635547 -0.0144531 -0.584766 | 35.9895 | 0 
-0.604297 -0.158984 -0.381641 | 40.4125 | 0 
-0.440234 -0.174609 -0.420703 | 43.927 | 0 
-0.283984 -0.158984 -0.366016 | 33.6078 | 0 
-0.381641 -0.0769531 -0.662891 | 34.3012 | 0 
-0.264453 -0.131641 -0.838672 | 19.6399 | 0 
-0.217578 -0.0222656 -0.756641 | 18.2779 | 0 
-0.405078 0.00507812 -0.811328 | 25.3423 | 0 
-0.459766 -0.0769531 -0.725391 | 33.1121 | 0 
-0.698047 -0.112109 -0.752734 | 26.4813 | 0 
-0.514453 -0.0144531 -0.811328 | 27.1644 | 0 
-0.666797 0.161328 -0.901172 | 22.8548 | 0 
-0.483203 0.188672 -0.854297 | 31.0905 | 0 
-0.217578 0.149609 -0.768359 | 21.5883 | 0 
-0.420703 0.137891 -0.877734 | 26.0834 | 0 
-0.264453 0.227734 -0.834766 | 25.2533 | 0 
-0.440234 0.278516 -1.02227 | 32.4994 | 0 
-0.272266 0.133984 -0.959766 | 16.0647 | 0 
-0.295703 0.0636719 -0.971484 | 14.8173 | 0 
-0.350391 0.106641 -1.05352 | 19.8638 | 0 
-0.319141 0.130078 -1.10039 | 20.6209 | 0 
-0.448047 0.243359 -1.09648 | 32.299 | 0 
-0.522266 0.219922 -0.967578 | 29.4878 | 0 
-0.584766 0.176953 -1.17461 | 31.3759 | 0 
-0.619922 0.122266 -1.02227 | 21.6435 | 0 
-0.455859 0.161328 -1.11602 | 28.3508 | 0 
-0.467578 -0.0535156 -1.05352 | 22.2446 | 0 
-0.584766 0.0167969 -1.15508 | 24.7302 | 0 
-0.686328 -0.158984 -0.983203 | 20.0014 | 0 
-0.557422 -0.174609 -1.12773 | 29.4589 | 0 
-0.401172 -0.151172 -1.03789 | 23.8582 | 0 
-0.416797 0.0207031 -1.1043 | 22.2139 | 0 
-0.330859 0.0246094 -1.08086 | 17.5255 | 0 
-0.205859 0.0167969 -1.12383 | 11.5003 | 0 
-0.303516 0.0480469 -1.0418 | 15.2743 | 0 
-0.225391 -0.0496094 -0.975391 | 10.0657 | 0 
-0.237109 -0.182422 -0.951953 | 16.5193 | 0 
-0.283984 -0.155078 -1.27227 | 29.6201 | 0 
-0.444141 -0.0652344 -1.26055 | 32.6714 | 0 
-0.451953 -0.0886719 -1.26055 | 33.5234 | 0 
-0.576953 -0.0144531 -1.22539 | 29.1895 | 0 
-0.545703 0.0597656 -1.20195 | 29.0602 | 0 
-0.658984 0.165234 -1.30742 | 36.0354 | 0 
-0.573047 0.239453 -1.20195 | 37.1601 | 0 
-0.389453 0.188672 -1.40898 | 44.5059 | 0 
-0.346484 0.262891 -1.57695 | 48.0364 | 0 
-0.459766 0.0910156 -1.53008 | 43.656 | 0 
-0.502734 -0.104297 -1.46758 | 44.2806 | 0 
-0.315234 -0.0808594 -1.53398 | 37.48 | 0 
-0.405078 -0.0730469 -1.78008 | 30.7679 | 0 
-0.330859 -0.127734 -1.9207 | 22.9469 | 0 
-0.260547 -0.158984 -1.93242 | 19.9656 | 0 
-0.299609 -0.182422 -2.14727 | 27.665 | 0 
-0.362109 -0.0457031 -2.13945 | 25.1951 | 0 
-0.264453 -0.0535156 -1.96367 | 15.6551 | 0 
-0.201953 0.169141 -2.05352 | 17.0083 | 0 
-0.315234 0.114453 -2.07695 | 22.0337 | 0 
-0.397266 0.204297 -2.12383 | 32.743 | 0 
-0.295703 0.274609 -1.7957 | 34.9275 | 0 
-0.369922 0.0832031 -1.76055 | 30.7586 | 0 
-0.506641 0.266797 -1.70195 | 47.2425 | 0 
-0.694141 0.0636719 -1.7918 | 25.3281 | 0 
-0.651172 0.270703 -2.09648 | 33.7898 | 0 
-0.455859 0.0910156 -2.03789 | 25.8601 | 0 
-0.694141 0.0558594 -2.14336 | 22.9165 | 0 
-0.592578 0.0246094 -2.07305 | 24.1589 | 0 
-0.514453 -0.139453 -1.99883 | 27.8378 | 0 
-0.604297 -0.116016 -1.9207 | 25.7533 | 0 
-0.600391 -0.0574219 -1.78398 | 30.1468 | 0 
-0.744922 -0.151172 -1.79961 | 25.2504 | 0 
-0.838672 -0.0144531 -1.74883 | 18.5892 | 0 
-0.772266 0.00507812 -1.81133 | 18.7293 | 0 
-0.744922 0.0441406 -1.90117 | 16.7392 | 0 
-0.916797 -0.0574219 -1.87383 | 9.31572 | 0 
-0.866016 -0.127734 -1.86992 | 13.8116 | 0 
-0.920703 -0.190234 -1.86992 | 15.0868 | 0 
-0.729297 -0.131641 -1.90508 | 20.4321 | 0 
-0.717578 -0.0808594 -2.11992 | 21.0086 | 0 
-0.858203 -0.131641 -2.15117 | 16.5064 | 0 
-0.908984 -0.151172 -1.98711 | 10.6035 | 0 
-0.826953 -0.0925781 -1.95195 | 11.9505 | 0 
-0.932422 -0.0457031 -2.02617 | 6.40925 | 0 
-0.850391 -0.0574219 -1.95586 | 9.68012 | 0 
-0.873828 0.0402344 -2.06914 | 9.27444 | 0 
-0.924609 -0.00273438 -1.99102 | 5.93756 | 0 
-0.916797 -0.00273438 -2.08867 | 8.05251 | 0 
-0.869922 -0.0457031 -2.13555 | 12.2997 | 0 
-0.858203 0.0167969 -2.10039 | 10.8415 | 0 
-0.752734 -0.0105469 -2.13555 | 18.3901 | 0 
-0.780078 0.0246094 -1.99102 | 12.8299 | 0 
-0.795703 0.0988281 -2.01445 | 13.7766 | 0 
-0.780078 0.114453 -2.17461 | 21.3864 | 0 
-0.924609 0.173047 -2.18633 | 18.2223 | 0 
-0.862109 0.286328 -2.03398 | 20.9764 | 0 
-0.768359 0.204297 -2.11211 | 23.4898 | 0 
-0.705859 0.208203 -1.94023 | 25.1448 | 0 
-0.799609 0.114453 -1.72148 | 24.8075 | 0 
-0.834766 0.118359 -1.89336 | 14.0201 | 0 
-0.948047 0.227734 -1.70586 | 25.7323 | 0 
-0.994922 0.258984 -1.89336 | 17.3731 | 0 
-1.00664 0.239453 -1.81133 | 19.9394 | 0 
-0.963672 0.200391 -1.82305 | 17.0547 | 0 
-0.983203 0.106641 -1.82305 | 12.089 | 0 
-0.955859 0.141797 -1.88164 | 11.2098 | 0 
-1.01445 0.0753906 -1.86602 | 8.99827 | 0 
-1.08086 0.157422 -1.94023 | 11.4231 | 0 
-1.15117 0.0832031 -1.90508 | 12.2054 | 0 
-1.18242 0.133984 -1.7332 | 24.693 | 0 
-1.13164 0.227734 -1.9207 | 18.0729 | 0 
-1.08086 0.196484 -2.17852 | 19.5744 | 0 
-0.975391 0.176953 -2.14336 | 15.0556 | 0 
-1.04961 0.192578 -2.04961 | 12.7733 | 0 
-1.00664 0.141797 -2.01445 | 8.85452 | 0 
-1.06523 0.114453 -1.97539 | 8.47382 | 0 
-1.03008 0.0792969 -2.03008 | 6.7604 | 0 
-0.987109 0.106641 -1.99102 | 7.16066 | 0 
-0.963672 0.0871094 -2.08867 | 8.53128 | 0 
-1.03398 0.141797 -2.09648 | 11.2067 | 0 
-1.14727 0.149609 -2.12383 | 16.8126 | 0 
-1.18242 0.165234 -2.03008 | 16.5273 | 0 
-1.17461 -0.0222656 -2.00273 | 10.9286 | 0 
-1.17852 -0.0105469 -2.05742 | 11.9458 | 0 
-1.19023 -0.0378906 -2.13164 | 15.8065 | 0 
-1.11992 -0.00273438 -2.13555 | 11.9359 | 0 
-1.07305 -0.0339844 -2.1043 | 8.9141 | 0 
-0.959766 -0.0457031 -2.19414 | 13.0267 | 0 
-0.979297 0.0246094 -2.11992 | 8.36444 | 0 
-0.963672 0.0402344 -2.02617 | 5.74777 | 0 
-1.0457 0.0441406 -1.99492 | 5.87187 | 0 
-1.06523 -0.0457031 -2.05742 | 7.25142 | 0 
-0.955859 -0.0339844 -1.95586 | 5.7316 | 0 
-0.983203 -0.123828 -2.0418 | 8.42652 | 0 
-1.06133 -0.116016 -1.98711 | 8.39578 | 0 
-1.01836 -0.182422 -2.0418 | 11.529 | 0 
-0.987109 -0.155078 -1.99492 | 9.39925 | 0 
-1.01055 -0.135547 -2.17461 | 14.6414 | 0 
-1.08867 -0.127734 -2.15508 | 14.7929 | 0 
-1.12773 -0.147266 -2.02617 | 12.5692 | 0 
-1.15508 -0.151172 -1.88555 | 15.9537 | 0 
-1.0457 -0.143359 -1.8543 | 12.6576 | 0 
-0.951953 -0.0847656 -1.82695 | 11.4396 | 0 
-1.06523 -0.0574219 -1.90117 | 8.09138 | 0 
-0.959766 -0.0691406 -1.83086 | 10.6599 | 0 
-0.994922 0.0480469 -1.92461 | 6.25472 | 0 
-1.07305 -0.00273438 -1.83477 | 10.4764 | 0 
-1.11211 0.0167969 -1.92461 | 8.47796 | 0 
-1.17461 -0.0339844 -1.93242 | 11.6685 | 0 
-1.08086 -0.0183594 -1.87773 | 8.83251 | 0 
-1.08086 0.0480469 -1.79961 | 13.0576 | 0 
-1.08867 0.0207031 -1.74883 | 15.9145 | 0 
-1.06133 -0.0144531 -1.74102 | 15.4965 | 0 
-1.02617 -0.174609 -1.74883 | 19.7887 | 0 
-1.08477 -0.182422 -1.63555 | 27.7378 | 0 
-1.15898 -0.0105469 -1.49492 | 28.183 | 0 
-1.00273 -0.186328 -1.53008 | 29.31 | 0 
-1.08867 -0.0964844 -1.3543 | 22.417 | 0 
-1.11211 -0.00273438 -1.26836 | 16.378 | 0 
-1.14727 -0.0691406 -1.35039 | 23.9551 | 0 
-1.04961 -0.0144531 -1.33867 | 18.7046 | 0 
-0.850391 -0.198047 -1.44805 | 33.2268 | 0 
-0.846484 0.00898437 -1.38164 | 24.3036 | 0 
-0.803516 -0.0886719 -1.42852 | 29.9151 | 0 
-0.838672 -0.166797 -1.54961 | 32.3701 | 0 
-0.787891 -0.0300781 -1.53789 | 30.5245 | 0 
-0.705859 0.251172 -1.58477 | 44.4994 | 0 
-0.709766 0.0519531 -1.31914 | 29.4847 | 0 
-0.905078 0.243359 -1.24492 | 23.4185 | 0 
-1.03789 0.235547 -1.33867 | 27.5876 | 0 
-1.06133 0.0832031 -1.22539 | 13.1638 | 0 
-1.15117 0.130078 -1.36992 | 27.4007 | 0 
-1.10039 0.243359 -1.27227 | 25.7903 | 0 
-0.959766 0.153516 -1.5418 | 27.5991 | 0 
-1.03008 0.180859 -1.58086 | 28.299 | 0 
-1.05352 0.442578 -1.65898 | 39.3862 | 0 
-1.05352 0.387891 -1.46367 | 41.3233 | 0 
-1.00273 0.485547 -1.20977 | 30.1639 | 0 
-0.783984 0.473828 -1.2957 | 43.0963 | 0 
-0.924609 0.477734 -1.69414 | 38.3948 | 0 
-0.928516 0.790234 -1.54961 | 31.8967 | 0 
-0.893359 0.641797 -1.4207 | 40.4615 | 0 
-1.11602 0.637891 -1.37383 | 39.5757 | 0 
-1.19414 0.555859 -1.61211 | 47.9061 | 0 
-1.11992 0.563672 -1.78398 | 34.5528 | 0 
-1.1707 0.790234 -1.87383 | 21.2075 | 0 
-1.13164 0.762891 -2.19023 | 25.4132 | 0 
-1.0418 0.735547 -1.95977 | 17.0346 | 0 
-1.06133 0.669141 -2.15508 | 26.1998 | 0 
-1.18242 0.657422 -1.96758 | 27.2832 | 0 
-1.0457 0.485547 -2.01836 | 25.8378 | 0 
-1.19414 0.399609 -2.06133 | 31.2056 | 0 
-1.1668 0.485547 -1.91289 | 31.683 | 0 
-1.06914 0.348828 -1.86602 | 24.8329 | 0 
-0.897266 0.544141 -1.8582 | 29.8971 | 0 
-0.709766 0.329297 -1.81133 | 37.4143 | 0 
-0.928516 0.301953 -2.14336 | 23.5356 | 0 
-0.717578 0.512891 -2.13945 | 40.9448 | 0 
-0.940234 0.673047 -2.15898 | 25.9319 | 0 
-0.780078 0.676953 -2.08086 | 29.2114 | 0 
-0.944141 0.633984 -1.86602 | 25.385 | 0 
-0.483203 0.622266 -1.7332 | 51.814 | 0 
-0.514453 0.528516 -2.12773 | 47.9214 | 0 
-0.401172 0.403516 -1.74883 | 49.807 | 0 
-0.287891 0.403516 -2.16289 | 40.2961 | 0 
-0.217578 0.653516 -2.08477 | 29.8804 | 0 
-0.393359 0.731641 -2.15508 | 38.7066 | 0 
-0.385547 0.762891 -1.87773 | 33.7798 | 0 
-0.229297 0.790234 -1.5457 | 38.8585 | 0 
-0.619922 0.469922 -1.49102 | 59.9273 | 0 
-0.412891 0.466016 -1.35039 | 56.421 | 0 
-0.639453 0.766797 -1.39727 | 46.2845 | 0 
-0.225391 0.630078 -1.4207 | 46.5523 | 0 
-0.369922 0.864453 -1.32695 | 37.5484 | 0 
-0.475391 0.993359 -1.31914 | 37.0512 | 0 
-0.537891 1.17695 -1.24883 | 38.4482 | 0 
-0.432422 1.21602 -1.53398 | 50.7846 | 0 
-0.487109 1.29805 -1.56914 | 56.396 | 0 
-0.366016 1.01289 -1.53398 | 39.9795 | 0 
-0.237109 0.856641 -1.45195 | 35.4267 | 0 
-0.303516 1.03242 -1.70586 | 30.3122 | 0 
-0.287891 0.848828 -1.86602 | 24.1647 | 0 
-0.260547 0.880078 -2.18242 | 24.8549 | 0 
-0.346484 0.825391 -2.03008 | 26.2366 | 0 
-0.362109 0.926953 -2.08477 | 24.2324 | 0 
-0.209766 0.985547 -2.10039 | 14.8913 | 0 
-0.209766 0.938672 -1.95977 | 13.3157 | 0 
-0.264453 1.17305 -2.15117 | 26.5134 | 0 
-0.428516 1.13008 -1.98711 | 27.6084 | 0 
-0.225391 1.2668 -1.90117 | 26.6501 | 0 
-0.229297 1.16523 -1.70977 | 30.4599 | 0 
-0.342578 1.13008 -1.90117 | 25.5281 | 0 
-0.451953 1.2043 -1.90898 | 33.6054 | 0 
-0.655078 1.13008 -1.91289 | 25.601 | 0 
-0.655078 1.24727 -2.03398 | 31.794 | 0 
-0.459766 1.07148 -2.18633 | 32.9187 | 0 
-0.690234 0.962109 -2.08867 | 21.2265 | 0 
-0.557422 0.973828 -2.04961 | 25.4329 | 0 
-0.514453 0.911328 -2.14336 | 30.9501 | 0 
-0.557422 0.876172 -1.92461 | 28.1169 | 0 
-0.526172 0.872266 -1.79961 | 34.126 | 0 
-0.729297 0.872266 -1.70195 | 31.5112 | 0 
-0.948047 0.977734 -1.73711 | 16.3071 | 0 
-0.803516 0.942578 -1.76055 | 21.3158 | 0 
-0.807422 0.981641 -1.88164 | 14.3326 | 0 
-0.815234 1.00898 -1.92852 | 12.4246 | 0 
-0.893359 1.02461 -1.90898 | 9.36458 | 0 
-0.834766 0.966016 -1.89336 | 12.5263 | 0 
-0.893359 0.895703 -1.94023 | 10.2952 | 0 
-0.866016 0.841016 -1.89336 | 15.1313 | 0 
-0.803516 0.907422 -1.92852 | 14.5252 | 0 
-0.713672 0.864453 -1.95195 | 21.1944 | 0 
-0.701953 0.868359 -2.08867 | 23.3249 | 0 
-0.854297 0.868359 -2.08477 | 14.3511 | 0 
-0.877734 0.821484 -2.06914 | 15.122 | 0 
-0.908984 0.876172 -2.0418 | 10.5739 | 0 
-0.873828 0.954297 -2.06523 | 10.1584 | 0 
-0.893359 0.997266 -2.03789 | 8.39121 | 0 
-0.893359 1.0207 -2.19414 | 15.4626 | 0 
-0.924609 0.985547 -2.07695 | 8.42857 | 0 
-0.877734 0.997266 -2.13164 | 12.3489 | 0 
-0.803516 0.977734 -2.08086 | 13.9929 | 0 
-0.752734 0.973828 -2.05742 | 16.3549 | 0 
-0.729297 1.12227 -1.99102 | 19.8771 | 0 
-0.744922 1.15352 -2.10039 | 22.8427 | 0 
-0.866016 1.15742 -2.12773 | 17.5131 | 0 
-0.862109 1.29414 -2.0418 | 23.1921 | 0 
-0.717578 1.21211 -2.17852 | 32.0528 | 0 
-0.725391 1.10664 -1.76445 | 27.6594 | 0 
-0.932422 1.05195 -1.80352 | 13.3453 | 0 
-0.905078 1.22383 -1.80352 | 22.3595 | 0 
-0.905078 1.28633 -1.8582 | 23.6291 | 0 
-1.00664 1.2707 -1.74102 | 27.5292 | 0 
-1.06914 1.13008 -1.72148 | 21.2527 | 0 
-1.00664 1.15742 -1.94805 | 11.1903 | 0 
-1.07305 1.06758 -1.94023 | 8.67537 | 0 
-1.10039 1.15352 -1.87773 | 15.1024 | 0 
-1.11211 1.06758 -1.77227 | 17.391 | 0 
-1.09648 1.22383 -1.77227 | 24.5915 | 0 
-1.16289 1.23555 -1.9207 | 21.6728 | 0 
-1.10039 1.18086 -2.14727 | 18.9155 | 0 
-0.991016 1.18477 -2.17852 | 18.8207 | 0 
-1.05742 1.22383 -1.98711 | 15.6041 | 0 
-1.00273 1.11836 -1.9793 | 8.89992 | 0 
-1.01445 1.13008 -2.06914 | 10.7157 | 0 
-1.0418 1.09492 -1.96758 | 8.43163 | 0 
-0.994922 1.10273 -2.1707 | 14.1562 | 0 
-1.07305 1.12617 -2.15898 | 15.685 | 0 
-1.19414 1.09102 -2.16289 | 20.2433 | 0 
-1.11211 1.11055 -1.9832 | 11.1557 | 0 
-1.08086 0.969922 -1.98711 | 7.53151 | 0 
-1.17461 0.985547 -2.03008 | 12.1297 | 0 
-1.08086 0.997266 -2.07305 | 8.75976 | 0 
-1.16289 0.969922 -2.14727 | 15.8618 | 0 
-1.11211 1.02461 -2.14336 | 13.1697 | 0 
-1.01445 0.930859 -2.1707 | 12.7989 | 0 
-0.994922 1.02461 -2.19414 | 13.5402 | 0 
-1.0457 1.0207 -1.95586 | 6.83682 | 0 
-1.05352 0.950391 -2.04961 | 7.7378 | 0 
-0.975391 0.926953 -1.97539 | 6.9863 | 0 
-1.00664 0.919141 -2.02617 | 7.3702 | 0 
-1.04961 0.919141 -1.95586 | 7.89898 | 0 
-0.959766 0.805859 -1.97539 | 12.4717 | 0 
-1.05352 0.821484 -2.13555 | 15.976 | 0 
-1.15508 0.821484 -2.12773 | 19.629 | 0 
-1.14727 0.841016 -1.95195 | 14.8579 | 0 
-1.09648 0.825391 -1.92461 | 13.909 | 0 
-0.955859 0.872266 -1.94805 | 9.43107 | 0 
-1.01836 0.895703 -1.83867 | 12.0703 | 0 
-1.01445 0.969922 -1.94023 | 6.65045 | 0 
-1.00273 0.981641 -1.85039 | 9.56329 | 0 
-0.994922 0.997266 -1.9168 | 7.00074 | 0 
-1.03789 1.00117 -1.8582 | 9.52797 | 0 
-1.11602 1.0168 -1.9207 | 9.78108 | 0 
-1.15898 1.04414 -1.76836 | 19.3797 | 0 
-1.02617 1.0207 -1.81133 | 11.8365 | 0 
-1.03398 0.954297 -1.76836 | 14.5925 | 0 
-0.987109 0.876172 -1.7957 | 15.0441 | 0 
-1.16289 0.887891 -1.64336 | 28.2275 | 0 
-1.1668 0.954297 -1.46367 | 29.5716 | 0 
-1.09648 0.817578 -1.32695 | 25.9428 | 0 
-1.1668 1.0168 -1.27227 | 20.4711 | 0 
-0.959766 1.0207 -1.3543 | 20.2935 | 0 
-1.01055 0.841016 -1.33477 | 23.1978 | 0 
-0.936328 0.829297 -1.21367 | 16.7855 | 0 
-0.924609 0.962109 -1.26836 | 15.9235 | 0 
-0.928516 1.03242 -1.31914 | 19.0757 | 0 
-0.741016 1.00898 -1.37773 | 31.2369 | 0 
-0.776172 0.821484 -1.56914 | 36.8316 | 0 
-0.783984 1.13008 -1.5457 | 34.9104 | 0 
-0.776172 1.29414 -1.36211 | 41.7094 | 0 
-0.971484 1.29023 -1.37383 | 34.1759 | 0 
-0.975391 1.28633 -1.51445 | 37.2405 | 0 
-1.01445 1.40742 -1.58867 | 42.4181 | 0 
-1.17852 1.46211 -1.25664 | 40.8989 | 0 
-0.877734 1.5207 -1.30742 | 41.0465 | 0 
-0.948047 1.31758 -1.67461 | 34.6486 | 0 
-0.944141 1.56367 -1.53789 | 45.2395 | 0 
-0.709766 1.67305 -1.3543 | 48.3811 | 0 
-1.03789 1.66133 -1.42461 | 40.3353 | 0 
-1.14727 1.55586 -1.53789 | 49.1944 | 0 
-1.10039 1.59883 -1.8582 | 30.9907 | 0 
-1.0418 1.7043 -1.89336 | 22.912 | 0 
-1.1668 1.79414 -1.96367 | 20.9648 | 0 
-1.0418 1.79023 -2.19414 | 23.5081 | 0 
-1.00273 1.63008 -2.00273 | 24.5184 | 0 
-1.11992 1.46992 -2.00664 | 29.9791 | 0 
-1.05352 1.41914 -1.95586 | 26.6283 | 0 
-1.19414 1.39961 -1.83477 | 36.3111 | 0 
-0.979297 1.53633 -1.9207 | 28.0493 | 0 
-0.889453 1.3293 -1.77617 | 31.1715 | 0 
-0.787891 1.53633 -1.7957 | 40.7556 | 0 
-0.834766 1.49336 -2.07695 | 33.3006 | 0 
-0.885547 1.59883 -2.19805 | 35.5746 | 0 
-0.787891 1.71602 -2.1043 | 29.8258 | 0 
-0.854297 1.55977 -1.90898 | 31.6071 | 0 
-0.764453 1.68086 -1.78008 | 38.0017 | 0 
-0.662891 1.5832 -1.7957 | 47.2066 | 0 
-0.604297 1.7668 -1.9793 | 34.364 | 0 
-0.682422 1.52852 -2.13164 | 44.5355 | 0 
-0.682422 1.4543 -1.74102 | 49.8862 | 0 
-0.440234 1.49727 -1.83086 | 50.2246 | 0 
-0.412891 1.36445 -2.06523 | 42.2522 | 0 
-0.424609 1.78633 -1.9832 | 33.9961 | 0 
-0.369922 1.66133 -1.81523 | 44.3365 | 0 
-0.463672 1.63398 -1.69805 | 55.3764 | 0 
-0.221484 1.30977 -1.44805 | 45.2187 | 0 
-0.682422 1.63398 -1.40898 | 54.3102 | 0 
-0.405078 1.65742 -1.31133 | 52.1573 | 0 
-0.303516 1.58711 -1.05352 | 36.1196 | 0 
-0.342578 1.5832 -0.893359 | 39.7427 | 0 
-0.440234 1.41914 -0.764453 | 49.9254 | 0 
-0.408984 1.36445 -1.07695 | 39.3314 | 0 
-0.631641 1.35664 -1.17852 | 42.2665 | 0 
-0.588672 1.43086 -0.842578 | 45.1683 | 0 
-0.639453 1.75117 -0.912891 | 32.0967 | 0 
-0.666797 1.61055 -1.11602 | 39.5013 | 0 
-0.783984 1.68477 -1.19023 | 33.0681 | 0 
-0.729297 1.57148 -0.971484 | 34.4106 | 0 
-0.709766 1.7707 -0.780078 | 33.5731 | 0 
-0.881641 1.55977 -0.823047 | 31.4007 | 0 
-1.02617 1.71602 -0.701953 | 29.7177 | 0 
-1.18242 1.64961 -0.823047 | 32.1446 | 0 
-1.12773 1.78633 -0.983203 | 16.2737 | 0 
-1.15117 1.7668 -1.15117 | 23.0823 | 0 
-1.07305 1.7668 -1.15117 | 19.7615 | 0 
-1.05352 1.6457 -0.994922 | 21.4673 | 0 
-1.1082 1.64961 -1.13164 | 26.5811 | 0 
-0.994922 1.50117 -1.19023 | 30.9973 | 0 
-1.14336 1.35273 -1.06914 | 25.0149 | 0 
-1.17852 1.4543 -0.908984 | 31.1697 | 0 
-1.05352 1.4543 -0.713672 | 36.1475 | 0 
-0.994922 1.30586 -0.893359 | 19.0985 | 0 
-0.936328 1.45039 -0.741016 | 34.4014 | 0 
-0.815234 1.47383 -0.885547 | 31.9773 | 0 
-0.791797 1.35273 -0.975391 | 26.9474 | 0 
-0.936328 1.50117 -1.15508 | 29.637 | 0 
-0.760547 1.33711 -1.1043 | 30.1991 | 0 
-0.873828 1.1418 -1.19023 | 16.5107 | 0 
-0.733203 1.07148 -1.17461 | 20.5489 | 0 
-0.760547 1.10273 -1.03789 | 14.5035 | 0 
-0.725391 1.08711 -0.998828 | 15.7068 | 0 
-0.936328 1.11055 -1.05742 | 6.97844 | 0 
-0.834766 1.16914 -0.998828 | 13.1191 | 0 
-0.901172 1.18477 -0.998828 | 11.0955 | 0 
-0.776172 1.20039 -0.998828 | 18.3375 | 0 
-0.756641 1.19648 -0.826953 | 24.3224 | 0 
-0.729297 1.07539 -0.756641 | 24.242 | 0 
-0.811328 1.07148 -0.850391 | 13.8649 | 0 
-0.893359 1.07539 -0.764453 | 14.8952 | 0 
-0.908984 1.21602 -0.725391 | 23.8432 | 0 
-0.846484 1.18086 -0.830859 | 18.0299 | 0 
-1.05742 1.28633 -0.717578 | 28.2174 | 0 
-1.03398 1.13398 -0.780078 | 14.6512 | 0 
-0.994922 1.0793 -0.768359 | 12.815 | 0 
-0.967578 1.15742 -0.912891 | 9.28245 | 0 
-1.05742 1.15742 -0.869922 | 11.5221 | 0 
-1.0457 1.05586 -0.912891 | 5.52161 | 0 
-1.11211 1.05977 -0.881641 | 8.85416 | 0 
-1.09258 1.17305 -0.908984 | 11.9828 | 0 
-1.08086 1.07539 -0.741016 | 15.8022 | 0 
-1.08477 1.19258 -0.791797 | 18.4847 | 0 
-1.17461 1.19648 -0.842578 | 20.1656 | 0 
-1.19023 1.23164 -1.13555 | 22.8172 | 0 
-1.0418 1.23164 -1.12383 | 15.9342 | 0 
-1.02617 1.26289 -1.02227 | 14.7346 | 0 
-0.991016 1.22383 -1.07305 | 13.0451 | 0 
-1.02227 1.12227 -1.04961 | 6.79426 | 0 
-1.02227 1.09883 -0.967578 | 5.35991 | 0 
-0.983203 1.11055 -1.06523 | 6.53549 | 0 
-0.998828 1.10664 -1.19805 | 12.6133 | 0 
-1.00273 1.12227 -1.08086 | 7.50626 | 0 
-1.01445 1.13398 -1.19805 | 13.9241 | 0 
-1.01445 1.09883 -1.10039 | 7.27965 | 0 
-1.13164 1.08711 -1.18242 | 14.4318 | 0 
-1.1082 1.13008 -1.10039 | 11.0218 | 0 
-1.16289 1.09492 -1.10039 | 12.2087 | 0 
-1.1707 1.15352 -1.03398 | 13.5209 | 0 
-1.18242 1.0793 -1.01055 | 10.7023 | 0 
-1.19805 0.942578 -0.994922 | 10.7559 | 0 
-1.17461 1.02461 -1.02617 | 9.17501 | 0 
-1.15508 0.950391 -1.10039 | 10.2377 | 0 
-1.12383 1.02461 -1.10039 | 8.44432 | 0 
-1.0457 0.993359 -1.19414 | 10.4863 | 0 
-1.02617 0.962109 -1.10039 | 5.53079 | 0 
-0.983203 0.969922 -1.18633 | 9.65374 | 0 
-1.01055 1.00898 -1.07695 | 4.38328 | 0 
-1.00273 0.989453 -1.01836 | 3.11144 | 0 
-0.991016 1.00117 -0.955859 | 3.29646 | 0 
-1.07305 1.00117 -0.959766 | 4.42793 | 0 
-1.01445 0.997266 -1.04961 | 3.64989 | 0 
-1.02617 0.926953 -1.0418 | 4.51027 | 0 
-1.02617 0.985547 -0.994922 | 3.1954 | 0 
-0.959766 0.981641 -0.998828 | 3.267 | 0 
-0.959766 0.966016 -1.06914 | 4.47122 | 0 
-0.955859 0.887891 -1.02617 | 5.65211 | 0 
-1.00664 0.880078 -0.987109 | 5.51069 | 0 
-1.03008 0.887891 -1.03008 | 5.64659 | 0 
-1.03008 0.837109 -1.00664 | 7.75785 | 0 
-0.963672 0.848828 -1.0457 | 7.5934 | 0 
-0.998828 0.844922 -1.14727 | 11.3953 | 0 
-0.994922 0.864453 -1.13164 | 9.66558 | 0 
-1.05742 0.848828 -1.1043 | 9.95527 | 0 
-1.09258 0.864453 -1.11211 | 10.6151 | 0 
-1.18242 0.856641 -1.11211 | 15.419 | 0 
-1.13945 0.872266 -1.05352 | 10.3799 | 0 
-1.14727 0.841016 -0.963672 | 11.7836 | 0 
-1.1707 0.868359 -0.924609 | 12.5319 | 0 
-1.13164 0.825391 -0.803516 | 17.9763 | 0 
-1.11211 0.930859 -0.815234 | 12.0918 | 0 
-1.15508 1.02852 -0.783984 | 15.4309 | 0 
-1.17461 0.934766 -0.854297 | 13.1558 | 0 
-1.13164 1.03633 -0.869922 | 9.75887 | 0 
-1.07305 1.04805 -0.936328 | 5.4033 | 0 
-1.06133 0.938672 -0.858203 | 7.92375 | 0 
-0.967578 0.938672 -0.916797 | 4.93354 | 0 
-0.975391 1.0168 -0.908984 | 4.57755 | 0 
-0.975391 1.03242 -0.877734 | 5.92228 | 0 
-1.06133 1.0207 -0.764453 | 12.6635 | 0 
-0.963672 0.938672 -0.776172 | 11.7678 | 0 
-1.0457 0.911328 -0.756641 | 14.0012 | 0 
-0.951953 0.825391 -0.756641 | 17.6333 | 0 
-1.02227 0.911328 -0.854297 | 8.12127 | 0 
-1.0457 0.825391 -0.924609 | 9.57849 | 0 
-0.858203 0.876172 -0.897266 | 10.9115 | 0 
-0.866016 0.825391 -0.717578 | 22.7466 | 0 
-0.862109 0.962109 -0.709766 | 18.4801 | 0 
-0.905078 1.0207 -0.741016 | 14.7852 | 0 
-0.889453 1.00508 -0.912891 | 6.41738 | 0 
-0.928516 0.977734 -0.834766 | 8.52674 | 0 
-0.830859 0.954297 -0.948047 | 8.57257 | 0 
-0.795703 1.04414 -0.885547 | 12.5336 | 0 
-0.756641 0.993359 -0.791797 | 19.1817 | 0 
-0.744922 0.801953 -0.830859 | 24.1359 | 0 
-0.705859 0.829297 -1.06914 | 21.2171 | 0 
-0.854297 0.801953 -1.03789 | 13.4315 | 0 
-0.936328 0.805859 -0.967578 | 10.0206 | 0 
-0.944141 0.907422 -1.01836 | 5.07257 | 0 
-0.834766 0.915234 -0.998828 | 8.83978 | 0 
-0.826953 0.930859 -0.987109 | 8.83749 | 0 
-0.924609 0.950391 -1.01836 | 4.44464 | 0 
-0.940234 0.962109 -0.998828 | 3.78651 | 0 
-0.924609 1.02461 -0.991016 | 4.12318 | 0 
-0.846484 1.03633 -1.07305 | 8.53848 | 0 
-0.768359 1.04805 -0.998828 | 11.9879 | 0 
-0.819141 0.930859 -1.05742 | 10.0195 | 0 
-0.791797 1.0207 -1.11602 | 12.9439 | 0 
-0.795703 0.946484 -1.1707 | 15.8484 | 0 
-0.866016 1.01289 -1.14727 | 10.4481 | 0 
-0.901172 0.950391 -1.1707 | 10.6558 | 0 
-0.862109 0.864453 -1.15898 | 14.3586 | 0 
-0.783984 0.837109 -1.15898 | 19.9234 | 0 
-0.655078 0.817578 -0.951953 | 23.9532 | 0 
-0.690234 0.926953 -1.18242 | 23.3166 | 0 
-0.553516 0.993359 -1.01836 | 21.8454 | 0 
-0.514453 0.911328 -1.15898 | 28.4975 | 0 
-0.385547 0.848828 -1.00273 | 23.5818 | 0 
-0.237109 0.876172 -1.12773 | 17.2151 | 0 
-0.217578 1.04414 -1.08477 | 12.0585 | 0 
-0.334766 1.00898 -1.06914 | 18.2957 | 0 
-0.334766 1.09883 -1.19414 | 26.2518 | 0 
-0.299609 1.1457 -1.01055 | 19.4183 | 0 
-0.272266 1.25508 -1.09648 | 26.347 | 0 
-0.533984 1.29023 -1.19414 | 42.2117 | 0 
-0.682422 1.07148 -0.979297 | 17.7687 | 0 
-0.491016 1.23164 -1.01055 | 31.6343 | 0 
-0.627734 1.18086 -0.834766 | 30.1473 | 0 
-0.600391 1.23555 -0.815234 | 35.7355 | 0 
-0.252734 1.2082 -0.866016 | 23.1885 | 0 
-0.268359 1.06367 -0.748828 | 23.7784 | 0 
-0.424609 1.08711 -0.838672 | 27.1375 | 0 
-0.307422 1.00508 -0.713672 | 27.4121 | 0 
-0.412891 0.923047 -0.756641 | 30.8634 | 0 
-0.533984 0.966016 -0.744922 | 32.0922 | 0 
-0.655078 0.821484 -0.725391 | 34.445 | 0 
-0.514453 1.00117 -0.627734 | 38.5687 | 0 
-0.323047 0.958203 -0.584766 | 34.7525 | 0 
-0.229297 1.28633 -0.651172 | 38.915 | 0 
-0.666797 1.09492 -0.561328 | 37.9446 | 0 
-0.694141 1.26289 -0.408984 | 44.9001 | 0 
-0.658984 1.12617 -0.272266 | 31.5643 | 0 
-0.362109 1.28633 -0.362109 | 47.1313 | 0 
-0.373828 1.0793 -0.358203 | 35.9543 | 0 
-0.389453 0.903516 -0.358203 | 36.8483 | 0 
-0.682422 0.848828 -0.366016 | 36.2825 | 0 
-0.748828 1.02852 -0.244922 | 21.5933 | 0 
-0.873828 1.02852 -0.362109 | 21.5696 | 0 
-0.780078 0.895703 -0.338672 | 27.0059 | 0 
-0.787891 0.977734 -0.573047 | 28.6096 | 0 
-0.869922 0.887891 -0.463672 | 27.0389 | 0 
-0.959766 0.895703 -0.698047 | 17.8066 | 0 
-1.06133 1.01289 -0.573047 | 22.2119 | 0 
-1.15898 0.872266 -0.580859 | 28.8178 | 0 
-1.1082 0.825391 -0.405078 | 28.0087 | 0 
-1.0457 0.844922 -0.248828 | 16.5884 | 0 
-1.03398 0.841016 -0.432422 | 25.8905 | 0 
-1.05352 0.977734 -0.432422 | 22.0226 | 0 
-1.19414 1.17305 -0.385547 | 32.3874 | 0 
-1.01445 1.2668 -0.436328 | 33.1293 | 0 
-1.15508 1.25117 -0.537891 | 37.3638 | 0 
-0.979297 1.07539 -0.619922 | 20.9784 | 0 
-1.0457 1.23945 -0.569141 | 31.7721 | 0 
-0.858203 1.24336 -0.655078 | 31.6244 | 0 
-0.803516 1.09492 -0.635547 | 27.2627 | 0 
-0.936328 1.21211 -0.358203 | 27.1924 | 0 
-0.748828 1.10273 -0.338672 | 29.2647 | 0 
-0.838672 1.13789 -0.280078 | 22.1918 | 0 
-0.877734 1.3918 -0.229297 | 32.048 | 0 
-0.803516 1.44648 -0.694141 | 42.7984 | 0 
-1.01836 1.49336 -0.694141 | 37.2449 | 0 
-0.955859 1.36055 -0.334766 | 34.7374 | 0 
-1.04961 1.59883 -0.358203 | 38.6882 | 0 
-1.08477 1.59492 -0.545703 | 43.2675 | 0 
-0.819141 1.66914 -0.573047 | 43.4064 | 0 
-0.733203 1.56367 -0.233203 | 42.2474 | 0 
-0.530078 1.57539 -0.643359 | 58.1078 | 0 
-0.483203 1.35664 -0.217578 | 46.2528 | 0 
-0.221484 1.4582 -0.494922 | 50.2903 | 0 
-0.209766 1.79023 -0.463672 | 38.2022 | 0 
-0.315234 1.59102 -0.264453 | 46.0014 | 0 
-0.198047 1.79805 -0.201953 | 24.1599 | 0 
-0.123828 1.59102 -0.268359 | 35.0557 | 0 
-0.139453 1.78633 -0.358203 | 30.9621 | 0 
-0.178516 1.55586 -0.471484 | 47.5632 | 0 
-0.139453 1.34492 -0.424609 | 40.1235 | 0 
0.110547 1.30195 -0.444141 | 36.8184 | 0 
0.192578 1.36055 -0.526172 | 44.9007 | 0 
0.243359 1.65352 -0.580859 | 47.1483 | 0 
0.466016 1.5832 -0.260547 | 51.891 | 0 
0.676953 1.63008 -0.463672 | 54.3432 | 0 
0.645703 1.40352 -0.256641 | 47.1819 | 0 
0.329297 1.31367 -0.600391 | 48.9439 | 0 
0.360547 1.40352 -0.319141 | 51.0293 | 0 
0.391797 1.18086 -0.510547 | 45.3544 | 0 
0.591016 1.13398 -0.623828 | 40.8954 | 0 
0.571484 1.21602 -0.448047 | 48.367 | 0 
0.669141 0.907422 -0.299609 | 30.9372 | 0 
0.731641 0.977734 -0.600391 | 31.1761 | 0 
0.645703 0.915234 -0.569141 | 38.1288 | 0 
0.383984 0.809766 -0.475391 | 44.7011 | 0 
0.356641 0.981641 -0.283984 | 29.5672 | 0 
0.508984 0.923047 -0.268359 | 33.4645 | 0 
0.188672 0.848828 -0.201953 | 18.2468 | 0 
0.239453 0.946484 -0.385547 | 28.5234 | 0 
0.165234 1.04805 -0.307422 | 20.1249 | 0 
0.0832031 0.950391 -0.377734 | 20.0619 | 0 
0.153516 0.841016 -0.217578 | 17.6454 | 0 
-0.0144531 0.868359 -0.444141 | 23.6131 | 0 
-0.0769531 0.907422 -0.315234 | 17.7046 | 0 
-0.108203 0.954297 -0.385547 | 21.2277 | 0 
-0.0378906 0.985547 -0.326953 | 16.0518 | 0 
0.0246094 0.954297 -0.295703 | 14.3598 | 0 
0.0324219 1.13789 -0.225391 | 13.5375 | 0 
0.0363281 1.12227 -0.330859 | 19.3029 | 0 
-0.0847656 1.13008 -0.381641 | 23.333 | 0 
-0.119922 1.07148 -0.264453 | 15.8381 | 0 
-0.143359 1.22383 -0.373828 | 30.8296 | 0 
0.0207031 1.21602 -0.264453 | 20.4213 | 0 
0.298047 1.23555 -0.213672 | 31.4646 | 0 
0.118359 1.13008 -0.299609 | 20.2459 | 0 
0.294141 1.15352 -0.408984 | 37.0336 | 0 
0.110547 1.18477 -0.369922 | 26.7265 | 0 
0.106641 1.13789 -0.565234 | 26.4836 | 0 
0.0949219 1.29414 -0.619922 | 33.8256 | 0 
-0.194141 1.21602 -0.592578 | 34.6657 | 0 
-0.0457031 1.06758 -0.549609 | 22.2595 | 0 
0.0402344 1.08711 -0.686328 | 17.3279 | 0 
0.0207031 1.00117 -0.635547 | 18.0788 | 0 
-0.0417969 1.02852 -0.573047 | 20.856 | 0 
-0.174609 0.903516 -0.596484 | 26.6409 | 0 
-0.0378906 0.848828 -0.569141 | 24.5809 | 0 
0.110547 0.860547 -0.662891 | 22.3124 | 0 
0.0714844 0.954297 -0.530078 | 22.42 | 0 
0.204297 1.0207 -0.694141 | 22.2557 | 0 
0.282422 0.872266 -0.483203 | 36.093 | 0 
0.216016 0.844922 -0.756641 | 23.1801 | 0 
0.227734 0.805859 -0.932422 | 17.6261 | 0 
0.212109 0.926953 -0.920703 | 11.6442 | 0 
0.258984 0.966016 -0.713672 | 24.5637 | 0 
0.126172 0.985547 -0.760547 | 13.9259 | 0 
0.110547 1.00898 -0.733203 | 14.954 | 0 
0.149609 1.01289 -0.893359 | 8.14356 | 0 
0.141797 0.934766 -0.881641 | 8.85279 | 0 
0.0519531 0.981641 -0.901172 | 4.23973 | 0 
0.0714844 0.872266 -0.885547 | 8.06965 | 0 
0.153516 0.864453 -0.920703 | 10.5492 | 0 
0.137891 0.829297 -0.846484 | 14.471 | 0 
0.0636719 0.837109 -0.948047 | 7.71726 | 0 
0.137891 0.895703 -0.772266 | 15.6189 | 0 
-0.0144531 0.895703 -0.705859 | 16.1514 | 0 
-0.0105469 0.809766 -0.799609 | 14.5828 | 0 
0.0285156 0.923047 -0.858203 | 6.60889 | 0 
-0.0691406 0.915234 -0.905078 | 5.702 | 0 
-0.0222656 0.801953 -0.866016 | 11.6238 | 0 
-0.0925781 0.903516 -0.838672 | 9.66726 | 0 
-0.166797 0.825391 -0.881641 | 14.5718 | 0 
-0.123828 0.821484 -0.815234 | 15.9049 | 0 
-0.119922 0.950391 -0.776172 | 13.0719 | 0 
-0.178516 1.01289 -0.795703 | 14.5494 | 0 
-0.147266 0.973828 -0.858203 | 9.53863 | 0 
-0.131641 0.989453 -0.842578 | 9.46394 | 0 
-0.0417969 1.00508 -0.920703 | 3.42331 | 0 
-0.0378906 0.954297 -0.940234 | 3.18453 | 0 
-0.0261719 0.962109 -0.838672 | 6.75905 | 0 
0.0480469 0.969922 -0.838672 | 6.98908 | 0 
0.0167969 0.977734 -0.948047 | 2.53645 | 0 
0.0207031 0.997266 -0.936328 | 2.74727 | 0 
0.0128906 1.02852 -0.936328 | 2.91721 | 0 
0.00507812 1.00898 -0.850391 | 5.86457 | 0 
-0.0496094 0.997266 -0.776172 | 10.4458 | 0 
0.0324219 0.962109 -0.772266 | 10.6175 | 0 
-0.0105469 1.16914 -0.748828 | 17.1585 | 0 
-0.0339844 1.16914 -0.830859 | 12.5559 | 0 
-0.108203 1.06758 -0.826953 | 10.2978 | 0 
-0.166797 1.11445 -0.826953 | 14.7881 | 0 
-0.104297 1.29805 -0.799609 | 24.313 | 0 
-0.135547 1.2043 -0.944141 | 13.5501 | 0 
-0.0496094 1.29805 -0.924609 | 17.0985 | 0 
0.0441406 1.17695 -0.948047 | 8.76595 | 0 
-0.0183594 1.18477 -0.717578 | 20.0235 | 0 
0.133984 1.2082 -0.768359 | 21.6601 | 0 
0.243359 1.19648 -0.776172 | 26.7396 | 0 
0.212109 1.10273 -0.819141 | 17.3768 | 0 
0.0792969 1.13789 -0.721484 | 18.3437 | 0 
0.0519531 1.09492 -0.823047 | 9.70324 | 0 
0.0597656 1.12227 -0.830859 | 10.5939 | 0 
0.149609 1.12227 -0.893359 | 11.1528 | 0 
0.0636719 1.0832 -0.905078 | 5.84828 | 0 
0.262891 1.15352 -0.834766 | 22.1301 | 0 
0.212109 1.26289 -0.873828 | 23.8354 | 0 
0.157422 1.28242 -0.991016 | 19.1962 | 0 
0.176953 1.22773 -1.00664 | 16.736 | 0 
0.235547 1.09883 -0.979297 | 13.2663 | 0 
0.173047 1.15742 -1.00273 | 12.2333 | 0 
0.169141 1.07148 -1.06523 | 9.26677 | 0 
0.114453 1.16914 -1.14727 | 14.2917 | 0 
0.219922 1.06758 -1.19805 | 18.4261 | 0 
0.122266 1.29414 -1.14727 | 22.5365 | 0 
-0.0144531 1.29414 -1.15508 | 20.1717 | 0 
-0.00664063 1.29805 -1.01055 | 15.7101 | 0 
-0.178516 1.27852 -1.13555 | 23.8088 | 0 
-0.194141 1.1457 -1.11992 | 15.7793 | 0 
-0.119922 1.07148 -1.07695 | 7.16739 | 0 
-0.198047 1.09102 -1.15898 | 15.5452 | 0 
-0.174609 1.08711 -1.06133 | 9.97103 | 0 
-0.119922 1.17305 -1.04961 | 11.032 | 0 
-0.0769531 1.08711 -0.998828 | 4.79277 | 0 
-0.100391 1.05195 -1.00664 | 4.59107 | 0 
-0.0925781 1.05586 -1.04961 | 4.96121 | 0 
-0.0222656 1.05195 -1.01836 | 2.83639 | 0 
-0.0574219 1.11055 -0.975391 | 5.26795 | 0 
-0.0261719 1.15352 -0.967578 | 6.91144 | 0 
-0.0144531 1.11445 -1.02617 | 4.94756 | 0 
0.00898437 1.1457 -1.01055 | 6.2777 | 0 
0.00117187 1.10664 -1.01445 | 4.4573 | 0 
-0.0222656 1.0793 -1.13555 | 7.18097 | 0 
-0.0105469 1.15742 -1.1043 | 9.15828 | 0 
0.0167969 1.16914 -1.17461 | 13.376 | 0 
-0.0300781 1.05586 -1.16289 | 8.05168 | 0 
-0.0652344 0.962109 -1.19805 | 10.269 | 0 
0.0324219 0.981641 -1.11992 | 5.19909 | 0 
-0.0496094 0.926953 -1.11602 | 6.16521 | 0 
-0.0261719 1.01289 -1.11211 | 4.81113 | 0 
0.00117187 1.02852 -1.09258 | 4.05654 | 0 
0.0285156 1.02461 -1.07695 | 3.63617 | 0 
0.00117187 1.03633 -1.03008 | 2.57273 | 0 
0.0167969 1.00117 -0.955859 | 2.35434 | 0 
-0.00664063 0.934766 -1.01055 | 2.754 | 0 
0.0324219 0.977734 -1.03398 | 2.55773 | 0 
-0.0222656 0.985547 -1.0457 | 2.61368 | 0 
-0.0378906 0.934766 -0.975391 | 3.05629 | 0 
-0.0652344 0.989453 -0.971484 | 2.93739 | 0 
-0.0652344 1.04805 -1.03789 | 3.74248 | 0 
-0.0535156 1.04023 -1.0457 | 3.46578 | 0 
-0.123828 1.02461 -1.03789 | 5.4208 | 0 
-0.112109 0.942578 -0.983203 | 4.9472 | 0 
-0.162891 0.973828 -1.06523 | 7.86877 | 0 
-0.182422 1.04414 -1.06523 | 9.34907 | 0 
-0.158984 1.00117 -1.19023 | 13.365 | 0 
-0.108203 1.02852 -1.11602 | 7.23976 | 0 
-0.190234 0.926953 -1.15117 | 13.7698 | 0 
-0.100391 0.880078 -1.16289 | 11.5641 | 0 
-0.158984 0.801953 -1.19805 | 20.2784 | 0 
-0.170703 0.860547 -0.963672 | 10.7783 | 0 
-0.143359 0.891797 -1.02227 | 7.97178 | 0 
-0.123828 0.919141 -0.979297 | 6.0438 | 0 
-0.135547 0.805859 -1.03398 | 11.9386 | 0 
-0.0652344 0.801953 -1.03008 | 9.50816 | 0 
-0.0535156 0.895703 -0.951953 | 4.79505 | 0 
-0.0417969 0.880078 -1.05742 | 5.58807 | 0 
0.0402344 0.887891 -1.01445 | 4.55815 | 0 
0.00117187 0.856641 -0.967578 | 5.6669 | 0 
0.0246094 0.817578 -1.11992 | 10.6299 | 0 
0.0441406 0.895703 -1.11602 | 7.04455 | 0 
-0.0105469 0.848828 -1.19023 | 12.6736 | 0 
0.0519531 0.911328 -1.19414 | 10.8614 | 0 
0.130078 0.817578 -1.08867 | 12.4214 | 0 
0.161328 0.844922 -0.979297 | 10.879 | 0 
0.0910156 0.864453 -0.994922 | 6.7543 | 0 
0.0910156 0.981641 -1.06914 | 4.70138 | 0 
0.0792969 0.977734 -0.967578 | 3.41867 | 0 
0.122266 0.969922 -0.975391 | 5.01294 | 0 
0.161328 0.989453 -1.05742 | 7.50134 | 0 
0.0871094 1.04414 -0.998828 | 3.93869 | 0 
0.0519531 1.03242 -1.00664 | 2.82547 | 0 
0.0792969 1.04414 -1.07305 | 4.88072 | 0 
0.0675781 0.997266 -1.18242 | 9.16707 | 0 
0.133984 0.977734 -1.1668 | 10.7793 | 0 
0.274609 0.942578 -1.15898 | 19.079 | 0 
0.223828 0.930859 -1.03008 | 11.4476 | 0 
0.270703 0.876172 -1.06523 | 16.9782 | 0 
0.188672 0.848828 -1.07305 | 13.3656 | 0 
0.294141 0.899609 -1.11992 | 19.5193 | 0 
0.516797 0.895703 -1.08867 | 25.7827 | 0 
0.403516 1.02852 -1.11211 | 23.2156 | 0 
0.466016 0.923047 -1.05742 | 23.7504 | 0 
0.309766 0.911328 -0.897266 | 18.9234 | 0 
0.376172 1.0207 -0.721484 | 30.6934 | 0 
0.489453 1.03633 -0.838672 | 26.9667 | 0 
0.645703 0.876172 -0.776172 | 29.1212 | 0 
0.622266 0.950391 -0.948047 | 20.3907 | 0 
0.774609 0.966016 -0.737109 | 21.5726 | 0 
0.774609 0.821484 -0.901172 | 18.0716 | 0 
0.665234 0.825391 -1.16289 | 27.7881 | 0 
0.637891 0.962109 -0.983203 | 19.1127 | 0 
0.579297 0.934766 -1.12383 | 24.962 | 0 
0.723828 0.981641 -1.12773 | 17.5143 | 0 
0.770703 0.930859 -0.983203 | 12.1145 | 0 
0.786328 1.09102 -0.955859 | 12.4327 | 0 
0.786328 1.12617 -1.06523 | 14.568 | 0 
0.563672 1.11055 -1.1707 | 29.67 | 0 
0.739453 1.26289 -1.01445 | 24.6833 | 0 
0.739453 1.2707 -0.756641 | 34.2762 | 0 
0.786328 1.16523 -0.838672 | 20.0513 | 0 
0.618359 1.13398 -0.799609 | 29.9399 | 0 
0.661328 1.23555 -0.905078 | 28.8903 | 0 
0.524609 1.18867 -0.733203 | 39.4012 | 0 
0.391797 1.05977 -0.846484 | 24.7688 | 0 
0.301953 1.21211 -0.701953 | 35.8747 | 0 
0.356641 1.22773 -1.01445 | 27.5206 | 0 
0.423047 1.11836 -1.17461 | 29.7415 | 0 
0.544141 1.50508 -1.0418 | 43.6023 | 0 
0.501172 1.40742 -0.799609 | 48.1597 | 0 
0.727734 1.31367 -0.705859 | 40.7808 | 0 
0.692578 1.47773 -0.979297 | 37.1393 | 0 
0.559766 1.71602 -1.01055 | 35.7235 | 0 
0.696484 1.67695 -0.862109 | 35.2944 | 0 
0.442578 1.69258 -0.787891 | 44.2095 | 0 
0.489453 1.56758 -0.959766 | 43.0259 | 0 
0.399609 1.78633 -1.13945 | 34.0613 | 0 
0.196484 1.61445 -1.10039 | 30.0045 | 0 
0.274609 1.79805 -0.889453 | 24.9832 | 0 
0.153516 1.7668 -0.733203 | 27.985 | 0 
0.118359 1.6418 -0.854297 | 26.2722 | 0 
0.258984 1.50898 -0.866016 | 36.9815 | 0 
0.0558594 1.3957 -0.760547 | 30.4055 | 0 
0.298047 1.37227 -1.14727 | 37.194 | 0 
0.122266 1.40352 -1.17852 | 30.0582 | 0 
-0.0378906 1.5207 -1.15898 | 28.4428 | 0 
-0.143359 1.51289 -1.06523 | 28.0294 | 0 
-0.0925781 1.31758 -1.03789 | 18.8681 | 0 
-0.182422 1.41523 -0.756641 | 36.6868 | 0 
-0.0417969 1.41523 -0.838672 | 26.3782 | 0 
-0.198047 1.61055 -0.912891 | 29.4038 | 0 
-0.0339844 1.61836 -0.737109 | 31.5596 | 0 
-0.0613281 1.75898 -0.850391 | 18.0923 | 0 
-0.174609 1.7082 -0.721484 | 33.2854 | 0 
-0.0886719 1.75508 -0.998828 | 15.2794 | 0 
-0.0847656 1.56367 -0.987109 | 24.0549 | 0 
-0.0574219 1.57539 -1.11211 | 25.6447 | 0 
-0.186328 1.70039 -1.41289 | 42.6336 | 0 
0.286328 1.79414 -1.42852 | 43.8745 | 0 
0.282422 1.4543 -1.21758 | 43.2678 | 0 
0.0207031 1.53633 -1.4168 | 42.8575 | 0 
-0.104297 1.47383 -1.6043 | 44.6219 | 0 
0.110547 1.46602 -1.46367 | 46.1341 | 0 
0.0519531 1.73164 -1.65117 | 33.2248 | 0 
-0.0691406 1.5832 -1.63164 | 41.5367 | 0 
-0.147266 1.71602 -1.78789 | 29.9078 | 0 
-0.174609 1.6418 -1.94414 | 28.8404 | 0 
-0.182422 1.7668 -2.13164 | 25.7557 | 0 
-0.00273438 1.79414 -1.96758 | 14.5605 | 0 
-0.0261719 1.63789 -2.00664 | 23.3294 | 0 
0.0441406 1.66523 -2.08867 | 24.1097 | 0 
-0.0847656 1.4582 -2.18633 | 34.061 | 0 
-0.0964844 1.35273 -2.1082 | 26.3051 | 0 
-0.0886719 1.44258 -1.7957 | 33.3496 | 0 
-0.0222656 1.30195 -1.70586 | 30.6479 | 0 
0.0792969 1.50117 -1.86211 | 30.4669 | 0 
0.282422 1.41914 -1.8543 | 40.198 | 0 
0.141797 1.39961 -1.96367 | 27.8833 | 0 
0.255078 1.60664 -1.97539 | 34.8248 | 0 
0.153516 1.70039 -2.06914 | 25.4942 | 0 
0.192578 1.71602 -1.83086 | 30.058 | 0 
0.169141 1.55977 -1.74883 | 40.0319 | 0 
0.442578 1.6457 -1.84258 | 46.2553 | 0 
0.309766 1.62617 -2.11992 | 40.6278 | 0 
0.411328 1.41523 -2.03398 | 43.6389 | 0 
0.591016 1.36055 -1.89336 | 42.7568 | 0 
0.684766 1.3293 -2.03008 | 35.299 | 0 
0.700391 1.6418 -2.09648 | 38.7169 | 0 
0.618359 1.66523 -1.85039 | 43.1192 | 0 
0.645703 1.55586 -1.69023 | 54.8466 | 0 
0.380078 1.65352 -1.37773 | 54.959 | 0 
0.473828 1.30977 -1.60039 | 56.1096 | 0 
0.766797 1.36445 -1.38555 | 47.4271 | 0 
0.755078 1.24727 -1.61211 | 41.8539 | 0 
0.743359 1.25898 -1.32695 | 39.5287 | 0 
0.430859 1.19648 -1.20977 | 36.3512 | 0 
0.446484 1.19648 -1.59648 | 48.5382 | 0 
0.544141 1.03633 -1.49102 | 43.4545 | 0 
0.411328 1.02852 -1.40898 | 40.269 | 0 
0.637891 0.872266 -1.43242 | 41.8588 | 0 
0.794141 0.966016 -1.34648 | 26.5637 | 0 
0.700391 0.852734 -1.50273 | 40.5253 | 0 
0.579297 1.00508 -1.61211 | 40.354 | 0 
0.614453 0.934766 -1.71758 | 34.5766 | 0 
0.610547 0.833203 -1.86992 | 30.412 | 0 
0.602734 0.801953 -2.00664 | 29.8231 | 0 
0.622266 0.930859 -2.08086 | 24.9671 | 0 
0.731641 0.985547 -1.99883 | 16.6944 | 0 
0.700391 1.07148 -2.05742 | 20.5741 | 0 
0.731641 1.09102 -2.11992 | 21.6687 | 0 
0.591016 1.23164 -1.95586 | 33.3317 | 0 
0.723828 1.21602 -1.8582 | 28.6866 | 0 
0.653516 1.05586 -1.79961 | 28.021 | 0 
0.524609 1.16133 -1.70195 | 42.0868 | 0 
0.497266 1.23164 -2.19023 | 41.7413 | 0 
0.337109 1.06367 -2.09258 | 23.2622 | 0 
0.309766 0.993359 -2.1082 | 21.4269 | 0 
0.532422 1.04023 -1.97539 | 25.4981 | 0 
0.317578 0.813672 -2.08086 | 26.5808 | 0 
0.430859 1.0168 -1.87383 | 26.8387 | 0 
0.540234 0.805859 -1.75273 | 40.0856 | 0 
0.196484 0.876172 -1.78008 | 21.6739 | 0 
0.0558594 0.930859 -1.78789 | 13.2464 | 0 
0.184766 0.977734 -1.72539 | 21.6199 | 0 
0.184766 0.950391 -1.88164 | 13.615 | 0 
0.165234 1.0207 -1.94023 | 10.5372 | 0 
0.0871094 1.03633 -1.83086 | 11.289 | 0 
0.0871094 0.981641 -1.93242 | 7.12071 | 0 
0.161328 0.872266 -1.93242 | 13.1729 | 0 
0.0910156 0.805859 -1.93633 | 13.3496 | 0 
0.278516 0.895703 -1.85039 | 22.2597 | 0 
0.180859 0.872266 -2.01836 | 13.7764 | 0 
0.180859 0.852734 -2.16289 | 20.0091 | 0 
0.0910156 0.801953 -2.13945 | 17.2124 | 0 
0.161328 0.817578 -2.00664 | 15.3225 | 0 
0.106641 0.903516 -2.02617 | 9.01201 | 0 
0.0675781 0.962109 -1.95977 | 6.25879 | 0 
0.118359 0.926953 -2.03789 | 8.98334 | 0 
0.145703 1.00117 -2.00664 | 8.96505 | 0 
0.0675781 1.01289 -2.06133 | 6.93364 | 0 
0.102734 1.00117 -2.19023 | 14.1548 | 0 
0.102734 0.966016 -2.09648 | 9.36008 | 0 
0.169141 1.03242 -2.08867 | 12.3113 | 0 
0.258984 1.00898 -2.07305 | 16.9977 | 0 
0.258984 1.05977 -1.95195 | 16.7136 | 0 
0.266797 1.05977 -2.13945 | 21.1211 | 0 
0.149609 1.09883 -2.14727 | 15.7937 | 0 
0.0519531 1.10273 -2.16289 | 13.2329 | 0 
0.130078 1.07148 -1.95195 | 9.57729 | 0 
0.0871094 1.11445 -1.97148 | 9.23343 | 0 
0.145703 1.21602 -2.00273 | 17.2991 | 0 
0.0597656 1.2043 -2.13945 | 17.495 | 0 
0.192578 1.22773 -2.13555 | 24.5931 | 0 
0.239453 1.18867 -2.01055 | 21.1136 | 0 
0.196484 1.19258 -1.77617 | 26.149 | 0 
0.184766 1.11445 -1.94414 | 14.1567 | 0 
0.173047 1.13398 -1.9168 | 15.0159 | 0 
0.0871094 1.11055 -1.94414 | 9.40782 | 0 
0.0519531 1.1457 -1.70195 | 21.6192 | 0 
0.0675781 1.25508 -1.90508 | 18.1425 | 0 
-0.00664063 1.29414 -1.81523 | 23.7317 | 0 
0.0128906 1.12617 -1.7918 | 14.8968 | 0 
-0.0457031 1.06367 -1.78398 | 13.3961 | 0 
0.0285156 1.07539 -1.90508 | 7.77422 | 0 
0.0324219 1.16523 -1.8543 | 13.8322 | 0 
-0.0300781 1.15742 -1.93633 | 10.5632 | 0 
-0.123828 1.07539 -1.91289 | 10.2699 | 0 
-0.158984 1.11055 -1.73711 | 21.99 | 0 
-0.135547 1.19258 -1.7293 | 25.6108 | 0 
-0.147266 1.20039 -1.96758 | 16.458 | 0 
-0.174609 1.21992 -2.13555 | 23.0516 | 0 
-0.0222656 1.17695 -2.11602 | 14.072 | 0 
-0.0339844 1.23555 -2.04961 | 15.5308 | 0 
0.0363281 1.13398 -2.05742 | 9.76258 | 0 
-0.0417969 1.11445 -1.98711 | 8.04421 | 0 
-0.0261719 1.06758 -2.02617 | 6.40357 | 0 
0.00507812 1.10273 -1.99492 | 7.21795 | 0 
0.0441406 1.08711 -2.09648 | 9.20392 | 0 
-0.0378906 1.1418 -2.13555 | 13.2736 | 0 
-0.162891 1.17305 -2.19023 | 22.6792 | 0 
-0.123828 1.12227 -1.96758 | 11.0385 | 0 
-0.131641 1.0168 -1.95586 | 8.54441 | 0 
-0.139453 0.926953 -1.99102 | 9.49298 | 0 
-0.127734 0.993359 -2.06914 | 9.27345 | 0 
-0.170703 0.958203 -2.1707 | 16.4446 | 0 
-0.131641 0.993359 -2.13945 | 12.4194 | 0 
-0.0339844 0.938672 -2.14336 | 10.2264 | 0 
0.0207031 1.02852 -2.19805 | 12.9276 | 0 
0.0207031 1.03242 -2.01836 | 5.49782 | 0 
-0.0613281 1.03633 -2.01836 | 6.21063 | 0 
-0.0535156 0.942578 -1.99492 | 6.07996 | 0 
-0.0105469 0.930859 -2.03008 | 6.1167 | 0 
0.0363281 0.891797 -1.97148 | 7.32622 | 0 
-0.0183594 0.923047 -2.07305 | 7.39755 | 0 
-0.0496094 0.837109 -1.99492 | 9.96585 | 0 
0.0324219 0.841016 -2.0457 | 10.0975 | 0 
0.00117187 0.837109 -2.1707 | 15.4302 | 0 
0.0167969 0.915234 -2.09648 | 8.45589 | 0 
-0.0964844 0.829297 -2.09648 | 13.8775 | 0 
-0.139453 0.876172 -2.08086 | 12.8566 | 0 
-0.151172 0.860547 -2.04961 | 13.2274 | 0 
-0.194141 0.817578 -1.83086 | 21.6356 | 0 
-0.0300781 0.833203 -1.8543 | 13.2246 | 0 
0.00117187 0.923047 -1.88164 | 8.17931 | 0 
-0.0535156 0.934766 -1.94805 | 6.58793 | 0 
-0.00273438 0.969922 -1.85039 | 8.64653 | 0 
-0.00664063 0.993359 -1.89336 | 6.75107 | 0 
-0.0496094 1.00508 -1.87383 | 7.99203 | 0 
-0.158984 0.950391 -1.90508 | 11.3541 | 0 
-0.108203 1.03242 -1.85039 | 11.034 | 0 
-0.0964844 0.977734 -1.81523 | 12.155 | 0 
-0.0769531 0.989453 -1.75664 | 14.8219 | 0 
0.0363281 1.00898 -1.7332 | 15.3521 | 0 
0.00898437 0.805859 -1.72148 | 21.9729 | 0 
-0.155078 0.887891 -1.78398 | 18.6391 | 0 
-0.147266 0.883984 -1.55742 | 29.1101 | 0 
-0.0378906 1.01289 -1.69805 | 17.4322 | 0 
-0.0300781 0.887891 -1.55742 | 25.1291 | 0 
0.282422 0.907422 -1.53789 | 36.6539 | 0 
0.0597656 0.989453 -1.47539 | 23.7588 | 0 
0.243359 1.09102 -1.53008 | 34.5866 | 0 
0.106641 1.29414 -1.62383 | 36.346 | 0 
0.0167969 1.11836 -1.65898 | 22.1111 | 0 
-0.0183594 1.21602 -1.50664 | 31.6876 | 0 
-0.0652344 1.16133 -1.35039 | 24.6149 | 0 
-0.186328 1.13789 -1.28789 | 24.9759 | 0 
0.0324219 1.25117 -1.27617 | 25.1125 | 0 
0.239453 1.21602 -1.2957 | 33.2659 | 0 
0.149609 1.06758 -1.39727 | 26.0928 | 0 
0.130078 1.02852 -1.24102 | 15.3689 | 0 
0.208203 1.00508 -1.42852 | 29.5114 | 0 
0.212109 0.907422 -1.20977 | 19.1171 | 0 
0.133984 0.911328 -1.4207 | 26.5026 | 0 
0.0792969 0.887891 -1.32305 | 20.5711 | 0 
0.0285156 0.903516 -1.22539 | 12.7207 | 0 
-0.0730469 0.817578 -1.32695 | 23.9988 | 0 
-0.0652344 0.942578 -1.3543 | 20.2931 | 0 
-0.0964844 0.934766 -1.30352 | 18.492 | 0 
-0.135547 0.880078 -1.33086 | 23.5485 | 0 
-0.178516 0.731641 -1.29961 | 32.132 | 0 
0.00507812 0.579297 -1.2332 | 29.5923 | 0 
0.0792969 0.758984 -1.34258 | 28.5307 | 0 
0.262891 0.579297 -1.41289 | 50.5335 | 0 
0.0597656 0.430859 -1.43242 | 41.121 | 0 
-0.194141 0.376172 -1.27227 | 36.8771 | 0 
-0.123828 0.469922 -1.4793 | 45.039 | 0 
0.180859 0.380078 -1.56523 | 44.883 | 0 
0.255078 0.571484 -1.49102 | 51.926 | 0 
0.00507812 0.594922 -1.67461 | 35.9987 | 0 
-0.0808594 0.700391 -1.62383 | 34.5867 | 0 
-0.100391 0.622266 -1.73711 | 33.3397 | 0 
-0.139453 0.708203 -1.89336 | 22.4633 | 0 
-0.0925781 0.723828 -2.12773 | 21.3929 | 0 
-0.0183594 0.680859 -2.0418 | 19.251 | 0 
-0.151172 0.587109 -2.1707 | 33.0218 | 0 
-0.0535156 0.540234 -2.10039 | 26.8728 | 0 
0.0363281 0.333203 -2.15117 | 24.174 | 0 
-0.182422 0.395703 -1.90898 | 29.2341 | 0 
-0.104297 0.516797 -1.92461 | 27.099 | 0 
-0.00273438 0.341016 -1.83867 | 23.6229 | 0 
0.266797 0.446484 -1.74883 | 43.896 | 0 
0.0714844 0.458203 -2.13945 | 29.0406 | 0 
0.223828 0.579297 -2.04961 | 32.2157 | 0 
0.133984 0.712109 -2.06914 | 21.4327 | 0 
0.200391 0.758984 -2.17852 | 27.3891 | 0 
0.278516 0.778516 -1.9793 | 24.6858 | 0 
0.235547 0.630078 -1.87383 | 32.8799 | 0 
0.313672 0.555859 -1.71367 | 48.892 | 0 
0.548047 0.536328 -1.95586 | 44.0839 | 0 
0.313672 0.540234 -1.89727 | 39.5788 | 0 
0.571484 0.548047 -1.88555 | 45.2144 | 0 
0.583203 0.337109 -2.0418 | 38.834 | 0 
0.559766 0.587109 -2.02617 | 42.7407 | 0 
0.676953 0.606641 -1.63945 | 52.1829 | 0 
0.508984 0.669141 -1.24883 | 47.0416 | 0 
0.348828 0.477734 -1.61211 | 56.2892 | 0 
0.665234 0.423047 -1.3582 | 52.6845 | 0 
0.782422 0.329297 -1.58867 | 44.4879 | 0 
0.567578 0.290234 -1.28008 | 45.5368 | 0 
0.383984 0.184766 -1.30352 | 38.654 | 0 
0.438672 0.102734 -1.62773 | 41.0798 | 0 
0.548047 -0.119922 -1.63555 | 41.8318 | 0 
0.548047 0.00507812 -1.38164 | 39.122 | 0 
0.680859 -0.0144531 -1.38164 | 33.9827 | 0 
0.727734 -0.00273438 -1.52617 | 34.1198 | 0 
0.774609 -0.182422 -1.70195 | 30.8435 | 0 
0.692578 0.0128906 -1.83477 | 22.3314 | 0 
0.614453 -0.135547 -1.88945 | 27.2193 | 0 
0.747266 -0.194141 -1.96758 | 21.4079 | 0 
0.645703 -0.186328 -2.16289 | 32.1251 | 0 
0.575391 -0.0222656 -1.97148 | 23.375 | 0 
0.712109 0.0167969 -2.15117 | 21.7307 | 0 
0.708203 0.106641 -1.99492 | 19.2559 | 0 
0.653516 0.0988281 -2.1668 | 27.7034 | 0 
0.626172 0.216016 -1.96758 | 29.4166 | 0 
0.696484 0.188672 -1.91289 | 25.1814 | 0 
0.669141 0.153516 -1.83477 | 27.927 | 0 
0.544141 0.208203 -1.91289 | 32.4812 | 0 
0.337109 0.165234 -1.8543 | 27.6116 | 0 
0.309766 0.223828 -2.04961 | 26.8594 | 0 
0.524609 0.180859 -2.11211 | 32.8208 | 0 
0.434766 0.0597656 -1.97539 | 24.0826 | 0 
0.348828 0.161328 -2.19805 | 32.303 | 0 
0.403516 -0.0261719 -2.05742 | 23.3932 | 0 
0.508984 -0.174609 -2.01055 | 29.7761 | 0 
0.383984 -0.194141 -1.86602 | 31.0269 | 0 
0.391797 0.0441406 -1.72539 | 32.8313 | 0 
0.380078 -0.186328 -1.76055 | 36.0148 | 0 
0.102734 -0.198047 -1.7957 | 19.2474 | 0 
0.262891 -0.0222656 -1.74883 | 24.1084 | 0 
0.274609 -0.0574219 -1.83477 | 20.5513 | 0 
0.0871094 0.0402344 -1.87773 | 8.12223 | 0 
0.0949219 -0.0144531 -1.8582 | 8.94294 | 0 
0.161328 -0.0847656 -1.89727 | 11.7423 | 0 
0.176953 -0.182422 -1.93633 | 16.0537 | 0 
0.258984 -0.190234 -1.89336 | 22.7468 | 0 
0.208203 -0.166797 -2.01445 | 16.5814 | 0 
0.208203 -0.0964844 -2.18242 | 19.8819 | 0 
0.106641 -0.131641 -2.12773 | 12.9995 | 0 
0.130078 -0.186328 -2.01836 | 13.4552 | 0 
0.0597656 -0.0925781 -1.9832 | 6.34232 | 0 
0.0949219 -0.0183594 -2.03008 | 6.10151 | 0 
0.118359 -0.0261719 -1.99102 | 6.76981 | 0 
0.161328 0.00507812 -2.04961 | 9.4263 | 0 
0.133984 0.0480469 -2.00273 | 7.82406 | 0 
0.102734 -0.00664063 -2.19805 | 13.6561 | 0 
0.188672 0.0363281 -2.13164 | 14.3115 | 0 
0.294141 0.0167969 -2.05352 | 17.6574 | 0 
0.298047 0.0441406 -1.99883 | 17.4417 | 0 
0.231641 0.0714844 -2.1707 | 19.8328 | 0 
0.0558594 0.102734 -2.15898 | 11.8845 | 0 
0.0949219 0.0714844 -1.95977 | 6.89091 | 0 
0.145703 0.141797 -2.01055 | 11.7246 | 0 
0.169141 0.290234 -2.05742 | 22.626 | 0 
0.137891 0.235547 -2.07695 | 18.1519 | 0 
0.239453 0.223828 -2.05742 | 22.685 | 0 
0.204297 0.239453 -1.76055 | 29.0419 | 0 
0.239453 0.0871094 -1.88945 | 16.7504 | 0 
0.176953 0.0675781 -1.83477 | 14.7823 | 0 
0.161328 0.169141 -1.8543 | 17.2465 | 0 
0.0910156 0.0988281 -1.9207 | 8.38074 | 0 
0.118359 0.118359 -1.7957 | 15.7005 | 0 
0.149609 0.184766 -1.76836 | 22.1499 | 0 
0.0675781 0.270703 -1.90117 | 17.7442 | 0 
-0.0300781 0.204297 -1.77617 | 18.9061 | 0 
-0.0613281 0.161328 -1.81523 | 14.7855 | 0 
0.00507812 0.0832031 -1.7293 | 15.6353 | 0 
0.0128906 0.0714844 -1.92852 | 5.7409 | 0 
-0.0378906 0.133984 -1.8582 | 10.8067 | 0 
-0.0457031 0.106641 -1.83477 | 10.8736 | 0 
-0.194141 0.0910156 -1.89336 | 13.9458 | 0 
-0.0769531 0.192578 -1.7293 | 21.9468 | 0 
-0.194141 0.266797 -1.93633 | 22.2632 | 0 
-0.100391 0.227734 -2.08867 | 16.4666 | 0 
-0.0613281 0.188672 -2.08867 | 12.8888 | 0 
-0.00664063 0.247266 -1.9793 | 13.9002 | 0 
-0.0613281 0.176953 -2.0418 | 10.8499 | 0 
0.00898437 0.161328 -2.06133 | 9.73676 | 0 
-0.0222656 0.153516 -2.07305 | 9.75645 | 0 
-0.0691406 0.0753906 -2.02617 | 6.28071 | 0 
0.0246094 0.0949219 -1.99883 | 5.85094 | 0 
0.00507812 0.0910156 -2.19805 | 13.2292 | 0 
-0.0457031 0.153516 -2.13555 | 12.7107 | 0 
-0.0769531 0.133984 -2.11602 | 11.5281 | 0 
-0.162891 0.110547 -2.15117 | 15.9609 | 0 
-0.0886719 0.0597656 -2.06523 | 7.31407 | 0 
-0.158984 0.126172 -2.00664 | 11.6457 | 0 
-0.143359 0.0988281 -1.9832 | 9.67563 | 0 
-0.151172 0.0480469 -1.9832 | 8.648 | 0 
-0.0769531 -0.0144531 -2.00664 | 5.22896 | 0 
-0.182422 -0.0691406 -1.98711 | 10.8287 | 0 
-0.0886719 -0.0574219 -2.01836 | 6.30752 | 0 
-0.151172 0.0128906 -2.08477 | 9.96902 | 0 
-0.174609 -0.0339844 -2.10039 | 12.0329 | 0 
-0.108203 0.00507812 -2.19023 | 13.3698 | 0 
-0.0339844 0.0363281 -2.1707 | 10.4221 | 0 
-0.00273438 -0.0574219 -2.07695 | 6.10866 | 0 
0.0128906 -0.0378906 -2.19414 | 11.6926 | 0 
-0.0105469 0.0285156 -2.13555 | 8.15621 | 0 
-0.00664063 -0.0105469 -2.01445 | 4.13003 | 0 
-0.0222656 0.0363281 -1.95586 | 4.56642 | 0 
-0.0261719 0.00117187 -2.0457 | 4.73024 | 0 
-0.0535156 -0.0730469 -1.9832 | 5.59184 | 0 
0.0363281 -0.0300781 -2.00664 | 4.47496 | 0 
0.0285156 -0.0925781 -2.06914 | 7.0243 | 0 
0.0167969 -0.108203 -1.99883 | 6.28661 | 0 
-0.0457031 -0.0847656 -2.02617 | 6.04412 | 0 
0.0167969 -0.182422 -2.01055 | 10.0338 | 0 
0.00898437 -0.186328 -2.1707 | 16.0891 | 0 
-0.0457031 -0.147266 -2.10039 | 10.7532 | 0 
-0.170703 -0.131641 -2.17461 | 18.6649 | 0 
-0.139453 -0.0847656 -2.01445 | 9.11027 | 0 
-0.182422 -0.135547 -1.84648 | 17.0565 | 0 
-0.0691406 -0.139453 -1.92852 | 9.26343 | 0 
0.00117187 -0.147266 -1.89727 | 9.61761 | 0 
-0.0613281 -0.119922 -1.83086 | 11.9456 | 0 
-0.0261719 -0.0613281 -1.84648 | 8.5844 | 0 
0.0128906 -0.0652344 -1.90117 | 6.34674 | 0 
0.0207031 0.0246094 -1.89336 | 5.95169 | 0 
-0.0730469 -0.00664063 -1.8543 | 8.39329 | 0 
-0.100391 0.00898437 -1.88945 | 7.83722 | 0 
-0.166797 0.0167969 -1.94414 | 9.48013 | 0 
-0.104297 -0.0183594 -1.88945 | 8.03597 | 0 
-0.135547 0.0441406 -1.83867 | 11.9082 | 0 
-0.182422 -0.0300781 -1.81523 | 15.4027 | 0 
-0.0691406 0.00507812 -1.77227 | 12.6853 | 0 
-0.0417969 -0.131641 -1.72148 | 18.3376 | 0 
-0.158984 -0.178516 -1.75273 | 23.2034 | 0 
-0.147266 -0.127734 -1.49102 | 29.2807 | 0 
-0.0183594 -0.0378906 -1.49492 | 22.58 | 0 
-0.0261719 -0.0886719 -1.64336 | 20.5666 | 0 
0.169141 -0.100391 -1.56914 | 28.6315 | 0 
0.266797 -0.0457031 -1.52227 | 33.7558 | 0 
0.0597656 0.161328 -1.56133 | 27.1433 | 0 
0.282422 0.274609 -1.50273 | 45.9751 | 0 
-0.0535156 0.270703 -1.63164 | 31.3655 | 0 
-0.0417969 0.161328 -1.47539 | 27.1405 | 0 
-0.190234 0.208203 -1.45195 | 35.4718 | 0 
0.0167969 0.176953 -1.35039 | 23.3783 | 0 
-0.119922 0.118359 -1.33867 | 22.4551 | 0 
-0.0417969 0.0949219 -1.31914 | 18.0291 | 0 
-0.0496094 0.0792969 -1.21367 | 10.9166 | 0 
-0.104297 0.122266 -1.26055 | 17.1569 | 0 
0.00117187 0.258984 -1.30352 | 25.6302 | 0 
0.176953 0.235547 -1.28398 | 28.5174 | 0 
0.286328 0.145703 -1.3582 | 34.4035 | 0 
0.114453 0.110547 -1.2957 | 19.3295 | 0 
0.110547 0.0402344 -1.44023 | 24.0259 | 0 
0.239453 0.0480469 -1.28008 | 23.3669 | 0 
0.251172 -0.151172 -1.32695 | 30.7512 | 0 
0.102734 -0.178516 -1.33086 | 24.3484 | 0 
0.0128906 -0.139453 -1.26445 | 16.1574 | 0 
0.0363281 0.0363281 -1.43633 | 21.7948 | 0 
-0.0300781 0.0246094 -1.22539 | 10.2603 | 0 
-0.131641 -0.0457031 -1.26055 | 15.9101 | 0 
-0.139453 -0.00273438 -1.20195 | 12.0917 | 0 
-0.119922 -0.178516 -1.40508 | 28.659 | 0 
-0.194141 -0.155078 -1.09258 | 13.8452 | 0 
-0.112109 -0.166797 -1.01836 | 8.53102 | 0 
-0.182422 -0.135547 -1.05742 | 11.1067 | 0 
-0.158984 -0.0183594 -1.00273 | 5.68699 | 0 
-0.119922 -0.0261719 -0.983203 | 3.87925 | 0 
-0.119922 -0.0457031 -1.02227 | 4.27563 | 0 
-0.112109 0.0167969 -1.03398 | 3.74475 | 0 
-0.0886719 0.0167969 -0.987109 | 2.58325 | 0 
-0.139453 0.00898437 -1.00664 | 4.65681 | 0 
-0.198047 0.00898437 -1.01445 | 7.91891 | 0 
-0.151172 0.0402344 -1.15898 | 10.4554 | 0 
-0.198047 -0.0144531 -1.09648 | 9.85824 | 0 
-0.123828 -0.0457031 -1.18633 | 10.8166 | 0 
-0.127734 0.00507812 -1.12773 | 7.39613 | 0 
-0.0378906 0.0402344 -1.18633 | 8.11557 | 0 
-0.0730469 -0.0378906 -1.10039 | 4.45887 | 0 
0.0207031 -0.0652344 -1.19805 | 9.14615 | 0 
-0.00273438 0.0285156 -1.13555 | 4.86454 | 0 
0.00117187 0.0402344 -1.06914 | 2.39167 | 0 
-0.0105469 -0.0105469 -1.01445 | 1.11444 | 0 
0.0207031 0.0363281 -0.959766 | 1.5846 | 0 
0.00898437 -0.0105469 -0.951953 | 1.39651 | 0 
-0.0222656 0.0402344 -0.951953 | 1.7761 | 0 
-0.0730469 -0.00273438 -0.951953 | 2.40016 | 0 
-0.0652344 0.0480469 -1.05742 | 3.04907 | 0 
-0.0144531 0.00117187 -1.0457 | 1.54466 | 0 
-0.0691406 -0.0183594 -1.03789 | 2.35973 | 0 
-0.0183594 -0.0652344 -1.03398 | 2.1956 | 0 
-0.0535156 -0.0730469 -0.983203 | 2.62543 | 0 
-0.0261719 -0.0183594 -1.00273 | 1.20934 | 0 
0.00898437 -0.0613281 -0.983203 | 1.77538 | 0 
0.0402344 -0.0339844 -0.998828 | 1.54565 | 0 
0.0207031 -0.0496094 -1.03008 | 1.80837 | 0 
0.0363281 -0.104297 -1.07305 | 4.52935 | 0 
0.0207031 -0.100391 -0.998828 | 3.0172 | 0 
-0.0417969 -0.0808594 -1.00664 | 2.63625 | 0 
-0.0691406 -0.0886719 -1.02617 | 3.64175 | 0 
-0.0574219 -0.194141 -1.02227 | 8.38941 | 0 
0.0285156 -0.190234 -1.00664 | 7.55156 | 0 
0.0128906 -0.158984 -1.1082 | 8.0977 | 0 
-0.0535156 -0.127734 -1.07695 | 5.93679 | 0 
0.0285156 -0.0847656 -1.14336 | 6.65025 | 0 
-0.0261719 -0.127734 -1.14727 | 8.5036 | 0 
0.153516 -0.170703 -1.13945 | 14.4739 | 0 
0.0792969 -0.108203 -1.10039 | 6.59227 | 0 
0.106641 -0.198047 -1.04961 | 10.5896 | 0 
0.106641 -0.135547 -1.01445 | 6.67481 | 0 
0.169141 -0.170703 -1.0418 | 11.8424 | 0 
0.235547 -0.104297 -0.994922 | 12.2259 | 0 
0.298047 -0.158984 -1.13945 | 22.573 | 0 
0.251172 -0.0378906 -1.07695 | 12.7264 | 0 
0.243359 0.0207031 -1.13555 | 14.4292 | 0 
0.239453 -0.0457031 -0.959766 | 11.0457 | 0 
0.184766 0.0167969 -1.00273 | 7.11202 | 0 
0.208203 0.0363281 -1.06133 | 9.56765 | 0 
0.126172 0.0167969 -0.959766 | 4.29202 | 0 
0.141797 -0.0613281 -0.991016 | 5.46834 | 0 
0.157422 -0.0339844 -1.01836 | 5.86223 | 0 
0.0988281 -0.0222656 -1.05352 | 3.64464 | 0 
0.0910156 -0.0652344 -0.967578 | 3.57492 | 0 
0.0558594 0.00507812 -0.959766 | 1.85685 | 0 
0.110547 0.0441406 -1.00664 | 3.73515 | 0 
0.0519531 0.0324219 -1.02617 | 1.92653 | 0 
0.0636719 0.0246094 -1.07305 | 3.09992 | 0 
0.102734 0.0402344 -1.12773 | 6.66526 | 0 
0.173047 -0.0613281 -1.12383 | 10.2581 | 0 
0.110547 -0.0300781 -1.15898 | 8.4392 | 0 
0.0597656 0.0753906 -1.17852 | 8.85409 | 0 
0.0558594 0.122266 -1.15508 | 9.15362 | 0 
0.110547 0.0871094 -1.12773 | 8.12066 | 0 
0.0558594 0.0753906 -0.994922 | 2.71449 | 0 
0.0753906 0.0832031 -1.00664 | 3.4714 | 0 
0.0597656 0.161328 -0.967578 | 6.58178 | 0 
0.169141 0.141797 -1.01445 | 9.96741 | 0 
0.137891 0.0871094 -0.971484 | 6.11546 | 0 
0.188672 0.0558594 -1.06523 | 8.85267 | 0 
0.208203 0.0988281 -0.975391 | 10.3945 | 0 
0.282422 0.0714844 -1.19023 | 20.8489 | 0 
0.270703 0.290234 -1.02617 | 25.1438 | 0 
0.0792969 0.294141 -1.07695 | 16.3527 | 0 
0.0597656 0.266797 -1.17461 | 18.6429 | 0 
-0.0496094 0.294141 -1.15117 | 18.8159 | 0 
-0.116016 0.231641 -1.12773 | 15.7806 | 0 
-0.166797 0.161328 -1.11602 | 13.56 | 0 
-0.158984 0.102734 -1.08477 | 9.19761 | 0 
-0.0886719 0.0871094 -1.14336 | 8.08563 | 0 
-0.00664063 0.0714844 -1.16289 | 7.15396 | 0 
-0.00273438 0.153516 -1.17852 | 11.3742 | 0 
-0.0691406 0.122266 -1.08086 | 6.18843 | 0 
0.0246094 0.0910156 -1.1043 | 5.0102 | 0 
-0.0378906 0.0988281 -1.1082 | 5.61154 | 0 
-0.0457031 0.0714844 -1.03398 | 2.70475 | 0 
-0.00273438 0.0753906 -1.05352 | 2.77818 | 0 
-0.00273438 0.0832031 -1.06523 | 3.3071 | 0 
-0.00273438 0.145703 -1.0418 | 5.35681 | 0 
-0.0613281 0.133984 -1.01836 | 5.19766 | 0 
0.0480469 0.137891 -0.951953 | 5.3562 | 0 
0.0285156 0.102734 -0.975391 | 3.25414 | 0 
-0.0261719 0.106641 -0.998828 | 3.30694 | 0 
-0.116016 0.0832031 -0.951953 | 5.25573 | 0 
-0.0925781 0.0558594 -1.07305 | 4.45226 | 0 
-0.198047 0.0597656 -0.998828 | 8.5309 | 0 
-0.198047 0.169141 -0.991016 | 12.9944 | 0 
-0.0847656 0.145703 -1.0457 | 6.82238 | 0 
-0.198047 0.223828 -1.01445 | 16.316 | 0 
-0.0457031 0.216016 -1.06523 | 10.3022 | 0 
0.0402344 0.258984 -0.826953 | 16.9857 | 0 
-0.100391 0.266797 -0.869922 | 16.9738 | 0 
-0.0886719 0.173047 -0.889453 | 10.0091 | 0 
-0.170703 0.0792969 -0.944141 | 7.97341 | 0 
-0.104297 0.110547 -0.854297 | 9.04708 | 0 
-0.0378906 0.0949219 -0.948047 | 3.44581 | 0 
0.0285156 0.0714844 -0.948047 | 2.5847 | 0 
0.0480469 0.118359 -0.948047 | 4.53555 | 0 
-0.0574219 0.141797 -0.866016 | 8.46952 | 0 
-0.0691406 0.0675781 -0.795703 | 9.62704 | 0 
-0.0261719 0.173047 -0.776172 | 14.482 | 0 
-0.0457031 0.0753906 -0.721484 | 13.821 | 0 
-0.0886719 0.180859 -0.709766 | 20.3489 | 0 
0.0832031 0.278516 -0.701953 | 26.6682 | 0 
0.235547 0.262891 -0.920703 | 22.0902 | 0 
0.231641 0.122266 -0.733203 | 23.3171 | 0 
0.255078 0.126172 -0.932422 | 15.1386 | 0 
0.200391 0.137891 -0.948047 | 11.9434 | 0 
0.145703 0.0753906 -0.936328 | 6.70026 | 0 
0.0792969 0.161328 -0.826953 | 11.9954 | 0 
0.0753906 0.0910156 -0.823047 | 8.95334 | 0 
0.0871094 0.173047 -0.748828 | 17.4838 | 0 
0.0558594 0.0792969 -0.748828 | 12.4691 | 0 
0.0871094 -0.0300781 -0.721484 | 13.95 | 0 
0.102734 0.0402344 -0.799609 | 9.91458 | 0 
0.0558594 0.0402344 -0.862109 | 5.19963 | 0 
0.0597656 -0.0105469 -0.920703 | 2.78589 | 0 
0.0675781 -0.0691406 -0.936328 | 3.49255 | 0 
0.169141 -0.0222656 -0.873828 | 9.00678 | 0 
0.137891 -0.00664063 -0.897266 | 6.36905 | 0 
0.231641 0.0285156 -0.838672 | 14.4793 | 0 
0.200391 0.00898437 -0.897266 | 9.80644 | 0 
0.258984 -0.0222656 -0.912891 | 13.0236 | 0 
0.180859 -0.0613281 -0.717578 | 19.0989 | 0 
0.270703 -0.0886719 -0.850391 | 17.7161 | 0 
0.137891 -0.198047 -0.780078 | 19.1057 | 0 
0.0597656 -0.190234 -0.725391 | 19.1353 | 0 
-0.0457031 -0.166797 -0.819141 | 11.9086 | 0 
0.00117187 -0.155078 -0.893359 | 7.36769 | 0 
-0.0730469 -0.198047 -0.834766 | 13.4919 | 0 
-0.0417969 -0.0925781 -0.846484 | 7.01661 | 0 
-0.00273438 -0.0964844 -0.948047 | 3.21963 | 0 
0.0167969 -0.104297 -0.826953 | 8.1732 | 0 
0.0285156 -0.0378906 -0.948047 | 1.87125 | 0 
-0.0417969 -0.0535156 -0.901172 | 3.58636 | 0 
-0.0535156 -0.0574219 -0.936328 | 2.87634 | 0 
-0.0300781 -0.0378906 -0.877734 | 4.04136 | 0 
-0.0378906 -0.00273438 -0.838672 | 5.70072 | 0 
-0.0535156 0.0285156 -0.893359 | 3.68391 | 0 
-0.0144531 0.0285156 -0.940234 | 1.78317 | 0 
0.0285156 -0.00273438 -0.908984 | 2.57971 | 0 
0.0128906 0.0167969 -0.881641 | 3.5063 | 0 
-0.00664063 0.0324219 -0.787891 | 8.47904 | 0 
-0.00664063 -0.0691406 -0.803516 | 8.28856 | 0 
-0.0613281 0.0246094 -0.744922 | 11.7309 | 0 
-0.182422 -0.0574219 -0.760547 | 16.477 | 0 
-0.139453 0.0441406 -0.846484 | 9.02167 | 0 
-0.0925781 0.0285156 -0.858203 | 6.26375 | 0 
-0.123828 -0.0730469 -0.834766 | 9.55172 | 0 
-0.166797 -0.0457031 -0.920703 | 7.50991 | 0 
-0.170703 -0.135547 -0.924609 | 10.6374 | 0 
-0.151172 -0.162891 -0.826953 | 15.0622 | 0 
-0.123828 -0.127734 -0.580859 | 25.0345 | 0 
0.0363281 0.0246094 -0.619922 | 18.058 | 0 
-0.135547 -0.0261719 -0.483203 | 23.7445 | 0 
-0.198047 -0.123828 -0.436328 | 29.1257 | 0 
-0.151172 -0.0144531 -0.209766 | 11.789 | 0 
-0.151172 -0.00664063 -0.377734 | 21.5477 | 0 
-0.116016 0.0246094 -0.354297 | 18.8942 | 0 
0.0207031 0.0480469 -0.408984 | 19.1156 | 0 
-0.0144531 -0.0730469 -0.233203 | 10.0826 | 0 
-0.0652344 -0.190234 -0.299609 | 20.3578 | 0 
-0.00664063 -0.0886719 -0.362109 | 18.1358 | 0 
0.130078 -0.174609 -0.244922 | 18.3847 | 0 
0.106641 0.0324219 -0.334766 | 17.5711 | 0 
0.262891 0.00117187 -0.440234 | 30.3754 | 0 
0.235547 -0.186328 -0.299609 | 28.4452 | 0 
0.173047 -0.182422 -0.651172 | 27.5369 | 0 
0.0949219 -0.0925781 -0.514453 | 23.6121 | 0 
0.141797 -0.0574219 -0.690234 | 18.5244 | 0 
0.274609 -0.0613281 -0.545703 | 32.2409 | 0 
0.294141 0.0597656 -0.694141 | 27.4449 | 0 
0.110547 0.294141 -0.502734 | 35.4048 | 0 
0.251172 0.196484 -0.416797 | 35.7139 | 0 
0.130078 0.110547 -0.397266 | 23.6499 | 0 
0.0871094 0.286328 -0.424609 | 32.8924 | 0 
-0.0730469 0.118359 -0.385547 | 21.3668 | 0 
-0.127734 0.235547 -0.385547 | 29.8888 | 0 
-0.0222656 0.102734 -0.451953 | 21.8728 | 0 
0.0480469 0.274609 -0.600391 | 30.5062 | 0 
0.0285156 0.454297 -0.686328 | 34.3236 | 0 
-0.0574219 0.403516 -0.498828 | 39.2765 | 0 
-0.194141 0.372266 -0.213672 | 31.4695 | 0 
-0.0261719 0.473828 -0.323047 | 34.7598 | 0 
0.133984 0.325391 -0.256641 | 28.5077 | 0 
0.219922 0.395703 -0.573047 | 45.5484 | 0 
0.196484 0.555859 -0.498828 | 46.687 | 0 
0.231641 0.790234 -0.502734 | 37.2772 | 0 
0.247266 0.633984 -0.330859 | 41.9264 | 0 
0.0714844 0.798047 -0.217578 | 16.6849 | 0 
-0.0222656 0.688672 -0.338672 | 29.7335 | 0 
-0.0183594 0.649609 -0.272266 | 27.855 | 0 
-0.170703 0.676953 -0.280078 | 32.0959 | 0 
-0.0378906 0.723828 -0.573047 | 31.7379 | 0 
0.0324219 0.602734 -0.694141 | 32.4791 | 0 
-0.116016 0.704297 -0.604297 | 34.1768 | 0 
-0.0535156 0.786328 -0.768359 | 18.3578 | 0 
-0.0730469 0.587109 -0.713672 | 32.6962 | 0 
-0.158984 0.598828 -0.897266 | 25.9222 | 0 
0.0128906 0.665234 -0.866016 | 19.6424 | 0 
0.00898437 0.786328 -0.948047 | 9.79839 | 0 
-0.112109 0.692578 -0.920703 | 18.4658 | 0 
-0.194141 0.704297 -0.955859 | 21.2237 | 0 
-0.0183594 0.739453 -1.19023 | 19.0249 | 0 
0.0207031 0.645703 -1.05352 | 18.2659 | 0 
-0.0417969 0.575391 -1.16289 | 25.7229 | 0 
-0.116016 0.673047 -0.959766 | 18.8956 | 0 
-0.170703 0.473828 -1.11992 | 29.3012 | 0 
0.0128906 0.528516 -1.00273 | 21.1592 | 0 
0.0246094 0.356641 -1.10039 | 19.5924 | 0 
-0.198047 0.325391 -1.1082 | 24.9517 | 0 
-0.131641 0.497266 -0.783984 | 31.9887 | 0 
0.00507812 0.376172 -0.760547 | 27.1858 | 0 
0.0792969 0.368359 -0.705859 | 31.3639 | 0 
0.192578 0.516797 -0.795703 | 34.5192 | 0 
0.294141 0.325391 -1.12383 | 31.6322 | 0 
0.0871094 0.520703 -1.00664 | 22.6771 | 0 
0.266797 0.665234 -0.955859 | 27.9407 | 0 
0.137891 0.602734 -1.19805 | 30.1232 | 0 
0.0988281 0.676953 -1.05742 | 18.527 | 0 
0.114453 0.790234 -1.19805 | 18.8413 | 0 
0.231641 0.696484 -0.994922 | 23.6822 | 0 
0.239453 0.626172 -0.912891 | 29.1002 | 0 
0.157422 0.774609 -0.741016 | 24.7037 | 0 
0.528516 0.591016 -0.744922 | 49.7514 | 0 
0.438672 0.716016 -0.858203 | 36.5406 | 0 
0.497266 0.641797 -1.08086 | 39.3759 | 0 
0.501172 0.313672 -1.00664 | 35.2661 | 0 
0.446484 0.544141 -0.873828 | 43.2981 | 0 
0.598828 0.438672 -0.842578 | 43.1666 | 0 
0.567578 0.329297 -1.1707 | 40.9131 | 0 
0.657422 0.606641 -1.1707 | 40.7243 | 0 
0.559766 0.676953 -0.944141 | 36.006 | 0 
0.680859 0.774609 -0.670703 | 38.961 | 0 
0.751172 0.700391 -0.432422 | 43.347 | 0 
0.626172 0.762891 -0.408984 | 45.76 | 0 
0.301953 0.669141 -0.612109 | 46.605 | 0 
0.477734 0.505078 -0.307422 | 54.0052 | 0 
0.778516 0.466016 -0.588672 | 47.6483 | 0 
0.676953 0.118359 -0.588672 | 36.3769 | 0 
0.704297 0.274609 -0.506641 | 45.1918 | 0 
0.684766 0.0597656 -0.272266 | 26.6228 | 0 
0.563672 0.212109 -0.229297 | 35.9702 | 0 
0.462109 0.227734 -0.201953 | 35.6565 | 0 
0.317578 0.258984 -0.545703 | 44.7401 | 0 
0.391797 0.0441406 -0.471484 | 38.3764 | 0 
0.411328 -0.0847656 -0.537891 | 40.0564 | 0 
0.454297 -0.178516 -0.283984 | 37.6865 | 0 
0.591016 -0.0730469 -0.221484 | 28.0654 | 0 
0.723828 -0.0730469 -0.221484 | 21.4681 | 0 
0.587109 -0.155078 -0.533984 | 43.3492 | 0 
0.723828 0.0246094 -0.698047 | 25.9748 | 0 
0.770703 -0.135547 -0.733203 | 24.3189 | 0 
0.739453 -0.0457031 -0.897266 | 14.4376 | 0 
0.630078 0.0207031 -0.815234 | 24.0034 | 0 
0.551953 -0.119922 -0.729297 | 34.3269 | 0 
0.301953 -0.162891 -0.701953 | 31.5863 | 0 
0.544141 -0.0300781 -0.940234 | 21.6738 | 0 
0.512891 0.153516 -0.772266 | 33.7581 | 0 
0.391797 0.133984 -0.920703 | 23.3506 | 0 
0.364453 0.290234 -0.924609 | 31.2615 | 0 
0.751172 0.282422 -0.709766 | 35.5984 | 0 
0.653516 0.0753906 -0.924609 | 19.1876 | 0 
0.708203 0.286328 -0.869922 | 29.3573 | 0 
0.626172 0.231641 -0.991016 | 27.3116 | 0 
0.774609 0.133984 -1.0457 | 13.92 | 0 
0.587109 0.0988281 -1.00273 | 21.7674 | 0 
0.618359 0.0753906 -1.08086 | 21.2804 | 0 
0.606641 0.212109 -1.12773 | 30.2159 | 0 
0.364453 0.294141 -1.17461 | 36.3626 | 0 
0.497266 0.0519531 -0.991016 | 21.7746 | 0 
0.544141 -0.0144531 -1.09648 | 22.9396 | 0 
0.380078 -0.0652344 -0.959766 | 19.5091 | 0 
0.337109 -0.0925781 -1.12383 | 21.1109 | 0 
0.415234 -0.194141 -0.967578 | 26.5299 | 0 
0.497266 -0.0925781 -1.1707 | 28.4908 | 0 
0.661328 -0.182422 -1.02227 | 22.7814 | 0 
0.579297 0.0324219 -1.14336 | 24.4248 | 0 
0.778516 0.0246094 -1.15898 | 14.8751 | 0 
0.680859 -0.0730469 -1.0418 | 17.1409 | 0 
0.704297 -0.0847656 -0.951953 | 16.0791 | 0 
0.731641 -0.190234 -1.18633 | 25.5676 | 0 
0.864453 -0.162891 -1.0418 | 10.4107 | 0 
0.856641 -0.123828 -0.987109 | 8.4232 | 0 
0.813672 -0.0378906 -0.971484 | 8.15466 | 0 
0.895703 -0.0339844 -0.963672 | 4.29004 | 0 
0.883984 -0.0730469 -1.0418 | 5.7911 | 0 
0.923047 -0.0105469 -1.06523 | 3.98343 | 0 
0.864453 0.00507812 -0.994922 | 5.16005 | 0 
0.809766 0.0441406 -1.03398 | 8.66849 | 0 
0.821484 -0.0222656 -1.13945 | 11.3287 | 0 
0.895703 -0.0535156 -1.14336 | 8.53368 | 0 
0.891797 0.0246094 -1.15898 | 9.06982 | 0 
0.926953 0.0207031 -1.09258 | 4.8174 | 0 
0.958203 0.0128906 -1.16289 | 7.44224 | 0 
0.934766 -0.0535156 -1.13164 | 6.77562 | 0 
1.02852 -0.0339844 -1.1082 | 4.8977 | 0 
1.03633 0.0167969 -1.15117 | 6.89635 | 0 
1.0207 0.00898437 -1.08867 | 3.83984 | 0 
0.989453 0.00117187 -1.06133 | 2.86093 | 0 
1.04805 0.0324219 -0.998828 | 2.75639 | 0 
1.00508 0.0324219 -0.979297 | 2.26661 | 0 
0.942578 0.00507812 -0.994922 | 2.53235 | 0 
0.966016 0.0285156 -1.05352 | 2.99109 | 0 
0.938672 -0.0300781 -1.02227 | 2.93606 | 0 
0.950391 -0.0574219 -1.05742 | 3.79421 | 0 
0.958203 -0.0339844 -0.991016 | 2.48732 | 0 
1.00508 -0.0417969 -0.967578 | 2.50287 | 0 
1.04805 -0.0574219 -1.01445 | 3.26808 | 0 
0.993359 -0.0496094 -1.05742 | 3.24177 | 0 
1.04805 -0.108203 -1.03398 | 5.08197 | 0 
1.02852 -0.116016 -0.955859 | 5.06843 | 0 
0.969922 -0.0847656 -1.00664 | 3.5331 | 0 
0.938672 -0.0925781 -0.959766 | 4.50657 | 0 
0.981641 -0.119922 -1.01836 | 4.85493 | 0 
0.946484 -0.178516 -1.01055 | 8.18887 | 0 
1.0207 -0.186328 -1.08867 | 9.96379 | 0 
0.946484 -0.162891 -1.08867 | 8.97584 | 0 
1.00117 -0.0808594 -1.08867 | 4.96974 | 0 
1.1418 -0.198047 -1.19805 | 20.0781 | 0 
1.08711 -0.178516 -1.10039 | 11.4676 | 0 
1.06758 -0.135547 -0.987109 | 6.46595 | 0 
1.17305 -0.0808594 -0.975391 | 9.06744 | 0 
1.2082 -0.198047 -1.04961 | 17.2798 | 0 
1.20039 -0.0886719 -1.06523 | 11.8573 | 0 
1.27461 -0.182422 -1.19805 | 27.3071 | 0 
1.24336 -0.116016 -1.13555 | 18.3857 | 0 
1.2082 0.00898437 -1.13945 | 13.7773 | 0 
1.23945 -0.0378906 -1.06914 | 13.2295 | 0 
1.19648 0.0402344 -0.971484 | 9.55541 | 0 
1.1418 0.0324219 -1.0457 | 6.72766 | 0 
1.11836 0.00898437 -0.979297 | 4.95038 | 0 
1.16133 -0.0691406 -1.0418 | 8.42291 | 0 
1.07539 -0.0417969 -1.01445 | 3.6725 | 0 
1.09102 -0.0613281 -0.967578 | 4.66142 | 0 
1.0793 -0.0222656 -1.01055 | 3.52197 | 0 
1.09102 0.0324219 -0.979297 | 4.03274 | 0 
1.06367 0.00898437 -1.02227 | 3.07977 | 0 
1.09102 0.0285156 -1.13164 | 7.45294 | 0 
1.12227 -0.0378906 -1.1082 | 7.80298 | 0 
1.13008 -0.0457031 -1.1707 | 11.4385 | 0 
1.08711 0.145703 -1.19805 | 14.7984 | 0 
1.11445 0.0988281 -1.11992 | 9.55593 | 0 
1.06758 0.0871094 -1.09258 | 6.33445 | 0 
1.05977 0.0792969 -1.03398 | 4.33819 | 0 
1.10664 0.169141 -1.07305 | 10.7369 | 0 
1.14961 0.0636719 -0.975391 | 7.28829 | 0 
1.27852 0.169141 -1.05352 | 20.2505 | 0 
1.18477 0.0714844 -1.15117 | 13.9227 | 0 
1.24727 0.274609 -1.05742 | 24.7613 | 0 
1.06758 0.216016 -1.01445 | 11.0256 | 0 
1.17305 0.180859 -1.11211 | 16.1678 | 0 
0.989453 0.286328 -1.15117 | 18.8528 | 0 
0.801953 0.204297 -1.17852 | 21.6928 | 0 
0.805859 0.149609 -1.11602 | 15.1227 | 0 
0.962109 0.106641 -1.16289 | 9.52941 | 0 
0.938672 0.133984 -1.13945 | 9.86916 | 0 
1.02461 0.0753906 -1.13164 | 6.78657 | 0 
0.946484 0.0675781 -1.01836 | 3.45191 | 0 
0.966016 0.0675781 -1.06523 | 4.01589 | 0 
1.0207 0.0949219 -1.01445 | 3.93209 | 0 
0.942578 0.145703 -1.04961 | 7.04296 | 0 
0.946484 0.130078 -0.971484 | 5.73473 | 0 
1.01289 0.102734 -1.00664 | 4.10332 | 0 
1.00508 0.0636719 -0.951953 | 3.1674 | 0 
0.946484 0.0832031 -1.00664 | 3.82045 | 0 
0.899609 0.0714844 -1.05352 | 5.40043 | 0 
0.801953 0.0871094 -1.06523 | 10.8679 | 0 
0.860547 0.153516 -1.0457 | 10.1687 | 0 
0.883984 0.204297 -0.991016 | 11.5301 | 0 
0.899609 0.286328 -1.06523 | 17.0414 | 0 
1.04023 0.184766 -0.991016 | 8.44712 | 0 
1.0168 0.294141 -0.979297 | 14.9576 | 0 
1.04023 0.184766 -0.830859 | 13.2746 | 0 
0.903516 0.298047 -0.866016 | 19.7495 | 0 
0.864453 0.188672 -0.893359 | 13.397 | 0 
0.817578 0.0753906 -0.830859 | 13.4811 | 0 
0.926953 0.0792969 -0.901172 | 5.79504 | 0 
1.03242 0.0988281 -0.889453 | 6.25715 | 0 
0.934766 0.149609 -0.924609 | 7.7828 | 0 
0.938672 0.130078 -0.850391 | 9.61488 | 0 
1.00898 0.0832031 -0.873828 | 6.12132 | 0 
1.01289 0.0675781 -0.764453 | 11.6288 | 0 
0.966016 0.0636719 -0.737109 | 13.3064 | 0 
0.825391 0.149609 -0.799609 | 17.8168 | 0 
0.981641 0.274609 -0.795703 | 20.4464 | 0 
1.16914 0.176953 -0.799609 | 19.6758 | 0 
1.2082 0.290234 -0.908984 | 23.8664 | 0 
1.21602 0.231641 -0.756641 | 28.4176 | 0 
1.2668 0.0910156 -0.897266 | 17.0747 | 0 
1.21211 0.0949219 -0.830859 | 16.6719 | 0 
1.16914 0.149609 -0.948047 | 12.0537 | 0 
1.08711 0.118359 -0.936328 | 6.9631 | 0 
1.08711 0.0988281 -0.783984 | 13.0147 | 0 
1.0793 0.145703 -0.772266 | 15.5097 | 0 
1.11445 0.00898437 -0.729297 | 15.5632 | 0 
1.12617 -0.0457031 -0.823047 | 10.9082 | 0 
1.05586 0.0324219 -0.838672 | 7.34803 | 0 
1.09492 0.00117187 -0.912891 | 5.21973 | 0 
1.07148 -0.0457031 -0.866016 | 6.64062 | 0 
1.16914 -0.0261719 -0.877734 | 10.2166 | 0 
1.16523 -0.0105469 -0.916797 | 8.47827 | 0 
1.26289 -0.0730469 -0.877734 | 17.0231 | 0 
1.21211 -0.00664063 -0.729297 | 20.9487 | 0 
1.2707 -0.162891 -0.705859 | 30.9706 | 0 
1.1418 -0.104297 -0.944141 | 8.60021 | 0 
1.11055 -0.162891 -0.799609 | 15.9452 | 0 
1.13008 -0.178516 -0.752734 | 20.5199 | 0 
1.0168 -0.100391 -0.811328 | 9.92342 | 0 
1.0207 -0.190234 -0.795703 | 15.2958 | 0 
0.926953 -0.198047 -0.916797 | 10.9029 | 0 
0.985547 -0.100391 -0.912891 | 5.24104 | 0 
1.02852 -0.108203 -0.873828 | 7.19779 | 0 
1.04805 -0.0535156 -0.877734 | 5.69242 | 0 
0.962109 -0.0378906 -0.916797 | 3.66738 | 0 
0.938672 -0.0417969 -0.885547 | 5.2194 | 0 
0.950391 0.0128906 -0.893359 | 4.37821 | 0 
1.01289 0.0285156 -0.944141 | 2.72064 | 0 
1.0207 0.0207031 -0.889453 | 4.31918 | 0 
1.02852 0.00898437 -0.737109 | 12.5863 | 0 
0.926953 -0.0496094 -0.764453 | 12.056 | 0 
0.903516 -0.0496094 -0.772266 | 12.2846 | 0 
0.809766 0.00898437 -0.733203 | 18.5952 | 0 
0.825391 0.0324219 -0.908984 | 8.74468 | 0 
0.911328 -0.0144531 -0.862109 | 6.65167 | 0 
0.833203 -0.0652344 -0.877734 | 10.1128 | 0 
0.876172 -0.0886719 -0.948047 | 6.59177 | 0 
0.895703 -0.194141 -0.944141 | 10.9743 | 0 
0.825391 -0.0964844 -0.807422 | 15.0326 | 0 
0.915234 -0.139453 -0.655078 | 21.8874 | 0 
1.0168 -0.0144531 -0.678516 | 15.9333 | 0 
0.923047 0.0441406 -0.576953 | 21.569 | 0 
1.01289 -0.0417969 -0.479297 | 21.5486 | 0 
0.903516 -0.155078 -0.502734 | 27.2569 | 0 
0.809766 -0.0769531 -0.342578 | 23.7521 | 0 
0.876172 -0.0730469 -0.405078 | 23.1226 | 0 
0.958203 -0.0496094 -0.334766 | 16.9352 | 0 
1.00508 0.0167969 -0.225391 | 9.5819 | 0 
1.00117 -0.0535156 -0.303516 | 14.9571 | 0 
0.969922 -0.174609 -0.252734 | 16.8232 | 0 
1.13008 -0.116016 -0.416797 | 25.8279 | 0 
1.10664 -0.119922 -0.237109 | 15.3552 | 0 
1.29023 0.0128906 -0.432422 | 33.4978 | 0 
1.24336 -0.151172 -0.428516 | 34.5253 | 0 
1.05977 -0.178516 -0.569141 | 26.9048 | 0 
1.21602 -0.00664063 -0.631641 | 26.5373 | 0 
1.27461 0.0910156 -0.678516 | 29.5665 | 0 
1.16523 0.176953 -0.518359 | 32.0834 | 0 
1.23945 0.223828 -0.494922 | 39.527 | 0 
1.2043 0.0675781 -0.205859 | 16.8149 | 0 
1.11836 0.110547 -0.389453 | 24.0548 | 0 
1.11055 0.161328 -0.252734 | 18.5242 | 0 
1.0168 0.274609 -0.362109 | 29.3119 | 0 
0.899609 0.102734 -0.366016 | 21.551 | 0 
0.880078 0.266797 -0.362109 | 31.213 | 0 
1.03633 0.153516 -0.471484 | 25.7214 | 0 
0.895703 0.0871094 -0.518359 | 24.5444 | 0 
1.04023 0.137891 -0.694141 | 18.8631 | 0 
0.841016 0.419141 -0.662891 | 39.8513 | 0 
0.841016 0.548047 -0.576953 | 44.33 | 0 
0.848828 0.473828 -0.229297 | 33.7474 | 0 
1.05195 0.399609 -0.377734 | 37.2043 | 0 
1.2707 0.301953 -0.225391 | 34.7204 | 0 
1.0832 0.524609 -0.662891 | 38.3084 | 0 
1.16523 0.641797 -0.541797 | 42.9295 | 0 
1.28242 0.708203 -0.229297 | 35.5207 | 0 
0.934766 0.790234 -0.448047 | 29.4981 | 0 
0.993359 0.653516 -0.420703 | 36.0815 | 0 
0.915234 0.716016 -0.272266 | 26.3231 | 0 
0.805859 0.587109 -0.690234 | 40.2391 | 0 
0.844922 0.575391 -0.737109 | 35.6795 | 0 
0.993359 0.774609 -0.834766 | 15.6745 | 0 
0.856641 0.688672 -0.979297 | 19.8001 | 0 
0.856641 0.755078 -1.17461 | 21.5927 | 0 
0.973828 0.758984 -1.09648 | 14.0794 | 0 
1.02852 0.770703 -1.11211 | 14.1316 | 0 
0.985547 0.684766 -0.994922 | 16.4614 | 0 
1.00898 0.637891 -1.11602 | 21.7034 | 0 
0.911328 0.551953 -1.0457 | 23.6224 | 0 
0.844922 0.528516 -1.01836 | 26.3199 | 0 
1.0207 0.434766 -1.13164 | 24.9977 | 0 
0.954297 0.383984 -0.967578 | 20.0694 | 0 
0.919141 0.341016 -1.08867 | 20.3337 | 0 
0.864453 0.348828 -0.991016 | 21.0978 | 0 
0.833203 0.489453 -0.893359 | 28.8791 | 0 
0.926953 0.317578 -0.760547 | 26.0308 | 0 
1.08711 0.372266 -0.799609 | 27.3023 | 0 
1.17695 0.497266 -0.741016 | 38.3141 | 0 
1.17695 0.383984 -1.01445 | 25.6315 | 0 
1.10273 0.438672 -1.06523 | 24.6502 | 0 
1.22773 0.454297 -1.03008 | 31.1489 | 0 
1.09492 0.653516 -1.15508 | 24.7675 | 0 
1.17305 0.700391 -0.951953 | 21.6429 | 0 
1.2043 0.774609 -1.09648 | 20.6622 | 0 
1.18086 0.676953 -1.00664 | 23.0961 | 0 
1.05586 0.739453 -0.862109 | 17.2009 | 0 
1.21992 0.633984 -0.709766 | 39.6773 | 0 
1.27461 0.786328 -0.791797 | 29.5511 | 0 
1.30195 0.598828 -0.729297 | 45.2226 | 0 
1.49336 0.743359 -0.924609 | 35.1471 | 0 
1.5168 0.649609 -1.18633 | 46.0773 | 0 
1.5207 0.399609 -0.987109 | 41.4706 | 0 
1.56367 0.364453 -0.741016 | 49.4889 | 0 
1.69258 0.368359 -1.02227 | 34.4434 | 0 
1.75117 0.450391 -0.987109 | 33.7211 | 0 
1.71211 0.755078 -1.19023 | 33.2899 | 0 
1.7043 0.571484 -0.721484 | 47.3744 | 0 
1.71992 0.598828 -0.307422 | 46.9533 | 0 
1.3918 0.778516 -0.455859 | 48.3633 | 0 
1.43477 0.368359 -0.686328 | 52.5017 | 0 
1.57539 0.430859 -0.401172 | 58.9317 | 0 
1.67695 0.270703 -0.678516 | 43.4152 | 0 
1.75117 0.262891 -0.522266 | 44.0462 | 0 
1.66133 0.298047 -0.264453 | 42.0865 | 0 
1.46211 0.165234 -0.506641 | 47.0533 | 0 
1.54805 0.0207031 -0.506641 | 42.2771 | 0 
1.34883 -0.116016 -0.323047 | 34.7267 | 0 
1.66133 -0.166797 -0.366016 | 39.8774 | 0 
1.75508 -0.104297 -0.440234 | 34.3406 | 0 
1.61055 -0.0925781 -0.592578 | 40.6368 | 0 
1.57148 -0.00273438 -0.803516 | 28.8254 | 0 
1.48164 -0.131641 -0.721484 | 37.6788 | 0 
1.3918 -0.0769531 -0.815234 | 27.5456 | 0 
1.49727 -0.00664063 -0.862109 | 26.5165 | 0 
1.41914 0.0949219 -0.889453 | 25.5943 | 0 
1.61836 0.258984 -0.713672 | 43.3824 | 0 
1.59883 0.200391 -0.873828 | 31.4076 | 0 
1.66133 0.102734 -0.971484 | 21.1741 | 0 
1.59883 0.133984 -1.1668 | 30.4151 | 0 
1.7668 0.180859 -1.19414 | 25.8798 | 0 
1.4543 0.231641 -1.01055 | 31.6513 | 0 
1.30977 0.0949219 -1.01836 | 18.222 | 0 
1.49336 -0.0574219 -1.18633 | 30.3812 | 0 
1.36836 -0.0378906 -1.15898 | 24.8571 | 0 
1.5207 -0.174609 -1.09258 | 30.5351 | 0 
1.65352 -0.0378906 -0.994922 | 19.7103 | 0 
1.64961 0.0441406 -1.08867 | 21.7005 | 0 
1.69648 -0.0457031 -0.951953 | 17.9476 | 0 
1.77852 -0.178516 -1.44023 | 38.4483 | 0 
1.48164 -0.190234 -1.21758 | 37.9569 | 0 
1.34492 0.278516 -1.38945 | 48.899 | 0 
1.7082 0.169141 -1.55742 | 42.4596 | 0 
1.46211 0.114453 -1.61992 | 44.2622 | 0 
1.36836 -0.178516 -1.49883 | 46.5785 | 0 
1.73164 -0.0378906 -1.69023 | 30.9575 | 0 
1.78242 -0.0808594 -1.64336 | 31.3344 | 0 
1.61055 0.0324219 -1.7918 | 31.0993 | 0 
1.63398 -0.0300781 -1.93242 | 24.132 | 0 
1.74727 -0.155078 -2.15898 | 26.8812 | 0 
1.61836 -0.0496094 -2.06914 | 25.6735 | 0 
1.71211 0.0324219 -2.09258 | 21.521 | 0 
1.7082 -0.0457031 -1.97539 | 19.9471 | 0 
1.59102 0.0675781 -2.17852 | 32.2367 | 0 
1.73164 0.255078 -2.13164 | 32.3076 | 0 
1.61055 0.149609 -1.83477 | 32.6904 | 0 
1.50508 0.0675781 -1.80352 | 33.1059 | 0 
1.34492 0.219922 -1.74102 | 39.1907 | 0 
1.32539 0.227734 -2.08477 | 30.7072 | 0 
1.43477 0.0675781 -1.99102 | 26.1029 | 0 
1.3918 0.0519531 -1.9832 | 24.2332 | 0 
1.54805 0.0441406 -2.03398 | 26.6925 | 0 
1.41914 -0.104297 -2.08086 | 28.4263 | 0 
1.4582 0.0480469 -1.72148 | 36.9837 | 0 
1.28633 -0.0808594 -1.80742 | 24.9237 | 0 
1.29805 -0.0652344 -1.78008 | 26.7808 | 0 
1.23555 -0.0222656 -1.93633 | 15.2569 | 0 
1.07148 -0.00664063 -1.88555 | 8.18016 | 0 
1.08711 -0.0300781 -1.83867 | 10.9146 | 0 
1.14961 -0.100391 -1.89727 | 12.9699 | 0 
1.15352 -0.158984 -1.88945 | 16.133 | 0 
1.27852 -0.112109 -1.86602 | 22.6305 | 0 
1.24336 -0.119922 -2.02617 | 18.0904 | 0 
1.11836 -0.190234 -2.15117 | 19.0689 | 0 
1.06367 -0.194141 -2.06133 | 13.5029 | 0 
1.1418 -0.194141 -2.04961 | 16.2992 | 0 
1.08711 -0.135547 -2.00664 | 10.109 | 0 
1.09102 -0.0261719 -1.97148 | 6.96382 | 0 
1.17305 0.0402344 -2.03789 | 11.4817 | 0 
1.06758 0.0246094 -2.09258 | 8.17113 | 0 
1.05977 -0.0378906 -2.08867 | 7.97827 | 0 
1.2082 0.00117187 -2.15117 | 17.6734 | 0 
1.2707 0.0441406 -2.05742 | 18.1727 | 0 
1.22383 0.153516 -2.02617 | 18.4268 | 0 
1.16133 0.126172 -2.18633 | 19.9434 | 0 
1.10273 0.110547 -2.02617 | 9.79734 | 0 
1.16914 0.106641 -2.06914 | 13.8857 | 0 
1.05586 0.153516 -2.03789 | 10.4854 | 0 
1.16133 0.262891 -1.9793 | 20.9413 | 0 
1.11055 0.208203 -2.12773 | 18.5761 | 0 
1.21602 0.286328 -2.06914 | 26.9146 | 0 
1.18477 0.157422 -1.73711 | 25.7757 | 0 
1.21211 0.0597656 -1.83867 | 17.9044 | 0 
1.1457 0.173047 -1.81133 | 20.1218 | 0 
1.16133 0.262891 -1.82695 | 25.6281 | 0 
0.942578 0.262891 -1.87773 | 18.7448 | 0 
0.946484 0.169141 -1.77617 | 18.1374 | 0 
0.989453 0.110547 -1.72148 | 18.0756 | 0 
0.993359 0.0519531 -1.9207 | 6.43107 | 0 
0.942578 0.114453 -1.86211 | 11.0132 | 0 
0.969922 0.0988281 -1.84258 | 10.8961 | 0 
0.809766 0.157422 -1.90508 | 16.8744 | 0 
0.899609 0.0871094 -1.74492 | 17.5657 | 0 
0.805859 0.270703 -1.76445 | 30.7881 | 0 
0.911328 0.286328 -2.15508 | 23.7152 | 0 
0.981641 0.270703 -2.06914 | 17.6107 | 0 
1.03242 0.165234 -1.9793 | 10.2243 | 0 
0.950391 0.118359 -2.01445 | 8.13849 | 0 
1.03633 0.0792969 -1.96758 | 6.63352 | 0 
0.993359 0.102734 -2.17461 | 13.1852 | 0 
0.946484 0.137891 -2.12383 | 12.3868 | 0 
0.887891 0.122266 -2.15508 | 15.0194 | 0 
0.829297 0.0910156 -2.02227 | 11.6956 | 0 
0.801953 0.145703 -2.04961 | 16.0464 | 0 
0.864453 0.0988281 -1.96758 | 10.1147 | 0 
0.872266 0.0285156 -1.96367 | 8.08858 | 0 
0.860547 -0.0613281 -2.00273 | 9.08932 | 0 
0.809766 0.0167969 -2.1668 | 16.7462 | 0 
0.864453 0.0363281 -2.09648 | 10.5979 | 0 
1.0168 -0.0183594 -2.19805 | 12.7811 | 0 
1.00117 0.0167969 -2.03008 | 5.3578 | 0 
0.958203 0.0363281 -1.9793 | 5.52381 | 0 
0.977734 0.00117187 -2.07305 | 6.38635 | 0 
0.930859 -0.0691406 -1.9832 | 6.71776 | 0 
1.04805 -0.0222656 -2.00664 | 5.68414 | 0 
1.03242 -0.0925781 -2.06523 | 8.01937 | 0 
1.00508 -0.112109 -2.01055 | 7.47211 | 0 
0.981641 -0.166797 -2.01445 | 10.1642 | 0 
1.02461 -0.162891 -2.01445 | 10.0908 | 0 
0.973828 -0.0847656 -2.18633 | 13.3608 | 0 
0.919141 -0.119922 -2.09258 | 10.8527 | 0 
0.872266 -0.170703 -2.01836 | 13.2029 | 0 
0.860547 -0.170703 -1.9793 | 13.5923 | 0 
0.899609 -0.0847656 -1.90117 | 9.60708 | 0 
1.04414 -0.190234 -1.86992 | 14.4957 | 0 
0.993359 -0.0808594 -1.8582 | 9.43115 | 0 
0.977734 -0.0496094 -1.90508 | 6.89376 | 0 
0.997266 -0.0378906 -1.85039 | 8.80576 | 0 
1.00508 -0.0261719 -1.93633 | 5.68986 | 0 
0.950391 -0.0105469 -1.83867 | 9.50027 | 0 
0.809766 0.00117187 -1.9168 | 11.9982 | 0 
0.872266 -0.0222656 -1.83086 | 12.3978 | 0 
0.883984 -0.0339844 -1.7957 | 13.9432 | 0 
0.860547 0.0480469 -1.7332 | 18.8518 | 0 
1.01289 0.0167969 -1.80742 | 10.8513 | 0 
0.938672 -0.100391 -1.78789 | 14.387 | 0 
0.872266 -0.158984 -1.70977 | 23.85 | 0 
0.899609 -0.166797 -1.59258 | 28.6602 | 0 
1.03242 0.0167969 -1.6668 | 19.0997 | 0 
0.833203 -0.0222656 -1.56914 | 27.3328 | 0 
0.934766 -0.0769531 -1.45586 | 24.5917 | 0 
0.821484 -0.123828 -1.51836 | 31.4642 | 0 
0.915234 -0.155078 -1.2918 | 20.8949 | 0 
0.829297 -0.0417969 -1.33867 | 23.3332 | 0 
0.942578 -0.0535156 -1.38555 | 21.5387 | 0 
0.926953 0.00117187 -1.25664 | 13.8907 | 0 
0.997266 -0.0261719 -1.23711 | 11.853 | 0 
0.969922 -0.0886719 -1.20586 | 11.355 | 0 
0.966016 -0.162891 -1.35039 | 23.704 | 0 
1.05977 -0.166797 -1.2293 | 17.0689 | 0 
1.06758 -0.0417969 -1.2918 | 16.6372 | 0 
1.10273 0.0441406 -1.30742 | 18.8516 | 0 
1.29414 -0.00273438 -1.38555 | 33.8578 | 0 
1.28633 -0.170703 -1.58867 | 40.1794 | 0 
1.18086 -0.0183594 -1.46758 | 29.1994 | 0 
1.09102 0.102734 -1.5457 | 26.7837 | 0 
1.19648 0.176953 -1.61602 | 33.8034 | 0 
1.23945 0.204297 -1.23711 | 28.8049 | 0 
1.29414 0.137891 -1.3543 | 35.8843 | 0 
1.06758 0.0558594 -1.2957 | 17.1516 | 0 
1.16523 0.278516 -1.27227 | 31.1528 | 0 
0.934766 0.235547 -1.41289 | 31.3862 | 0 
0.938672 0.122266 -1.32695 | 20.8475 | 0 
0.856641 0.0988281 -1.24492 | 17.631 | 0 
0.809766 0.239453 -1.2332 | 26.8507 | 0 
0.958203 0.126172 -1.51055 | 26.5179 | 0 
0.868359 0.356641 -1.59258 | 41.2132 | 0 
0.876172 0.387891 -1.45586 | 43.1526 | 0 
1.03242 0.403516 -1.26445 | 32.1592 | 0 
1.27852 0.473828 -1.40508 | 53.7541 | 0 
1.14961 0.305859 -1.51836 | 41.1945 | 0 
1.13008 0.551953 -1.60039 | 44.8487 | 0 
1.19648 0.692578 -1.38555 | 41.5854 | 0 
1.1457 0.731641 -1.32695 | 33.3145 | 0 
0.809766 0.637891 -1.29961 | 38.6267 | 0 
0.923047 0.618359 -1.69023 | 36.265 | 0 
0.833203 0.587109 -1.7332 | 38.6426 | 0 
0.805859 0.786328 -1.95977 | 19.7253 | 0 
0.950391 0.680859 -2.18242 | 26.7009 | 0 
0.969922 0.594922 -2.00273 | 23.7587 | 0 
0.821484 0.587109 -2.03008 | 29.516 | 0 
0.817578 0.434766 -2.07695 | 31.3696 | 0 
0.872266 0.325391 -2.11211 | 25.321 | 0 
0.837109 0.501172 -1.74102 | 39.343 | 0 
1.04414 0.395703 -1.88945 | 25.4443 | 0 
1.20039 0.508984 -1.90898 | 33.8526 | 0 
1.29023 0.337109 -2.03789 | 33.9186 | 0 
1.11836 0.458203 -2.1668 | 33.46 | 0 
1.1457 0.673047 -2.09648 | 26.4977 | 0 
1.13008 0.778516 -1.9832 | 17.2479 | 0 
1.23945 0.739453 -2.03008 | 26.3823 | 0 
1.29805 0.567578 -1.87773 | 40.4267 | 0 
1.49727 0.575391 -1.83477 | 49.7589 | 0 
1.32148 0.641797 -2.19414 | 44.1632 | 0 
1.36445 0.341016 -1.89727 | 39.589 | 0 
1.58711 0.423047 -1.75664 | 52.7594 | 0 
1.65352 0.329297 -1.98711 | 37.3004 | 0 
1.79414 0.610547 -1.97148 | 32.5837 | 0 
1.6418 0.786328 -1.9793 | 31.34 | 0 
1.62227 0.727734 -1.76055 | 44.1846 | 0 
1.60273 0.727734 -1.69805 | 48.5708 | 0 
1.71992 0.536328 -1.61602 | 54.9353 | 0 
1.4543 0.528516 -1.33086 | 58.4607 | 0 
1.45039 0.731641 -1.2293 | 43.5221 | 0 
1.74727 0.860547 -1.33867 | 34.6443 | 0 
1.57539 0.969922 -1.39727 | 42.4399 | 0 
1.30977 0.883984 -1.3543 | 36.6339 | 0 
1.46602 0.946484 -1.31133 | 38.8562 | 0 
1.32539 1.18477 -1.20195 | 32.2086 | 0 
1.62617 1.25898 -1.25273 | 43.5536 | 0 
1.78242 1.13008 -1.36211 | 33.9203 | 0 
1.63008 1.2082 -1.63555 | 47.625 | 0 
1.46992 1.00117 -1.62773 | 42.5833 | 0 
1.58711 0.926953 -1.49883 | 45.1985 | 0 
1.73945 0.801953 -1.58086 | 42.3604 | 0 
1.78633 0.950391 -1.80742 | 22.0499 | 0 
1.65742 0.911328 -1.9207 | 25.489 | 0 
1.69258 0.903516 -1.99883 | 22.9889 | 0 
1.60273 0.899609 -2.19414 | 34.6665 | 0 
1.55586 1.04805 -2.05742 | 28.2385 | 0 
1.68086 1.17305 -2.13945 | 31.9379 | 0 
1.69258 1.21211 -2.16289 | 34.9799 | 0 
1.73945 1.07539 -1.78398 | 27.0089 | 0 
1.55195 1.23164 -1.91289 | 37.3664 | 0 
1.3957 1.28242 -2.06523 | 38.6377 | 0 
1.5168 1.12227 -2.08867 | 32.1879 | 0 
1.48164 1.00508 -2.12773 | 30.7228 | 0 
1.34492 0.805859 -2.11211 | 31.4779 | 0 
1.48945 0.860547 -1.88555 | 32.5679 | 0 
1.32539 0.981641 -1.85039 | 24.8748 | 0 
1.47383 0.907422 -1.70195 | 40.3752 | 0 
1.28242 0.899609 -1.80742 | 26.1379 | 0 
1.0832 0.887891 -1.70586 | 21.3253 | 0 
1.06758 0.993359 -1.77227 | 14.7697 | 0 
1.29414 1.04805 -1.78398 | 27.0269 | 0 
1.19648 1.0207 -1.9168 | 14.2682 | 0 
1.16914 0.919141 -1.86211 | 15.6017 | 0 
1.21992 0.887891 -1.88555 | 18.8094 | 0 
1.29023 0.911328 -1.99102 | 20.4888 | 0 
1.19648 0.903516 -2.18633 | 21.6157 | 0 
1.07539 0.821484 -2.19023 | 19.72 | 0 
1.11445 0.817578 -2.03398 | 14.6312 | 0 
1.06367 0.903516 -2.04961 | 9.20212 | 0 
1.11836 0.958203 -1.9793 | 9.15398 | 0 
1.13789 1.02852 -2.02227 | 10.2242 | 0 
1.05977 1.04023 -2.1707 | 13.153 | 0 
1.21211 0.946484 -2.19414 | 21.9429 | 0 
1.27852 0.962109 -1.99492 | 18.6092 | 0 
1.23164 1.13398 -2.01836 | 19.1312 | 0 
1.22383 1.10273 -2.12773 | 20.6675 | 0 
1.11055 1.10273 -2.01445 | 10.8774 | 0 
1.15352 1.12227 -1.95977 | 13.8594 | 0 
1.11445 1.17695 -2.01055 | 14.7375 | 0 
1.06367 1.21211 -2.13164 | 18.8059 | 0 
1.17695 1.27852 -1.99883 | 24.3673 | 0 
1.27461 1.12227 -1.70195 | 33.1026 | 0 
1.12617 1.15352 -1.8582 | 17.0484 | 0 
1.11055 1.25117 -1.7293 | 29.4768 | 0 
1.04414 1.2707 -1.70977 | 29.8087 | 0 
1.00117 1.1457 -1.86602 | 13.0423 | 0 
0.829297 1.16523 -1.9168 | 17.1988 | 0 
0.809766 1.12617 -1.73711 | 25.0642 | 0 
0.868359 1.29414 -2.00273 | 22.4093 | 0 
0.852734 1.22773 -2.17852 | 25.228 | 0 
0.958203 1.2082 -2.1082 | 16.7926 | 0 
0.942578 1.19648 -2.00664 | 13.6997 | 0 
0.997266 1.13008 -1.95977 | 9.58972 | 0 
0.930859 1.09492 -2.02617 | 8.96094 | 0 
0.997266 1.10273 -1.99492 | 8.20884 | 0 
1.02852 1.14961 -2.11602 | 13.6606 | 0 
0.966016 1.07148 -2.1043 | 9.79972 | 0 
0.837109 1.12617 -2.13164 | 17.5201 | 0 
0.868359 1.07539 -2.01445 | 10.3409 | 0 
0.891797 1.11445 -1.98711 | 10.7183 | 0 
0.825391 1.0207 -1.96367 | 11.3612 | 0 
0.923047 0.958203 -1.99102 | 7.23942 | 0 
0.856641 0.977734 -2.06133 | 10.5597 | 0 
0.864453 1.04414 -2.04961 | 10.3151 | 0 
0.821484 0.977734 -2.11211 | 14.2275 | 0 
0.946484 1.03633 -2.08477 | 8.52053 | 0 
0.973828 0.981641 -2.14727 | 10.7081 | 0 
1.03242 0.962109 -2.09258 | 8.50389 | 0 
1.0207 1.04023 -2.14336 | 10.91 | 0 
1.03633 1.00508 -1.97539 | 6.3701 | 0 
0.969922 1.01289 -2.01445 | 6.27675 | 0 
0.962109 0.938672 -1.97148 | 6.86893 | 0 
1.02461 0.907422 -2.06914 | 8.84738 | 0 
0.958203 0.872266 -1.95977 | 9.23184 | 0 
1.02852 0.801953 -1.99102 | 12.6345 | 0 
1.03242 0.872266 -2.13164 | 12.8589 | 0 
0.919141 0.821484 -2.08477 | 14.1721 | 0 
0.809766 0.864453 -2.09648 | 17.3254 | 0 
0.883984 0.813672 -2.01836 | 14.2302 | 0 
0.883984 0.880078 -1.9832 | 10.7929 | 0 
0.860547 0.868359 -1.87773 | 14.6583 | 0 
0.895703 0.805859 -1.89727 | 15.6966 | 0 
1.03633 0.844922 -1.93242 | 11.0527 | 0 
0.962109 0.919141 -1.85039 | 10.8419 | 0 
0.926953 0.977734 -1.90898 | 8.18311 | 0 
1.04414 0.930859 -1.86992 | 9.92245 | 0 
1.04414 1.02461 -1.83867 | 10.7346 | 0 
0.841016 1.01289 -1.92461 | 11.1592 | 0 
0.809766 1.04414 -1.86211 | 15.4522 | 0 
0.954297 1.02461 -1.72148 | 17.2349 | 0 
0.958203 0.915234 -1.75664 | 16.1524 | 0 
0.868359 0.841016 -1.81133 | 18.8016 | 0 
0.989453 0.813672 -1.64727 | 26.4977 | 0 
0.848828 0.930859 -1.60039 | 27.3347 | 0 
0.946484 0.926953 -1.5457 | 25.3297 | 0 
0.860547 0.848828 -1.40117 | 29.3388 | 0 
0.876172 0.958203 -1.2293 | 15.1198 | 0 
0.809766 0.946484 -1.37383 | 27.3502 | 0 
0.966016 0.942578 -1.36992 | 21.4112 | 0 
0.969922 0.930859 -1.2957 | 17.4253 | 0 
0.973828 0.844922 -1.24102 | 17.1563 | 0 
1.10273 0.860547 -1.3543 | 25.4961 | 0 
1.11055 1.03242 -1.44414 | 26.2987 | 0 
1.18086 0.876172 -1.40117 | 30.9268 | 0 
1.11836 0.950391 -1.49883 | 27.5222 | 0 
1.19258 1.09102 -1.56523 | 32.2951 | 0 
1.16133 1.24336 -1.65898 | 35.3541 | 0 
1.2082 1.22383 -1.42852 | 39.7732 | 0 
1.18867 1.0832 -1.2332 | 20.6306 | 0 
1.2082 1.06758 -1.37383 | 29.7976 | 0 
1.07148 1.07148 -1.26055 | 16.531 | 0 
1.08711 1.18086 -1.44414 | 31.3041 | 0 
1.00898 1.12227 -1.26836 | 17.8617 | 0 
0.844922 1.11836 -1.32695 | 25.3977 | 0 
0.989453 1.24727 -1.50273 | 34.6416 | 0 
1.04805 1.18086 -1.6082 | 29.0991 | 0 
0.821484 1.47383 -1.68633 | 45.1086 | 0 
0.903516 1.37617 -1.4207 | 42.4178 | 0 
1.05586 1.44258 -1.31523 | 38.8765 | 0 
1.1418 1.37227 -1.47539 | 45.906 | 0 
1.06367 1.71211 -1.61602 | 37.2809 | 0 
1.22773 1.66133 -1.23711 | 38.8819 | 0 
1.09102 1.77852 -1.38164 | 33.4312 | 0 
0.926953 1.5793 -1.4207 | 43.9752 | 0 
0.919141 1.7043 -1.48711 | 40.0235 | 0 
1.02461 1.5793 -1.65117 | 40.9921 | 0 
0.938672 1.6457 -1.77227 | 32.1633 | 0 
0.868359 1.63398 -1.89336 | 29.0617 | 0 
0.954297 1.79414 -1.89727 | 17.4127 | 0 
0.825391 1.71992 -2.13945 | 29.1329 | 0 
0.926953 1.68086 -2.01055 | 22.9925 | 0 
0.938672 1.5793 -2.08477 | 28.6242 | 0 
0.891797 1.44258 -1.97148 | 28.5027 | 0 
1.04414 1.48555 -2.15508 | 32.6656 | 0 
0.997266 1.30586 -2.13164 | 23.9133 | 0 
0.868359 1.38398 -1.73711 | 37.1849 | 0 
0.946484 1.37227 -1.74492 | 33.6513 | 0 
1.11055 1.49336 -1.80352 | 35.7247 | 0 
1.27461 1.41523 -1.92461 | 38.5877 | 0 
1.24336 1.56758 -2.0457 | 37.2925 | 0 
1.13398 1.68086 -2.08086 | 27.2523 | 0 
1.1457 1.66133 -1.8543 | 30.6105 | 0 
1.40352 1.56367 -1.7957 | 52.2356 | 0 
1.45039 1.61055 -2.08086 | 47.4918 | 0 
1.30195 1.30195 -1.97148 | 33.8503 | 0 
1.59492 1.43477 -1.79961 | 52.2194 | 0 
1.56758 1.44258 -1.95586 | 47.214 | 0 
1.73164 1.7668 -2.19805 | 37.8425 | 0 
1.67695 1.74727 -1.65117 | 49.0116 | 0 
1.40742 1.7043 -1.56914 | 57.6065 | 0 
1.78242 1.32539 -1.45977 | 49.2855 | 0 
1.35273 1.60273 -1.43242 | 59.5665 | 0 
1.67695 1.5832 -1.40898 | 58.8074 | 0 
1.73164 1.69258 -1.0418 | 31.9728 | 0 
1.64961 1.61836 -0.901172 | 41.2767 | 0 
1.79023 1.43086 -0.725391 | 43.8886 | 0 
1.78633 1.44648 -1.05352 | 34.1304 | 0 
1.37617 1.48945 -1.13945 | 46.111 | 0 
1.37227 1.50508 -0.869922 | 45.0067 | 0 
1.44648 1.78633 -1.0457 | 33.9635 | 0 
1.48164 1.69648 -1.16289 | 44.4546 | 0 
1.18086 1.59883 -1.19805 | 36.1037 | 0 
1.24727 1.79414 -0.963672 | 23.0528 | 0 
1.21992 1.66133 -0.783984 | 36.1527 | 0 
1.05195 1.5793 -0.881641 | 26.3305 | 0 
1.16523 1.71602 -0.854297 | 25.9796 | 0 
0.973828 1.69648 -0.748828 | 27.8952 | 0 
0.887891 1.55977 -0.889453 | 28.0124 | 0 
0.899609 1.79023 -0.823047 | 19.6845 | 0 
0.895703 1.76289 -0.936328 | 16.8388 | 0 
0.841016 1.79414 -1.07695 | 18.0823 | 0 
0.950391 1.75508 -1.19414 | 22.1342 | 0 
0.966016 1.79414 -1.01445 | 12.7115 | 0 
0.962109 1.56367 -1.0418 | 24.2914 | 0 
0.985547 1.5832 -1.16289 | 28.3317 | 0 
0.887891 1.47773 -0.979297 | 26.2979 | 0 
1.00898 1.47773 -1.18242 | 30.3985 | 0 
1.00117 1.31367 -1.1707 | 23.2149 | 0 
0.829297 1.43867 -0.713672 | 40.0176 | 0 
1.00117 1.31758 -0.768359 | 26.2976 | 0 
1.16523 1.44258 -0.893359 | 30.6774 | 0 
1.29023 1.40352 -1.03008 | 35.5929 | 0 
1.12617 1.52852 -1.13945 | 31.3234 | 0 
1.10664 1.25898 -1.19023 | 23.2851 | 0 
1.20039 1.17305 -1.15117 | 20.6083 | 0 
1.19648 1.13008 -1.03398 | 13.8635 | 0 
1.23555 1.10664 -1.00273 | 15.0134 | 0 
1.06367 1.05586 -1.05352 | 5.31539 | 0 
1.05977 1.1418 -0.951953 | 8.19523 | 0 
1.06758 1.12617 -1.01836 | 7.38068 | 0 
1.14961 1.22383 -0.951953 | 16.6431 | 0 
1.13789 1.24727 -1.06523 | 18.1659 | 0 
1.2707 1.26289 -0.705859 | 38.552 | 0 
1.2668 1.15742 -0.940234 | 20.0844 | 0 
1.12617 1.05977 -0.936328 | 7.73572 | 0 
1.06367 1.13789 -0.877734 | 10.3189 | 0 
1.11055 1.05586 -0.834766 | 10.8937 | 0 
1.11055 1.22383 -0.768359 | 22.8502 | 0 
1.1457 1.25117 -0.869922 | 20.7725 | 0 
0.934766 1.25508 -0.811328 | 20.4959 | 0 
0.938672 1.07539 -0.744922 | 14.7459 | 0 
0.989453 1.09492 -0.912891 | 6.22043 | 0 
1.00508 1.1418 -0.846484 | 11.0509 | 0 
0.934766 1.11445 -0.905078 | 7.96592 | 0 
0.903516 1.05586 -0.838672 | 9.73852 | 0 
0.864453 1.13398 -0.944141 | 10.2861 | 0 
0.829297 1.0793 -0.940234 | 9.87044 | 0 
0.887891 1.07148 -0.799609 | 12.8808 | 0 
0.821484 1.1457 -0.811328 | 18.4509 | 0 
0.833203 1.29023 -0.838672 | 25.2829 | 0 
0.868359 1.22773 -0.959766 | 15.336 | 0 
0.821484 1.18086 -1.13555 | 18.2206 | 0 
1.0168 1.17695 -1.12383 | 12.1846 | 0 
1.02461 1.25508 -1.0418 | 14.4916 | 0 
0.954297 1.20039 -0.994922 | 10.6892 | 0 
1.00117 1.23164 -1.03008 | 12.6077 | 0 
1.00117 1.13398 -1.00664 | 6.64971 | 0 
0.934766 1.13789 -1.05352 | 8.191 | 0 
0.930859 1.06758 -1.03008 | 5.06219 | 0 
1.01289 1.06758 -0.998828 | 4.08437 | 0 
1.02461 1.05977 -1.01445 | 4.05938 | 0 
0.989453 1.0793 -1.08867 | 6.07909 | 0 
0.997266 1.15352 -1.16289 | 12.7772 | 0 
0.938672 1.05977 -1.14336 | 8.53139 | 0 
0.887891 1.11836 -1.12383 | 11.1993 | 0 
0.801953 1.0793 -1.07305 | 12.0034 | 0 
0.852734 1.12227 -0.959766 | 10.0182 | 0 
0.876172 1.05977 -1.00273 | 6.47162 | 0 
0.817578 1.05977 -0.951953 | 9.72719 | 0 
0.887891 1.03242 -0.979297 | 5.48455 | 0 
0.805859 0.962109 -0.951953 | 9.77743 | 0 
0.911328 0.958203 -1.05352 | 5.27374 | 0 
0.801953 0.977734 -1.17461 | 15.3081 | 0 
0.903516 1.03242 -1.19023 | 11.6201 | 0 
0.938672 1.02461 -1.14336 | 7.88059 | 0 
0.930859 0.958203 -1.08867 | 5.75389 | 0 
0.993359 0.942578 -1.13945 | 7.42542 | 0 
1.00898 1.03633 -1.13945 | 7.26501 | 0 
0.997266 1.00508 -1.07695 | 4.31743 | 0 
0.989453 1.02461 -1.02227 | 3.31282 | 0 
1.00508 1.03633 -0.991016 | 3.34666 | 0 
0.934766 1.03633 -1.02617 | 4.22338 | 0 
0.934766 0.973828 -1.0418 | 4.21355 | 0 
0.934766 0.942578 -0.959766 | 4.47337 | 0 
1.00898 0.973828 -0.959766 | 3.35621 | 0 
1.02852 0.966016 -1.03398 | 3.67445 | 0 
1.03242 0.883984 -1.03008 | 5.83445 | 0 
1.0168 0.868359 -0.959766 | 6.31259 | 0 
0.942578 0.903516 -0.955859 | 5.4264 | 0 
0.950391 0.809766 -1.01055 | 9.41645 | 0 
1.00117 0.841016 -1.14336 | 11.395 | 0 
0.942578 0.841016 -1.14727 | 12.1278 | 0 
0.821484 0.809766 -1.12383 | 17.4611 | 0 
0.821484 0.829297 -0.905078 | 14.7874 | 0 
0.801953 0.825391 -0.705859 | 26.7922 | 0 
0.864453 0.966016 -0.713672 | 18.0924 | 0 
0.801953 0.977734 -0.869922 | 12.405 | 0 
0.872266 1.04805 -0.854297 | 9.99865 | 0 
0.934766 0.962109 -0.897266 | 5.7269 | 0 
1.00117 0.958203 -0.834766 | 7.88273 | 0 
1.00117 1.00898 -0.889453 | 5.14454 | 0 
0.993359 0.993359 -0.776172 | 10.9563 | 0 
0.938672 0.938672 -0.744922 | 14.1027 | 0 
1.0168 0.833203 -0.709766 | 19.7958 | 0 
0.969922 0.907422 -0.826953 | 9.62178 | 0 
0.981641 0.907422 -0.897266 | 6.31521 | 0 
0.997266 0.856641 -0.893359 | 8.47979 | 0 
1.15352 0.860547 -0.940234 | 11.5536 | 0 
1.05586 0.911328 -0.908984 | 6.48462 | 0 
1.09492 0.860547 -0.811328 | 14.1647 | 0 
1.1457 0.919141 -0.780078 | 16.0563 | 0 
1.05586 0.969922 -0.741016 | 13.9566 | 0 
1.13789 1.0207 -0.756641 | 16.1007 | 0 
1.08711 0.973828 -0.889453 | 6.83379 | 0 
1.17305 0.981641 -0.881641 | 11.1746 | 0 
1.14961 1.0207 -0.932422 | 8.30763 | 0 
1.18867 0.946484 -0.854297 | 13.7458 | 0 
1.22773 0.942578 -0.791797 | 19.676 | 0 
1.23164 0.844922 -0.756641 | 25.6184 | 0 
1.18477 0.829297 -0.889453 | 16.4356 | 0 
1.21992 0.856641 -0.967578 | 15.2762 | 0 
1.05977 0.876172 -0.975391 | 6.53536 | 0 
1.13789 0.876172 -1.06523 | 10.4268 | 0 
1.16523 0.958203 -0.991016 | 8.53909 | 0 
1.05586 0.942578 -1.04961 | 4.8403 | 0 
1.05195 0.981641 -0.955859 | 3.96056 | 0 
1.06758 1.0207 -1.00273 | 4.16099 | 0 
1.16523 1.03242 -0.991016 | 8.55075 | 0 
1.28242 1.0207 -0.975391 | 15.8647 | 0 
1.28633 0.942578 -1.08477 | 18.0115 | 0 
1.23164 1.03633 -1.1707 | 18.2911 | 0 
1.0832 1.00508 -1.14336 | 8.62133 | 0 
1.16133 0.911328 -1.17461 | 15.2218 | 0 
1.08711 0.825391 -1.15117 | 14.2692 | 0 
1.37617 0.801953 -1.11211 | 30.0701 | 0 
1.33711 1.04023 -1.1668 | 24.7603 | 0 
1.46602 0.880078 -1.15117 | 30.9107 | 0 
1.68086 0.809766 -1.06523 | 25.9854 | 0 
1.73555 0.926953 -1.18633 | 23.3257 | 0 
1.58711 0.977734 -1.05742 | 23.8737 | 0 
1.66914 1.08711 -1.09258 | 23.1318 | 0 
1.74727 1.10664 -1.11992 | 20.5726 | 0 
1.74727 1.21602 -1.17852 | 29.6312 | 0 
1.79023 1.19258 -0.971484 | 19.6997 | 0 
1.60664 1.21602 -1.11602 | 33.5656 | 0 
1.34492 1.20039 -1.17461 | 32.6177 | 0 
1.42305 1.11445 -1.02617 | 25.7849 | 0 
1.40352 1.16133 -0.905078 | 28.7945 | 0 
1.35664 1.2043 -0.752734 | 37.0635 | 0 
1.78633 1.27852 -0.932422 | 26.1023 | 0 
1.62617 1.12617 -0.803516 | 31.2589 | 0 
1.68086 0.985547 -0.737109 | 29.3991 | 0 
1.48945 0.829297 -0.737109 | 39.4579 | 0 
1.33711 0.958203 -0.557422 | 37.9198 | 0 
1.54023 0.805859 -0.580859 | 48.3401 | 0 
1.75898 0.899609 -0.580859 | 34.3377 | 0 
1.69258 1.2707 -0.455859 | 49.1325 | 0 
1.54414 1.25508 -0.506641 | 54.1444 | 0 
1.65742 1.25898 -0.366016 | 47.1854 | 0 
1.68086 0.930859 -0.280078 | 30.7866 | 0 
1.54805 0.883984 -0.213672 | 33.0498 | 0 
1.35273 1.03633 -0.444141 | 38.7669 | 0 
1.41133 0.833203 -0.205859 | 33.4852 | 0 
1.15352 0.969922 -0.225391 | 15.2624 | 0 
1.2668 0.997266 -0.252734 | 23.8899 | 0 
1.23555 0.977734 -0.326953 | 26.4292 | 0 
1.15352 0.813672 -0.350391 | 28.4206 | 0 
1.24727 0.954297 -0.510547 | 32.9427 | 0 
1.1418 0.852734 -0.491016 | 29.9532 | 0 
1.0168 0.938672 -0.576953 | 21.8905 | 0 
0.907422 0.997266 -0.502734 | 23.7153 | 0 
0.899609 0.883984 -0.596484 | 24.6301 | 0 
0.911328 0.872266 -0.369922 | 23.1339 | 0 
1.01289 0.829297 -0.311328 | 20.8233 | 0 
0.989453 0.966016 -0.358203 | 18.5764 | 0 
0.950391 1.04805 -0.416797 | 21.7738 | 0 
0.989453 1.0207 -0.201953 | 9.19485 | 0 
1.02852 0.977734 -0.287891 | 14.7128 | 0 
0.977734 0.966016 -0.205859 | 9.51832 | 0 
0.911328 0.985547 -0.260547 | 14.0854 | 0 
0.860547 0.946484 -0.338672 | 21.198 | 0 
0.907422 1.16914 -0.260547 | 19.7002 | 0 
1.02461 1.15352 -0.432422 | 26.101 | 0 
0.876172 1.25898 -0.272266 | 27.2625 | 0 
0.899609 1.2043 -0.471484 | 31.4138 | 0 
0.868359 1.10273 -0.627734 | 24.5547 | 0 
0.973828 1.29805 -0.545703 | 35.6297 | 0 
1.16914 1.12227 -0.475391 | 30.6768 | 0 
1.25117 1.18477 -0.330859 | 34.032 | 0 
1.21992 1.09883 -0.252734 | 22.9194 | 0 
1.2082 1.27461 -0.319141 | 36.3391 | 0 
1.09492 1.31367 -0.217578 | 26.5701 | 0 
1.13398 1.37617 -0.408984 | 42.218 | 0 
1.0793 1.38398 -0.557422 | 41.4217 | 0 
0.844922 1.35273 -0.358203 | 39.3581 | 0 
0.954297 1.43867 -0.213672 | 30.4395 | 0 
0.958203 1.65742 -0.205859 | 26.8068 | 0 
0.825391 1.7707 -0.323047 | 32.4923 | 0 
0.923047 1.61445 -0.463672 | 42.0842 | 0 
1.2082 1.55586 -0.694141 | 44.5947 | 0 
1.1418 1.63398 -0.448047 | 44.0203 | 0 
1.08711 1.74336 -0.287891 | 28.5402 | 0 
1.34102 1.79805 -0.506641 | 47.7181 | 0 
1.33711 1.48945 -0.311328 | 53.0441 | 0 
1.6418 1.48555 -0.658984 | 56.9943 | 0 
1.69258 1.78242 -0.549609 | 47.3691 | 0 
1.79805 1.79805 -0.198047 | 27.3521 | 0 
1.69258 1.55586 -0.104297 | 40.2884 | 0 
1.75508 1.7707 0.0246094 | 24.7194 | 0 
1.59102 1.73555 0.165234 | 39.8088 | 0 
1.79414 1.58711 0.0558594 | 32.1518 | 0 
1.55977 1.4582 0.157422 | 48.05 | 0 
1.77852 1.35273 0.0753906 | 30.3336 | 0 
1.7043 1.50508 -0.0222656 | 38.0953 | 0 
1.59102 1.35664 0.0207031 | 39.0758 | 0 
1.33711 1.33711 0.0363281 | 34.2445 | 0 
1.35273 1.50508 0.0636719 | 40.8997 | 0 
1.36055 1.74336 0.0714844 | 32.7051 | 0 
1.37227 1.60664 -0.0183594 | 39.3177 | 0 
1.34883 1.76289 -0.151172 | 34.1409 | 0 
1.18867 1.59102 -0.123828 | 31.4869 | 0 
1.26289 1.79805 0.0480469 | 23.1182 | 0 
1.2043 1.5832 0.173047 | 35.1699 | 0 
1.0793 1.68086 0.192578 | 25.9217 | 0 
1.08711 1.77461 0.0949219 | 15.9872 | 0 
1.03633 1.69648 0.212109 | 25.1976 | 0 
0.942578 1.57148 0.130078 | 26.185 | 0 
0.848828 1.66133 0.231641 | 31.8527 | 0 
0.880078 1.79023 0.0519531 | 14.716 | 0 
0.872266 1.77461 -0.0496094 | 15.9058 | 0 
0.919141 1.79023 -0.162891 | 17.6342 | 0 
1.04023 1.78242 -0.194141 | 19.1534 | 0 
1.02461 1.7043 0.0324219 | 17.1139 | 0 
0.942578 1.57539 -0.170703 | 28.1634 | 0 
0.841016 1.56758 0.0441406 | 27.2487 | 0 
0.919141 1.52852 -0.127734 | 27.3519 | 0 
1.03633 1.4543 -0.0183594 | 23.1056 | 0 
0.930859 1.32148 -0.116016 | 20.4384 | 0 
0.864453 1.30586 0.0402344 | 19.6228 | 0 
0.821484 1.3957 0.262891 | 37.0875 | 0 
0.899609 1.53242 0.0910156 | 26.4745 | 0 
1.02461 1.4543 0.255078 | 33.2587 | 0 
0.985547 1.32148 0.0871094 | 18.5692 | 0 
1.0793 1.3918 0.270703 | 33.4648 | 0 
1.13008 1.5207 0.0519531 | 27.194 | 0 
1.27461 1.47773 0.298047 | 48.3128 | 0 
1.18086 1.30195 0.0519531 | 22.6181 | 0 
1.28242 1.54023 -0.0652344 | 36.5547 | 0 
1.24336 1.30977 -0.112109 | 28.9044 | 0 
1.13398 1.1457 -0.198047 | 16.6762 | 0 
1.21602 1.0832 -0.198047 | 18.7011 | 0 
1.21211 1.07148 -0.0378906 | 11.5343 | 0 
1.25508 1.15742 0.0402344 | 18.059 | 0 
1.16523 1.09492 -0.0457031 | 9.6169 | 0 
1.10273 1.05586 0.0324219 | 5.16031 | 0 
1.0793 1.13008 -0.0222656 | 6.914 | 0 
1.13398 1.21992 -0.0652344 | 15.0672 | 0 
1.17695 1.21992 -0.0457031 | 16.9761 | 0 
1.18477 1.18086 0.110547 | 16.9333 | 0 
1.18086 1.16914 0.294141 | 26.5122 | 0 
1.16914 1.15352 0.130078 | 15.31 | 0 
1.16523 1.06758 0.188672 | 14.5846 | 0 
1.1418 1.17695 0.192578 | 18.4788 | 0 
1.10664 1.23164 0.165234 | 18.7022 | 0 
1.00898 1.21211 0.0792969 | 11.3669 | 0 
0.946484 1.29805 0.192578 | 22.6209 | 0 
0.954297 1.15352 0.227734 | 15.6105 | 0 
1.03633 1.05586 0.251172 | 13.1945 | 0 
1.04023 1.14961 0.0636719 | 7.61753 | 0 
0.942578 1.14961 0.169141 | 12.12 | 0 
0.962109 1.05977 0.0558594 | 3.64038 | 0 
0.895703 1.10273 0.126172 | 9.09887 | 0 
0.872266 1.16523 0.0871094 | 11.5607 | 0 
0.887891 1.0793 0.274609 | 17.1645 | 0 
0.887891 1.20039 0.294141 | 24.367 | 0 
0.880078 1.25898 0.00898437 | 15.6467 | 0 
0.856641 1.25117 -0.198047 | 22.9953 | 0 
0.977734 1.26289 -0.162891 | 18.2801 | 0 
1.04023 1.25898 0.00507812 | 13.5543 | 0 
0.934766 1.2082 0.0441406 | 10.9498 | 0 
1.04023 1.15352 0.0167969 | 7.08872 | 0 
0.942578 1.16914 -0.0183594 | 8.10118 | 0 
0.942578 1.07539 -0.0261719 | 3.92544 | 0 
0.985547 1.07148 0.0128906 | 3.18537 | 0 
1.0207 1.05195 0.0167969 | 2.81692 | 0 
1.01289 1.05977 -0.0652344 | 3.71122 | 0 
1.00117 1.06367 -0.108203 | 5.15875 | 0 
1.03242 1.16523 -0.198047 | 14.3853 | 0 
0.942578 1.13789 -0.0886719 | 7.87144 | 0 
0.973828 1.06758 -0.194141 | 9.71051 | 0 
0.915234 1.10664 -0.127734 | 8.67722 | 0 
0.841016 1.12227 -0.116016 | 11.9179 | 0 
0.801953 1.10664 -0.0417969 | 11.1678 | 0 
0.825391 1.13008 0.00117187 | 10.555 | 0 
0.805859 1.04805 -0.00273438 | 8.76339 | 0 
0.887891 0.969922 0.0324219 | 4.495 | 0 
0.852734 0.950391 0.0402344 | 6.41577 | 0 
0.860547 0.942578 -0.0417969 | 6.21675 | 0 
0.891797 0.981641 -0.0730469 | 5.089 | 0 
0.801953 1.02461 -0.0496094 | 9.08995 | 0 
0.841016 0.934766 -0.104297 | 9.0797 | 0 
0.907422 0.985547 -0.182422 | 9.39421 | 0 
0.864453 1.00898 -0.104297 | 7.27628 | 0 
0.985547 0.993359 -0.198047 | 8.84055 | 0 
0.981641 0.958203 -0.112109 | 4.68369 | 0 
0.993359 0.969922 -0.158984 | 6.7275 | 0 
1.0207 1.01289 -0.119922 | 4.90639 | 0 
1.03633 1.00898 -0.0730469 | 3.40756 | 0 
1.04023 0.997266 0.0207031 | 2.48086 | 0 
0.989453 1.03633 0.0363281 | 2.59501 | 0 
0.962109 0.997266 0.0363281 | 2.46442 | 0 
0.942578 1.04023 0.0246094 | 3.05212 | 0 
0.962109 1.0207 -0.0496094 | 2.81838 | 0 
0.962109 0.985547 -0.0574219 | 2.86735 | 0 
0.926953 0.942578 0.0402344 | 3.74588 | 0 
1.00508 0.946484 0.0207031 | 2.55603 | 0 
1.00117 0.930859 -0.0300781 | 2.97694 | 0 
1.0207 0.923047 -0.0652344 | 3.95722 | 0 
1.03633 0.895703 0.00898437 | 4.2231 | 0 
0.969922 0.923047 -0.0105469 | 3.13919 | 0 
0.942578 0.907422 -0.0105469 | 4.02238 | 0 
0.926953 0.809766 -0.0300781 | 9.06126 | 0 
1.02461 0.825391 0.0285156 | 7.44953 | 0 
1.00898 0.844922 -0.127734 | 9.19887 | 0 
1.00117 0.907422 -0.170703 | 8.72102 | 0 
0.962109 0.809766 -0.139453 | 11.8147 | 0 
0.868359 0.880078 -0.139453 | 11.0843 | 0 
0.852734 0.856641 -0.166797 | 14.2697 | 0 
0.907422 0.880078 -0.0144531 | 5.99094 | 0 
0.817578 0.903516 0.00898437 | 9.16314 | 0 
0.868359 0.837109 0.00507812 | 9.48591 | 0 
0.821484 0.809766 0.0753906 | 14.4278 | 0 
0.883984 0.868359 0.0558594 | 7.91949 | 0 
0.876172 0.864453 0.130078 | 10.9797 | 0 
0.880078 0.880078 0.270703 | 18.3334 | 0 
0.887891 0.989453 0.286328 | 16.5141 | 0 
0.833203 0.993359 0.0988281 | 8.57332 | 0 
0.805859 0.985547 0.122266 | 11.0472 | 0 
0.899609 0.946484 0.0753906 | 5.29621 | 0 
0.887891 1.03633 0.118359 | 7.15587 | 0 
0.930859 1.02852 0.0910156 | 4.61266 | 0 
0.942578 0.969922 0.0988281 | 4.52761 | 0 
0.926953 0.930859 0.114453 | 6.17882 | 0 
1.04414 0.954297 0.130078 | 5.96756 | 0 
1.02461 0.981641 0.0871094 | 3.6676 | 0 
1.04805 1.04805 0.0597656 | 3.80166 | 0 
1.00117 1.02852 0.231641 | 11.1232 | 0 
0.966016 0.954297 0.204297 | 9.68989 | 0 
1.0207 0.880078 0.219922 | 12.7775 | 0 
0.962109 0.844922 0.212109 | 13.9915 | 0 
1.04023 0.852734 0.133984 | 9.46821 | 0 
0.946484 0.876172 0.114453 | 7.58989 | 0 
1.03633 0.911328 0.110547 | 6.00521 | 0 
0.981641 0.880078 0.106641 | 6.68499 | 0 
1.00898 0.860547 0.0753906 | 6.48063 | 0 
1.11445 0.813672 0.0988281 | 12.3621 | 0 
1.12617 0.899609 0.0832031 | 8.32561 | 0 
1.15742 0.813672 0.286328 | 24.9574 | 0 
1.17305 0.934766 0.282422 | 20.5321 | 0 
1.10664 1.02852 0.0832031 | 5.94721 | 0 
1.17305 0.942578 0.126172 | 11.2565 | 0 
1.18086 1.0168 0.157422 | 12.8055 | 0 
1.2668 1.04805 0.200391 | 21.1822 | 0 
1.2707 0.805859 0.153516 | 24.449 | 0 
1.29414 0.852734 -0.0496094 | 19.6083 | 0 
1.21211 0.841016 -0.0144531 | 14.4476 | 0 
1.05586 0.837109 -0.0652344 | 8.05374 | 0 
1.05195 0.856641 0.0167969 | 6.21424 | 0 
1.05195 0.919141 -0.0261719 | 3.87816 | 0 
1.11836 0.915234 -0.0496094 | 6.59795 | 0 
1.13398 0.883984 0.00898437 | 7.96375 | 0 
1.1418 0.962109 -0.0144531 | 6.26598 | 0 
1.0793 0.981641 -0.0535156 | 3.97357 | 0 
1.07539 0.958203 0.0285156 | 3.67948 | 0 
1.06758 1.02852 0.00507812 | 3.25075 | 0 
1.1418 1.04023 -0.0183594 | 6.48358 | 0 
1.2043 1.01289 -0.0105469 | 9.69881 | 0 
1.20039 0.938672 -0.0730469 | 11.0287 | 0 
1.28242 0.973828 -0.147266 | 18.7566 | 0 
1.17305 0.958203 -0.135547 | 11.4192 | 0 
1.0793 0.923047 -0.147266 | 8.38467 | 0 
1.16914 0.860547 -0.162891 | 15.6645 | 0 
1.41523 0.837109 -0.143359 | 29.9249 | 0 
1.44648 0.962109 -0.186328 | 28.88 | 0 
1.64961 0.911328 -0.139453 | 24.5805 | 0 
1.69648 0.923047 -0.0105469 | 18.1979 | 0 
1.70039 0.813672 -0.116016 | 25.2802 | 0 
1.69648 0.942578 -0.0847656 | 19.1021 | 0 
1.65352 0.966016 -0.0730469 | 20.6324 | 0 
1.56758 1.1457 -0.166797 | 31.8228 | 0 
1.71602 1.26289 -0.100391 | 29.4021 | 0 
1.43867 1.17695 -0.186328 | 34.4315 | 0 
1.54023 1.16914 0.0246094 | 28.6765 | 0 
1.45039 1.21602 0.141797 | 34.7146 | 0 
1.59102 1.23945 0.176953 | 37.4154 | 0 
1.75508 1.10664 0.145703 | 20.0751 | 0 
1.61055 1.10664 0.176953 | 29.2648 | 0 
1.57539 1.02852 0.133984 | 25.9558 | 0 
1.79414 1.04414 0.286328 | 24.2981 | 0 
1.74336 0.801953 0.0519531 | 21.4237 | 0 
1.66914 0.833203 0.176953 | 28.9532 | 0 
1.50508 0.809766 0.0714844 | 30.2453 | 0 
1.41523 0.864453 0.466016 | 44.7678 | 0 
1.73555 0.833203 0.524609 | 39.7762 | 0 
1.78242 1.07539 0.497266 | 33.6573 | 0 
1.43477 1.11445 0.391797 | 42.8786 | 0 
1.50508 1.11055 0.712109 | 38.6757 | 0 
1.70039 1.16133 0.716016 | 34.651 | 0 
1.57539 0.966016 0.739453 | 33.75 | 0 
1.72383 0.848828 0.716016 | 32.1428 | 0 
1.44258 0.930859 0.708203 | 36.3302 | 0 
1.38789 0.848828 0.731641 | 36.1349 | 0 
1.11445 0.809766 0.798047 | 18.37 | 0 
1.09883 0.907422 0.735547 | 16.9901 | 0 
1.09883 0.977734 0.798047 | 11.7915 | 0 
1.24336 0.934766 0.630078 | 30.0698 | 0 
1.10664 0.891797 0.673047 | 21.5073 | 0 
1.22773 0.841016 0.532422 | 35.4849 | 0 
1.24727 0.977734 0.325391 | 27.1052 | 0 
1.11445 1.02852 0.532422 | 25.0128 | 0 
1.05586 0.923047 0.391797 | 21.6529 | 0 
0.997266 0.860547 0.512891 | 25.5662 | 0 
1.00898 0.969922 0.403516 | 20.5336 | 0 
0.962109 1.04414 0.426953 | 21.8275 | 0 
0.805859 0.985547 0.403516 | 26.6046 | 0 
0.837109 0.821484 0.508984 | 32.0727 | 0 
0.895703 0.805859 0.778516 | 18.909 | 0 
0.993359 0.876172 0.610547 | 22.6962 | 0 
1.00508 1.0168 0.559766 | 21.7213 | 0 
0.938672 1.00117 0.743359 | 13.5867 | 0 
0.833203 0.977734 0.770703 | 16.0518 | 0 
0.923047 0.977734 0.571484 | 22.3868 | 0 
0.883984 1.16523 0.770703 | 18.8995 | 0 
0.985547 1.12227 0.591016 | 23.8387 | 0 
0.934766 1.22773 0.743359 | 22.7847 | 0 
0.801953 1.21602 0.380078 | 34.2336 | 0 
1.00898 1.19648 0.372266 | 26.2532 | 0 
1.1418 1.29805 0.501172 | 39.9259 | 0 
1.09102 1.13398 0.325391 | 22.0741 | 0 
1.2043 1.23555 0.423047 | 38.2704 | 0 
1.09492 1.05195 0.665234 | 20.0802 | 0 
1.26289 1.05586 0.743359 | 25.0981 | 0 
1.1418 1.25508 0.782422 | 25.5002 | 0 
1.23164 1.42695 0.798047 | 39.0309 | 0 
1.23945 1.43477 0.446484 | 51.7436 | 0 
0.938672 1.46211 0.454297 | 43.267 | 0 
0.985547 1.36445 0.587109 | 38.3454 | 0 
1.01289 1.62617 0.587109 | 39.6059 | 0 
0.872266 1.59492 0.462109 | 44.5611 | 0 
1.2082 1.58711 0.434766 | 49.2825 | 0 
1.32148 1.61445 0.665234 | 51.7388 | 0 
1.46602 1.33711 0.450391 | 58.635 | 0 
1.78242 1.50898 0.563672 | 52.9432 | 0 
1.58711 1.79023 0.395703 | 49.847 | 0 
1.61055 1.55977 1.0168 | 43.1026 | 0 
1.37617 1.55586 0.946484 | 42.2837 | 0 
1.52461 1.38398 1.02852 | 42.7972 | 0 
1.46602 1.35273 1.28633 | 53.6854 | 0 
1.49336 1.61055 1.16914 | 49.0006 | 0 
1.60664 1.69258 1.0832 | 39.3232 | 0 
1.57148 1.6418 1.36055 | 58.7118 | 0 
1.79805 1.6418 1.55195 | 51.1226 | 0 
1.50117 1.59102 1.49336 | 65.4149 | 0 
1.43867 1.36836 1.79805 | 50.2386 | 0 
1.77852 1.30586 1.38398 | 45.8986 | 0 
1.43867 1.29023 1.69258 | 51.8973 | 0 
1.52461 0.813672 1.38398 | 48.3466 | 0 
1.50898 0.837109 1.67695 | 45.0002 | 0 
1.71992 0.805859 1.46602 | 43.9701 | 0 
1.66914 0.903516 1.25898 | 32.3984 | 0 
1.57539 0.895703 1.09492 | 27.1798 | 0 
1.5832 0.813672 0.868359 | 31.9223 | 0 
1.5793 1.00117 0.895703 | 25.1548 | 0 
1.72773 1.03633 0.973828 | 16.7961 | 0 
1.7043 1.10273 1.03633 | 20.2983 | 0 
1.7707 1.13789 0.848828 | 21.5596 | 0 
1.64961 1.07539 0.989453 | 21.8774 | 0 
1.59102 1.19648 0.907422 | 31.5404 | 0 
1.78242 1.22383 1.02461 | 22.1838 | 0 
1.69648 1.23164 1.2668 | 39.2017 | 0 
1.72773 1.08711 1.06367 | 18.9431 | 0 
1.6418 1.28633 1.2082 | 41.7634 | 0 
1.46992 1.21211 1.25117 | 42.7326 | 0 
1.30977 1.20039 1.05586 | 25.4816 | 0 
1.49727 1.21602 0.891797 | 34.6186 | 0 
1.47383 1.16914 0.891797 | 31.5581 | 0 
1.30977 0.950391 0.997266 | 17.7642 | 0 
1.42305 1.01289 0.915234 | 24.1602 | 0 
1.4582 1.04414 0.985547 | 24.2684 | 0 
1.38398 0.883984 0.883984 | 26.0195 | 0 
1.51289 0.844922 1.06367 | 29.2742 | 0 
1.34102 0.868359 1.29805 | 35.8526 | 0 
1.09492 0.841016 1.21211 | 17.3315 | 0 
1.15742 0.938672 1.29805 | 22.1178 | 0 
1.10664 1.02461 1.18477 | 11.9745 | 0 
1.22383 0.946484 1.29805 | 25.9747 | 0 
1.18867 1.00117 1.11445 | 12.3751 | 0 
1.29805 0.985547 1.10273 | 18.8987 | 0 
1.07148 1.0207 1.1418 | 8.28309 | 0 
1.07148 0.958203 1.12617 | 7.65038 | 0 
1.17305 0.930859 1.05586 | 10.247 | 0 
1.05586 0.809766 1.16914 | 15.2147 | 0 
1.27852 0.821484 1.0793 | 22.1302 | 0 
1.25508 0.895703 0.805859 | 21.9792 | 0 
1.15352 0.809766 0.899609 | 15.3546 | 0 
1.0793 0.911328 0.891797 | 7.74213 | 0 
1.05977 0.805859 0.911328 | 11.374 | 0 
1.16133 0.813672 0.942578 | 14.3606 | 0 
1.10664 0.868359 1.03242 | 8.64346 | 0 
1.09492 0.915234 0.930859 | 6.94341 | 0 
1.05586 0.981641 1.03242 | 4.02721 | 0 
1.14961 0.930859 1.0168 | 8.3088 | 0 
1.13789 1.00898 0.962109 | 7.06069 | 0 
1.13008 1.04414 0.993359 | 6.90302 | 0 
1.05195 0.993359 0.946484 | 4.08599 | 0 
1.07539 1.0207 0.860547 | 7.72375 | 0 
1.10664 0.934766 0.848828 | 9.99119 | 0 
1.16523 0.973828 0.821484 | 13.6961 | 0 
1.23945 0.926953 0.891797 | 15.7869 | 0 
1.17695 0.973828 0.969922 | 9.15704 | 0 
1.23945 1.10664 1.03633 | 15.5941 | 0 
1.23164 1.05977 0.966016 | 13.3462 | 0 
1.17695 1.11836 0.833203 | 16.5472 | 0 
1.05586 1.16133 0.887891 | 10.9539 | 0 
1.07148 1.09883 0.938672 | 6.82849 | 0 
1.16523 1.11055 0.969922 | 10.949 | 0 
1.06367 1.11445 0.985547 | 6.65175 | 0 
1.14961 1.18477 1.0168 | 13.9321 | 0 
1.18477 1.29023 0.883984 | 24.9072 | 0 
1.29805 1.29023 1.05977 | 30.6439 | 0 
1.22773 1.13398 1.14961 | 20.1619 | 0 
1.11836 1.0793 1.28242 | 19.9392 | 0 
1.06758 1.27461 1.12617 | 19.4419 | 0 
0.946484 1.24336 1.13398 | 17.2097 | 0 
0.926953 1.21211 1.28242 | 24.6727 | 0 
0.969922 1.11055 1.20039 | 13.043 | 0 
1.04414 1.14961 1.17305 | 13.6234 | 0 
0.966016 1.06367 1.05586 | 4.80579 | 0 
0.895703 1.0832 1.1457 | 10.6013 | 0 
0.895703 1.13789 1.06758 | 9.72044 | 0 
0.801953 1.0793 1.25898 | 21.9663 | 0 
0.860547 1.21602 1.19648 | 21.8315 | 0 
0.864453 1.28242 1.09492 | 20.7529 | 0 
0.868359 1.18477 0.805859 | 18.614 | 0 
1.03633 1.21992 0.883984 | 14.2656 | 0 
0.950391 1.25898 0.938672 | 15.1488 | 0 
1.04023 1.21602 0.985547 | 11.772 | 0 
0.942578 1.14961 0.997266 | 7.9522 | 0 
0.966016 1.05977 0.954297 | 4.30039 | 0 
0.981641 1.11055 1.03242 | 5.85288 | 0 
1.02461 1.09492 1.00117 | 5.09704 | 0 
0.997266 1.08711 0.911328 | 5.98144 | 0 
1.04023 1.11445 0.837109 | 10.6149 | 0 
0.985547 1.13008 0.848828 | 10.3501 | 0 
0.903516 1.06758 0.876172 | 8.27076 | 0 
0.841016 1.12617 0.919141 | 11.6526 | 0 
0.833203 1.08711 0.923047 | 10.3423 | 0 
0.801953 1.16133 0.954297 | 14.8177 | 0 
0.895703 1.05977 1.02461 | 5.86279 | 0 
0.805859 1.00508 1.00508 | 9.24182 | 0 
0.880078 1.01289 1.04805 | 6.09085 | 0 
0.825391 0.973828 1.00898 | 8.23673 | 0 
0.923047 0.942578 0.977734 | 4.58428 | 0 
0.844922 1.04414 0.930859 | 8.36486 | 0 
0.833203 1.00898 0.880078 | 10.2168 | 0 
0.868359 0.930859 0.899609 | 8.51303 | 0 
0.923047 0.962109 0.809766 | 10.1942 | 0 
0.919141 1.00117 0.907422 | 5.57855 | 0 
0.946484 1.04023 0.805859 | 10.067 | 0 
0.934766 0.942578 0.833203 | 8.93569 | 0 
0.989453 1.00508 0.805859 | 9.22751 | 0 
1.04805 1.02852 0.926953 | 4.66269 | 0 
1.02852 1.04414 0.977734 | 3.74396 | 0 
1.00117 1.00898 1.04414 | 3.50896 | 0 
0.930859 1.00898 1.00508 | 3.84462 | 0 
0.962109 1.04805 0.985547 | 3.77085 | 0 
0.958203 0.985547 0.934766 | 3.97562 | 0 
0.938672 0.934766 1.0168 | 4.406 | 0 
0.966016 0.942578 1.00117 | 3.69519 | 0 
1.0207 0.938672 1.02852 | 3.95863 | 0 
1.03633 0.864453 0.958203 | 6.75434 | 0 
0.981641 0.903516 1.04805 | 5.17903 | 0 
0.938672 0.883984 0.973828 | 6.0203 | 0 
0.966016 0.860547 1.04023 | 6.90009 | 0 
1.00508 0.856641 0.985547 | 6.55142 | 0 
1.02461 0.899609 0.821484 | 10.2355 | 0 
0.966016 0.852734 0.821484 | 12.2043 | 0 
0.805859 0.923047 0.805859 | 16.4209 | 0 
0.860547 0.848828 0.973828 | 10.3255 | 0 
0.860547 0.915234 0.993359 | 7.55808 | 0 
0.848828 0.852734 1.04414 | 11.0859 | 0 
0.805859 0.915234 1.1457 | 14.6526 | 0 
0.977734 0.829297 1.14961 | 12.3865 | 0 
1.03633 0.895703 1.14961 | 9.631 | 0 
0.950391 0.907422 1.12227 | 7.92114 | 0 
0.973828 0.977734 1.09492 | 5.0622 | 0 
1.00117 0.977734 1.14961 | 7.48019 | 0 
1.02852 1.0168 1.0832 | 4.81643 | 0 
1.00898 1.03242 1.16914 | 8.80876 | 0 
0.954297 1.00117 1.09102 | 5.10418 | 0 
0.860547 1.04805 1.07148 | 8.03041 | 0 
0.844922 0.934766 1.09883 | 9.87341 | 0 
0.848828 0.993359 1.15742 | 11.7431 | 0 
0.809766 0.954297 1.24336 | 19.4372 | 0 
1.0207 0.876172 1.29805 | 19.4292 | 0 
0.833203 0.872266 1.3957 | 29.3902 | 0 
0.962109 0.958203 1.34492 | 19.8943 | 0 
0.895703 1.04414 1.47383 | 26.3834 | 0 
0.958203 0.981641 1.54414 | 24.2933 | 0 
0.825391 0.825391 1.48945 | 34.4355 | 0 
0.821484 0.872266 1.75117 | 23.1381 | 0 
0.899609 1.00117 1.60664 | 24.1554 | 0 
0.934766 0.966016 1.75898 | 15.3922 | 0 
1.04414 0.899609 1.55195 | 26.0864 | 0 
1.12617 0.880078 1.68086 | 24.7651 | 0 
1.11445 0.946484 1.61445 | 25.3043 | 0 
1.2043 0.989453 1.69258 | 26.014 | 0 
1.27852 0.880078 1.37227 | 35.7299 | 0 
1.27461 1.16523 1.34883 | 37.0822 | 0 
1.20039 1.25898 1.73945 | 34.2113 | 0 
1.29805 1.14961 1.5832 | 41.2529 | 0 
1.12617 1.0832 1.79805 | 17.0182 | 0 
1.11445 1.25508 1.67305 | 33.0604 | 0 
0.985547 1.29805 1.73945 | 29.3586 | 0 
1.03633 1.11836 1.61055 | 25.5013 | 0 
0.860547 1.09492 1.79023 | 17.9689 | 0 
0.864453 1.29414 1.6418 | 37.5551 | 0 
0.946484 1.24727 1.46602 | 34.7618 | 0 
0.954297 1.30977 1.37227 | 35.5349 | 0 
0.821484 1.48555 1.68867 | 45.1088 | 0 
1.09102 1.5207 1.7043 | 40.7464 | 0 
1.09883 1.41523 1.4582 | 45.4755 | 0 
1.07539 1.75898 1.50117 | 37.0406 | 0 
1.21992 1.74336 1.77852 | 34.447 | 0 
1.08711 1.66133 1.75898 | 33.2201 | 0 
1.00508 1.63789 1.79023 | 30.8775 | 0 
0.903516 1.62617 1.62227 | 42.0848 | 0 
0.911328 1.79023 1.79414 | 23.5275 | 0 
0.876172 1.58711 1.54023 | 46.7573 | 0 
0.848828 1.73555 1.3332 | 35.5917 | 0 
0.930859 1.57539 1.2043 | 31.7941 | 0 
1.0832 1.73555 1.25117 | 28.067 | 0 
1.27461 1.55195 1.27461 | 48.2099 | 0 
1.0793 1.47773 1.09883 | 27.5408 | 0 
1.2043 1.40352 1.05977 | 30.6258 | 0 
0.915234 1.46602 1.25508 | 36.0391 | 0 
0.825391 1.38789 1.08711 | 28.3083 | 0 
0.985547 1.3918 0.958203 | 21.9872 | 0 
0.903516 1.5207 1.01289 | 25.8851 | 0 
0.864453 1.49727 0.852734 | 31.1115 | 0 
0.958203 1.38008 0.919141 | 22.5666 | 0 
1.22383 1.37227 0.825391 | 34.8119 | 0 
1.1418 1.59883 0.801953 | 33.1428 | 0 
1.25508 1.76289 0.825391 | 30.3125 | 0 
1.10273 1.77461 0.872266 | 18.6495 | 0 
0.926953 1.75508 0.833203 | 20.3567 | 0 
0.934766 1.75898 1.01289 | 15.2906 | 0 
0.973828 1.64961 0.962109 | 20.9099 | 0 
0.926953 1.6418 0.880078 | 24.358 | 0 
0.825391 1.65742 1.02852 | 25.5788 | 0 
0.684766 1.63008 1.00508 | 34.9682 | 0 
0.610547 1.75117 1.00508 | 32.0642 | 0 
0.497266 1.51289 0.821484 | 48.8347 | 0 
0.614453 1.36445 0.852734 | 41.0616 | 0 
0.637891 1.33711 1.05586 | 35.5991 | 0 
0.548047 1.38789 1.16133 | 45.4554 | 0 
0.454297 1.56758 1.09102 | 44.1476 | 0 
0.583203 1.56758 1.41133 | 61.0533 | 0 
0.477734 1.62617 1.58711 | 60.8519 | 0 
0.426953 1.33711 1.52852 | 58.3156 | 0 
0.731641 1.45039 1.71602 | 48.3719 | 0 
0.583203 1.23555 1.51289 | 51.8802 | 0 
0.419141 1.18477 1.6418 | 45.3136 | 0 
0.317578 1.12227 1.54414 | 40.2907 | 0 
0.411328 0.813672 1.51289 | 47.6803 | 0 
0.591016 0.837109 1.61055 | 44.532 | 0 
0.758984 0.876172 1.46211 | 35.5123 | 0 
0.716016 0.985547 1.36836 | 32.2867 | 0 
0.688672 0.903516 1.27461 | 29.996 | 0 
0.610547 1.04414 1.20039 | 27.9024 | 0 
0.766797 0.997266 1.22383 | 20.3913 | 0 
0.798047 0.958203 1.05586 | 10.6491 | 0 
0.583203 0.852734 1.16914 | 30.2178 | 0 
0.727734 0.864453 0.942578 | 17.6163 | 0 
0.571484 0.841016 0.813672 | 31.3973 | 0 
0.575391 1.0168 0.997266 | 21.3155 | 0 
0.657422 1.03633 0.809766 | 24.2481 | 0 
0.794141 1.0207 0.841016 | 14.3142 | 0 
0.751172 1.02852 1.04805 | 13.2592 | 0 
0.758984 1.17305 1.03633 | 18.0723 | 0 
0.766797 1.05195 0.985547 | 12.1817 | 0 
0.594922 1.09492 0.829297 | 27.4617 | 0 
0.598828 1.27461 0.985547 | 32.6691 | 0 
0.782422 1.23945 1.29414 | 33.876 | 0 
0.516797 1.25508 1.18867 | 39.7599 | 0 
0.333203 1.29023 0.985547 | 30.2823 | 0 
0.516797 1.11055 1.04805 | 25.3122 | 0 
0.305859 1.11836 0.801953 | 24.859 | 0 
0.419141 0.930859 0.962109 | 21.9157 | 0 
0.548047 0.926953 0.903516 | 24.3406 | 0 
0.485547 0.860547 0.946484 | 25.9903 | 0 
0.368359 0.919141 0.891797 | 22.0322 | 0 
0.309766 0.864453 1.06367 | 19.8445 | 0 
0.528516 0.934766 1.15352 | 27.4542 | 0 
0.313672 0.958203 1.23164 | 25.6201 | 0 
0.243359 0.801953 1.21211 | 26.1895 | 0 
0.169141 0.938672 1.21602 | 16.1378 | 0 
0.231641 1.02461 1.24727 | 21.4557 | 0 
0.176953 1.00508 1.16914 | 13.1185 | 0 
0.188672 0.966016 1.10273 | 10.6652 | 0 
0.266797 0.989453 1.09102 | 14.907 | 0 
0.130078 1.04805 1.07539 | 6.98323 | 0 
0.0910156 1.0207 1.13008 | 7.16088 | 0 
0.0558594 0.973828 1.10664 | 5.08269 | 0 
0.106641 0.946484 1.13398 | 8.25433 | 0 
0.137891 0.926953 1.06367 | 7.35838 | 0 
0.118359 0.887891 1.16523 | 12.1026 | 0 
0.110547 0.864453 1.10273 | 9.71704 | 0 
0.157422 0.852734 1.10664 | 12.6283 | 0 
0.286328 0.841016 1.10273 | 20.8681 | 0 
0.247266 0.844922 0.954297 | 16.3066 | 0 
0.192578 0.844922 0.864453 | 15.764 | 0 
0.0871094 0.805859 0.872266 | 12.492 | 0 
0.153516 0.809766 1.0168 | 12.4035 | 0 
0.157422 0.907422 0.934766 | 8.70059 | 0 
0.0519531 0.887891 1.00898 | 4.73312 | 0 
0.0558594 0.880078 0.950391 | 5.47935 | 0 
0.0753906 0.985547 0.950391 | 3.50442 | 0 
0.0675781 0.958203 0.997266 | 3.14959 | 0 
0.114453 0.958203 0.997266 | 4.74634 | 0 
0.122266 0.938672 0.958203 | 5.69884 | 0 
0.114453 1.00508 0.930859 | 5.29995 | 0 
0.157422 1.0168 1.02461 | 6.7891 | 0 
0.0988281 1.0168 1.02852 | 4.18398 | 0 
0.0949219 1.02461 0.969922 | 4.02337 | 0 
0.102734 1.04414 0.919141 | 5.60282 | 0 
0.0792969 0.973828 0.837109 | 7.80198 | 0 
0.173047 0.981641 0.856641 | 10.9348 | 0 
0.266797 0.977734 0.805859 | 19.3895 | 0 
0.196484 0.942578 1.03242 | 9.54408 | 0 
0.204297 1.05977 1.00508 | 10.0446 | 0 
0.227734 1.16914 0.969922 | 16.2783 | 0 
0.184766 1.16914 0.907422 | 15.0193 | 0 
0.137891 1.09492 0.868359 | 10.4526 | 0 
0.0636719 1.13789 0.872266 | 9.42499 | 0 
0.106641 1.07539 0.848828 | 9.33337 | 0 
0.0753906 1.08711 0.934766 | 5.45149 | 0 
0.122266 1.09883 1.04414 | 7.37001 | 0 
0.141797 1.13398 0.938672 | 9.97272 | 0 
0.173047 1.23555 0.973828 | 17.084 | 0 
0.0988281 1.21211 0.915234 | 13.2102 | 0 
0.216016 1.2082 0.876172 | 20.436 | 0 
0.239453 1.23555 0.942578 | 21.5471 | 0 
0.180859 1.29023 1.19648 | 28.1218 | 0 
0.282422 1.15352 1.05195 | 19.3704 | 0 
0.126172 1.16914 1.09492 | 12.4245 | 0 
0.122266 1.08711 1.25508 | 17.3603 | 0 
0.122266 1.21211 1.27852 | 25.3511 | 0 
0.137891 1.21992 1.1457 | 18.3713 | 0 
-0.0339844 1.29805 1.25117 | 26.5255 | 0 
-0.0574219 1.14961 1.27852 | 19.4878 | 0 
0.00898437 1.09492 1.25898 | 15.0905 | 0 
-0.00664063 1.05195 1.09102 | 4.42483 | 0 
0.0324219 1.15352 1.17305 | 12.5678 | 0 
-0.0691406 1.15352 1.09492 | 9.49181 | 0 
-0.116016 1.07539 1.12227 | 8.88025 | 0 
-0.186328 1.12617 1.11445 | 14.1076 | 0 
-0.174609 1.0832 1.21211 | 17.0886 | 0 
-0.182422 1.22383 1.22773 | 25.8873 | 0 
-0.155078 1.26289 1.13008 | 21.2464 | 0 
-0.155078 1.23945 1.03633 | 16.6147 | 0 
-0.139453 1.23945 0.923047 | 16.4912 | 0 
-0.0339844 1.29805 0.923047 | 16.8848 | 0 
0.0207031 1.28242 0.911328 | 16.0954 | 0 
-0.0652344 1.25508 0.958203 | 13.9878 | 0 
0.0167969 1.18477 0.946484 | 8.93044 | 0 
-0.00273438 1.1457 1.02852 | 6.43794 | 0 
-0.0183594 1.13789 0.938672 | 6.50018 | 0 
-0.0144531 1.05586 0.958203 | 3.02689 | 0 
-0.0183594 1.09102 1.01289 | 3.90693 | 0 
0.0324219 1.10273 1.00117 | 4.43847 | 0 
0.0480469 1.09883 0.966016 | 4.68903 | 0 
0.0285156 1.0832 0.903516 | 5.2682 | 0 
0.00117187 1.05195 0.856641 | 6.15859 | 0 
0.0246094 1.12227 0.911328 | 6.53071 | 0 
-0.0378906 1.16914 0.813672 | 13.5529 | 0 
-0.0261719 1.0793 0.872266 | 6.32851 | 0 
-0.0808594 1.06367 0.821484 | 9.52348 | 0 
-0.0964844 1.1457 0.883984 | 10.3325 | 0 
-0.194141 1.05977 0.872266 | 12.2318 | 0 
-0.131641 1.14961 0.938672 | 10.2857 | 0 
-0.162891 1.16914 1.02461 | 12.4937 | 0 
-0.127734 1.0793 1.00117 | 6.451 | 0 
-0.139453 1.02461 1.00117 | 5.79052 | 0 
-0.104297 0.989453 0.989453 | 4.08426 | 0 
-0.104297 0.942578 1.00898 | 4.64859 | 0 
-0.182422 0.985547 0.930859 | 8.72154 | 0 
-0.0964844 1.02852 0.954297 | 4.32937 | 0 
-0.186328 1.00508 0.899609 | 9.88881 | 0 
-0.162891 0.977734 0.860547 | 10.216 | 0 
-0.112109 1.00508 0.829297 | 9.31682 | 0 
-0.0417969 1.02852 0.911328 | 3.90535 | 0 
-0.0691406 0.969922 0.821484 | 8.38529 | 0 
0.00117187 0.938672 0.887891 | 4.78303 | 0 
0.0324219 0.950391 0.841016 | 6.88822 | 0 
0.0285156 1.0168 0.860547 | 5.59027 | 0 
0.0480469 1.04805 0.872266 | 5.81747 | 0 
0.0480469 1.04414 0.907422 | 4.39494 | 0 
0.0480469 1.02461 0.981641 | 2.65375 | 0 
0.0363281 1.00508 1.00508 | 2.29124 | 0 
0.0128906 1.02852 1.01289 | 2.3096 | 0 
-0.0730469 1.04414 1.00898 | 3.54658 | 0 
-0.0730469 0.997266 0.934766 | 3.73834 | 0 
-0.0574219 0.954297 0.946484 | 3.42313 | 0 
-0.0222656 0.946484 1.04414 | 3.02641 | 0 
0.0441406 0.966016 1.02852 | 2.76231 | 0 
-0.00664063 0.962109 0.950391 | 2.60158 | 0 
-0.0105469 0.864453 0.966016 | 5.34233 | 0 
-0.00273438 0.864453 1.02852 | 5.37938 | 0 
-0.0300781 0.864453 0.962109 | 5.54664 | 0 
-0.0417969 0.852734 1.0168 | 6.14531 | 0 
-0.0105469 0.805859 0.833203 | 12.9347 | 0 
-0.0496094 0.923047 0.825391 | 8.60218 | 0 
-0.0847656 0.809766 0.801953 | 15.8169 | 0 
-0.174609 0.899609 0.833203 | 13.9036 | 0 
-0.127734 0.805859 0.930859 | 12.0744 | 0 
-0.158984 0.915234 1.02461 | 8.00512 | 0 
-0.155078 0.821484 1.0832 | 13.2491 | 0 
-0.0886719 0.872266 1.05586 | 7.05693 | 0 
-0.112109 0.801953 1.13398 | 14.4541 | 0 
-0.0457031 0.856641 1.0832 | 7.4442 | 0 
-0.0105469 0.837109 1.1418 | 10.5356 | 0 
-0.00273438 0.872266 1.05586 | 5.53824 | 0 
-0.0183594 0.883984 1.16523 | 9.66951 | 0 
-0.0261719 0.946484 1.06367 | 3.51246 | 0 
-0.0652344 0.926953 1.17305 | 9.45384 | 0 
-0.00664063 0.934766 1.13789 | 6.52984 | 0 
0.0207031 1.0168 1.10273 | 4.40246 | 0 
0.0480469 1.04414 1.11055 | 5.47704 | 0 
0.0128906 1.02461 1.12617 | 5.45153 | 0 
-0.0457031 1.0207 1.13008 | 5.97308 | 0 
-0.0378906 1.04414 1.05586 | 3.48032 | 0 
-0.158984 1.01289 1.09883 | 8.74616 | 0 
-0.0808594 0.962109 1.0832 | 4.98631 | 0 
-0.198047 0.981641 1.14961 | 13.2866 | 0 
-0.100391 1.0168 1.1457 | 8.24241 | 0 
-0.127734 0.969922 1.19258 | 12.0787 | 0 
0.0246094 1.04805 1.29805 | 16.3287 | 0 
0.0480469 0.919141 1.22383 | 12.4232 | 0 
-0.139453 0.887891 1.42305 | 27.6659 | 0 
-0.0183594 0.926953 1.40742 | 22.2971 | 0 
-0.194141 1.00117 1.44258 | 29.0394 | 0 
-0.0730469 0.868359 1.48555 | 27.19 | 0 
-0.112109 0.813672 1.57148 | 30.6376 | 0 
-0.162891 0.950391 1.7082 | 21.7217 | 0 
-0.0730469 1.0168 1.66914 | 19.7806 | 0 
0.0363281 0.899609 1.68477 | 19.8177 | 0 
0.0402344 0.841016 1.61055 | 25.8918 | 0 
0.0675781 0.876172 1.73164 | 18.6869 | 0 
0.165234 1.02852 1.63008 | 25.6665 | 0 
0.286328 0.966016 1.79414 | 23.986 | 0 
0.184766 0.809766 1.36836 | 31.6797 | 0 
0.126172 1.00898 1.3918 | 23.7448 | 0 
0.196484 1.09492 1.40352 | 29.8523 | 0 
0.227734 1.24727 1.3918 | 39.755 | 0 
0.247266 1.17305 1.76289 | 28.9152 | 0 
0.153516 1.09102 1.59883 | 27.7967 | 0 
0.0832031 1.18867 1.75117 | 21.9898 | 0 
-0.0183594 1.21992 1.61055 | 29.9534 | 0 
-0.0339844 1.13789 1.79805 | 15.307 | 0 
-0.123828 1.11445 1.55195 | 28.4911 | 0 
-0.0886719 1.22383 1.74336 | 24.8373 | 0 
-0.170703 1.2082 1.54414 | 36.1163 | 0 
0.0402344 1.12617 1.48945 | 26.7654 | 0 
0.0324219 1.25508 1.38398 | 31.4762 | 0 
-0.0496094 1.53633 1.35273 | 40.4311 | 0 
-0.0925781 1.30586 1.49336 | 39.018 | 0 
-0.0105469 1.40352 1.57539 | 41.5907 | 0 
0.231641 1.30195 1.52461 | 46.0095 | 0 
0.200391 1.66914 1.54023 | 46.6786 | 0 
0.247266 1.69258 1.63789 | 45.4428 | 0 
-0.0613281 1.7043 1.67305 | 33.922 | 0 
-0.170703 1.59102 1.5832 | 47.3615 | 0 
-0.112109 1.77461 1.44258 | 35.4389 | 0 
-0.0886719 1.57148 1.34102 | 40.2083 | 0 
-0.147266 1.79805 1.16914 | 20.7676 | 0 
-0.158984 1.59492 1.19258 | 33.3227 | 0 
0.0285156 1.59102 1.16523 | 27.3812 | 0 
-0.00273438 1.73945 1.2043 | 22.3074 | 0 
0.102734 1.75117 1.11445 | 18.7337 | 0 
0.286328 1.55586 1.11055 | 37.706 | 0 
0.0871094 1.54414 1.0832 | 25.9796 | 0 
0.282422 1.36445 1.09883 | 33.6261 | 0 
-0.186328 1.36055 1.18867 | 32.046 | 0 
-0.151172 1.54805 1.08711 | 28.7916 | 0 
-0.190234 1.38398 1.00898 | 26.7768 | 0 
-0.155078 1.43086 0.825391 | 31.6453 | 0 
0.137891 1.42305 1.00898 | 25.4559 | 0 
0.192578 1.47773 0.926953 | 30.4871 | 0 
0.0714844 1.47773 0.841016 | 28.3782 | 0 
0.106641 1.66523 0.958203 | 21.2852 | 0 
0.180859 1.57539 0.899609 | 29.9382 | 0 
0.266797 1.67695 1.00898 | 29.401 | 0 
0.169141 1.71992 0.887891 | 23.169 | 0 
-0.0144531 1.74727 0.856641 | 17.7898 | 0 
0.0480469 1.78633 1.04414 | 12.8551 | 0 
0.0324219 1.61445 0.934766 | 22.0402 | 0 
0.00898437 1.56367 0.946484 | 23.1273 | 0 
-0.166797 1.61055 0.883984 | 28.6346 | 0 
-0.190234 1.75117 0.676953 | 34.2501 | 0 
0.0167969 1.59102 0.712109 | 33.8616 | 0 
0.137891 1.77852 0.692578 | 28.934 | 0 
0.286328 1.55977 0.708203 | 47.1785 | 0 
0.0910156 1.52852 0.723828 | 35.9366 | 0 
0.274609 1.34102 0.727734 | 40.7499 | 0 
-0.0535156 1.34883 0.778516 | 27.0243 | 0 
-0.0339844 1.52852 0.583203 | 41.409 | 0 
-0.0535156 1.32148 0.497266 | 36.897 | 0 
0.137891 1.3293 0.395703 | 38.1742 | 0 
0.169141 1.57148 0.380078 | 44.0791 | 0 
-0.0730469 1.75898 0.364453 | 30.2902 | 0 
-0.139453 1.59102 0.313672 | 38.5522 | 0 
-0.119922 1.75117 0.200391 | 22.6876 | 0 
-0.0144531 1.55195 0.188672 | 28.1988 | 0 
-0.155078 1.59492 0.0636719 | 26.0183 | 0 
0.0167969 1.77852 0.122266 | 14.2604 | 0 
-0.186328 1.73555 0.145703 | 23.9861 | 0 
-0.119922 1.71211 -0.0183594 | 18.0778 | 0 
0.00898437 1.71602 -0.170703 | 20.3302 | 0 
-0.0144531 1.59883 -0.0105469 | 20.753 | 0 
-0.139453 1.6418 -0.158984 | 27.2143 | 0 
-0.100391 1.44648 -0.0457031 | 23.8782 | 0 
-0.00664063 1.43477 -0.151172 | 25.4437 | 0 
-0.0535156 1.3332 0.0324219 | 17.541 | 0 
-0.178516 1.3957 -0.182422 | 31.4801 | 0 
-0.123828 1.3957 0.114453 | 25.2582 | 0 
-0.0925781 1.52461 0.290234 | 36.4437 | 0 
0.00898437 1.43086 0.0675781 | 22.0271 | 0 
0.173047 1.41914 0.157422 | 30.6624 | 0 
0.239453 1.46211 0.102734 | 33.2734 | 0 
0.184766 1.36836 -0.0574219 | 25.3386 | 0 
0.0988281 1.3918 -0.194141 | 28.1898 | 0 
0.122266 1.5168 0.0363281 | 25.3292 | 0 
0.235547 1.63789 -0.0144531 | 28.3485 | 0 
0.0519531 1.59883 -0.155078 | 25.6275 | 0 
0.141797 1.77461 -0.00664063 | 15.3511 | 0 
0.282422 1.72773 -0.139453 | 30.1011 | 0 
0.204297 1.7668 0.122266 | 22.101 | 0 
0.266797 1.63789 0.290234 | 42.8685 | 0 
0.364453 1.74336 0.290234 | 42.762 | 0 
0.341016 1.79414 -0.147266 | 30.015 | 0 
0.419141 1.44258 -0.0886719 | 41.87 | 0 
0.387891 1.46211 0.286328 | 51.9709 | 0 
0.563672 1.40742 -0.131641 | 43.1117 | 0 
0.563672 1.60273 -0.170703 | 45.3352 | 0 
0.614453 1.59102 0.102734 | 40.8641 | 0 
0.676953 1.61055 0.352734 | 51.3059 | 0 
0.762891 1.5832 0.587109 | 49.8277 | 0 
0.485547 1.71211 0.426953 | 54.6316 | 0 
0.364453 1.53633 0.555859 | 58.5204 | 0 
0.712109 1.54414 0.419141 | 53.7802 | 0 
0.786328 1.1457 0.458203 | 33.4411 | 0 
0.719922 1.18867 0.551953 | 39.8277 | 0 
0.673047 1.13008 0.645703 | 36.0481 | 0 
0.341016 1.17305 0.649609 | 38.5751 | 0 
0.430859 1.05586 0.512891 | 41.2115 | 0 
0.520703 0.821484 0.516797 | 46.7309 | 0 
0.532422 1.00898 0.735547 | 32.5586 | 0 
0.598828 0.841016 0.751172 | 34.2777 | 0 
0.723828 1.0168 0.798047 | 20.9141 | 0 
0.563672 0.837109 0.438672 | 44.484 | 0 
0.551953 0.977734 0.352734 | 36.9706 | 0 
0.575391 0.880078 0.196484 | 29.4506 | 0 
0.618359 0.946484 0.173047 | 24.5791 | 0 
0.751172 0.821484 0.118359 | 19.4776 | 0 
0.676953 0.829297 -0.198047 | 27.63 | 0 
0.610547 0.919141 -0.0378906 | 20.4473 | 0 
0.661328 1.00508 -0.127734 | 19.808 | 0 
0.762891 1.00117 -0.104297 | 12.8579 | 0 
0.794141 0.981641 -0.0183594 | 8.98952 | 0 
0.774609 1.01289 0.0128906 | 10.1516 | 0 
0.778516 1.1457 -0.00664063 | 14.0512 | 0 
0.782422 1.07148 -0.0339844 | 10.9573 | 0 
0.688672 1.05977 -0.0847656 | 17.4452 | 0 
0.583203 1.19258 -0.0574219 | 27.5437 | 0 
0.712109 1.25117 -0.116016 | 27.0592 | 0 
0.751172 1.12617 0.298047 | 27.8021 | 0 
0.645703 1.18867 0.282422 | 36.2681 | 0 
0.395703 1.22773 0.204297 | 35.4075 | 0 
0.505078 1.18477 -0.104297 | 29.751 | 0 
0.356641 1.14961 -0.0847656 | 23.1536 | 0 
0.360547 0.977734 -0.0183594 | 17.6511 | 0 
0.540234 0.962109 -0.116016 | 23.7364 | 0 
0.462109 0.801953 -0.0613281 | 28.105 | 0 
0.309766 0.911328 -0.104297 | 18.1887 | 0 
0.407422 0.895703 0.0871094 | 22.8635 | 0 
0.548047 1.04805 0.0988281 | 23.2753 | 0 
0.489453 0.852734 0.196484 | 31.6679 | 0 
0.176953 0.821484 0.204297 | 19.1434 | 0 
0.149609 0.907422 0.196484 | 13.3319 | 0 
0.0675781 0.950391 0.176953 | 7.87877 | 0 
0.173047 1.02852 0.196484 | 13.3381 | 0 
0.298047 1.03242 0.227734 | 22.9922 | 0 
0.278516 1.02852 0.0753906 | 14.1844 | 0 
0.0753906 1.0168 0.122266 | 5.01975 | 0 
0.106641 1.00508 0.0988281 | 5.06523 | 0 
0.110547 0.950391 0.0832031 | 5.05674 | 0 
0.130078 0.962109 0.118359 | 7.03689 | 0 
0.145703 0.887891 0.0558594 | 7.70824 | 0 
0.110547 0.868359 0.118359 | 8.96727 | 0 
0.114453 0.860547 0.173047 | 12.2102 | 0 
0.239453 0.860547 0.169141 | 18.8988 | 0 
0.180859 0.856641 -0.0183594 | 10.4143 | 0 
0.223828 0.860547 -0.190234 | 19.1216 | 0 
0.106641 0.860547 -0.198047 | 13.3459 | 0 
0.141797 0.852734 0.00117187 | 8.44472 | 0 
0.126172 0.887891 -0.0222656 | 6.26368 | 0 
0.0949219 0.887891 -0.00273438 | 4.9053 | 0 
0.0753906 0.883984 -0.0417969 | 4.77407 | 0 
0.0714844 0.962109 -0.0652344 | 3.03723 | 0 
0.0714844 0.942578 -0.0222656 | 2.62742 | 0 
0.0558594 0.958203 0.00898437 | 1.88977 | 0 
0.122266 0.966016 -0.00664063 | 3.99249 | 0 
0.122266 0.938672 -0.0222656 | 4.53602 | 0 
0.126172 0.997266 -0.0300781 | 4.17208 | 0 
0.169141 0.989453 0.0207031 | 6.24971 | 0 
0.106641 0.993359 0.0324219 | 3.37672 | 0 
0.110547 1.00117 -0.0183594 | 3.39845 | 0 
0.0871094 1.01289 -0.104297 | 4.60945 | 0 
0.0714844 0.969922 -0.174609 | 7.58447 | 0 
0.165234 1.00117 -0.174609 | 11.4209 | 0 
0.251172 0.989453 -0.174609 | 16.6064 | 0 
0.188672 0.958203 -0.0730469 | 8.57814 | 0 
0.258984 0.962109 0.00507812 | 11.8441 | 0 
0.184766 0.993359 0.0363281 | 7.30531 | 0 
0.298047 1.10664 0.0480469 | 16.9033 | 0 
0.184766 1.12227 0.0324219 | 10.325 | 0 
0.188672 1.09883 -0.0378906 | 9.63458 | 0 
0.223828 1.10273 -0.186328 | 17.7811 | 0 
0.0988281 1.08711 -0.194141 | 11.1187 | 0 
0.106641 1.09492 -0.0652344 | 5.93128 | 0 
0.126172 1.09102 0.0324219 | 5.98634 | 0 
0.145703 1.12617 -0.0730469 | 9.21681 | 0 
0.0910156 1.16523 0.0246094 | 7.99932 | 0 
0.126172 1.19258 0.0167969 | 10.9451 | 0 
0.106641 1.27852 -0.0105469 | 15.6122 | 0 
0.243359 1.2668 -0.147266 | 26.306 | 0 
0.278516 1.08711 0.278516 | 26.362 | 0 
0.208203 1.05977 0.169141 | 14.431 | 0 
0.145703 1.13398 0.133984 | 11.9093 | 0 
0.0558594 1.14961 0.0675781 | 6.92921 | 0 
0.0792969 1.06758 0.0675781 | 4.14229 | 0 
0.137891 1.06367 0.251172 | 15.601 | 0 
0.130078 1.16133 0.251172 | 19.3728 | 0 
0.0675781 1.27852 0.255078 | 24.6934 | 0 
-0.00273438 1.2668 0.216016 | 20.5872 | 0 
0.0363281 1.15352 0.290234 | 18.479 | 0 
-0.0652344 1.10664 0.294141 | 17.0438 | 0 
0.0441406 1.05977 0.126172 | 5.20112 | 0 
0.0480469 1.16133 0.118359 | 9.16974 | 0 
-0.0574219 1.16133 0.0988281 | 8.58472 | 0 
-0.0730469 1.06758 0.118359 | 5.72209 | 0 
-0.0847656 1.0793 0.169141 | 8.93672 | 0 
-0.0808594 1.07148 0.0910156 | 5.00889 | 0 
-0.100391 1.16914 0.114453 | 10.9258 | 0 
-0.182422 1.15742 0.0871094 | 13.2273 | 0 
-0.155078 1.0793 0.298047 | 19.85 | 0 
-0.127734 1.21211 0.278516 | 24.0384 | 0 
-0.0886719 1.18086 0.130078 | 11.8807 | 0 
-0.0769531 1.29414 0.0597656 | 16.2655 | 0 
-0.100391 1.17695 0.0246094 | 9.00927 | 0 
-0.0886719 1.27852 -0.0535156 | 15.4998 | 0 
-0.147266 1.20039 -0.147266 | 16.3855 | 0 
-0.0183594 1.21211 -0.139453 | 12.7965 | 0 
0.0128906 1.2668 -0.158984 | 17.3044 | 0 
-0.0183594 1.2668 0.00507812 | 12.7301 | 0 
0.0128906 1.21992 0.0128906 | 9.67547 | 0 
0.0363281 1.1418 -0.0652344 | 6.11012 | 0 
0.0480469 1.11445 -0.00273438 | 4.17424 | 0 
-0.0261719 1.12617 0.0324219 | 4.59287 | 0 
-0.0222656 1.16914 -0.0613281 | 7.33734 | 0 
-0.0222656 1.09492 -0.0691406 | 3.95714 | 0 
-0.0457031 1.10664 0.0324219 | 4.0061 | 0 
0.0167969 1.09883 0.0246094 | 3.25003 | 0 
-0.00664063 1.08711 -0.0417969 | 2.99596 | 0 
0.0128906 1.09102 -0.0925781 | 4.46754 | 0 
0.0128906 1.13398 -0.178516 | 10.3479 | 0 
-0.0339844 1.10664 -0.194141 | 10.2145 | 0 
-0.0925781 1.11836 -0.182422 | 11.4577 | 0 
-0.174609 1.08711 -0.194141 | 14.7109 | 0 
-0.135547 1.1418 -0.0222656 | 8.54612 | 0 
-0.190234 1.1457 -0.0105469 | 11.6092 | 0 
-0.108203 1.09883 -0.0105469 | 5.33136 | 0 
-0.198047 1.02461 0.00898437 | 8.01772 | 0 
-0.116016 0.985547 0.0167969 | 3.62313 | 0 
-0.178516 0.946484 0.0441406 | 7.5298 | 0 
-0.170703 0.950391 -0.0144531 | 6.6769 | 0 
-0.0964844 0.930859 -0.0378906 | 3.87015 | 0 
-0.104297 0.989453 -0.0378906 | 3.36679 | 0 
-0.151172 1.03242 -0.0378906 | 5.7609 | 0 
-0.155078 1.0207 -0.0808594 | 6.80321 | 0 
-0.139453 0.958203 -0.182422 | 10.7934 | 0 
-0.135547 1.0168 -0.178516 | 10.2105 | 0 
-0.0261719 0.989453 -0.0769531 | 2.28879 | 0 
-0.0339844 1.02852 -0.174609 | 6.91492 | 0 
-0.0300781 0.958203 -0.170703 | 6.69033 | 0 
-0.0496094 0.958203 -0.0964844 | 3.53664 | 0 
-0.0105469 0.966016 -0.0769531 | 2.3346 | 0 
0.0207031 0.930859 -0.194141 | 8.47984 | 0 
0.0285156 0.989453 -0.198047 | 7.99443 | 0 
0.0167969 1.03242 -0.127734 | 4.39637 | 0 
-0.0105469 1.02461 -0.0535156 | 1.75406 | 0 
-0.00273438 0.997266 -0.0144531 | 1.03891 | 0 
0.0324219 1.03633 0.0480469 | 1.99572 | 0 
-0.0105469 0.989453 0.0363281 | 1.28372 | 0 
-0.0144531 1.03633 0.00507812 | 1.37988 | 0 
-0.0613281 0.989453 0.00507812 | 1.74312 | 0 
-0.0496094 1.04414 -0.0300781 | 2.13566 | 0 
-0.0261719 0.997266 -0.0183594 | 1.1984 | 0 
-0.0535156 0.966016 -0.0300781 | 1.90212 | 0 
-0.0378906 0.938672 -0.0144531 | 1.93929 | 0 
-0.0691406 0.954297 0.0167969 | 2.30974 | 0 
-0.0261719 0.966016 0.00507812 | 1.301 | 0 
0.00117187 0.950391 0.00117187 | 1.38567 | 0 
0.0246094 0.966016 0.00898437 | 1.29622 | 0 
0.0441406 0.950391 -0.0300781 | 1.94816 | 0 
0.0480469 0.962109 -0.0496094 | 2.14659 | 0 
0.0441406 0.907422 -0.0535156 | 3.415 | 0 
0.0324219 0.919141 -0.00273438 | 2.31721 | 0 
0.00507812 0.872266 0.00898437 | 3.83343 | 0 
-0.0144531 0.915234 -0.00273438 | 2.26564 | 0 
-0.0339844 0.872266 0.0128906 | 4.07352 | 0 
-0.0652344 0.919141 -0.00273438 | 2.94194 | 0 
-0.0496094 0.872266 -0.0261719 | 4.43223 | 0 
-0.0378906 0.817578 -0.00664063 | 6.84106 | 0 
0.0363281 0.809766 -0.0457031 | 7.66044 | 0 
0.0402344 0.852734 -0.151172 | 9.23537 | 0 
-0.0613281 0.852734 -0.143359 | 9.25858 | 0 
-0.0925781 0.872266 -0.151172 | 9.67022 | 0 
-0.194141 0.833203 -0.143359 | 16.1112 | 0 
-0.135547 0.883984 -0.0535156 | 7.31661 | 0 
-0.151172 0.903516 0.00117187 | 6.80332 | 0 
-0.116016 0.837109 0.0441406 | 8.4355 | 0 
-0.194141 0.883984 0.114453 | 12.4115 | 0 
-0.0964844 0.833203 0.114453 | 9.98191 | 0 
0.0167969 0.821484 0.126172 | 9.38587 | 0 
0.0324219 0.887891 0.102734 | 5.39876 | 0 
-0.0339844 0.895703 0.122266 | 5.92544 | 0 
-0.0652344 0.899609 0.0910156 | 5.16551 | 0 
-0.0691406 0.946484 0.0792969 | 3.61152 | 0 
-0.0535156 0.934766 0.118359 | 4.91912 | 0 
0.0167969 0.938672 0.122266 | 4.49375 | 0 
0.0207031 0.930859 0.110547 | 4.20932 | 0 
0.0246094 0.989453 0.0988281 | 2.99742 | 0 
0.0285156 1.04414 0.118359 | 4.28741 | 0 
-0.0222656 1.04414 0.118359 | 4.22471 | 0 
-0.0652344 1.04023 0.102734 | 4.25505 | 0 
-0.0847656 1.04023 0.0558594 | 3.40495 | 0 
-0.143359 1.04023 0.0597656 | 5.91068 | 0 
-0.143359 0.981641 0.0636719 | 5.63412 | 0 
-0.123828 0.930859 0.0832031 | 6.03034 | 0 
-0.158984 0.985547 0.169141 | 10.7896 | 0 
-0.143359 0.997266 0.188672 | 11.0833 | 0 
-0.143359 0.989453 0.294141 | 17.6359 | 0 
-0.00664063 1.03633 0.231641 | 10.2448 | 0 
-0.0378906 0.938672 0.235547 | 11.0465 | 0 
0.0128906 0.899609 0.223828 | 11.1796 | 0 
-0.0183594 0.829297 0.223828 | 14.3888 | 0 
-0.0925781 0.887891 0.212109 | 12.5082 | 0 
-0.139453 0.801953 0.505078 | 31.3053 | 0 
-0.158984 0.993359 0.301953 | 18.9065 | 0 
0.0128906 0.989453 0.536328 | 21.0622 | 0 
-0.0652344 0.856641 0.387891 | 23.1266 | 0 
0.266797 0.813672 0.301953 | 31.1897 | 0 
0.141797 0.966016 0.419141 | 23.8062 | 0 
0.0871094 1.12227 0.505078 | 25.7864 | 0 
0.204297 1.05977 0.313672 | 23.0225 | 0 
0.286328 1.19648 0.438672 | 39.936 | 0 
0.0597656 1.23555 0.383984 | 28.9263 | 0 
-0.174609 1.23164 0.333203 | 30.9386 | 0 
-0.0222656 1.12617 0.380078 | 21.7852 | 0 
-0.194141 1.17305 0.532422 | 33.4034 | 0 
0.00507812 1.19648 0.430859 | 27.394 | 0 
-0.158984 1.18477 0.630078 | 29.2708 | 0 
0.0207031 1.10664 0.653516 | 19.5964 | 0 
-0.0964844 1.15742 0.723828 | 19.7975 | 0 
0.0285156 1.25117 0.770703 | 21.0968 | 0 
0.258984 1.21602 0.680859 | 34.6633 | 0 
0.141797 1.05586 0.614453 | 23.3591 | 0 
0.0714844 1.09883 0.696484 | 17.8557 | 0 
0.0597656 1.05977 0.755078 | 12.7715 | 0 
0.0597656 0.926953 0.739453 | 13.8035 | 0 
0.0714844 1.02461 0.731641 | 13.8524 | 0 
0.118359 1.02461 0.645703 | 20.3343 | 0 
0.251172 0.907422 0.700391 | 26.1621 | 0 
0.165234 0.852734 0.641797 | 26.3595 | 0 
0.00117187 0.833203 0.770703 | 14.9984 | 0 
0.0167969 0.829297 0.626172 | 23.3758 | 0 
0.0402344 0.926953 0.626172 | 19.6245 | 0 
0.0207031 1.02461 0.794141 | 9.14669 | 0 
-0.0417969 0.946484 0.794141 | 9.69309 | 0 
-0.119922 1.04805 0.743359 | 15.2417 | 0 
-0.162891 0.911328 0.563672 | 26.6934 | 0 
-0.0847656 0.735547 0.755078 | 23.0913 | 0 
-0.0847656 0.641797 0.598828 | 36.5828 | 0 
-0.0613281 0.645703 0.774609 | 26.308 | 0 
-0.0535156 0.700391 0.626172 | 31.5311 | 0 
0.0792969 0.708203 0.774609 | 23.3796 | 0 
0.208203 0.618359 0.692578 | 39.1993 | 0 
0.0832031 0.477734 0.704297 | 34.8015 | 0 
0.216016 0.333203 0.755078 | 33.2826 | 0 
-0.0300781 0.325391 0.708203 | 27.9442 | 0 
-0.0300781 0.497266 0.559766 | 40.0413 | 0 
-0.0769531 0.360547 0.501172 | 37.9338 | 0 
0.0675781 0.395703 0.508984 | 39.2208 | 0 
0.157422 0.673047 0.528516 | 39.7516 | 0 
0.0480469 0.712109 0.512891 | 33.5502 | 0 
-0.178516 0.618359 0.524609 | 43.588 | 0 
-0.0183594 0.704297 0.188672 | 19.672 | 0 
-0.194141 0.594922 0.200391 | 32.2004 | 0 
-0.0691406 0.649609 0.145703 | 21.1805 | 0 
-0.0496094 0.790234 0.130078 | 11.7827 | 0 
-0.194141 0.798047 0.0871094 | 15.7316 | 0 
-0.151172 0.798047 -0.0339844 | 12.0966 | 0 
-0.112109 0.758984 -0.135547 | 15.8355 | 0 
0.0246094 0.743359 -0.127734 | 14.1574 | 0 
-0.0417969 0.786328 -0.0378906 | 8.98362 | 0 
0.0285156 0.727734 -0.0417969 | 12.4295 | 0 
0.0324219 0.591016 -0.0652344 | 19.7986 | 0 
-0.0378906 0.591016 -0.0769531 | 20.1939 | 0 
-0.186328 0.544141 0.0363281 | 26.3146 | 0 
-0.0261719 0.512891 -0.0964844 | 22.1571 | 0 
0.0285156 0.376172 -0.0457031 | 17.8369 | 0 
-0.135547 0.333203 -0.127734 | 21.6028 | 0 
-0.151172 0.462109 0.286328 | 36.481 | 0 
-0.0496094 0.364453 0.258984 | 27.8357 | 0 
0.145703 0.426953 0.188672 | 29.3514 | 0 
0.184766 0.383984 0.184766 | 29.7045 | 0 
0.274609 0.411328 -0.0378906 | 30.5559 | 0 
0.0832031 0.387891 -0.0847656 | 20.5053 | 0 
0.278516 0.442578 -0.0964844 | 33.203 | 0 
0.110547 0.653516 -0.174609 | 23.9226 | 0 
0.169141 0.762891 0.0128906 | 14.9697 | 0 
0.255078 0.708203 -0.143359 | 27.2921 | 0 
0.106641 0.591016 0.149609 | 25.0563 | 0 
0.255078 0.622266 0.294141 | 40.7873 | 0 
0.126172 0.794141 0.204297 | 18.0992 | 0 
0.403516 0.610547 0.239453 | 45.8319 | 0 
0.508984 0.770703 0.0402344 | 29.8594 | 0 
0.419141 0.626172 -0.0535156 | 36.8864 | 0 
0.426953 0.532422 -0.0496094 | 39.7084 | 0 
0.403516 0.485547 0.122266 | 41.3988 | 0 
0.661328 0.485547 0.0675781 | 36.8121 | 0 
0.555859 0.395703 -0.0378906 | 38.068 | 0 
0.610547 0.692578 -0.0535156 | 32.6286 | 0 
0.758984 0.758984 0.0988281 | 21.9002 | 0 
0.782422 0.567578 0.235547 | 37.1719 | 0 
0.786328 0.669141 0.446484 | 43.3074 | 0 
0.626172 0.661328 0.626172 | 50.5468 | 0 
0.344922 0.669141 0.606641 | 49.2542 | 0 
0.532422 0.348828 0.403516 | 54.3973 | 0 
0.723828 0.493359 0.676953 | 47.2841 | 0 
0.563672 0.426953 0.348828 | 54.6153 | 0 
0.614453 0.137891 0.430859 | 40.7013 | 0 
0.579297 0.118359 0.708203 | 34.8716 | 0 
0.528516 0.165234 0.704297 | 38.3972 | 0 
0.348828 0.208203 0.727734 | 35.3111 | 0 
0.403516 0.0910156 0.333203 | 35.0842 | 0 
0.419141 -0.0847656 0.383984 | 37.9111 | 0 
0.477734 -0.147266 0.614453 | 42.0376 | 0 
0.782422 -0.166797 0.508984 | 33.8672 | 0 
0.751172 0.0324219 0.415234 | 29.4858 | 0 
0.739453 -0.198047 0.184766 | 24.0907 | 0 
0.669141 -0.0378906 0.192578 | 22.103 | 0 
0.747266 0.0246094 0.258984 | 21.4814 | 0 
0.743359 0.0285156 0.161328 | 15.869 | 0 
0.645703 0.0246094 0.0871094 | 18.0993 | 0 
0.626172 -0.0925781 0.0988281 | 20.9406 | 0 
0.723828 -0.158984 0.0949219 | 18.5096 | 0 
0.766797 -0.155078 0.0285156 | 14.1027 | 0 
0.645703 -0.178516 -0.147266 | 26.2066 | 0 
0.583203 -0.0378906 0.00898437 | 19.304 | 0 
0.579297 0.00898437 -0.178516 | 24.8257 | 0 
0.680859 -0.0378906 -0.147266 | 18.9617 | 0 
0.688672 -0.0417969 -0.0378906 | 14.8611 | 0 
0.692578 0.165234 0.0324219 | 19.1672 | 0 
0.669141 0.141797 -0.0925781 | 20.699 | 0 
0.661328 0.227734 -0.0261719 | 24.518 | 0 
0.790234 0.216016 -0.0769531 | 17.2031 | 0 
0.700391 0.192578 0.173047 | 25.4453 | 0 
0.743359 0.0597656 0.270703 | 23.0405 | 0 
0.571484 0.0792969 0.0597656 | 21.2572 | 0 
0.540234 0.258984 0.184766 | 36.6544 | 0 
0.391797 0.0714844 0.262891 | 29.8052 | 0 
0.301953 0.235547 -0.0925781 | 24.0996 | 0 
0.466016 0.278516 -0.0652344 | 32.6823 | 0 
0.532422 0.149609 -0.0886719 | 25.7216 | 0 
0.301953 0.169141 -0.0496094 | 18.946 | 0 
0.341016 -0.0691406 0.0285156 | 16.6229 | 0 
0.329297 -0.0535156 -0.123828 | 18.3425 | 0 
0.434766 -0.0730469 -0.162891 | 25.2234 | 0 
0.426953 0.00507812 0.0285156 | 19.3134 | 0 
0.497266 -0.0886719 -0.194141 | 28.3655 | 0 
0.524609 -0.198047 0.173047 | 32.3695 | 0 
0.501172 -0.00664063 0.290234 | 32.845 | 0 
0.337109 -0.0769531 0.255078 | 26.854 | 0 
0.0753906 -0.166797 0.180859 | 11.9655 | 0 
0.145703 -0.119922 0.235547 | 15.7971 | 0 
0.0949219 -0.0144531 0.176953 | 7.37795 | 0 
0.290234 -0.0730469 0.294141 | 26.4502 | 0 
0.231641 -0.0222656 0.130078 | 12.1759 | 0 
0.223828 0.0363281 0.0558594 | 9.28651 | 0 
0.133984 0.0167969 0.0910156 | 5.01239 | 0 
0.0988281 0.00898437 0.126172 | 4.88966 | 0 
0.102734 0.0402344 0.0714844 | 3.33896 | 0 
0.102734 -0.0417969 0.0675781 | 3.25972 | 0 
0.126172 -0.0496094 0.161328 | 8.21985 | 0 
0.149609 -0.0808594 0.0519531 | 5.92508 | 0 
0.0832031 -0.0886719 0.126172 | 5.85985 | 0 
0.102734 -0.186328 0.157422 | 12.693 | 0 
0.204297 -0.166797 0.141797 | 15.9776 | 0 
0.290234 -0.139453 0.118359 | 18.8583 | 0 
0.219922 -0.108203 0.0285156 | 10.5657 | 0 
0.262891 -0.135547 -0.194141 | 20.9088 | 0 
0.137891 -0.0808594 -0.143359 | 8.62318 | 0 
0.0988281 -0.182422 -0.151172 | 11.9949 | 0 
0.141797 -0.155078 0.00117187 | 8.14081 | 0 
0.133984 -0.131641 -0.0261719 | 6.74005 | 0 
0.0910156 -0.131641 0.0480469 | 5.30127 | 0 
0.106641 -0.119922 -0.0183594 | 4.96155 | 0 
0.0871094 -0.0300781 -0.0496094 | 2.13168 | 0 
0.0949219 -0.0457031 -0.0183594 | 2.21381 | 0 
0.0519531 -0.0457031 0.0324219 | 1.15017 | 0 
0.0910156 -0.0339844 0.0480469 | 2.28217 | 0 
0.141797 -0.0496094 0.0207031 | 4.30252 | 0 
0.161328 -0.0496094 -0.0730469 | 6.26297 | 0 
0.173047 -0.00273438 -0.0535156 | 5.9454 | 0 
0.145703 0.0441406 0.00507812 | 4.31633 | 0 
0.106641 0.0207031 0.00507812 | 2.26345 | 0 
0.0792969 0.0167969 0.00117187 | 1.27822 | 0 
0.0519531 0.0402344 -0.0417969 | 1.19484 | 0 
0.0714844 -0.00273438 -0.0535156 | 1.5613 | 0 
0.0558594 0.0402344 -0.0691406 | 1.86585 | 0 
0.0519531 0.00117187 -0.0925781 | 2.18424 | 0 
0.0519531 0.0246094 -0.108203 | 2.88579 | 0 
0.0636719 0.00898437 -0.162891 | 5.63219 | 0 
0.0714844 -0.0730469 -0.158984 | 6.65041 | 0 
0.110547 -0.0730469 -0.0964844 | 5.16055 | 0 
0.145703 -0.0339844 -0.170703 | 9.40576 | 0 
0.204297 -0.00273438 -0.182422 | 13.1246 | 0 
0.258984 -0.0378906 -0.174609 | 16.3835 | 0 
0.196484 -0.0105469 -0.0730469 | 7.80142 | 0 
0.262891 -0.0300781 -0.0261719 | 11.1927 | 0 
0.204297 -0.0417969 0.0402344 | 7.8735 | 0 
0.278516 -0.0105469 0.0363281 | 12.1424 | 0 
0.180859 0.0753906 0.0207031 | 7.01554 | 0 
0.192578 0.169141 -0.0574219 | 12.3179 | 0 
0.262891 0.106641 -0.151172 | 17.2563 | 0 
0.133984 0.0988281 -0.198047 | 12.0662 | 0 
0.0871094 0.118359 -0.147266 | 8.12825 | 0 
0.0753906 0.0949219 -0.108203 | 5.07734 | 0 
0.0871094 0.0988281 -0.0730469 | 4.38516 | 0 
0.0753906 0.0949219 0.0363281 | 3.10293 | 0 
0.130078 0.0753906 0.0480469 | 4.73635 | 0 
0.165234 0.0597656 -0.0652344 | 6.48253 | 0 
0.169141 0.157422 0.00898437 | 9.71029 | 0 
0.0910156 0.188672 -0.0183594 | 7.94306 | 0 
0.173047 0.294141 -0.0652344 | 19.0381 | 0 
0.0519531 0.298047 -0.135547 | 17.0239 | 0 
0.262891 0.255078 -0.0417969 | 21.6069 | 0 
0.270703 0.251172 0.282422 | 33.61 | 0 
0.258984 0.126172 0.0675781 | 14.5209 | 0 
0.200391 0.0910156 0.0871094 | 10.0411 | 0 
0.169141 0.0988281 0.0558594 | 7.6531 | 0 
0.122266 0.141797 0.157422 | 11.0872 | 0 
0.110547 0.114453 0.0832031 | 6.16093 | 0 
0.0597656 0.0871094 0.262891 | 13.047 | 0 
0.0714844 0.227734 0.282422 | 21.7572 | 0 
0.153516 0.294141 0.122266 | 19.9738 | 0 
0.0285156 0.258984 0.282422 | 22.895 | 0 
-0.0144531 0.157422 0.298047 | 17.6339 | 0 
-0.00664063 0.0597656 0.262891 | 11.5873 | 0 
0.00507812 0.0871094 0.188672 | 7.7504 | 0 
0.0402344 0.0558594 0.0519531 | 1.46297 | 0 
0.0363281 0.130078 0.0949219 | 5.17117 | 0 
0.0324219 0.157422 0.114453 | 7.22759 | 0 
-0.0457031 0.145703 0.126172 | 7.33581 | 0 
-0.0691406 0.133984 0.0832031 | 5.63333 | 0 
-0.0730469 0.0636719 0.0910156 | 3.43329 | 0 
-0.0261719 0.0636719 0.149609 | 5.05397 | 0 
-0.123828 0.0792969 0.118359 | 6.76856 | 0 
-0.190234 0.145703 0.169141 | 15.4596 | 0 
-0.143359 0.0636719 0.231641 | 13.5067 | 0 
-0.158984 0.235547 0.227734 | 22.4193 | 0 
-0.158984 0.266797 0.169141 | 20.9017 | 0 
-0.190234 0.262891 0.0441406 | 17.6309 | 0 
-0.155078 0.255078 -0.0964844 | 16.5826 | 0 
-0.0730469 0.282422 -0.0886719 | 14.6632 | 0 
-0.0105469 0.294141 -0.0925781 | 14.4998 | 0 
-0.0144531 0.262891 -0.0730469 | 11.9598 | 0 
0.0324219 0.235547 -0.0378906 | 9.63994 | 0 
0.0246094 0.114453 0.0285156 | 2.77011 | 0 
-0.0222656 0.149609 0.0324219 | 4.43072 | 0 
-0.0691406 0.153516 -0.0613281 | 5.99653 | 0 
-0.0613281 0.0871094 -0.0261719 | 2.34101 | 0 
-0.0183594 0.0714844 -0.0378906 | 1.34724 | 0 
-0.0613281 0.0753906 -0.0183594 | 1.91062 | 0 
-0.0613281 0.106641 0.00117187 | 2.91073 | 0 
-0.0300781 0.0519531 0.0363281 | 0.97042 | 0 
0.0128906 0.0949219 0.0402344 | 2.08785 | 0 
0.0480469 0.0832031 0.0285156 | 1.95801 | 0 
-0.00664063 0.0597656 -0.0222656 | 0.807338 | 0 
0.00507812 0.106641 -0.0613281 | 2.91558 | 0 
0.0402344 0.0832031 -0.119922 | 4.38338 | 0 
-0.00273438 0.126172 -0.155078 | 7.40587 | 0 
-0.0339844 0.145703 -0.0808594 | 5.425 | 0 
-0.0574219 0.0871094 -0.139453 | 5.73428 | 0 
-0.0613281 0.0597656 -0.151172 | 5.64216 | 0 
-0.0457031 0.0753906 -0.0769531 | 2.6706 | 0 
-0.0964844 0.0832031 -0.182422 | 9.04753 | 0 
-0.143359 0.141797 -0.182422 | 13.4573 | 0 
-0.143359 0.110547 -0.0808594 | 7.409 | 0 
-0.0886719 0.0753906 -0.0613281 | 3.36399 | 0 
-0.198047 0.122266 -0.0574219 | 10.3031 | 0 
-0.119922 0.149609 -0.0105469 | 6.86809 | 0 
-0.158984 0.0753906 0.0324219 | 5.92785 | 0 
-0.182422 0.0441406 0.0480469 | 6.75229 | 0 
-0.143359 0.0207031 0.0480469 | 4.34981 | 0 
-0.127734 0.00117187 0.0285156 | 3.22894 | 0 
-0.127734 -0.0574219 0.00507812 | 3.72001 | 0 
-0.186328 -0.0300781 -0.0652344 | 7.15148 | 0 
-0.0769531 -0.0144531 -0.0144531 | 1.23507 | 0 
-0.116016 -0.00664063 -0.0496094 | 3.04779 | 0 
-0.0964844 0.0480469 -0.0457031 | 2.6574 | 0 
-0.190234 0.0128906 -0.100391 | 8.33595 | 0 
-0.151172 -0.0300781 -0.198047 | 11.2163 | 0 
-0.119922 -0.0574219 -0.0847656 | 4.76074 | 0 
-0.100391 0.00507812 -0.162891 | 6.76197 | 0 
-0.0808594 0.0363281 -0.108203 | 3.76541 | 0 
-0.0886719 0.0246094 -0.0964844 | 3.43136 | 0 
-0.0613281 0.0128906 -0.194141 | 7.36954 | 0 
-0.0457031 -0.0535156 -0.194141 | 7.574 | 0 
-0.0417969 -0.0417969 -0.0847656 | 2.0815 | 0 
0.0128906 -0.0730469 -0.0925781 | 2.72637 | 0 
0.0441406 -0.0183594 -0.0925781 | 2.10408 | 0 
0.0167969 -0.0183594 -0.155078 | 4.53 | 0 
-0.00664063 0.0246094 -0.155078 | 4.53594 | 0 
0.0207031 0.0128906 -0.112109 | 2.51046 | 0 
0.0207031 0.0246094 -0.100391 | 2.13919 | 0 
0.0285156 -0.00664063 -0.0613281 | 0.906678 | 0 
0.0128906 0.0402344 -0.0417969 | 0.697018 | 0 
0.0324219 -0.0105469 0.0246094 | 0.349802 | 0 
0.00507812 0.00507812 0.00898437 | 0.0262409 | 0 
0.0167969 0.0285156 0.0363281 | 0.477509 | 0 
-0.0378906 0.0363281 -0.00664063 | 0.552938 | 0 
-0.0183594 0.00898437 0.0285156 | 0.243699 | 0 
-0.0652344 0.00507812 0.0402344 | 1.15714 | 0 
-0.0535156 0.0324219 -0.0574219 | 1.41782 | 0 
-0.0222656 0.00507812 -0.0652344 | 0.935878 | 0 
-0.0691406 -0.0261719 -0.0457031 | 1.48081 | 0 
-0.0222656 -0.0613281 -0.0144531 | 0.876648 | 0 
-0.0730469 -0.0535156 0.00898437 | 1.61911 | 0 
-0.0339844 -0.0300781 -0.00664063 | 0.415966 | 0 
-0.00664063 -0.0691406 0.00117187 | 0.942671 | 0 
0.0167969 -0.0222656 -0.0105469 | 0.176177 | 0 
0.0402344 -0.0457031 0.00117187 | 0.731303 | 0 
0.0402344 -0.0300781 -0.0144531 | 0.539827 | 0 
0.0167969 -0.0730469 -0.0691406 | 2.0298 | 0 
-0.00273438 -0.131641 -0.0535156 | 3.81172 | 0 
-0.0105469 -0.0925781 -0.0144531 | 1.71667 | 0 
0.0402344 -0.108203 0.0480469 | 3.0091 | 0 
0.00117187 -0.108203 0.0207031 | 2.32029 | 0 
-0.0457031 -0.123828 0.0246094 | 3.42388 | 0 
-0.0144531 -0.131641 -0.0222656 | 3.38697 | 0 
-0.0300781 -0.170703 -0.0183594 | 5.49611 | 0 
-0.0535156 -0.166797 -0.0105469 | 5.61984 | 0 
-0.0105469 -0.151172 0.0167969 | 4.28271 | 0 
0.0167969 -0.170703 -0.0964844 | 7.09757 | 0 
0.0246094 -0.116016 -0.158984 | 7.28785 | 0 
0.0167969 -0.0847656 -0.135547 | 4.87927 | 0 
-0.0691406 -0.127734 -0.178516 | 9.69129 | 0 
-0.123828 -0.166797 -0.170703 | 13.1777 | 0 
-0.158984 -0.108203 -0.166797 | 11.8832 | 0 
-0.0808594 -0.186328 -0.0730469 | 8.4498 | 0 
-0.186328 -0.116016 -0.0730469 | 9.73489 | 0 
-0.116016 -0.104297 -0.00664063 | 4.64578 | 0 
-0.186328 -0.198047 0.130078 | 16.1476 | 0 
-0.0808594 -0.0886719 0.141797 | 6.52304 | 0 
-0.104297 -0.178516 0.0949219 | 9.50765 | 0 
-0.0652344 -0.174609 0.141797 | 10.0346 | 0 
0.0207031 -0.194141 0.118359 | 9.33862 | 0 
0.0207031 -0.0886719 0.0558594 | 2.21782 | 0 
0.00507812 -0.135547 0.169141 | 8.60001 | 0 
-0.0535156 -0.119922 0.137891 | 6.82742 | 0 
-0.0652344 -0.116016 0.0910156 | 4.98664 | 0 
-0.0183594 -0.0261719 0.0675781 | 1.09494 | 0 
-0.0691406 -0.0300781 0.157422 | 5.64306 | 0 
0.0167969 -0.0496094 0.173047 | 5.9213 | 0 
0.0363281 -0.0613281 0.0597656 | 1.69813 | 0 
0.00117187 -0.0222656 0.0949219 | 1.83391 | 0 
0.0363281 0.0167969 0.0832031 | 1.6592 | 0 
0.0363281 0.0480469 0.122266 | 3.53868 | 0 
-0.00664063 0.0246094 0.114453 | 2.61797 | 0 
-0.0613281 0.0363281 0.130078 | 4.17276 | 0 
-0.0261719 0.0441406 0.0636719 | 1.31336 | 0 
-0.131641 0.00898437 0.110547 | 5.59241 | 0 
-0.182422 0.0128906 0.0910156 | 7.54598 | 0 
-0.112109 -0.0417969 0.102734 | 4.75976 | 0 
-0.182422 -0.0496094 0.157422 | 10.9285 | 0 
-0.112109 -0.00664063 0.133984 | 5.75844 | 0 
-0.139453 0.0402344 0.216016 | 11.8658 | 0 
-0.162891 -0.0730469 0.176953 | 11.4638 | 0 
-0.151172 0.0285156 0.266797 | 15.4902 | 0 
0.0441406 -0.0105469 0.219922 | 8.57588 | 0 
0.0167969 -0.0339844 0.251172 | 10.4209 | 0 
-0.0339844 -0.0339844 0.204297 | 7.66596 | 0 
-0.0144531 -0.0925781 0.298047 | 14.7567 | 0 
-0.00664063 -0.0925781 0.208203 | 9.1092 | 0 
-0.0105469 -0.194141 0.176953 | 12.2227 | 0 
-0.162891 -0.119922 0.231641 | 16.4465 | 0 
-0.131641 -0.0886719 0.458203 | 24.6346 | 0 
-0.155078 -0.0574219 0.423047 | 24.0871 | 0 
-0.0652344 0.0207031 0.516797 | 21.1289 | 0 
-0.0261719 -0.116016 0.411328 | 21.3472 | 0 
0.262891 -0.158984 0.423047 | 34.5241 | 0 
0.0832031 0.00898437 0.493359 | 21.5933 | 0 
0.274609 0.122266 0.434766 | 33.7997 | 0 
0.161328 0.176953 0.473828 | 30.4291 | 0 
-0.0769531 0.114453 0.391797 | 21.5717 | 0 
-0.0339844 0.0949219 0.434766 | 21.3244 | 0 
-0.116016 0.137891 0.524609 | 26.2538 | 0 
-0.151172 0.184766 0.637891 | 27.1366 | 0 
-0.0144531 0.165234 0.669141 | 20.3035 | 0 
-0.0261719 0.141797 0.739453 | 15.0778 | 0 
-0.190234 0.0949219 0.790234 | 16.2274 | 0 
-0.178516 0.204297 0.794141 | 20.7919 | 0 
-0.0378906 0.176953 0.723828 | 18.0455 | 0 
0.0558594 0.243359 0.551953 | 30.0314 | 0 
0.286328 0.110547 0.673047 | 29.7757 | 0 
0.0753906 0.0558594 0.661328 | 17.4445 | 0 
0.0949219 0.106641 0.739453 | 15.1179 | 0 
0.130078 0.0246094 0.723828 | 15.4559 | 0 
0.270703 -0.0339844 0.583203 | 30.6032 | 0 
0.180859 -0.198047 0.755078 | 22.9075 | 0 
0.0675781 -0.127734 0.673047 | 19.0622 | 0 
0.0675781 -0.127734 0.739453 | 15.1693 | 0 
-0.0105469 -0.0964844 0.723828 | 13.9743 | 0 
-0.0339844 -0.158984 0.669141 | 20.154 | 0 
-0.0144531 -0.0613281 0.614453 | 18.6798 | 0 
0.0285156 -0.0535156 0.708203 | 13.8214 | 0 
-0.0457031 0.0207031 0.762891 | 10.2694 | 0 
-0.116016 -0.0691406 0.778516 | 12.3123 | 0 
-0.198047 -0.108203 0.606641 | 27.2736 | 0 
-0.190234 -0.190234 0.844922 | 17.8344 | 0 
-0.190234 -0.143359 0.899609 | 12.9126 | 0 
-0.116016 -0.186328 0.934766 | 10.3968 | 0 
-0.170703 -0.0886719 1.00898 | 7.80451 | 0 
-0.162891 -0.0378906 0.977734 | 6.15965 | 0 
-0.139453 -0.0261719 1.04023 | 5.15429 | 0 
-0.104297 -0.0300781 1.01289 | 3.32001 | 0 
-0.116016 -0.0574219 0.985547 | 4.21433 | 0 
-0.135547 -0.0105469 0.954297 | 4.77329 | 0 
-0.166797 0.0246094 1.04023 | 6.55475 | 0 
-0.190234 -0.00664063 0.801953 | 13.8139 | 0 
-0.131641 -0.0300781 0.841016 | 8.72159 | 0 
-0.0847656 -0.00664063 0.864453 | 5.561 | 0 
-0.0339844 0.0402344 0.809766 | 7.5359 | 0 
-0.0652344 -0.0730469 0.915234 | 4.09554 | 0 
0.00507812 -0.0574219 0.891797 | 3.67093 | 0 
0.0285156 -0.0574219 0.856641 | 5.33165 | 0 
0.0285156 0.0402344 0.841016 | 5.77562 | 0 
-0.00273438 0.0480469 0.899609 | 3.1896 | 0 
-0.00273438 0.0167969 0.926953 | 1.95154 | 0 
0.00898437 0.0324219 0.977734 | 1.2775 | 0 
0.0363281 0.0324219 1.04805 | 2.01916 | 0 
0.0167969 0.00898437 1.02852 | 1.28985 | 0 
-0.0222656 0.0441406 1.04805 | 2.03291 | 0 
-0.0691406 0.00117187 1.00898 | 1.9679 | 0 
-0.0535156 0.0246094 0.969922 | 1.80158 | 0 
-0.0417969 0.0128906 0.977734 | 1.43122 | 0 
-0.0613281 -0.0261719 0.977734 | 1.92629 | 0 
-0.0261719 -0.0300781 0.985547 | 1.32705 | 0 
-0.0730469 -0.0496094 0.973828 | 2.60781 | 0 
-0.0691406 -0.0339844 1.00117 | 2.16453 | 0 
-0.0183594 -0.0730469 1.0207 | 2.23335 | 0 
0.00507812 -0.0222656 1.04805 | 1.65394 | 0 
0.0285156 -0.0574219 1.02852 | 2.02594 | 0 
0.0167969 -0.0339844 0.966016 | 1.44448 | 0 
0.00898437 -0.0339844 0.934766 | 1.94637 | 0 
-0.00664063 -0.100391 0.950391 | 3.32823 | 0 
0.0441406 -0.0769531 1.03633 | 2.86968 | 0 
-0.0144531 -0.104297 1.01289 | 3.18247 | 0 
-0.0652344 -0.0886719 0.973828 | 3.43598 | 0 
-0.0652344 -0.119922 0.981641 | 4.58398 | 0 
-0.0417969 -0.186328 1.02852 | 7.70249 | 0 
-0.00664063 -0.151172 0.930859 | 6.00885 | 0 
-0.0535156 -0.166797 0.907422 | 8.06582 | 0 
0.00117187 -0.108203 0.923047 | 4.23371 | 0 
-0.0183594 -0.100391 0.860547 | 6.34102 | 0 
-0.00273438 -0.174609 0.801953 | 12.9067 | 0 
0.153516 -0.0808594 0.833203 | 11.2968 | 0 
0.149609 -0.158984 0.899609 | 11.4715 | 0 
0.110547 -0.158984 0.942578 | 8.47455 | 0 
0.0597656 -0.119922 1.01289 | 4.48046 | 0 
0.0792969 -0.100391 0.997266 | 4.1524 | 0 
0.0988281 -0.0769531 0.926953 | 4.92291 | 0 
0.114453 -0.135547 1.02461 | 7.08951 | 0 
0.208203 -0.194141 1.01289 | 15.1055 | 0 
0.251172 -0.166797 0.825391 | 21.2911 | 0 
0.243359 -0.0339844 0.825391 | 15.9899 | 0 
0.243359 0.0128906 1.0168 | 10.7646 | 0 
0.184766 -0.0496094 1.02852 | 7.75141 | 0 
0.176953 0.0441406 0.989453 | 6.98614 | 0 
0.114453 0.0246094 0.977734 | 3.66289 | 0 
0.137891 0.00898437 1.02461 | 4.72836 | 0 
0.122266 -0.0613281 0.993359 | 4.55595 | 0 
0.145703 -0.0183594 0.958203 | 5.25494 | 0 
0.102734 -0.0222656 0.977734 | 3.17442 | 0 
0.0871094 -0.0457031 1.02461 | 3.04909 | 0 
0.0753906 0.0128906 1.0207 | 2.26606 | 0 
0.0988281 0.0363281 1.03633 | 3.47058 | 0 
0.0714844 0.0363281 0.969922 | 2.37644 | 0 
0.0558594 0.0480469 0.923047 | 3.06561 | 0 
0.102734 0.0207031 0.895703 | 4.98121 | 0 
0.118359 -0.00664063 0.868359 | 6.64698 | 0 
0.0636719 -0.0300781 0.883984 | 4.29531 | 0 
0.145703 -0.0183594 0.813672 | 10.7612 | 0 
0.0910156 0.00898437 0.805859 | 8.82665 | 0 
0.0519531 0.145703 0.809766 | 11.4461 | 0 
0.122266 0.0753906 0.903516 | 6.52855 | 0 
0.0636719 0.0636719 0.899609 | 4.32095 | 0 
0.106641 0.0558594 0.966016 | 3.94646 | 0 
0.0949219 0.165234 1.04414 | 8.15738 | 0 
0.165234 0.122266 0.958203 | 9.03403 | 0 
0.122266 0.0675781 1.00898 | 4.74998 | 0 
0.227734 0.110547 0.942578 | 12.5187 | 0 
0.219922 0.118359 1.0207 | 11.9502 | 0 
0.278516 0.0910156 1.02461 | 14.6282 | 0 
0.200391 0.258984 0.801953 | 25.0411 | 0 
0.200391 0.200391 0.989453 | 14.9476 | 0 
0.110547 0.235547 0.973828 | 12.5609 | 0 
0.0792969 0.290234 0.876172 | 17.4522 | 0 
0.102734 0.204297 0.864453 | 13.392 | 0 
0.0285156 0.223828 0.841016 | 13.8692 | 0 
-0.170703 0.274609 0.860547 | 21.2057 | 0 
-0.190234 0.133984 0.864453 | 13.8857 | 0 
-0.108203 0.0871094 0.876172 | 7.34823 | 0 
-0.0613281 0.0988281 0.841016 | 7.90885 | 0 
0.0324219 0.126172 0.852734 | 7.91612 | 0 
-0.0535156 0.169141 0.876172 | 9.37143 | 0 
-0.0105469 0.126172 0.919141 | 5.12706 | 0 
0.0128906 0.0792969 0.907422 | 3.72301 | 0 
-0.0574219 0.0519531 0.864453 | 5.33787 | 0 
-0.0144531 0.0792969 0.973828 | 2.34668 | 0 
0.0402344 0.0871094 0.969922 | 2.90664 | 0 
0.0402344 0.169141 0.954297 | 6.80345 | 0 
-0.0300781 0.130078 0.969922 | 4.47278 | 0 
0.0285156 0.165234 1.0207 | 6.23678 | 0 
0.0441406 0.106641 1.0168 | 3.64702 | 0 
-0.0300781 0.0910156 1.0168 | 2.86784 | 0 
-0.112109 0.0714844 1.04414 | 4.8619 | 0 
-0.0964844 0.0558594 0.942578 | 3.93631 | 0 
-0.182422 0.0519531 1.00117 | 7.44705 | 0 
-0.186328 0.153516 1.00117 | 11.4684 | 0 
-0.119922 0.204297 1.00898 | 10.9647 | 0 
-0.158984 0.270703 1.01289 | 17.0424 | 0 
-0.0261719 0.239453 1.04805 | 11.0814 | 0 
0.00898437 0.184766 1.0168 | 7.15467 | 0 
0.0128906 0.294141 1.04805 | 14.4081 | 0 
-0.0574219 0.262891 1.10664 | 14.912 | 0 
-0.0964844 0.192578 1.11445 | 12.0164 | 0 
-0.139453 0.145703 1.15352 | 13.1788 | 0 
-0.162891 0.106641 1.1418 | 12.0128 | 0 
-0.0144531 0.0792969 1.10664 | 4.65014 | 0 
0.0363281 0.114453 1.06758 | 4.77772 | 0 
-0.0144531 0.165234 1.13008 | 9.42617 | 0 
0.0363281 0.133984 1.12227 | 7.68577 | 0 
-0.0417969 0.0910156 1.12617 | 6.19343 | 0 
0.0207031 0.153516 1.2043 | 13.0288 | 0 
-0.0964844 0.0714844 1.21211 | 11.8991 | 0 
-0.100391 0.122266 1.25898 | 16.9071 | 0 
-0.123828 0.290234 1.18086 | 22.6633 | 0 
0.110547 0.231641 1.25898 | 23.3809 | 0 
0.262891 0.196484 1.26289 | 30.0212 | 0 
0.231641 0.173047 1.12617 | 18.5332 | 0 
0.165234 0.114453 1.08711 | 10.0815 | 0 
0.0714844 0.149609 1.08711 | 7.76424 | 0 
0.0636719 0.0753906 1.18086 | 9.08603 | 0 
0.145703 0.0597656 1.29023 | 18.7934 | 0 
0.118359 -0.0691406 1.22773 | 13.7007 | 0 
0.0792969 0.00507812 1.1457 | 6.44567 | 0 
0.0558594 -0.0378906 1.08711 | 3.53884 | 0 
0.0832031 -0.0417969 1.15352 | 7.32006 | 0 
0.122266 -0.0457031 1.05977 | 5.05494 | 0 
0.157422 0.0324219 1.11055 | 8.28841 | 0 
0.196484 -0.0144531 1.06758 | 8.80825 | 0 
0.239453 -0.00664063 1.22773 | 19.5168 | 0 
0.239453 -0.0144531 1.21992 | 19.0461 | 0 
0.219922 -0.190234 1.25898 | 26.6876 | 0 
0.219922 -0.112109 1.12227 | 14.6303 | 0 
0.165234 -0.104297 1.12227 | 11.0999 | 0 
0.173047 -0.158984 1.2082 | 18.8579 | 0 
0.0324219 -0.158984 1.24727 | 16.2049 | 0 
-0.0300781 -0.194141 1.2043 | 15.3965 | 0 
-0.0417969 -0.151172 1.07539 | 6.80691 | 0 
-0.0535156 -0.166797 1.12617 | 9.84723 | 0 
-0.0261719 -0.127734 1.10664 | 6.59006 | 0 
0.00898437 -0.0925781 1.13008 | 6.10439 | 0 
0.0167969 -0.0613281 1.13008 | 5.22815 | 0 
0.0128906 -0.0222656 1.05586 | 1.8556 | 0 
-0.0339844 -0.0144531 1.10664 | 3.65638 | 0 
-0.0378906 -0.0457031 1.17305 | 7.4222 | 0 
-0.0574219 -0.0105469 1.13789 | 5.48818 | 0 
-0.0535156 0.0285156 1.13008 | 5.15895 | 0 
-0.0417969 0.0128906 1.05977 | 2.19749 | 0 
0.0246094 -0.0105469 1.08711 | 2.78458 | 0 
-0.00664063 0.0128906 1.11836 | 3.93256 | 0 
0.00507812 -0.0652344 1.25508 | 12.7319 | 0 
-0.135547 0.0285156 1.27461 | 16.7567 | 0 
-0.166797 0.0480469 1.1457 | 10.708 | 0 
-0.135547 0.0285156 1.13008 | 8.02714 | 0 
-0.178516 -0.0613281 1.05977 | 8.24684 | 0 
-0.198047 -0.135547 1.15352 | 15.8965 | 0 
-0.135547 -0.0808594 1.09102 | 7.48208 | 0 
-0.0808594 -0.155078 1.09883 | 8.75108 | 0 
-0.170703 -0.135547 1.25508 | 20.5757 | 0 
-0.0183594 -0.194141 1.38008 | 25.864 | 0 
-0.0730469 -0.0105469 1.34883 | 18.6998 | 0 
-0.119922 -0.0691406 1.5207 | 25.883 | 0 
0.00117187 -0.116016 1.46211 | 24.4107 | 0 
-0.186328 -0.190234 1.5207 | 34.7367 | 0 
-0.104297 -0.123828 1.74336 | 18.4311 | 0 
-0.174609 -0.0652344 1.63008 | 25.8003 | 0 
0.00507812 0.0167969 1.7082 | 15.5751 | 0 
0.0285156 -0.0144531 1.7043 | 15.9392 | 0 
0.0167969 -0.158984 1.77461 | 16.2783 | 0 
0.0988281 -0.0808594 1.61055 | 23.4232 | 0 
0.149609 -0.170703 1.74336 | 22.8315 | 0 
0.0949219 -0.0183594 1.79023 | 12.506 | 0 
0.0871094 0.00117187 1.66133 | 19.5163 | 0 
0.126172 -0.00273438 1.61445 | 23.1288 | 0 
0.184766 -0.0769531 1.62617 | 26.8646 | 0 
0.0675781 -0.178516 1.42695 | 27.5837 | 0 
0.247266 -0.0457031 1.34102 | 27.5113 | 0 
0.161328 0.157422 1.35273 | 27.1147 | 0 
0.223828 0.290234 1.38398 | 40.3726 | 0 
0.262891 0.176953 1.71992 | 31.316 | 0 
0.141797 0.118359 1.70039 | 22.3456 | 0 
0.114453 0.192578 1.66133 | 27.0439 | 0 
-0.0105469 0.247266 1.78242 | 21.0654 | 0 
-0.00273438 0.0988281 1.66523 | 19.7288 | 0 
-0.186328 0.0597656 1.6418 | 25.8227 | 0 
-0.119922 0.208203 1.54805 | 32.1128 | 0 
-0.170703 0.0910156 1.42305 | 27.7285 | 0 
-0.194141 0.485547 1.37227 | 45.6258 | 0 
-0.194141 0.520703 1.55195 | 48.6667 | 0 
0.137891 0.540234 1.73555 | 37.4362 | 0 
0.0792969 0.337109 1.4582 | 38.3232 | 0 
0.126172 0.645703 1.47383 | 41.5454 | 0 
0.173047 0.606641 1.6418 | 42.5693 | 0 
-0.174609 0.614453 1.62617 | 43.0333 | 0 
-0.0496094 0.567578 1.33711 | 36.9104 | 0 
0.0324219 0.747266 1.2082 | 19.8017 | 0 
-0.147266 0.673047 1.29414 | 33.5204 | 0 
-0.00273438 0.579297 1.10273 | 22.3494 | 0 
-0.158984 0.688672 1.09102 | 21.6276 | 0 
-0.151172 0.723828 0.977734 | 17.4193 | 0 
-0.0964844 0.727734 0.899609 | 16.4489 | 0 
0.0285156 0.696484 0.864453 | 18.1054 | 0 
-0.0613281 0.708203 1.0207 | 14.961 | 0 
-0.0339844 0.598828 1.00898 | 19.7541 | 0 
-0.0496094 0.618359 0.841016 | 23.5218 | 0 
-0.0808594 0.575391 1.02461 | 21.6687 | 0 
-0.100391 0.544141 0.880078 | 25.3298 | 0 
0.00507812 0.458203 0.946484 | 21.328 | 0 
-0.123828 0.352734 0.911328 | 21.3756 | 0 
-0.174609 0.469922 1.18867 | 33.1657 | 0 
0.0480469 0.376172 1.22773 | 27.8319 | 0 
0.0675781 0.434766 1.29805 | 34.9114 | 0 
0.235547 0.419141 1.23945 | 38.9353 | 0 
0.141797 0.399609 0.801953 | 29.4052 | 0 
0.184766 0.430859 0.903516 | 27.9042 | 0 
0.274609 0.622266 1.04805 | 30.7449 | 0 
0.126172 0.633984 0.872266 | 23.8722 | 0 
0.145703 0.712109 0.950391 | 18.1777 | 0 
0.258984 0.692578 0.872266 | 28.4534 | 0 
0.169141 0.551953 1.09102 | 27.7218 | 0 
0.180859 0.743359 1.23555 | 27.4132 | 0 
0.372266 0.669141 1.19648 | 40.5318 | 0 
0.305859 0.770703 1.05195 | 24.4632 | 0 
0.458203 0.622266 1.02852 | 38.6637 | 0 
0.399609 0.426953 0.962109 | 38.5905 | 0 
0.380078 0.395703 1.28633 | 49.4401 | 0 
0.661328 0.450391 1.27461 | 48.6107 | 0 
0.594922 0.305859 0.887891 | 35.3276 | 0 
0.700391 0.520703 0.926953 | 35.6381 | 0 
0.645703 0.602734 0.942578 | 36.3946 | 0 
0.676953 0.594922 1.18867 | 41.1702 | 0 
0.727734 0.657422 1.54414 | 49.8528 | 0 
0.606641 0.594922 1.7668 | 48.9016 | 0 
0.395703 0.657422 1.36445 | 52.4607 | 0 
0.512891 0.376172 1.57148 | 58.9725 | 0 
0.692578 0.216016 1.42305 | 42.8161 | 0 
0.751172 0.298047 1.79023 | 34.2565 | 0 
0.665234 0.0988281 1.68477 | 34.2202 | 0 
0.485547 0.180859 1.79023 | 36.7222 | 0 
0.430859 0.239453 1.31758 | 44.5075 | 0 
0.536328 -0.0222656 1.31758 | 35.9821 | 0 
0.387891 -0.112109 1.36445 | 38.6121 | 0 
0.309766 -0.0496094 1.75898 | 26.7777 | 0 
0.540234 -0.0417969 1.75898 | 32.8484 | 0 
0.637891 -0.135547 1.69258 | 36.7087 | 0 
0.676953 -0.139453 1.5168 | 40.7523 | 0 
0.696484 -0.0769531 1.27852 | 28.3535 | 0 
0.774609 -0.0613281 1.08711 | 12.4396 | 0 
0.758984 0.00898437 1.18086 | 17.2134 | 0 
0.692578 0.00898437 1.18867 | 21.6801 | 0 
0.575391 -0.135547 1.2707 | 35.5729 | 0 
0.348828 -0.190234 1.25508 | 34.2027 | 0 
0.493359 0.0246094 1.07148 | 22.4945 | 0 
0.415234 0.161328 1.13789 | 28.3447 | 0 
0.466016 0.282422 1.1457 | 37.3114 | 0 
0.755078 0.219922 1.20039 | 26.795 | 0 
0.665234 0.157422 1.25898 | 32.2 | 0 
0.735547 0.0714844 1.15742 | 18.2901 | 0 
0.692578 0.274609 1.15742 | 31.4706 | 0 
0.583203 0.192578 0.989453 | 26.5124 | 0 
0.700391 0.153516 0.962109 | 19.0909 | 0 
0.606641 0.0832031 0.985547 | 20.5611 | 0 
0.657422 0.251172 0.805859 | 33.2745 | 0 
0.368359 0.176953 0.993359 | 23.5022 | 0 
0.337109 0.196484 0.907422 | 24.5248 | 0 
0.415234 0.145703 0.977734 | 23.7681 | 0 
0.462109 0.114453 0.903516 | 25.0191 | 0 
0.489453 0.00507812 0.872266 | 24.035 | 0 
0.352734 -0.135547 0.860547 | 23.9113 | 0 
0.497266 -0.100391 0.868359 | 26.1642 | 0 
0.610547 -0.182422 1.04805 | 25.5202 | 0 
0.567578 0.0128906 0.930859 | 21.2625 | 0 
0.766797 -0.0457031 0.809766 | 16.9343 | 0 
0.684766 -0.0222656 0.942578 | 16.0844 | 0 
0.700391 -0.0769531 0.993359 | 15.7051 | 0 
0.770703 -0.170703 0.825391 | 20.6667 | 0 
0.903516 -0.190234 0.911328 | 11.3098 | 0 
0.848828 -0.143359 1.04023 | 10.1127 | 0 
0.887891 -0.100391 0.938672 | 6.71712 | 0 
0.829297 -0.0925781 0.942578 | 9.09443 | 0 
0.833203 -0.0183594 1.00898 | 6.80209 | 0 
0.903516 -0.0730469 0.962109 | 4.84626 | 0 
0.891797 0.0246094 0.934766 | 4.84071 | 0 
0.841016 0.0128906 1.02461 | 6.49735 | 0 
0.856641 0.0167969 0.848828 | 9.48194 | 0 
0.805859 -0.0652344 0.907422 | 10.5119 | 0 
0.919141 -0.0300781 0.915234 | 4.50959 | 0 
0.864453 0.0128906 0.829297 | 10.1019 | 0 
0.895703 0.0246094 0.911328 | 5.33647 | 0 
0.981641 0.00507812 0.852734 | 5.74638 | 0 
0.926953 -0.0691406 0.891797 | 5.84648 | 0 
1.03633 -0.0339844 0.915234 | 3.78436 | 0 
0.993359 0.0167969 0.813672 | 7.81869 | 0 
1.02461 0.0246094 0.903516 | 3.88736 | 0 
0.993359 0.0128906 0.985547 | 2.04092 | 0 
1.03242 -0.0105469 1.00117 | 2.29735 | 0 
0.977734 0.00507812 1.02852 | 2.2767 | 0 
0.950391 0.0246094 0.973828 | 2.58828 | 0 
0.926953 0.0128906 0.950391 | 3.31221 | 0 
0.981641 -0.0730469 0.981641 | 3.10039 | 0 
0.926953 -0.0183594 1.00508 | 2.97621 | 0 
1.0168 -0.0691406 1.02852 | 3.24109 | 0 
1.02852 -0.0496094 0.997266 | 2.69828 | 0 
1.00508 -0.0300781 0.938672 | 2.80861 | 0 
1.04805 -0.135547 0.969922 | 6.1005 | 0 
1.02852 -0.119922 1.02852 | 5.15718 | 0 
0.938672 -0.0769531 1.02461 | 3.93575 | 0 
0.969922 -0.143359 0.977734 | 5.98282 | 0 
0.973828 -0.174609 0.989453 | 7.55294 | 0 
0.985547 -0.182422 0.895703 | 9.7999 | 0 
1.02461 -0.116016 0.848828 | 8.62622 | 0 
1.0168 -0.166797 0.801953 | 13.5609 | 0 
1.1418 -0.123828 0.895703 | 10.783 | 0 
1.05977 -0.186328 1.0168 | 9.0494 | 0 
1.1418 -0.123828 0.926953 | 9.80339 | 0 
1.16914 -0.155078 0.966016 | 12.0697 | 0 
1.23164 -0.0886719 1.00117 | 12.8887 | 0 
1.28633 -0.155078 0.837109 | 23.8214 | 0 
1.28242 0.0167969 0.805859 | 20.9349 | 0 
1.18477 -0.0457031 1.03242 | 9.10292 | 0 
1.21602 0.0246094 1.04414 | 10.9519 | 0 
1.13398 0.0285156 0.954297 | 6.10613 | 0 
1.13398 0.00117187 1.03242 | 5.89801 | 0 
1.17305 -0.0300781 0.942578 | 8.43837 | 0 
1.05977 -0.0652344 0.938672 | 4.26688 | 0 
1.09883 -0.0261719 1.03242 | 4.48245 | 0 
1.08711 -0.0105469 0.997266 | 3.66068 | 0 
1.11055 0.0285156 0.958203 | 4.97204 | 0 
1.05977 0.0363281 0.930859 | 3.87599 | 0 
1.14961 -0.0105469 0.919141 | 7.55386 | 0 
1.0793 -0.0339844 0.809766 | 9.59705 | 0 
1.07148 0.0363281 0.821484 | 8.73345 | 0 
1.09492 0.145703 0.813672 | 13.6197 | 0 
1.13008 0.102734 0.864453 | 10.6177 | 0 
1.06758 0.0519531 0.883984 | 5.88115 | 0 
1.10273 0.0636719 1.00898 | 5.05569 | 0 
1.06367 0.145703 0.989453 | 6.84912 | 0 
1.14961 0.137891 0.973828 | 10.0504 | 0 
1.18477 0.141797 1.02852 | 12.3699 | 0 
1.24336 0.0519531 0.954297 | 12.9798 | 0 
1.2043 0.114453 0.841016 | 16.4026 | 0 
1.17695 0.176953 0.907422 | 15.0241 | 0 
1.23555 0.262891 0.989453 | 22.4988 | 0 
1.11445 0.262891 0.891797 | 17.6151 | 0 
1.05586 0.239453 0.805859 | 18.3309 | 0 
0.958203 0.188672 0.923047 | 9.53624 | 0 
0.821484 0.298047 0.864453 | 23.5549 | 0 
0.868359 0.133984 0.860547 | 11.681 | 0 
0.848828 0.145703 0.844922 | 13.9266 | 0 
0.868359 0.0949219 0.923047 | 7.71786 | 0 
1.00117 0.0675781 0.813672 | 8.66248 | 0 
0.946484 0.161328 0.844922 | 11.2914 | 0 
1.04023 0.0753906 0.887891 | 5.67509 | 0 
0.934766 0.0714844 0.926953 | 4.59318 | 0 
1.02461 0.0558594 0.934766 | 3.48397 | 0 
1.00508 0.173047 0.985547 | 7.40882 | 0 
0.946484 0.173047 1.00117 | 7.8395 | 0 
1.04023 0.137891 1.02852 | 6.16107 | 0 
0.993359 0.0558594 0.993359 | 2.60367 | 0 
0.903516 0.0597656 1.04805 | 4.84935 | 0 
0.923047 0.110547 0.966016 | 5.48767 | 0 
0.817578 0.130078 0.997266 | 10.7199 | 0 
0.911328 0.227734 0.969922 | 12.119 | 0 
0.907422 0.243359 0.946484 | 13.566 | 0 
0.969922 0.196484 1.00117 | 8.86054 | 0 
1.00508 0.286328 1.17305 | 20.0872 | 0 
0.930859 0.274609 1.16133 | 19.4719 | 0 
0.887891 0.137891 1.16133 | 12.7726 | 0 
0.844922 0.0636719 1.1418 | 10.9077 | 0 
0.915234 0.0597656 1.05977 | 4.74307 | 0 
1.00898 0.0558594 1.06367 | 3.56775 | 0 
0.989453 0.137891 1.05195 | 6.17886 | 0 
0.942578 0.165234 1.11836 | 10.3727 | 0 
1.00508 0.0832031 1.12617 | 6.6073 | 0 
0.950391 0.0910156 1.23164 | 13.3504 | 0 
1.04414 0.122266 1.17695 | 11.2508 | 0 
1.04023 0.0675781 1.28242 | 15.9602 | 0 
0.813672 0.102734 1.18477 | 16.2085 | 0 
0.833203 0.219922 1.25898 | 26.0203 | 0 
1.28633 0.290234 1.26289 | 38.9068 | 0 
1.25898 0.157422 1.17305 | 23.4068 | 0 
1.15742 0.0871094 1.11055 | 10.8638 | 0 
1.08711 0.118359 1.13008 | 9.73194 | 0 
1.06367 0.0597656 1.09883 | 5.69562 | 0 
1.10273 0.145703 1.29805 | 21.8133 | 0 
1.05195 -0.0730469 1.29023 | 16.8408 | 0 
1.17305 -0.00273438 1.20039 | 15.1027 | 0 
1.10273 0.0324219 1.0793 | 5.81647 | 0 
1.13398 -0.0261719 1.16914 | 11.2628 | 0 
1.1418 -0.00273438 1.12227 | 9.08632 | 0 
1.22383 -0.0378906 1.11055 | 13.6944 | 0 
1.25117 -0.0144531 1.09492 | 14.6058 | 0 
1.18086 -0.00273438 1.23555 | 17.8067 | 0 
1.2707 -0.194141 1.09492 | 22.4367 | 0 
1.22773 -0.170703 1.14961 | 20.7872 | 0 
1.07148 -0.155078 1.09883 | 9.62138 | 0 
1.09102 -0.116016 1.25898 | 17.4853 | 0 
0.969922 -0.0808594 1.2707 | 15.3002 | 0 
0.966016 -0.147266 1.23555 | 15.7857 | 0 
1.02852 -0.139453 1.10273 | 8.06472 | 0 
0.962109 -0.0847656 1.15742 | 8.44529 | 0 
1.03633 -0.0652344 1.16914 | 8.66803 | 0 
0.966016 -0.0613281 1.17305 | 8.62447 | 0 
0.950391 0.0324219 1.13789 | 6.41195 | 0 
1.02461 0.00507812 1.09883 | 4.24844 | 0 
1.00508 0.0167969 1.28242 | 14.7389 | 0 
0.930859 -0.0652344 1.2668 | 15.2861 | 0 
0.864453 -0.0574219 1.19648 | 12.9392 | 0 
0.805859 0.0402344 1.21602 | 16.8903 | 0 
0.864453 0.0246094 1.05195 | 5.91456 | 0 
0.915234 0.00117187 1.16523 | 8.50306 | 0 
0.895703 -0.0222656 1.10273 | 6.19996 | 0 
0.844922 -0.119922 1.11445 | 11.5367 | 0 
0.848828 -0.143359 1.13398 | 13.3378 | 0 
0.872266 -0.135547 1.35273 | 25.0892 | 0 
0.958203 -0.0183594 1.37227 | 20.1595 | 0 
0.817578 0.0246094 1.36445 | 25.1178 | 0 
1.02852 0.00898437 1.51289 | 23.49 | 0 
0.891797 -0.0964844 1.54805 | 26.7542 | 0 
0.864453 -0.158984 1.69258 | 25.1682 | 0 
0.860547 -0.0261719 1.62617 | 24.1387 | 0 
0.985547 0.0402344 1.71211 | 16.6216 | 0 
1.00898 -0.0964844 1.64961 | 21.4442 | 0 
1.16133 -0.194141 1.7082 | 28.1747 | 0 
1.06758 -0.0457031 1.62617 | 22.1025 | 0 
1.19648 0.0441406 1.78633 | 19.4444 | 0 
1.2043 -0.0808594 1.6457 | 28.6901 | 0 
1.25508 -0.0847656 1.33711 | 30.2784 | 0 
1.17305 -0.143359 1.50508 | 32.7977 | 0 
1.09492 -0.0417969 1.30195 | 18.1716 | 0 
1.19648 0.00117187 1.46211 | 29.9881 | 0 
1.28242 0.110547 1.35273 | 33.8426 | 0 
1.05586 0.251172 1.32148 | 27.9495 | 0 
1.21992 0.239453 1.75508 | 31.766 | 0 
1.27461 0.169141 1.58711 | 39.3867 | 0 
1.1457 0.0636719 1.72383 | 20.6208 | 0 
1.05586 0.216016 1.64961 | 28.2709 | 0 
0.962109 0.247266 1.72383 | 25.7057 | 0 
1.00117 0.161328 1.6457 | 24.5435 | 0 
0.911328 0.118359 1.67695 | 22.2394 | 0 
1.00508 0.223828 1.5168 | 31.6734 | 0 
0.911328 0.141797 1.42695 | 27.0774 | 0 
1.0168 0.153516 1.31367 | 21.0358 | 0 
1.03633 0.419141 1.31367 | 35.8664 | 0 
0.954297 0.434766 1.49336 | 42.9023 | 0 
0.985547 0.380078 1.7707 | 30.2883 | 0 
1.15352 0.485547 1.67695 | 43.0698 | 0 
1.2043 0.344922 1.78242 | 35.5077 | 0 
1.27461 0.516797 1.46211 | 55.2319 | 0 
1.25898 0.731641 1.46992 | 45.8182 | 0 
1.12227 0.704297 1.61055 | 37.6734 | 0 
0.954297 0.614453 1.56758 | 40.7908 | 0 
0.911328 0.766797 1.60273 | 32.4341 | 0 
0.809766 0.598828 1.46992 | 47.4626 | 0 
0.860547 0.751172 1.37227 | 33.6621 | 0 
0.813672 0.591016 1.18867 | 33.1798 | 0 
0.817578 0.762891 1.1457 | 21.5403 | 0 
0.868359 0.758984 0.860547 | 18.3358 | 0 
1.00117 0.790234 0.848828 | 14.0283 | 0 
1.02852 0.719922 1.04414 | 15.0872 | 0 
0.926953 0.551953 0.833203 | 27.372 | 0 
0.848828 0.575391 1.01289 | 25.1911 | 0 
0.903516 0.489453 0.895703 | 25.6897 | 0 
1.00508 0.446484 0.950391 | 22.0397 | 0 
0.911328 0.329297 0.903516 | 19.8283 | 0 
0.821484 0.341016 1.08711 | 24.5038 | 0 
0.809766 0.462109 1.22383 | 36.7804 | 0 
0.962109 0.544141 1.1418 | 26.1385 | 0 
1.04023 0.419141 1.27852 | 33.7293 | 0 
1.16133 0.309766 1.05977 | 21.6445 | 0 
1.11055 0.469922 1.25117 | 35.232 | 0 
1.18477 0.516797 1.09883 | 30.7043 | 0 
1.17695 0.380078 1.02852 | 25.6104 | 0 
1.16133 0.423047 0.895703 | 27.9674 | 0 
1.14961 0.481641 0.942578 | 27.1217 | 0 
1.21211 0.657422 0.926953 | 26.9316 | 0 
1.05977 0.618359 0.813672 | 26.3295 | 0 
1.08711 0.739453 1.02852 | 15.0695 | 0 
1.29805 0.770703 0.837109 | 29.4517 | 0 
1.19258 0.762891 1.0793 | 20.0456 | 0 
1.18867 0.606641 1.24727 | 37.2441 | 0 
1.4582 0.762891 1.21211 | 40.6673 | 0 
1.39961 0.688672 0.829297 | 40.1766 | 0 
1.39961 0.450391 0.907422 | 42.2236 | 0 
1.38398 0.372266 1.23164 | 46.8272 | 0 
1.6457 0.383984 1.20039 | 44.7828 | 0 
1.75508 0.368359 0.868359 | 33.651 | 0 
1.5793 0.469922 0.923047 | 43.3196 | 0 
1.79023 0.653516 0.876172 | 30.4733 | 0 
1.57148 0.692578 0.821484 | 41.8204 | 0 
1.55586 0.751172 1.12227 | 36.3697 | 0 
1.60664 0.790234 1.40742 | 48.8788 | 0 
1.76289 0.739453 1.79023 | 34.2115 | 0 
1.50508 0.755078 1.71602 | 47.5751 | 0 
1.34492 0.786328 1.41133 | 46.2607 | 0 
1.31758 0.344922 1.61445 | 51.7216 | 0 
1.68867 0.313672 1.48164 | 52.7323 | 0 
1.72383 0.239453 1.64961 | 42.6227 | 0 
1.45039 0.219922 1.63008 | 49.2905 | 0 
1.41523 0.192578 1.47383 | 49.162 | 0 
1.37227 -0.0535156 1.43086 | 40.513 | 0 
1.34492 -0.119922 1.6457 | 38.9494 | 0 
1.56758 -0.0808594 1.62617 | 42.5022 | 0 
1.75117 -0.108203 1.54414 | 37.2303 | 0 
1.7082 -0.0183594 1.37227 | 34.4125 | 0 
1.79023 -0.112109 1.28633 | 27.0138 | 0 
1.66914 -0.0613281 1.25117 | 30.0269 | 0 
1.47383 -0.0808594 1.28242 | 36.9746 | 0 
1.46602 0.141797 1.23945 | 36.5294 | 0 
1.5832 0.266797 1.21602 | 41.6551 | 0 
1.5793 0.290234 0.993359 | 34.8593 | 0 
1.53242 0.282422 0.848828 | 39.1468 | 0 
1.30586 0.200391 0.915234 | 24.3395 | 0 
1.5207 0.0910156 0.817578 | 30.3762 | 0 
1.35664 -0.0496094 0.864453 | 22.695 | 0 
1.47773 -0.190234 0.852734 | 33.1658 | 0 
1.63398 0.0480469 0.837109 | 25.282 | 0 
1.73945 -0.0222656 1.03633 | 15.1194 | 0 
1.73555 -0.151172 0.833203 | 23.825 | 0 
1.60664 -0.104297 0.708203 | 35.5992 | 0 
1.7707 -0.0300781 0.731641 | 23.7035 | 0 
1.75898 -0.0886719 0.614453 | 31.9513 | 0 
1.63398 -0.0964844 0.442578 | 40.6741 | 0 
1.74727 -0.0730469 0.462109 | 34.1964 | 0 
1.7082 0.204297 0.462109 | 42.655 | 0 
1.6418 0.266797 0.626172 | 47.5178 | 0 
1.34492 0.278516 0.633984 | 46.3481 | 0 
1.3293 0.0792969 0.473828 | 37.8574 | 0 
1.31367 -0.155078 0.383984 | 37.634 | 0 
1.51289 -0.174609 0.684766 | 42.1787 | 0 
1.05586 -0.00664063 0.684766 | 16.1871 | 0 
1.21211 -0.0261719 0.598828 | 27.7383 | 0 
1.09492 -0.0964844 0.606641 | 22.9225 | 0 
1.24336 -0.0769531 0.548047 | 32.1292 | 0 
1.19648 -0.0378906 0.348828 | 24.3554 | 0 
1.15352 -0.0417969 0.516797 | 26.1889 | 0 
1.09883 -0.127734 0.344922 | 21.8777 | 0 
0.981641 -0.190234 0.497266 | 27.6445 | 0 
0.993359 -0.0261719 0.376172 | 18.3955 | 0 
0.864453 0.0207031 0.430859 | 23.5017 | 0 
0.837109 -0.0496094 0.411328 | 24.6379 | 0 
0.856641 -0.166797 0.524609 | 29.7145 | 0 
0.903516 -0.178516 0.723828 | 20.4491 | 0 
1.02852 -0.108203 0.594922 | 22.0805 | 0 
0.989453 -0.00273438 0.555859 | 20.7018 | 0 
0.954297 -0.0339844 0.758984 | 11.5603 | 0 
0.844922 -0.0300781 0.739453 | 16.4851 | 0 
0.915234 -0.0652344 0.606641 | 21.2613 | 0 
0.895703 0.149609 0.708203 | 20.0961 | 0 
0.973828 0.130078 0.622266 | 21.837 | 0 
0.966016 0.192578 0.723828 | 19.8282 | 0 
0.821484 0.235547 0.673047 | 30.5833 | 0 
0.907422 0.282422 0.368359 | 31.4765 | 0 
0.821484 0.161328 0.520703 | 31.2579 | 0 
0.966016 0.0636719 0.360547 | 18.4847 | 0 
0.946484 0.282422 0.458203 | 33.4258 | 0 
1.05195 0.274609 0.380078 | 30.6877 | 0 
1.2707 0.110547 0.387891 | 33.0113 | 0 
1.17305 0.262891 0.630078 | 34.8442 | 0 
1.1418 0.0597656 0.700391 | 19.2746 | 0 
1.16914 0.352734 0.708203 | 35.7401 | 0 
1.0832 0.544141 0.571484 | 41.7577 | 0 
1.16914 0.528516 0.317578 | 40.8418 | 0 
0.876172 0.524609 0.329297 | 38.6879 | 0 
1.00898 0.516797 0.747266 | 31.9756 | 0 
0.805859 0.559766 0.719922 | 39.2247 | 0 
1.0168 0.751172 0.692578 | 25.59 | 0 
0.883984 0.774609 0.485547 | 32.5771 | 0 
0.997266 0.626172 0.544141 | 38.3209 | 0 
1.26289 0.633984 0.540234 | 49.4407 | 0 
1.49336 0.645703 0.766797 | 48.267 | 0 
1.68086 0.391797 0.735547 | 46.4122 | 0 
1.54414 0.426953 0.383984 | 58.7558 | 0 
1.77461 0.708203 0.360547 | 41.2375 | 0 
1.41523 0.606641 0.364453 | 55.5439 | 0 
1.38008 0.571484 0.196484 | 45.2715 | 0 
1.68867 0.602734 0.266797 | 46.0862 | 0 
1.76289 0.368359 0.102734 | 31.2269 | 0 
1.3293 0.395703 0.243359 | 44.273 | 0 
1.38008 0.485547 0.0714844 | 40.3892 | 0 
1.3293 0.325391 -0.166797 | 36.2484 | 0 
1.57539 0.493359 0.00507812 | 41.6206 | 0 
1.58711 0.755078 -0.0300781 | 31.4882 | 0 
1.50117 0.579297 -0.00664063 | 41.3818 | 0 
1.41914 0.782422 -0.0574219 | 29.9871 | 0 
1.10273 0.649609 -0.166797 | 24.5826 | 0 
1.29414 0.673047 -0.0496094 | 29.9991 | 0 
1.11836 0.727734 -0.0457031 | 16.2265 | 0 
1.29805 0.786328 0.0910156 | 24.613 | 0 
1.29414 0.692578 0.192578 | 34.9296 | 0 
1.05586 0.665234 0.294141 | 30.0693 | 0 
0.958203 0.731641 0.270703 | 24.3177 | 0 
0.864453 0.630078 0.208203 | 28.8461 | 0 
0.856641 0.700391 0.137891 | 21.6242 | 0 
0.821484 0.716016 -0.0925781 | 20.6178 | 0 
0.926953 0.696484 -0.116016 | 18.2334 | 0 
0.950391 0.755078 0.0285156 | 11.7971 | 0 
0.973828 0.657422 0.0324219 | 17.2176 | 0 
1.04414 0.641797 -0.162891 | 22.9936 | 0 
0.833203 0.516797 -0.123828 | 28.8051 | 0 
0.997266 0.528516 -0.0691406 | 22.0489 | 0 
1.0168 0.356641 -0.0261719 | 17.5625 | 0 
0.841016 0.301953 -0.151172 | 22.7978 | 0 
0.876172 0.387891 0.145703 | 25.3423 | 0 
1.04805 0.481641 0.165234 | 26.6657 | 0 
0.938672 0.333203 0.223828 | 25.1314 | 0 
1.0832 0.380078 0.0675781 | 20.839 | 0 
1.15352 0.446484 0.298047 | 38.3343 | 0 
1.19258 0.481641 0.0753906 | 29.1644 | 0 
1.27461 0.305859 -0.0144531 | 26.7378 | 0 
1.2043 0.520703 -0.0339844 | 29.0329 | 0 
1.25508 0.305859 -0.119922 | 28.1473 | 0 
1.09883 0.196484 -0.116016 | 12.368 | 0 
1.11836 0.133984 -0.0808594 | 8.51758 | 0 
1.11055 0.122266 -0.158984 | 10.9868 | 0 
1.09492 0.106641 -0.108203 | 7.33381 | 0 
1.24336 0.0597656 -0.151172 | 16.0339 | 0 
1.24727 0.165234 -0.119922 | 19.0548 | 0 
1.26289 0.169141 0.0167969 | 17.6237 | 0 
1.17305 0.0792969 -0.0496094 | 8.4335 | 0 
1.05195 0.0636719 0.0246094 | 2.54828 | 0 
1.05977 0.137891 0.00898437 | 5.37915 | 0 
1.06367 0.169141 -0.0144531 | 7.12627 | 0 
1.17305 0.153516 -0.0378906 | 11.3365 | 0 
1.12227 0.180859 0.00898437 | 9.90782 | 0 
1.06758 0.290234 0.0285156 | 14.774 | 0 
1.28242 0.180859 0.00507812 | 19.4966 | 0 
1.19258 0.188672 0.184766 | 20.2181 | 0 
1.21992 0.0636719 0.180859 | 16.2271 | 0 
1.18086 0.122266 0.141797 | 13.7423 | 0 
1.15742 0.110547 0.130078 | 11.3494 | 0 
1.10664 0.118359 0.130078 | 9.21588 | 0 
1.09492 0.0871094 0.176953 | 9.99477 | 0 
1.16133 0.133984 0.180859 | 15.242 | 0 
1.17305 0.208203 0.216016 | 22.1019 | 0 
1.05195 0.208203 0.130078 | 12.257 | 0 
1.06758 0.251172 0.0597656 | 12.8648 | 0 
1.02852 0.231641 0.0792969 | 11.3426 | 0 
0.930859 0.286328 0.200391 | 21.1135 | 0 
0.942578 0.165234 0.219922 | 14.6516 | 0 
1.04805 0.0558594 0.298047 | 15.2254 | 0 
1.00898 0.157422 0.0988281 | 7.44097 | 0 
0.973828 0.126172 0.133984 | 7.43745 | 0 
0.950391 0.0988281 0.0558594 | 3.8744 | 0 
0.903516 0.0753906 0.161328 | 8.44351 | 0 
0.907422 0.102734 0.0832031 | 5.83318 | 0 
0.891797 0.141797 0.161328 | 11.4904 | 0 
0.856641 0.137891 0.106641 | 10.2403 | 0 
0.833203 0.0949219 0.266797 | 18.5614 | 0 
0.887891 0.290234 0.161328 | 20.4922 | 0 
0.809766 0.251172 -0.104297 | 19.2072 | 0 
0.981641 0.290234 -0.0808594 | 14.8851 | 0 
1.0207 0.294141 -0.104297 | 16.0332 | 0 
0.946484 0.247266 -0.0417969 | 11.6898 | 0 
0.993359 0.184766 -0.0730469 | 8.08484 | 0 
1.01289 0.137891 0.0441406 | 4.98603 | 0 
0.930859 0.114453 0.0441406 | 4.66877 | 0 
0.958203 0.114453 -0.0144531 | 3.79174 | 0 
0.985547 0.0753906 -0.0261719 | 2.25488 | 0 
0.942578 0.0519531 -0.0144531 | 2.10446 | 0 
0.954297 0.0871094 0.00898437 | 2.80456 | 0 
1.00117 0.110547 0.00507812 | 3.33677 | 0 
0.997266 0.110547 -0.0144531 | 3.36647 | 0 
1.0207 0.0597656 -0.186328 | 7.96668 | 0 
1.04414 0.173047 -0.0886719 | 8.37357 | 0 
0.938672 0.153516 -0.139453 | 9.55899 | 0 
0.950391 0.0714844 -0.147266 | 6.38778 | 0 
0.911328 0.145703 -0.194141 | 12.8695 | 0 
0.833203 0.0597656 -0.178516 | 12.0916 | 0 
0.919141 0.165234 -0.0457031 | 7.46903 | 0 
0.848828 0.118359 0.0324219 | 7.76436 | 0 
0.903516 0.0988281 0.0363281 | 4.73555 | 0 
0.825391 0.00898437 0.00898437 | 6.15153 | 0 
0.907422 0.0402344 0.00898437 | 2.80351 | 0 
0.880078 -0.0417969 -0.0105469 | 3.84816 | 0 
0.817578 -0.0730469 0.0285156 | 7.74994 | 0 
0.837109 -0.0730469 -0.0417969 | 6.88155 | 0 
0.868359 -0.00664063 -0.0613281 | 4.72987 | 0 
0.801953 0.0363281 -0.0300781 | 7.87613 | 0 
0.817578 0.00507812 -0.174609 | 12.0227 | 0 
0.872266 -0.0144531 -0.162891 | 8.67621 | 0 
0.911328 -0.00273438 -0.104297 | 4.42663 | 0 
0.938672 -0.0105469 -0.0925781 | 3.28964 | 0 
0.958203 0.0363281 -0.162891 | 6.3442 | 0 
0.981641 -0.0144531 -0.139453 | 4.69026 | 0 
0.942578 -0.0144531 -0.0769531 | 2.72593 | 0 
1.00898 -0.0378906 -0.0886719 | 2.83764 | 0 
1.02852 -0.0730469 -0.174609 | 7.72688 | 0 
1.02852 0.0285156 -0.131641 | 4.62618 | 0 
1.04414 0.0246094 -0.100391 | 3.52664 | 0 
1.00117 0.0402344 -0.0378906 | 1.60557 | 0 
1.02852 0.0128906 0.0402344 | 1.57033 | 0 
1.00117 0.00898437 0.0363281 | 1.27932 | 0 
0.958203 0.0402344 0.0441406 | 1.96456 | 0 
0.930859 -0.00664063 0.00898437 | 1.82013 | 0 
0.938672 0.0285156 -0.0144531 | 1.81669 | 0 
0.977734 0.0285156 -0.0417969 | 1.55916 | 0 
0.934766 0.0128906 -0.0222656 | 1.83324 | 0 
0.985547 -0.0222656 -0.0417969 | 1.45531 | 0 
0.926953 -0.0457031 -0.0457031 | 2.71728 | 0 
0.930859 -0.0339844 0.0441406 | 2.40772 | 0 
1.00898 -0.0691406 0.0480469 | 2.42217 | 0 
1.03633 -0.0183594 -0.0105469 | 1.42221 | 0 
1.04805 -0.0457031 -0.0222656 | 2.0604 | 0 
1.0207 -0.0222656 -0.0378906 | 1.50801 | 0 
1.04023 -0.0457031 -0.0613281 | 2.54854 | 0 
0.989453 -0.0808594 -0.0261719 | 2.40617 | 0 
1.00508 -0.108203 0.0441406 | 3.63446 | 0 
0.930859 -0.131641 -0.0105469 | 5.0648 | 0 
0.973828 -0.0964844 -0.0378906 | 3.15803 | 0 
0.926953 -0.182422 0.0324219 | 8.01563 | 0 
1.03633 -0.198047 -0.0222656 | 8.26412 | 0 
0.997266 -0.170703 -0.116016 | 8.80108 | 0 
1.00508 -0.104297 -0.162891 | 7.92009 | 0 
0.934766 -0.147266 -0.186328 | 11.8478 | 0 
0.907422 -0.147266 -0.178516 | 12.1636 | 0 
0.848828 -0.0769531 -0.178516 | 11.7445 | 0 
0.833203 -0.182422 -0.0691406 | 12.5486 | 0 
0.829297 -0.198047 0.110547 | 15.0706 | 0 
0.848828 -0.162891 0.165234 | 14.6744 | 0 
0.829297 -0.116016 0.278516 | 20.3233 | 0 
0.801953 0.0128906 0.290234 | 20.0548 | 0 
0.837109 -0.0730469 0.0636719 | 7.33063 | 0 
0.883984 -0.0261719 0.149609 | 7.58295 | 0 
0.907422 -0.0183594 0.0871094 | 4.00322 | 0 
0.880078 0.0207031 0.169141 | 8.73023 | 0 
0.977734 -0.00664063 0.0910156 | 2.66178 | 0 
0.958203 -0.0535156 0.110547 | 4.15293 | 0 
0.946484 -0.0261719 0.118359 | 4.24558 | 0 
0.989453 -0.0261719 0.114453 | 3.62586 | 0 
0.997266 -0.0496094 0.0558594 | 2.09309 | 0 
1.02461 -0.0261719 0.0558594 | 1.91746 | 0 
1.02461 -0.00273438 0.0519531 | 1.70139 | 0 
1.03242 0.0363281 0.126172 | 4.53048 | 0 
1.03242 0.0285156 0.239453 | 10.8287 | 0 
0.954297 -0.0535156 0.204297 | 9.09247 | 0 
1.03242 -0.127734 0.219922 | 12.5102 | 0 
0.946484 -0.147266 0.176953 | 11.0626 | 0 
1.03633 -0.170703 0.188672 | 12.8606 | 0 
1.0207 -0.127734 0.137891 | 7.73731 | 0 
0.930859 -0.104297 0.0597656 | 4.57809 | 0 
1.00508 -0.143359 0.0910156 | 6.425 | 0 
1.11836 -0.182422 0.102734 | 11.8271 | 0 
1.11836 -0.0847656 0.0636719 | 6.07683 | 0 
1.15352 -0.178516 0.149609 | 15.4474 | 0 
1.1457 -0.174609 0.266797 | 21.8119 | 0 
1.11836 -0.0261719 0.219922 | 12.1962 | 0 
1.08711 -0.00273438 0.188672 | 8.92098 | 0 
1.09883 -0.00664063 0.0792969 | 4.30496 | 0 
1.09883 -0.0730469 0.0871094 | 5.58281 | 0 
1.09883 -0.0261719 0.137891 | 6.753 | 0 
1.11836 -0.0222656 0.0636719 | 4.78275 | 0 
1.12617 0.00507812 0.161328 | 8.99297 | 0 
1.23555 -0.0652344 0.137891 | 14.9955 | 0 
1.2082 -0.0144531 0.188672 | 15.182 | 0 
1.21992 -0.151172 0.235547 | 22.9629 | 0 
1.2668 -0.116016 0.0714844 | 16.2098 | 0 
1.24336 -0.143359 0.00898437 | 14.9552 | 0 
1.18477 -0.116016 0.0324219 | 10.1812 | 0 
1.12227 -0.166797 -0.00664063 | 9.11163 | 0 
1.07539 -0.139453 -0.0574219 | 6.52346 | 0 
1.10664 -0.0886719 0.0207031 | 4.99178 | 0 
1.16914 -0.131641 -0.0300781 | 9.92842 | 0 
1.16523 -0.0339844 0.00117187 | 6.50858 | 0 
1.11836 -0.0339844 -0.0144531 | 4.16054 | 0 
1.05195 -0.0378906 -0.0378906 | 2.20167 | 0 
1.05195 -0.0574219 0.00507812 | 2.28692 | 0 
1.08711 -0.0300781 0.00898437 | 2.83757 | 0 
1.08711 0.0246094 0.00507812 | 2.76763 | 0 
1.08711 -0.00664063 -0.0183594 | 2.71815 | 0 
1.1418 -0.00273438 -0.0417969 | 5.36295 | 0 
1.19648 -0.00664063 0.0480469 | 8.59538 | 0 
1.21992 -0.0222656 -0.0417969 | 10.0524 | 0 
1.19648 0.0167969 -0.0808594 | 9.45763 | 0 
1.2082 -0.0300781 -0.139453 | 12.6614 | 0 
1.17305 0.00117187 -0.190234 | 13.096 | 0 
1.09883 -0.0183594 -0.178516 | 8.83086 | 0 
1.12617 -0.119922 -0.186328 | 13.1107 | 0 
1.0832 -0.151172 -0.170703 | 11.9641 | 0 
1.29805 -0.108203 -0.186328 | 23.0332 | 0 
1.48164 -0.123828 -0.108203 | 27.2563 | 0 
1.35664 -0.0378906 -0.0964844 | 20.1255 | 0 
1.53242 -0.0300781 -0.0144531 | 22.3619 | 0 
1.40352 -0.119922 0.216016 | 30.8368 | 0 
1.51289 -0.0222656 0.180859 | 28.1781 | 0 
1.3293 0.153516 0.294141 | 33.6962 | 0 
1.52852 0.243359 0.258984 | 42.4497 | 0 
1.30195 0.294141 -0.143359 | 31.5366 | 0 
1.5207 0.0519531 -0.0886719 | 24.279 | 0 
1.59492 0.274609 -0.0261719 | 32.5684 | 0 
1.61055 0.0714844 -0.0847656 | 22.6663 | 0 
1.66914 0.110547 -0.0261719 | 20.1154 | 0 
1.77461 0.0558594 0.0402344 | 12.5413 | 0 
1.73555 0.294141 -0.174609 | 32.2123 | 0 
1.68477 0.262891 0.137891 | 31.2448 | 0 
1.63008 0.0949219 0.0636719 | 22.0282 | 0 
1.7707 0.165234 0.176953 | 22.3889 | 0 
1.74336 0.126172 0.102734 | 18.4761 | 0 
1.79023 -0.0574219 0.0832031 | 12.6935 | 0 
1.65352 -0.0496094 0.212109 | 26.6029 | 0 
1.66523 -0.119922 0.110547 | 22.9011 | 0 
1.70039 -0.131641 0.243359 | 28.8476 | 0 
1.75508 -0.182422 -0.0378906 | 18.9584 | 0 
1.67305 -0.158984 -0.0574219 | 22.7084 | 0 
1.67305 -0.0496094 -0.0417969 | 18.2769 | 0 
1.71602 0.0480469 0.0207031 | 15.6033 | 0 
1.7082 0.0128906 -0.131641 | 18.7944 | 0 
1.62617 -0.123828 -0.178516 | 28.2455 | 0 
1.79805 -0.201953 -0.198047 | 24.1599 | 0 
1.68867 -0.401172 -0.0808594 | 36.1741 | 0 
1.74727 -0.225391 -0.00273438 | 21.7369 | 0 
1.56758 -0.272266 0.0558594 | 33.6506 | 0 
1.71602 -0.432422 0.106641 | 36.5362 | 0 
1.56758 -0.514453 0.0675781 | 42.6853 | 0 
1.7043 -0.670703 0.0519531 | 31.4963 | 0 
1.7082 -0.510547 -0.00664063 | 35.7615 | 0 
1.6457 -0.655078 0.00898437 | 34.8644 | 0 
1.36836 -0.647266 0.0480469 | 35.5318 | 0 
1.38789 -0.530078 0.110547 | 41.9782 | 0 
1.41914 -0.276172 0.0636719 | 33.2579 | 0 
1.32148 -0.338672 -0.0496094 | 31.975 | 0 
1.3332 -0.319141 -0.0964844 | 32.8724 | 0 
1.29023 -0.373828 -0.0964844 | 33.1157 | 0 
1.28633 -0.272266 -0.0339844 | 25.6143 | 0 
1.20039 -0.373828 0.0871094 | 27.0011 | 0 
1.11445 -0.354297 0.258984 | 30.5691 | 0 
1.12617 -0.280078 0.0949219 | 17.942 | 0 
0.973828 -0.291797 0.282422 | 25.8673 | 0 
0.985547 -0.373828 0.0636719 | 18.9648 | 0 
0.864453 -0.358203 0.262891 | 31.4533 | 0 
0.923047 -0.303516 0.0753906 | 16.4967 | 0 
0.903516 -0.295703 -0.0535156 | 16.0809 | 0 
0.887891 -0.311328 -0.143359 | 20.8344 | 0 
1.00898 -0.315234 -0.155078 | 19.5256 | 0 
0.954297 -0.264453 0.0363281 | 12.5577 | 0 
0.938672 -0.436328 0.00507812 | 21.0202 | 0 
0.950391 -0.354297 -0.190234 | 23.9734 | 0 
0.868359 -0.354297 0.0167969 | 20.2596 | 0 
0.919141 -0.545703 -0.139453 | 25.615 | 0 
0.926953 -0.545703 -0.0417969 | 22.1271 | 0 
0.946484 -0.596484 -0.100391 | 21.964 | 0 
0.813672 -0.616016 0.0363281 | 24.8662 | 0 
0.891797 -0.580859 0.219922 | 30.2628 | 0 
0.883984 -0.537891 0.122266 | 26.1534 | 0 
0.973828 -0.526172 0.180859 | 27.049 | 0 
1.04023 -0.600391 0.0871094 | 21.3045 | 0 
1.16914 -0.608203 0.204297 | 31.8581 | 0 
1.12227 -0.549609 0.165234 | 28.8377 | 0 
1.24336 -0.627734 0.110547 | 30.8005 | 0 
1.19648 -0.533984 -0.0652344 | 29.0227 | 0 
1.28242 -0.596484 -0.116016 | 34.7962 | 0 
1.12227 -0.807422 -0.198047 | 18.0223 | 0 
1.13789 -0.940234 -0.186328 | 12.5398 | 0 
1.19648 -0.834766 -0.147266 | 17.7569 | 0 
1.18086 -0.944141 -0.116016 | 11.2413 | 0 
1.21602 -0.838672 -0.00664063 | 14.7841 | 0 
1.14961 -0.893359 0.0480469 | 8.83859 | 0 
1.07148 -0.893359 -0.0378906 | 5.38355 | 0 
1.11055 -0.838672 0.0207031 | 9.05079 | 0 
1.1457 -0.823047 0.00117187 | 11.466 | 0 
1.21992 -0.713672 -0.0222656 | 22.4799 | 0 
1.23164 -0.768359 0.0871094 | 21.2737 | 0 
1.20039 -0.834766 0.180859 | 19.8171 | 0 
1.23945 -0.869922 0.161328 | 19.5273 | 0 
1.0832 -0.838672 0.130078 | 11.0998 | 0 
1.16133 -0.862109 0.219922 | 18.4982 | 0 
1.16133 -0.717578 0.243359 | 28.2411 | 0 
0.985547 -0.733203 0.161328 | 17.3419 | 0 
0.962109 -0.783984 0.278516 | 21.5629 | 0 
0.942578 -0.897266 0.274609 | 15.9649 | 0 
1.04414 -0.932422 0.0636719 | 4.02345 | 0 
1.03242 -0.846484 0.118359 | 8.94563 | 0 
0.938672 -0.846484 0.126172 | 9.6303 | 0 
0.880078 -0.912891 0.118359 | 8.42981 | 0 
0.813672 -0.866016 0.133984 | 14.2135 | 0 
0.907422 -0.858203 0.196484 | 13.6568 | 0 
0.915234 -0.791797 0.196484 | 16.9927 | 0 
0.841016 -0.783984 0.157422 | 18.3212 | 0 
0.848828 -0.803516 0.0480469 | 12.7031 | 0 
0.848828 -0.811328 -0.186328 | 17.9419 | 0 
0.962109 -0.764453 -0.174609 | 16.354 | 0 
0.997266 -0.717578 -0.00664063 | 13.5427 | 0 
0.962109 -0.780078 0.0363281 | 10.1983 | 0 
1.03242 -0.791797 -0.0457031 | 9.71509 | 0 
1.04805 -0.881641 0.0363281 | 5.22875 | 0 
0.958203 -0.826953 -0.0496094 | 7.7803 | 0 
0.930859 -0.948047 0.0363281 | 3.48293 | 0 
1.0168 -0.924609 0.0167969 | 3.10144 | 0 
1.04805 -0.940234 -0.0339844 | 3.35976 | 0 
1.03633 -0.936328 -0.0496094 | 3.48403 | 0 
1.0207 -0.920703 -0.127734 | 6.25752 | 0 
1.04023 -0.850391 -0.174609 | 11.6941 | 0 
0.954297 -0.866016 -0.0769531 | 6.56154 | 0 
0.973828 -0.936328 -0.143359 | 6.55994 | 0 
0.903516 -0.897266 -0.104297 | 7.49773 | 0 
0.852734 -0.862109 -0.0769531 | 10.1309 | 0 
0.801953 -0.928516 -0.0574219 | 9.93758 | 0 
0.825391 -0.830859 -0.0378906 | 12.2285 | 0 
0.805859 -0.901172 -0.00664063 | 9.8989 | 0 
0.919141 -0.998828 0.0246094 | 3.22573 | 0 
0.915234 -1.07305 0.0402344 | 4.72853 | 0 
0.852734 -1.0418 -0.0105469 | 6.16145 | 0 
0.895703 -1.03789 -0.0691406 | 5.16666 | 0 
0.829297 -1.00273 -0.0535156 | 7.47878 | 0 
0.848828 -0.979297 -0.147266 | 9.95161 | 0 
0.821484 -1.03789 -0.119922 | 10.4135 | 0 
0.872266 -1.07305 -0.151172 | 10.2034 | 0 
0.887891 -1.00273 -0.131641 | 7.42269 | 0 
0.973828 -0.975391 -0.194141 | 8.75349 | 0 
0.954297 -1.03398 -0.0847656 | 4.00868 | 0 
1.02461 -1.06914 -0.174609 | 8.70979 | 0 
0.989453 -0.971484 -0.112109 | 4.49742 | 0 
0.993359 -0.959766 -0.0652344 | 3.06703 | 0 
1.02852 -0.963672 0.0363281 | 2.66666 | 0 
1.00117 -1.00664 0.0480469 | 2.47918 | 0 
0.985547 -0.955859 0.0402344 | 2.62777 | 0 
0.930859 -0.963672 -0.0339844 | 3.21168 | 0 
0.950391 -1.02617 -0.0300781 | 2.75201 | 0 
0.934766 -1.0457 0.0167969 | 3.261 | 0 
1.00117 -1.05742 -0.00664063 | 2.77333 | 0 
1.04414 -1.05352 -0.0339844 | 3.37054 | 0 
1.04414 -1.06133 -0.0730469 | 4.37229 | 0 
1.04414 -1.10039 -0.0417969 | 4.95212 | 0 
1.00898 -1.1043 0.00507812 | 4.33002 | 0 
0.926953 -1.08867 0.00507812 | 4.59676 | 0 
0.946484 -1.17461 -0.0496094 | 8.75813 | 0 
1.04805 -1.15898 0.0207031 | 7.56675 | 0 
0.997266 -1.15508 -0.112109 | 9.10604 | 0 
0.997266 -1.10039 -0.178516 | 9.82103 | 0 
0.981641 -1.1707 -0.182422 | 13.5355 | 0 
0.833203 -1.17852 -0.162891 | 17.5707 | 0 
0.899609 -1.08086 -0.0457031 | 5.57648 | 0 
0.837109 -1.12383 0.0128906 | 9.66971 | 0 
0.907422 -1.14727 0.0363281 | 8.02898 | 0 
0.821484 -1.13945 0.106641 | 13.4039 | 0 
0.903516 -1.13555 0.110547 | 9.62951 | 0 
0.872266 -1.13945 0.130078 | 11.885 | 0 
0.848828 -1.10039 0.247266 | 17.9269 | 0 
0.841016 -0.959766 0.255078 | 16.9183 | 0 
0.805859 -1.03008 0.0949219 | 10.1858 | 0 
0.833203 -1.06133 0.137891 | 11.1042 | 0 
0.887891 -1.03789 0.0558594 | 5.14039 | 0 
0.887891 -1.01055 0.157422 | 8.74198 | 0 
0.962109 -1.00664 0.0871094 | 3.69813 | 0 
0.962109 -1.05742 0.110547 | 5.29872 | 0 
0.962109 -1.02617 0.130078 | 5.57067 | 0 
1.00508 -1.01836 0.126172 | 5.1159 | 0 
1.00898 -1.05742 0.0910156 | 4.39531 | 0 
1.02461 -0.987109 0.294141 | 15.0008 | 0 
0.942578 -1.01445 0.270703 | 13.973 | 0 
0.954297 -1.18242 0.298047 | 21.6607 | 0 
0.954297 -1.15898 0.149609 | 11.3761 | 0 
1.03242 -1.11211 0.145703 | 8.81661 | 0 
0.997266 -1.10039 0.0597656 | 4.83155 | 0 
0.946484 -1.19805 0.0910156 | 11.2839 | 0 
1.10273 -1.15898 0.0753906 | 10.266 | 0 
1.05586 -1.1043 0.114453 | 7.50469 | 0 
1.07148 -1.18633 0.145703 | 13.5797 | 0 
1.13398 -1.14336 0.184766 | 15.7713 | 0 
1.16133 -1.0457 0.204297 | 14.7735 | 0 
1.07539 -0.951953 0.258984 | 14.2473 | 0 
1.10664 -1.04961 0.110547 | 7.2993 | 0 
1.12617 -1.0418 0.173047 | 11.0587 | 0 
1.1457 -0.991016 0.106641 | 8.39 | 0 
1.21211 -1.00664 0.0910156 | 11.7323 | 0 
1.26289 -0.959766 0.274609 | 25.2584 | 0 
1.18867 -1.18242 0.118359 | 17.5869 | 0 
1.26289 -1.14727 -0.0652344 | 18.5368 | 0 
1.09102 -1.18633 -0.0261719 | 10.4296 | 0 
1.1418 -1.09258 -0.0652344 | 8.68777 | 0 
1.11836 -1.03008 0.0324219 | 5.3378 | 0 
1.14961 -1.01836 -0.0457031 | 6.939 | 0 
1.10664 -1.01836 -0.0574219 | 5.13734 | 0 
1.09883 -1.06523 0.0128906 | 5.07018 | 0 
1.10664 -0.998828 -0.00273438 | 4.38611 | 0 
1.05977 -0.987109 -0.0183594 | 2.89389 | 0 
1.12227 -0.987109 -0.0339844 | 5.30341 | 0 
1.27852 -1.05352 -0.0105469 | 15.1087 | 0 
1.2668 -0.959766 -0.0496094 | 14.3815 | 0 
1.21211 -1.04961 -0.0964844 | 12.4857 | 0 
1.23164 -0.971484 -0.155078 | 15.8771 | 0 
1.10664 -0.951953 -0.147266 | 8.75086 | 0 
1.1457 -1.02617 -0.158984 | 11.0197 | 0 
1.10273 -1.12773 -0.147266 | 11.557 | 0 
1.25508 -1.09648 -0.166797 | 19.9134 | 0 
1.40352 -1.15117 -0.0378906 | 25.9784 | 0 
1.34492 -1.0418 -0.0808594 | 20.1234 | 0 
1.46992 -0.983203 -0.0144531 | 23.0464 | 0 
1.5168 -1.11602 -0.100391 | 27.9661 | 0 
1.67695 -1.19805 -0.0808594 | 26.7407 | 0 
1.79023 -1.06914 -0.00273438 | 12.7772 | 0 
1.63008 -1.06133 0.0402344 | 21.6782 | 0 
1.61445 -1.04961 -0.131641 | 24.9612 | 0 
1.56758 -0.846484 0.0363281 | 26.8488 | 0 
1.68477 -0.912891 -0.174609 | 24.5863 | 0 
1.67305 -0.799609 -0.131641 | 28.2679 | 0 
1.53633 -0.838672 -0.194141 | 34.1162 | 0 
1.47773 -0.799609 -0.0261719 | 29.7941 | 0 
1.52461 -0.850391 0.0519531 | 27.5614 | 0 
1.47773 -0.823047 0.216016 | 36.2607 | 0 
1.70039 -0.748828 0.286328 | 38.9373 | 0 
1.65742 -0.842578 0.216016 | 31.3845 | 0 
1.67695 -0.983203 0.282422 | 30.3676 | 0 
1.63008 -1.08867 0.227734 | 30.854 | 0 
1.54023 -1.04961 0.270703 | 35.0085 | 0 
1.36836 -1.08086 0.231641 | 29.9764 | 0 
1.44258 -1.07695 0.415234 | 42.5307 | 0 
1.65742 -1.01836 0.407422 | 37.8663 | 0 
1.65742 -0.803516 0.391797 | 43.5176 | 0 
1.43086 -0.815234 0.548047 | 47.6462 | 0 
1.4543 -0.768359 0.747266 | 41.8751 | 0 
1.58711 -0.869922 0.727734 | 36.897 | 0 
1.59102 -1.11992 0.708203 | 37.9991 | 0 
1.35664 -1.11992 0.716016 | 34.6436 | 0 
1.18086 -1.03789 0.747266 | 19.275 | 0 
1.09102 -1.00664 0.587109 | 22.6873 | 0 
1.22383 -1.08867 0.567578 | 31.9924 | 0 
1.24727 -1.06914 0.481641 | 33.6213 | 0 
1.09102 -1.10039 0.489453 | 26.1342 | 0 
0.926953 -1.11992 0.383984 | 23.4615 | 0 
0.973828 -1.04961 0.477734 | 22.7973 | 0 
0.899609 -1.0418 0.372266 | 21.2489 | 0 
0.848828 -1.1043 0.497266 | 28.4391 | 0 
0.883984 -1.10039 0.716016 | 19.0896 | 0 
0.938672 -1.1082 0.622266 | 22.6446 | 0 
0.934766 -1.00664 0.637891 | 19.6068 | 0 
0.985547 -1.05742 0.727734 | 14.6985 | 0 
0.852734 -1.05742 0.598828 | 24.965 | 0 
0.887891 -0.854297 0.735547 | 19.252 | 0 
0.950391 -0.877734 0.614453 | 22.8654 | 0 
0.833203 -0.795703 0.583203 | 32.5066 | 0 
0.880078 -0.826953 0.469922 | 29.5592 | 0 
1.0168 -0.823047 0.501172 | 27.5876 | 0 
1.10273 -0.842578 0.485547 | 28.6382 | 0 
1.2707 -0.819141 0.497266 | 39.6198 | 0 
1.19648 -0.873828 0.637891 | 28.7596 | 0 
1.2668 -0.819141 0.790234 | 27.2436 | 0 
1.22383 -0.612109 0.571484 | 47.1901 | 0 
1.05977 -0.619922 0.473828 | 39.5869 | 0 
0.860547 -0.604297 0.481641 | 42.7991 | 0 
0.829297 -0.557422 0.594922 | 44.2033 | 0 
0.848828 -0.283984 0.575391 | 36.3321 | 0 
0.903516 -0.377734 0.473828 | 40.0221 | 0 
1.0168 -0.268359 0.528516 | 32.4318 | 0 
1.25508 -0.291797 0.508984 | 44.8186 | 0 
1.24727 -0.268359 0.774609 | 31.6668 | 0 
1.41914 -0.256641 0.626172 | 48.6448 | 0 
1.40352 -0.350391 0.485547 | 56.4029 | 0 
1.4543 -0.580859 0.606641 | 58.9858 | 0 
1.72773 -0.471484 0.548047 | 54.2898 | 0 
1.76289 -0.213672 0.512891 | 40.3119 | 0 
1.7668 -0.252734 0.688672 | 36.5368 | 0 
1.64961 -0.256641 0.841016 | 34.3972 | 0 
1.44648 -0.416797 0.825391 | 46.4899 | 0 
1.42695 -0.686328 0.848828 | 40.2695 | 0 
1.61055 -0.686328 0.962109 | 35.8506 | 0 
1.57539 -0.662891 1.2043 | 45.6422 | 0 
1.46992 -0.467578 1.23945 | 52.8685 | 0 
1.51289 -0.209766 1.25117 | 41.438 | 0 
1.7082 -0.225391 1.29805 | 38.6829 | 0 
1.7668 -0.221484 1.47773 | 42.4211 | 0 
1.65742 -0.248828 1.55977 | 49.9657 | 0 
1.35664 -0.393359 1.53633 | 58.1443 | 0 
1.56367 -0.690234 1.56367 | 57.4548 | 0 
1.7668 -0.694141 1.3293 | 42.5339 | 0 
1.4582 -0.787891 1.57148 | 51.5237 | 0 
1.34102 -0.768359 1.54023 | 48.7042 | 0 
1.31367 -1.03789 1.48164 | 39.1086 | 0 
1.32539 -1.08477 1.59492 | 39.6976 | 0 
1.60664 -1.12383 1.56758 | 46.1286 | 0 
1.73945 -1.08477 1.52852 | 38.426 | 0 
1.67695 -1.04961 1.41914 | 39.5768 | 0 
1.78633 -1.13945 1.18867 | 23.4801 | 0 
1.61445 -1.0418 1.20039 | 29.9326 | 0 
1.79805 -0.998828 1.16523 | 17.5377 | 0 
1.66523 -1.11992 1.12227 | 25.8799 | 0 
1.68086 -1.19805 0.997266 | 26.2588 | 0 
1.6457 -1.19414 0.809766 | 33.7785 | 0 
1.57148 -1.06914 1.01289 | 24.6084 | 0 
1.68867 -0.967578 0.872266 | 21.5656 | 0 
1.75508 -0.893359 1.00508 | 16.7367 | 0 
1.61836 -0.924609 0.911328 | 24.2778 | 0 
1.58711 -0.799609 0.930859 | 30.426 | 0 
1.77852 -0.709766 1.04023 | 25.7859 | 0 
1.63398 -0.893359 1.15742 | 28.1362 | 0 
1.47383 -0.705859 1.05977 | 37.0934 | 0 
1.40742 -0.940234 1.07148 | 24.057 | 0 
1.3957 -0.729297 1.02852 | 32.9235 | 0 
1.54805 -0.873828 0.989453 | 26.6899 | 0 
1.39961 -0.936328 0.813672 | 28.4683 | 0 
1.35664 -0.963672 1.04805 | 20.7893 | 0 
1.44648 -0.967578 0.876172 | 26.32 | 0 
1.5207 -1.07695 0.973828 | 25.6174 | 0 
1.34102 -1.18633 1.09102 | 27.5044 | 0 
1.37227 -0.959766 1.20039 | 28.4448 | 0 
1.2707 -1.1707 1.24727 | 30.8875 | 0 
1.13008 -1.05352 1.20039 | 14.4792 | 0 
1.24727 -0.998828 1.29805 | 27.04 | 0 
1.24727 -1.03398 1.13398 | 17.3052 | 0 
1.11055 -0.971484 1.16133 | 10.715 | 0 
1.11445 -1.04961 1.16523 | 11.5818 | 0 
1.09883 -1.09648 1.15352 | 11.6913 | 0 
1.21992 -1.12383 1.15352 | 19.3825 | 0 
1.20039 -1.11602 0.997266 | 13.1569 | 0 
1.24336 -1.12773 0.805859 | 22.6633 | 0 
1.13398 -1.12773 0.860547 | 13.2882 | 0 
1.09102 -1.15898 0.844922 | 13.8097 | 0 
1.13398 -1.14727 0.997266 | 10.9213 | 0 
1.09102 -1.12773 1.0168 | 8.19416 | 0 
1.0793 -1.01836 0.969922 | 4.60293 | 0 
1.15742 -1.02227 1.00898 | 8.022 | 0 
1.11836 -0.971484 0.958203 | 6.25574 | 0 
1.09492 -1.00664 1.0168 | 5.03683 | 0 
1.06758 -1.00664 0.966016 | 4.21004 | 0 
1.05195 -1.00664 0.907422 | 5.12474 | 0 
1.11055 -1.0418 0.848828 | 9.88072 | 0 
1.11445 -0.971484 0.833203 | 10.5234 | 0 
1.22773 -1.07305 0.856641 | 16.8229 | 0 
1.24336 -0.979297 0.821484 | 18.5052 | 0 
1.17695 -1.0457 0.985547 | 9.47048 | 0 
1.19258 -0.975391 1.01289 | 10.0215 | 0 
1.19648 -0.838672 1.00508 | 14.5631 | 0 
1.25508 -0.830859 0.856641 | 22.2434 | 0 
1.1418 -0.866016 0.833203 | 14.8073 | 0 
1.09883 -0.889453 0.844922 | 11.2793 | 0 
1.1418 -0.908984 1.03633 | 8.76755 | 0 
1.1418 -0.885547 0.954297 | 9.59742 | 0 
1.08711 -0.846484 1.04023 | 9.06134 | 0 
1.12227 -0.815234 1.03242 | 12.0203 | 0 
1.20039 -0.737109 0.801953 | 27.163 | 0 
1.20039 -0.756641 1.06758 | 20.5572 | 0 
1.28633 -0.877734 1.25117 | 29.1354 | 0 
1.15352 -0.948047 1.11055 | 10.6099 | 0 
1.05977 -0.838672 1.14961 | 12.6596 | 0 
1.09102 -0.916797 1.23555 | 15.5773 | 0 
1.10664 -0.783984 1.21211 | 20.9931 | 0 
1.09883 -0.737109 1.16133 | 20.4876 | 0 
1.04023 -0.733203 1.05977 | 14.8109 | 0 
1.00898 -0.748828 1.17695 | 18.6233 | 0 
0.997266 -0.877734 1.18867 | 12.2292 | 0 
0.958203 -0.916797 1.19648 | 11.5693 | 0 
1.01289 -0.916797 1.14961 | 8.65882 | 0 
0.981641 -0.842578 1.15742 | 12.091 | 0 
0.872266 -0.920703 1.15352 | 11.5086 | 0 
0.809766 -0.920703 1.17695 | 16.0066 | 0 
0.821484 -0.807422 1.18477 | 20.8733 | 0 
0.817578 -0.729297 1.04805 | 19.9285 | 0 
0.829297 -0.725391 0.915234 | 20.198 | 0 
0.946484 -0.713672 0.907422 | 16.696 | 0 
1.04414 -0.717578 0.942578 | 15.5426 | 0 
0.950391 -0.760547 0.981641 | 12.3314 | 0 
1.0168 -0.823047 0.954297 | 8.65686 | 0 
1.00508 -0.826953 1.02852 | 8.26814 | 0 
0.942578 -0.869922 0.926953 | 7.34129 | 0 
0.973828 -0.916797 1.02461 | 4.42855 | 0 
1.04023 -0.908984 1.03633 | 5.15062 | 0 
0.993359 -0.912891 0.946484 | 4.74548 | 0 
1.00117 -0.908984 0.809766 | 10.4081 | 0 
0.993359 -0.881641 0.899609 | 7.14647 | 0 
0.969922 -0.873828 0.852734 | 9.57474 | 0 
0.950391 -0.916797 0.899609 | 6.29487 | 0 
0.864453 -0.924609 0.844922 | 11.2131 | 0 
0.923047 -0.866016 0.891797 | 9.10616 | 0 
0.805859 -0.889453 0.876172 | 13.964 | 0 
0.817578 -0.873828 0.954297 | 11.6137 | 0 
0.860547 -0.928516 1.00508 | 7.20911 | 0 
0.868359 -0.955859 1.01289 | 6.33862 | 0 
0.852734 -1.06914 1.03633 | 8.11647 | 0 
0.841016 -1.06523 0.942578 | 8.79058 | 0 
0.891797 -0.967578 0.973828 | 5.24492 | 0 
0.837109 -0.998828 0.864453 | 10.6546 | 0 
0.844922 -1.04961 0.848828 | 11.5831 | 0 
0.864453 -0.994922 0.813672 | 11.9222 | 0 
0.938672 -1.01836 0.805859 | 9.92918 | 0 
1.04414 -1.0418 0.844922 | 7.99769 | 0 
1.00117 -0.951953 0.915234 | 4.58381 | 0 
1.00508 -0.967578 0.981641 | 3.18834 | 0 
1.01289 -0.991016 1.03242 | 3.32944 | 0 
0.930859 -1.01055 1.0168 | 3.92804 | 0 
0.966016 -0.994922 0.962109 | 3.36297 | 0 
0.985547 -1.03398 0.958203 | 3.56976 | 0 
0.930859 -1.03398 1.00898 | 4.12558 | 0 
0.989453 -1.02227 1.02852 | 3.36162 | 0 
1.00117 -1.03789 0.973828 | 3.44514 | 0 
1.0168 -1.09648 0.934766 | 5.77587 | 0 
1.03242 -1.08477 1.02852 | 5.0524 | 0 
0.938672 -1.1043 0.977734 | 5.95897 | 0 
0.950391 -1.17852 0.985547 | 9.44453 | 0 
1.01289 -1.15898 0.868359 | 10.974 | 0 
0.946484 -1.12383 0.872266 | 9.40819 | 0 
0.872266 -1.13945 0.915234 | 10.9327 | 0 
0.856641 -1.08477 0.887891 | 10.2538 | 0 
0.817578 -1.1707 0.903516 | 15.7389 | 0 
0.813672 -1.11602 0.958203 | 11.8151 | 0 
0.801953 -1.17852 1.03633 | 15.8167 | 0 
0.880078 -1.08086 1.06367 | 7.83385 | 0 
0.887891 -1.15117 1.15742 | 14.5207 | 0 
0.969922 -1.13945 1.06367 | 7.9375 | 0 
1.00898 -1.15508 1.11836 | 10.6423 | 0 
1.00898 -1.08867 1.08711 | 6.37409 | 0 
0.946484 -1.12773 1.17305 | 12.5062 | 0 
0.969922 -1.05742 1.10664 | 6.26747 | 0 
1.03633 -1.06133 1.16523 | 9.47309 | 0 
1.03633 -0.971484 1.09883 | 5.51141 | 0 
0.997266 -0.951953 1.11836 | 6.24532 | 0 
0.930859 -0.959766 1.0832 | 5.54335 | 0 
0.852734 -0.963672 1.06758 | 7.92693 | 0 
0.825391 -1.06914 1.16133 | 14.2525 | 0 
0.856641 -1.03398 1.2707 | 18.7317 | 0 
0.981641 -1.03789 1.2082 | 11.253 | 0 
1.04805 -1.11992 1.2082 | 14.3755 | 0 
0.926953 -1.15898 1.19648 | 15.9574 | 0 
0.841016 -1.19805 1.27852 | 26.9407 | 0 
0.966016 -1.1043 1.3293 | 20.997 | 0 
0.895703 -0.987109 1.38398 | 23.2551 | 0 
0.821484 -1.13945 1.53633 | 33.3314 | 0 
0.915234 -1.00664 1.64961 | 21.8637 | 0 
1.02852 -1.03398 1.72383 | 17.1228 | 0 
0.997266 -1.14336 1.5793 | 27.3715 | 0 
1.17305 -0.979297 1.63008 | 27.2697 | 0 
1.25117 -1.19805 1.60664 | 40.287 | 0 
1.25898 -0.967578 1.54414 | 35.2945 | 0 
1.24336 -0.729297 1.54805 | 44.9021 | 0 
1.10664 -0.725391 1.56758 | 37.0223 | 0 
0.833203 -0.725391 1.57148 | 39.2453 | 0 
0.817578 -0.713672 1.34102 | 36.5313 | 0 
0.805859 -0.674609 1.44648 | 43.7604 | 0 
0.942578 -0.674609 1.57148 | 38.0269 | 0 
1.20039 -0.651172 1.5793 | 45.8947 | 0 
1.26289 -0.491016 1.50117 | 54.8824 | 0 
1.18477 -0.225391 1.5832 | 37.1003 | 0 
1.13398 -0.428516 1.62227 | 43.6401 | 0 
1.03633 -0.205859 1.5832 | 29.8086 | 0 
0.946484 -0.424609 1.66914 | 38.1858 | 0 
0.817578 -0.229297 1.60664 | 35.7235 | 0 
0.801953 -0.260547 1.34492 | 35.5921 | 0 
0.911328 -0.420703 1.17695 | 28.2591 | 0 
1.0207 -0.346484 1.14961 | 22.368 | 0 
1.02461 -0.217578 1.25898 | 21.3427 | 0 
1.25117 -0.295703 1.17695 | 31.5138 | 0 
1.05195 -0.451953 1.25508 | 33.2809 | 0 
1.27461 -0.573047 1.17695 | 39.4132 | 0 
1.06367 -0.643359 1.27852 | 31.9619 | 0 
0.966016 -0.487109 1.22773 | 31.4777 | 0 
0.903516 -0.561328 1.08711 | 24.8227 | 0 
1.00117 -0.686328 1.13789 | 20.1874 | 0 
0.876172 -0.619922 0.958203 | 22.5831 | 0 
1.00508 -0.510547 0.958203 | 22.515 | 0 
0.872266 -0.549609 0.872266 | 27.4448 | 0 
1.04805 -0.635547 0.895703 | 21.4156 | 0 
1.21602 -0.612109 0.833203 | 33.0556 | 0 
1.15742 -0.530078 0.813672 | 32.7155 | 0 
1.18086 -0.373828 0.805859 | 31.5554 | 0 
1.1418 -0.315234 0.817578 | 25.65 | 0 
0.926953 -0.311328 0.993359 | 16.7452 | 0 
0.946484 -0.420703 0.969922 | 21.5359 | 0 
0.954297 -0.330859 0.923047 | 18.2927 | 0 
0.872266 -0.354297 0.926953 | 21.9261 | 0 
0.841016 -0.291797 0.809766 | 24.9647 | 0 
0.786328 -0.385547 0.907422 | 28.496 | 0 
0.630078 -0.276172 0.883984 | 32.2749 | 0 
0.485547 -0.440234 0.883984 | 43.0142 | 0 
0.508984 -0.674609 0.954297 | 36.5802 | 0 
0.704297 -0.459766 0.907422 | 35.6899 | 0 
0.747266 -0.662891 0.938672 | 27.9881 | 0 
0.755078 -0.463672 1.10664 | 33.5934 | 0 
0.778516 -0.627734 1.27461 | 39.3313 | 0 
0.473828 -0.530078 1.05195 | 41.8272 | 0 
0.454297 -0.201953 1.13398 | 31.4895 | 0 
0.579297 -0.307422 1.17305 | 39.4716 | 0 
0.774609 -0.354297 1.10273 | 28.5076 | 0 
0.606641 -0.366016 1.43477 | 56.231 | 0 
0.575391 -0.381641 1.68867 | 53.3458 | 0 
0.364453 -0.350391 1.35273 | 50.5865 | 0 
0.536328 -0.694141 1.75508 | 46.7095 | 0 
0.680859 -0.616016 1.3293 | 49.0565 | 0 
0.591016 -0.787891 1.56758 | 48.59 | 0 
0.383984 -0.799609 1.60273 | 45.7355 | 0 
0.376172 -0.862109 1.49727 | 43.7722 | 0 
0.364453 -1.11992 1.50117 | 42.9346 | 0 
0.477734 -1.13555 1.60273 | 45.3894 | 0 
0.735547 -1.11211 1.56758 | 36.634 | 0 
0.770703 -1.01445 1.46211 | 32.2229 | 0 
0.766797 -1.1082 1.38008 | 32.1837 | 0 
0.614453 -1.09258 1.21602 | 30.0993 | 0 
0.755078 -0.994922 1.17695 | 18.2011 | 0 
0.594922 -1.05742 1.12617 | 24.6389 | 0 
0.774609 -1.12773 1.13008 | 17.8183 | 0 
0.712109 -1.11602 0.825391 | 22.7717 | 0 
0.637891 -1.13555 0.997266 | 22.5809 | 0 
0.618359 -1.06914 0.825391 | 25.9337 | 0 
0.735547 -1.06914 1.01289 | 14.5786 | 0 
0.747266 -0.850391 0.942578 | 17.088 | 0 
0.676953 -0.846484 0.876172 | 23.552 | 0 
0.673047 -0.854297 0.926953 | 21.6318 | 0 
0.657422 -0.783984 0.895703 | 27.2958 | 0 
0.766797 -0.791797 1.0207 | 18.6917 | 0 
0.731641 -0.799609 1.22383 | 29.1196 | 0 
0.708203 -0.885547 1.12617 | 20.6075 | 0 
0.618359 -0.850391 1.21602 | 31.9273 | 0 
0.555859 -0.787891 1.05977 | 29.7817 | 0 
0.442578 -0.885547 1.16914 | 29.3146 | 0 
0.344922 -0.764453 1.05977 | 27.2332 | 0 
0.473828 -0.791797 0.962109 | 29.3282 | 0 
0.458203 -0.873828 0.887891 | 26.7802 | 0 
0.317578 -0.869922 1.01289 | 19.1941 | 0 
0.376172 -1.06133 0.915234 | 21.3469 | 0 
0.442578 -1.02617 0.973828 | 21.8232 | 0 
0.508984 -1.09258 0.883984 | 26.4042 | 0 
0.313672 -1.10039 0.966016 | 18.2886 | 0 
0.489453 -1.15117 1.0793 | 28.1053 | 0 
0.376172 -1.01445 1.07539 | 20.5923 | 0 
0.364453 -1.07695 1.29023 | 33.1921 | 0 
0.294141 -1.06914 1.2082 | 23.7601 | 0 
0.255078 -1.00273 1.05586 | 13.1155 | 0 
0.0871094 -0.963672 1.11445 | 6.37464 | 0 
0.0597656 -1.01836 1.09883 | 4.87811 | 0 
0.118359 -1.06914 1.12227 | 8.79406 | 0 
0.161328 -1.08867 1.06367 | 9.35694 | 0 
0.0949219 -1.08086 1.12617 | 8.41623 | 0 
0.126172 -1.1707 1.13008 | 14.0241 | 0 
0.239453 -1.19023 1.1457 | 22.3628 | 0 
0.255078 -1.17461 0.942578 | 18.7343 | 0 
0.180859 -1.16289 0.883984 | 15.2948 | 0 
0.137891 -1.13164 0.868359 | 12.0379 | 0 
0.0636719 -1.16289 0.895703 | 9.81569 | 0 
0.133984 -1.1668 0.973828 | 10.8088 | 0 
0.137891 -1.12773 0.989453 | 8.86742 | 0 
0.0675781 -1.13164 0.946484 | 6.85904 | 0 
0.0519531 -1.03398 0.966016 | 2.9873 | 0 
0.0910156 -1.03398 1.00508 | 3.91088 | 0 
0.173047 -1.0418 1.01289 | 7.86797 | 0 
0.122266 -1.01836 0.985547 | 4.93947 | 0 
0.114453 -0.959766 0.962109 | 4.93602 | 0 
0.122266 -1.01055 1.02852 | 5.08452 | 0 
0.0714844 -1.01055 1.04414 | 3.51247 | 0 
0.0988281 -1.00273 0.934766 | 4.58559 | 0 
0.0871094 -0.998828 0.809766 | 9.45449 | 0 
0.102734 -1.04961 0.907422 | 6.07415 | 0 
0.149609 -1.03008 0.821484 | 11.6966 | 0 
0.130078 -0.955859 0.899609 | 7.20441 | 0 
0.219922 -1.06914 0.880078 | 13.7232 | 0 
0.274609 -0.963672 0.926953 | 14.6977 | 0 
0.282422 -0.897266 0.997266 | 15.9159 | 0 
0.262891 -0.897266 0.907422 | 16.1633 | 0 
0.223828 -0.873828 0.903516 | 14.7562 | 0 
0.137891 -0.916797 0.915234 | 7.94214 | 0 
0.145703 -0.881641 0.825391 | 13.4641 | 0 
0.106641 -0.850391 0.903516 | 9.59721 | 0 
0.0675781 -0.893359 0.809766 | 10.8409 | 0 
0.110547 -0.920703 0.954297 | 5.71263 | 0 
0.141797 -0.948047 1.04023 | 6.56006 | 0 
0.169141 -0.862109 0.930859 | 11.2266 | 0 
0.0910156 -0.811328 0.942578 | 10.0312 | 0 
0.173047 -0.760547 0.973828 | 16.3805 | 0 
0.0714844 -0.701953 0.954297 | 15.7831 | 0 
0.126172 -0.741016 0.911328 | 16.4532 | 0 
0.286328 -0.725391 1.08711 | 27.0537 | 0 
0.294141 -0.877734 1.23164 | 26.7694 | 0 
0.118359 -0.889453 1.17305 | 12.4892 | 0 
0.0871094 -0.858203 1.15742 | 11.7634 | 0 
0.0832031 -0.908984 1.2043 | 12.3779 | 0 
0.0832031 -0.795703 1.19258 | 17.0355 | 0 
0.0675781 -0.725391 1.13398 | 17.5839 | 0 
0.0285156 -0.705859 1.09883 | 16.4713 | 0 
0.00117187 -0.741016 1.17695 | 18.0686 | 0 
0.0324219 -0.869922 1.18086 | 11.3083 | 0 
-0.0183594 -0.912891 1.22383 | 12.2217 | 0 
0.0363281 -0.897266 1.13789 | 7.89678 | 0 
0.00507812 -0.850391 1.09102 | 7.61199 | 0 
-0.0691406 -0.862109 1.12227 | 9.26906 | 0 
-0.119922 -0.897266 1.11836 | 9.42929 | 0 
-0.198047 -0.889453 1.23164 | 20.3065 | 0 
-0.143359 -0.819141 1.22383 | 20.1332 | 0 
-0.158984 -0.709766 1.17305 | 24.3453 | 0 
-0.108203 -0.705859 1.0207 | 16.5977 | 0 
-0.182422 -0.729297 0.844922 | 22.8398 | 0 
-0.0730469 -0.725391 0.852734 | 17.8177 | 0 
0.0402344 -0.729297 1.0168 | 13.238 | 0 
-0.0457031 -0.819141 0.981641 | 7.90377 | 0 
0.0207031 -0.811328 1.01289 | 8.04319 | 0 
-0.00273438 -0.830859 0.985547 | 6.83954 | 0 
-0.0574219 -0.866016 1.02852 | 5.95418 | 0 
-0.0222656 -0.881641 0.950391 | 4.90074 | 0 
-0.0339844 -0.928516 0.962109 | 3.28995 | 0 
-0.0457031 -0.901172 1.00508 | 4.10572 | 0 
-0.0105469 -0.916797 1.00898 | 3.23221 | 0 
0.0128906 -0.889453 0.962109 | 4.34861 | 0 
-0.0105469 -0.908984 0.907422 | 4.90744 | 0 
0.0402344 -0.885547 0.817578 | 10.1287 | 0 
-0.0378906 -0.826953 0.864453 | 10.4784 | 0 
-0.0457031 -0.869922 0.841016 | 9.62171 | 0 
-0.0339844 -0.924609 0.919141 | 4.29217 | 0 
-0.127734 -0.901172 0.860547 | 10.0865 | 0 
-0.0925781 -0.873828 0.864453 | 9.55793 | 0 
-0.147266 -0.932422 0.891797 | 8.78181 | 0 
-0.123828 -0.854297 0.930859 | 9.32348 | 0 
-0.198047 -0.826953 1.04023 | 14.2675 | 0 
-0.0808594 -0.924609 1.00898 | 4.2596 | 0 
-0.198047 -0.893359 1.0207 | 10.919 | 0 
-0.139453 -0.983203 1.02461 | 5.81023 | 0 
-0.0847656 -0.987109 1.04805 | 3.95008 | 0 
-0.0769531 -1.03008 1.04805 | 3.94198 | 0 
-0.166797 -1.02227 0.985547 | 7.19014 | 0 
-0.100391 -0.991016 0.981641 | 3.96248 | 0 
-0.155078 -0.955859 0.915234 | 7.92583 | 0 
-0.170703 -1.03008 0.841016 | 11.7847 | 0 
-0.100391 -1.03008 0.837109 | 8.67018 | 0 
-0.123828 -0.955859 0.911328 | 6.53102 | 0 
-0.0300781 -1.01055 0.809766 | 8.21028 | 0 
-0.0261719 -1.02617 0.903516 | 3.92184 | 0 
0.0402344 -1.03398 0.872266 | 5.428 | 0 
0.0167969 -1.03008 0.848828 | 6.19742 | 0 
0.00117187 -0.994922 0.833203 | 6.69655 | 0 
0.0207031 -0.994922 0.887891 | 4.24825 | 0 
0.0441406 -1.00664 0.926953 | 3.30025 | 0 
0.0363281 -1.00664 1.04805 | 2.83336 | 0 
-0.0378906 -0.983203 1.02852 | 2.52375 | 0 
-0.0457031 -0.951953 0.950391 | 3.15514 | 0 
-0.0457031 -1.0418 0.950391 | 3.2249 | 0 
-0.0652344 -1.06914 1.04805 | 4.45513 | 0 
0.00507812 -1.06914 1.00508 | 3.09232 | 0 
0.0402344 -1.0457 0.985547 | 2.83495 | 0 
0.0363281 -1.07695 0.938672 | 4.18122 | 0 
0.0480469 -1.09258 0.966016 | 4.45318 | 0 
0.00898437 -1.1043 1.01289 | 4.36566 | 0 
-0.0691406 -1.08086 1.02461 | 4.53411 | 0 
-0.0574219 -1.18242 0.942578 | 9.45791 | 0 
0.00507812 -1.13945 0.876172 | 8.54753 | 0 
0.00507812 -1.1043 0.844922 | 8.39316 | 0 
-0.0417969 -1.11992 0.876172 | 7.95053 | 0 
-0.127734 -1.15508 0.915234 | 11.0079 | 0 
-0.143359 -1.07695 0.923047 | 8.11483 | 0 
-0.194141 -1.19805 0.899609 | 17.5618 | 0 
-0.190234 -1.08477 0.977734 | 9.98411 | 0 
-0.170703 -1.19023 1.02852 | 14.2174 | 0 
-0.158984 -1.08086 1.10664 | 10.4313 | 0 
-0.0574219 -1.17461 1.05195 | 9.09975 | 0 
0.0128906 -1.19414 1.13398 | 12.6459 | 0 
0.0441406 -1.13555 1.06367 | 7.00728 | 0 
-0.0378906 -1.08867 1.15352 | 8.61387 | 0 
-0.0300781 -1.05352 1.07148 | 3.98877 | 0 
-0.0730469 -1.05742 1.15742 | 8.64749 | 0 
0.00117187 -1.0418 1.15742 | 7.27377 | 0 
0.00507812 -1.05742 1.06367 | 3.68811 | 0 
0.0128906 -0.987109 1.0793 | 3.42073 | 0 
0.0285156 -0.994922 1.1457 | 6.37438 | 0 
-0.0378906 -1.00664 1.16133 | 7.36658 | 0 
-0.0808594 -1.00664 1.09883 | 5.36583 | 0 
-0.190234 -1.01445 1.05586 | 9.16342 | 0 
-0.135547 -1.03008 1.13789 | 9.48917 | 0 
-0.135547 -1.03008 1.29414 | 19.083 | 0 
0.0324219 -1.06133 1.29023 | 16.2334 | 0 
0.0285156 -1.19414 1.24336 | 19.2776 | 0 
-0.182422 -1.10039 1.20039 | 17.4229 | 0 
-0.104297 -1.1043 1.36055 | 23.625 | 0 
0.00898437 -1.08086 1.30977 | 17.8304 | 0 
-0.0886719 -1.03008 1.38789 | 22.3055 | 0 
0.0246094 -0.998828 1.50117 | 23.3711 | 0 
-0.135547 -1.11602 1.54023 | 29.2723 | 0 
-0.170703 -1.05352 1.61445 | 27.0505 | 0 
-0.0535156 -1.01055 1.77852 | 12.987 | 0 
-0.0261719 -1.13555 1.7668 | 16.9059 | 0 
-0.0574219 -1.11211 1.63789 | 23.4224 | 0 
0.118359 -1.19023 1.78242 | 21.5572 | 0 
0.0792969 -0.983203 1.60664 | 22.6636 | 0 
0.208203 -1.15117 1.63008 | 32.4534 | 0 
0.0949219 -1.14336 1.50898 | 29.0936 | 0 
0.192578 -0.963672 1.46992 | 29.6776 | 0 
0.0910156 -0.940234 1.5168 | 25.4253 | 0 
0.192578 -0.823047 1.4543 | 34.4596 | 0 
0.298047 -0.869922 1.64961 | 35.5958 | 0 
0.0832031 -0.815234 1.62227 | 27.8454 | 0 
-0.0535156 -0.787891 1.68867 | 25.4357 | 0 
-0.0574219 -0.881641 1.62617 | 23.7278 | 0 
-0.135547 -0.803516 1.58711 | 31.8353 | 0 
-0.147266 -0.873828 1.47773 | 29.8365 | 0 
-0.151172 -0.729297 1.36445 | 34.4828 | 0 
-0.147266 -0.643359 1.42695 | 41.6311 | 0 
-0.0261719 -0.662891 1.5832 | 36.9499 | 0 
0.204297 -0.639453 1.59102 | 44.9593 | 0 
0.266797 -0.494922 1.50117 | 53.6177 | 0 
0.208203 -0.248828 1.60273 | 37.9923 | 0 
0.133984 -0.416797 1.60273 | 42.7519 | 0 
-0.0144531 -0.205859 1.57539 | 28.7265 | 0 
-0.119922 -0.405078 1.63789 | 40.3175 | 0 
-0.182422 -0.252734 1.5168 | 38.3944 | 0 
-0.0964844 -0.412891 1.36836 | 39.1433 | 0 
-0.178516 -0.201953 1.32539 | 29.0758 | 0 
-0.135547 -0.416797 1.17695 | 29.2241 | 0 
0.0402344 -0.381641 1.16523 | 24.105 | 0 
0.00898437 -0.233203 1.27461 | 22.1817 | 0 
0.290234 -0.315234 1.25117 | 38.3088 | 0 
0.102734 -0.424609 1.29805 | 35.7599 | 0 
0.270703 -0.553516 1.2668 | 43.775 | 0 
0.145703 -0.686328 1.23945 | 29.167 | 0 
0.0363281 -0.487109 1.23555 | 31.0849 | 0 
0.0441406 -0.635547 1.13789 | 22.1943 | 0 
-0.166797 -0.627734 0.946484 | 23.8333 | 0 
0.0402344 -0.553516 0.954297 | 21.386 | 0 
-0.178516 -0.530078 0.903516 | 28.3911 | 0 
0.0363281 -0.588672 0.891797 | 22.1136 | 0 
0.161328 -0.576953 0.969922 | 25.0438 | 0 
0.208203 -0.576953 0.903516 | 29.2321 | 0 
0.0675781 -0.522266 0.852734 | 25.7788 | 0 
0.188672 -0.358203 0.872266 | 26.5043 | 0 
0.247266 -0.303516 0.958203 | 24.542 | 0 
0.0832031 -0.272266 0.864453 | 16.9711 | 0 
0.00898437 -0.287891 0.856641 | 16.9808 | 0 
0.0324219 -0.244922 0.907422 | 12.4168 | 0 
-0.0417969 -0.205859 0.969922 | 8.76777 | 0 
0.0167969 -0.287891 0.962109 | 13.7048 | 0 
-0.0457031 -0.330859 0.934766 | 17.0879 | 0 
0.0441406 -0.346484 0.915234 | 18.4246 | 0 
-0.104297 -0.432422 0.973828 | 22.4646 | 0 
-0.123828 -0.311328 0.864453 | 20.908 | 0 
-0.186328 -0.428516 0.751172 | 35.8224 | 0 
-0.0105469 -0.260547 0.633984 | 27.8149 | 0 
0.274609 -0.283984 0.571484 | 43.15 | 0 
0.0910156 -0.385547 0.669141 | 34.5843 | 0 
0.141797 -0.647266 0.559766 | 39.7847 | 0 
-0.0925781 -0.561328 0.610547 | 39.291 | 0 
-0.139453 -0.549609 0.372266 | 40.5261 | 0 
0.192578 -0.561328 0.450391 | 45.8097 | 0 
0.262891 -0.276172 0.446484 | 42.2308 | 0 
-0.100391 -0.393359 0.497266 | 40.1728 | 0 
0.0207031 -0.252734 0.184766 | 16.3697 | 0 
-0.155078 -0.377734 0.258984 | 32.3727 | 0 
-0.0339844 -0.448047 0.141797 | 23.6342 | 0 
-0.0261719 -0.295703 0.145703 | 16.9825 | 0 
-0.116016 -0.225391 0.130078 | 14.2404 | 0 
-0.143359 -0.295703 0.157422 | 21.2606 | 0 
-0.108203 -0.217578 0.00507812 | 10.2645 | 0 
-0.198047 -0.225391 -0.108203 | 17.5784 | 0 
-0.0339844 -0.233203 -0.123828 | 12.1216 | 0 
0.0441406 -0.264453 -0.127734 | 14.4287 | 0 
0.0480469 -0.260547 -0.0574219 | 11.8317 | 0 
0.0128906 -0.326953 -0.0535156 | 15.3516 | 0 
0.0441406 -0.448047 -0.100391 | 21.9911 | 0 
-0.170703 -0.397266 -0.0886719 | 24.9163 | 0 
-0.151172 -0.467578 -0.0183594 | 24.2834 | 0 
0.0480469 -0.455859 -0.198047 | 27.1128 | 0 
-0.00273438 -0.643359 -0.00273438 | 16.6271 | 0 
-0.178516 -0.612109 -0.155078 | 28.0918 | 0 
-0.0847656 -0.608203 0.161328 | 24.2772 | 0 
-0.0847656 -0.455859 0.286328 | 33.5627 | 0 
0.0402344 -0.549609 0.161328 | 24.8781 | 0 
-0.0144531 -0.639453 0.208203 | 24.2982 | 0 
0.0988281 -0.596484 0.0832031 | 21.7929 | 0 
0.196484 -0.557422 0.173047 | 31.7871 | 0 
0.176953 -0.612109 0.0246094 | 23.7157 | 0 
0.165234 -0.619922 -0.166797 | 27.6618 | 0 
0.110547 -0.522266 0.0480469 | 22.9586 | 0 
0.266797 -0.428516 0.0324219 | 30.5242 | 0 
0.114453 -0.420703 -0.108203 | 23.6857 | 0 
0.0792969 -0.319141 -0.0730469 | 16.573 | 0 
0.153516 -0.260547 -0.0183594 | 15.1227 | 0 
0.0910156 -0.213672 -0.0496094 | 9.86657 | 0 
0.0949219 -0.287891 -0.0925781 | 15.8298 | 0 
0.149609 -0.244922 -0.0808594 | 15.1353 | 0 
0.243359 -0.244922 -0.108203 | 21.6182 | 0 
0.266797 -0.213672 0.0441406 | 19.2915 | 0 
0.149609 -0.276172 0.161328 | 20.5764 | 0 
0.266797 -0.424609 0.114453 | 32.6931 | 0 
0.403516 -0.424609 0.173047 | 42.8411 | 0 
0.520703 -0.381641 0.0402344 | 38.0116 | 0 
0.442578 -0.623828 0.0207031 | 37.1491 | 0 
0.489453 -0.557422 0.114453 | 42.3738 | 0 
0.766797 -0.533984 0.0714844 | 30.5895 | 0 
0.704297 -0.655078 -0.0730469 | 30.4145 | 0 
0.606641 -0.510547 -0.0378906 | 38.7282 | 0 
0.743359 -0.444141 -0.0964844 | 32.3486 | 0 
0.563672 -0.229297 -0.135547 | 31.7146 | 0 
0.555859 -0.401172 0.212109 | 45.6802 | 0 
0.598828 -0.354297 0.489453 | 54.9291 | 0 
0.591016 -0.358203 0.762891 | 44.9463 | 0 
0.387891 -0.385547 0.301953 | 48.7407 | 0 
0.505078 -0.690234 0.755078 | 44.6451 | 0 
0.798047 -0.690234 0.673047 | 36.9095 | 0 
0.684766 -0.662891 0.387891 | 47.8678 | 0 
0.786328 -0.768359 0.610547 | 35.8508 | 0 
0.579297 -0.889453 0.676953 | 37.1163 | 0 
0.426953 -0.807422 0.766797 | 35.8037 | 0 
0.489453 -0.709766 0.348828 | 49.1623 | 0 
0.497266 -1.08867 0.426953 | 42.0907 | 0 
0.466016 -1.06133 0.633984 | 38.9125 | 0 
0.661328 -1.13164 0.630078 | 37.4745 | 0 
0.747266 -0.975391 0.622266 | 29.3796 | 0 
0.704297 -1.15117 0.485547 | 39.03 | 0 
0.704297 -1.06133 0.329297 | 30.0752 | 0 
0.739453 -1.1082 0.298047 | 27.7226 | 0 
0.567578 -1.06914 0.251172 | 31.6428 | 0 
0.743359 -1.00273 0.118359 | 14.6308 | 0 
0.673047 -0.998828 0.161328 | 20.8382 | 0 
0.649609 -1.08867 0.0949219 | 20.7526 | 0 
0.696484 -1.15898 0.0792969 | 20.9378 | 0 
0.794141 -1.17852 0.0753906 | 16.0463 | 0 
0.688672 -1.18242 -0.108203 | 23.7466 | 0 
0.610547 -1.07695 0.0207031 | 20.447 | 0 
0.614453 -1.07305 -0.162891 | 24.9102 | 0 
0.766797 -1.06523 -0.174609 | 16.9663 | 0 
0.798047 -1.03398 0.00117187 | 8.96016 | 0 
0.782422 -0.932422 0.0441406 | 10.7306 | 0 
0.782422 -0.846484 0.00507812 | 13.613 | 0 
0.794141 -0.858203 -0.0925781 | 13.9955 | 0 
0.673047 -0.830859 -0.186328 | 27.0674 | 0 
0.637891 -0.889453 0.0167969 | 20.0466 | 0 
0.559766 -0.787891 -0.158984 | 32.4922 | 0 
0.684766 -0.760547 -0.0222656 | 24.4683 | 0 
0.778516 -0.741016 0.270703 | 31.3077 | 0 
0.762891 -0.932422 0.122266 | 14.3538 | 0 
0.563672 -0.932422 0.0871094 | 22.7539 | 0 
0.567578 -0.737109 0.192578 | 37.2935 | 0 
0.516797 -0.912891 0.219922 | 30.6753 | 0 
0.360547 -0.733203 0.298047 | 41.1837 | 0 
0.508984 -0.811328 -0.198047 | 33.9753 | 0 
0.356641 -0.873828 -0.0964844 | 21.8734 | 0 
0.344922 -0.834766 0.00507812 | 21.36 | 0 
0.313672 -1.0457 0.00898437 | 15.5121 | 0 
0.450391 -1.0457 -0.100391 | 23.1583 | 0 
0.485547 -1.13555 -0.00664063 | 24.9055 | 0 
0.383984 -1.13945 -0.139453 | 26.1226 | 0 
0.356641 -1.18242 0.0871094 | 25.0843 | 0 
0.426953 -1.08086 0.0714844 | 22.5757 | 0 
0.380078 -0.955859 0.122266 | 21.5568 | 0 
0.477734 -1.02617 0.200391 | 28.2918 | 0 
0.348828 -1.11211 0.204297 | 26.766 | 0 
0.0949219 -1.08867 0.294141 | 17.2575 | 0 
0.106641 -0.979297 0.274609 | 14.8324 | 0 
0.208203 -1.02227 0.184766 | 14.6391 | 0 
0.219922 -0.983203 0.165234 | 14.1416 | 0 
0.227734 -1.03789 0.0832031 | 11.3593 | 0 
0.278516 -1.00664 0.0636719 | 13.6754 | 0 
0.114453 -0.994922 0.0675781 | 4.37682 | 0 
0.0871094 -0.955859 0.161328 | 7.5026 | 0 
0.0519531 -1.03398 0.110547 | 4.15604 | 0 
0.0558594 -1.06914 0.106641 | 4.85809 | 0 
0.110547 -1.05352 0.114453 | 6.48825 | 0 
0.130078 -1.06914 0.0753906 | 6.35375 | 0 
0.118359 -1.1082 0.145703 | 10.0328 | 0 
0.102734 -1.12773 0.0636719 | 7.13948 | 0 
0.161328 -1.14336 0.0949219 | 11.5709 | 0 
0.200391 -1.12383 0.0519531 | 11.6442 | 0 
0.290234 -1.11602 0.0402344 | 16.6916 | 0 
0.298047 -1.12773 -0.108203 | 19.6204 | 0 
0.145703 -1.13164 -0.0886719 | 9.95794 | 0 
0.0949219 -1.15508 -0.127734 | 10.5206 | 0 
0.157422 -1.17852 -0.0574219 | 12.2245 | 0 
0.153516 -1.09258 0.0363281 | 7.42489 | 0 
0.0792969 -1.07695 -0.0378906 | 3.81166 | 0 
0.0753906 -1.0457 -0.0691406 | 3.54342 | 0 
0.0714844 -1.0457 -0.00273438 | 2.5014 | 0 
0.114453 -1.06133 -0.0105469 | 4.37107 | 0 
0.153516 -1.07305 -0.00664063 | 6.52091 | 0 
0.169141 -0.979297 -0.0300781 | 6.38629 | 0 
0.141797 -0.971484 0.00898437 | 4.85313 | 0 
0.0636719 -0.951953 0.0207031 | 2.23705 | 0 
0.110547 -0.951953 -0.0691406 | 4.62113 | 0 
0.102734 -0.971484 -0.108203 | 5.36152 | 0 
0.0792969 -1.07305 -0.178516 | 9.09822 | 0 
0.145703 -1.02227 -0.0925781 | 6.72305 | 0 
0.114453 -0.951953 -0.139453 | 7.46652 | 0 
0.223828 -1.0418 -0.147266 | 13.847 | 0 
0.243359 -0.987109 -0.182422 | 16.5629 | 0 
0.231641 -1.03398 -0.0378906 | 10.4824 | 0 
0.227734 -0.991016 0.0285156 | 9.81636 | 0 
0.212109 -0.905078 0.0441406 | 10.6164 | 0 
0.294141 -0.869922 -0.190234 | 23.108 | 0 
0.141797 -0.834766 -0.174609 | 14.8211 | 0 
0.0832031 -0.889453 -0.143359 | 8.26088 | 0 
0.0753906 -0.948047 -0.0691406 | 3.4673 | 0 
0.0597656 -0.932422 -0.0378906 | 2.74129 | 0 
0.0910156 -0.932422 0.0324219 | 3.5646 | 0 
0.161328 -0.905078 0.0363281 | 7.5447 | 0 
0.126172 -0.897266 -0.0730469 | 6.85443 | 0 
0.141797 -0.877734 0.0128906 | 7.34513 | 0 
0.0832031 -0.873828 -0.0222656 | 5.18554 | 0 
0.0558594 -0.807422 0.0402344 | 8.05397 | 0 
0.145703 -0.717578 0.0246094 | 16.585 | 0 
0.0949219 -0.717578 -0.166797 | 19.3083 | 0 
0.286328 -0.721484 0.227734 | 33.3049 | 0 
0.274609 -0.897266 0.0597656 | 15.133 | 0 
0.212109 -0.881641 0.102734 | 13.1267 | 0 
0.145703 -0.944141 0.0753906 | 6.53494 | 0 
0.145703 -0.830859 0.133984 | 13.1098 | 0 
0.0792969 -0.842578 0.114453 | 8.92694 | 0 
0.102734 -0.905078 0.212109 | 12.2548 | 0 
0.0636719 -0.787891 0.184766 | 15.1053 | 0 
0.0558594 -0.705859 0.122266 | 16.6724 | 0 
0.0519531 -0.709766 0.0910156 | 15.1351 | 0 
0.0480469 -0.741016 0.173047 | 16.9489 | 0 
-0.0105469 -0.776172 0.192578 | 15.4944 | 0 
-0.0261719 -0.869922 0.196484 | 10.7896 | 0 
0.00507812 -0.897266 0.192578 | 9.32914 | 0 
-0.0105469 -0.901172 0.0519531 | 3.23171 | 0 
0.00898437 -0.885547 0.165234 | 8.22598 | 0 
-0.0261719 -0.866016 0.0558594 | 4.83746 | 0 
-0.0183594 -0.901172 0.157422 | 7.27613 | 0 
-0.119922 -0.877734 0.165234 | 11.2498 | 0 
-0.147266 -0.897266 0.169141 | 11.9866 | 0 
-0.127734 -0.889453 0.180859 | 11.9995 | 0 
-0.178516 -0.885547 0.176953 | 14.5514 | 0 
-0.147266 -0.741016 0.184766 | 21.1682 | 0 
-0.190234 -0.717578 -0.0144531 | 18.948 | 0 
-0.104297 -0.709766 -0.0808594 | 16.3569 | 0 
0.0363281 -0.705859 -0.100391 | 15.4313 | 0 
-0.0535156 -0.733203 -0.0183594 | 12.2207 | 0 
-0.0105469 -0.819141 -0.0691406 | 7.41783 | 0 
0.0167969 -0.881641 0.0363281 | 3.73404 | 0 
-0.0691406 -0.866016 -0.0105469 | 5.04484 | 0 
-0.0222656 -0.869922 -0.0300781 | 4.19202 | 0 
-0.0378906 -0.893359 -0.0339844 | 3.4719 | 0 
-0.0535156 -0.897266 0.0363281 | 3.64066 | 0 
-0.0105469 -0.924609 0.0207031 | 2.06298 | 0 
0.0207031 -0.916797 0.0402344 | 2.58055 | 0 
-0.00273438 -0.940234 -0.0417969 | 1.92696 | 0 
0.0402344 -0.928516 -0.0964844 | 3.96472 | 0 
0.0207031 -0.920703 -0.123828 | 5.04074 | 0 
0.0285156 -0.850391 -0.174609 | 10.4551 | 0 
-0.0261719 -0.908984 -0.166797 | 7.58783 | 0 
-0.119922 -0.873828 -0.190234 | 12.8347 | 0 
-0.178516 -0.912891 -0.158984 | 12.5973 | 0 
-0.127734 -0.889453 -0.0417969 | 6.52032 | 0 
-0.174609 -0.858203 -0.0339844 | 10.1467 | 0 
-0.0964844 -0.881641 0.0402344 | 5.52817 | 0 
-0.162891 -0.912891 0.0324219 | 7.32449 | 0 
-0.198047 -1.00664 0.0324219 | 8.06243 | 0 
-0.0925781 -0.971484 0.0167969 | 2.81298 | 0 
-0.194141 -1.06523 0.0324219 | 8.77042 | 0 
-0.112109 -1.06523 -0.0691406 | 5.28928 | 0 
-0.119922 -1.03008 -0.0652344 | 4.79301 | 0 
-0.119922 -0.971484 -0.0535156 | 4.38807 | 0 
-0.151172 -0.975391 -0.135547 | 8.70649 | 0 
-0.155078 -1.05352 -0.182422 | 11.9908 | 0 
-0.0769531 -1.0418 -0.127734 | 5.64821 | 0 
-0.123828 -0.983203 -0.139453 | 7.53349 | 0 
-0.100391 -0.983203 -0.131641 | 6.20405 | 0 
-0.0417969 -1.00664 -0.0925781 | 3.01983 | 0 
-0.0417969 -0.979297 -0.190234 | 7.75676 | 0 
-0.0574219 -1.01836 -0.174609 | 7.21937 | 0 
-0.0535156 -1.04961 -0.0925781 | 3.79963 | 0 
-0.00273438 -1.06133 -0.0925781 | 3.51437 | 0 
0.0285156 -1.04961 -0.166797 | 6.77936 | 0 
0.0207031 -1.00664 -0.143359 | 4.9173 | 0 
0.0324219 -0.971484 -0.139453 | 4.93046 | 0 
0.0324219 -0.967578 -0.104297 | 3.43314 | 0 
0.0324219 -0.998828 -0.0652344 | 2.03833 | 0 
0.0167969 -0.951953 -0.0417969 | 1.75898 | 0 
0.0246094 -1.00664 0.0363281 | 1.40264 | 0 
0.0128906 -0.975391 0.0207031 | 1.18856 | 0 
-0.0144531 -0.994922 0.0363281 | 1.29707 | 0 
-0.0691406 -0.994922 0.0207031 | 2.01353 | 0 
-0.0457031 -0.971484 -0.0691406 | 2.44908 | 0 
-0.0339844 -0.983203 -0.0574219 | 1.89772 | 0 
-0.0691406 -1.03008 -0.0730469 | 3.21299 | 0 
-0.0183594 -1.06523 -0.0457031 | 2.44141 | 0 
-0.0457031 -1.07305 0.00507812 | 2.60301 | 0 
-0.0144531 -1.0418 0.0167969 | 1.52554 | 0 
0.00117187 -1.04961 -0.0105469 | 1.60589 | 0 
0.0285156 -1.01445 -0.00664063 | 1.23996 | 0 
0.0402344 -1.06133 -0.0105469 | 2.20122 | 0 
0.0480469 -1.03398 -0.0339844 | 1.97904 | 0 
0.0402344 -1.12773 -0.0730469 | 5.68293 | 0 
0.0441406 -1.12383 0.0363281 | 4.78483 | 0 
-0.0378906 -1.1082 0.0363281 | 3.9957 | 0 
-0.0457031 -1.08477 -0.0574219 | 3.6205 | 0 
-0.0652344 -1.18633 0.0363281 | 8.60588 | 0 
0.0324219 -1.17852 -0.0144531 | 7.29615 | 0 
0.0441406 -1.19414 -0.119922 | 11.0933 | 0 
0.0207031 -1.08477 -0.155078 | 7.054 | 0 
-0.0574219 -1.19805 -0.170703 | 14.1262 | 0 
-0.131641 -1.07695 -0.151172 | 9.75824 | 0 
-0.139453 -1.17461 -0.158984 | 15.05 | 0 
-0.100391 -1.12383 -0.0691406 | 7.00806 | 0 
-0.170703 -1.12773 0.00898437 | 9.58961 | 0 
-0.0964844 -1.15898 0.00117187 | 7.72276 | 0 
-0.182422 -1.13555 0.145703 | 14.5429 | 0 
-0.116016 -1.15898 0.145703 | 12.413 | 0 
0.00117187 -1.14727 0.161328 | 10.0389 | 0 
-0.0378906 -1.12383 0.161328 | 9.16195 | 0 
-0.0339844 -1.13164 0.106641 | 6.91233 | 0 
-0.0222656 -1.01836 0.0519531 | 1.73248 | 0 
-0.0574219 -1.03398 0.145703 | 5.87048 | 0 
0.00507812 -1.03789 0.149609 | 5.48908 | 0 
0.0128906 -1.0457 0.0558594 | 2.14867 | 0 
0.0207031 -1.03008 0.0558594 | 1.93677 | 0 
0.00507812 -1.00273 0.0597656 | 1.71246 | 0 
0.0363281 -0.994922 0.149609 | 5.38035 | 0 
-0.0261719 -0.971484 0.145703 | 5.16657 | 0 
-0.0417969 -0.975391 0.0832031 | 2.75788 | 0 
-0.0925781 -0.979297 0.110547 | 5.02574 | 0 
-0.158984 -1.0418 0.0871094 | 7.50983 | 0 
-0.0886719 -1.05742 0.118359 | 5.93628 | 0 
-0.162891 -0.994922 0.141797 | 9.55071 | 0 
-0.198047 -1.01836 0.227734 | 16.5935 | 0 
-0.182422 -1.00273 0.298047 | 19.9827 | 0 
-0.0105469 -0.991016 0.235547 | 10.1687 | 0 
-0.0261719 -1.03789 0.231641 | 10.3975 | 0 
-0.00664063 -1.11211 0.208203 | 11.0728 | 0 
-0.135547 -1.12773 0.235547 | 16.9029 | 0 
-0.0808594 -1.11211 0.329297 | 19.7736 | 0 
-0.123828 -1.06133 0.544141 | 24.666 | 0 
-0.0457031 -0.998828 0.305859 | 14.9412 | 0 
0.0324219 -1.13555 0.528516 | 25.0292 | 0 
0.130078 -1.18633 0.325391 | 25.3553 | 0 
0.278516 -1.0418 0.411328 | 31.9448 | 0 
0.130078 -1.00273 0.450391 | 23.903 | 0 
0.0753906 -0.994922 0.344922 | 17.8375 | 0 
0.165234 -0.944141 0.520703 | 26.6372 | 0 
0.298047 -0.834766 0.333203 | 33.7851 | 0 
0.153516 -0.721484 0.321484 | 31.0738 | 0 
-0.112109 -0.776172 0.391797 | 29.2881 | 0 
0.00117187 -0.893359 0.368359 | 19.8661 | 0 
-0.143359 -0.834766 0.426953 | 28.5769 | 0 
0.0167969 -0.764453 0.442578 | 29.2855 | 0 
-0.151172 -0.764453 0.669141 | 29.1948 | 0 
0.0246094 -0.842578 0.661328 | 21.0605 | 0 
-0.170703 -0.838672 0.708203 | 23.7638 | 0 
0.0324219 -0.787891 0.798047 | 16.1339 | 0 
0.118359 -0.807422 0.669141 | 25.0885 | 0 
0.192578 -0.783984 0.708203 | 28.1001 | 0 
0.239453 -0.826953 0.661328 | 31.1551 | 0 
0.106641 -0.877734 0.704297 | 19.0807 | 0 
0.0714844 -1.06523 0.653516 | 19.0848 | 0 
0.196484 -1.05742 0.618359 | 26.2433 | 0 
0.180859 -0.963672 0.762891 | 16.7848 | 0 
0.262891 -1.08477 0.610547 | 31.4959 | 0 
0.153516 -1.11211 0.723828 | 20.1036 | 0 
-0.0222656 -1.19023 0.591016 | 26.6055 | 0 
-0.0144531 -1.02617 0.610547 | 19.2853 | 0 
0.0167969 -0.983203 0.782422 | 9.66737 | 0 
-0.0417969 -1.05352 0.798047 | 9.67816 | 0 
-0.100391 -0.979297 0.708203 | 16.0755 | 0 
-0.190234 -0.963672 0.583203 | 26.5611 | 0 
-0.123828 -1.19414 0.708203 | 23.9779 | 0 
-0.186328 -1.43633 0.684766 | 41.8673 | 0 
0.0402344 -1.22539 0.583203 | 29.2854 | 0 
0.278516 -1.26445 0.610547 | 42.4214 | 0 
0.0558594 -1.33867 0.591016 | 36.4506 | 0 
0.173047 -1.6082 0.626172 | 43.1549 | 0 
-0.123828 -1.61992 0.665234 | 38.3299 | 0 
-0.0847656 -1.62383 0.321484 | 35.5974 | 0 
0.196484 -1.4832 0.458203 | 48.7505 | 0 
0.208203 -1.25273 0.516797 | 39.3998 | 0 
-0.0925781 -1.32695 0.528516 | 38.1822 | 0 
0.00117187 -1.30742 0.180859 | 21.0636 | 0 
-0.162891 -1.32695 0.208203 | 28.6795 | 0 
0.0128906 -1.34648 0.0519531 | 18.0745 | 0 
-0.0105469 -1.22539 0.0871094 | 11.4519 | 0 
-0.158984 -1.28398 0.0519531 | 18.9117 | 0 
-0.147266 -1.31523 -0.0925781 | 21.3737 | 0 
-0.0378906 -1.2957 -0.0808594 | 16.0643 | 0 
0.00898437 -1.25664 -0.0847656 | 13.4046 | 0 
-0.0378906 -1.22148 -0.0300781 | 10.1724 | 0 
-0.0613281 -1.33086 -0.0457031 | 17.7846 | 0 
0.0402344 -1.33086 -0.127734 | 20.0232 | 0 
-0.104297 -1.34258 -0.0574219 | 20.0263 | 0 
-0.139453 -1.51445 -0.166797 | 30.906 | 0 
0.0207031 -1.64727 -0.182422 | 24.728 | 0 
-0.190234 -1.67852 0.278516 | 35.3877 | 0 
0.00898437 -1.4793 0.227734 | 30.7773 | 0 
0.110547 -1.6707 0.176953 | 25.5002 | 0 
0.247266 -1.48711 0.173047 | 37.4491 | 0 
0.239453 -1.6668 -0.0574219 | 27.8134 | 0 
0.0597656 -1.69023 -0.139453 | 20.8436 | 0 
0.0675781 -1.48711 0.00117187 | 23.0715 | 0 
0.270703 -1.51055 -0.190234 | 39.9989 | 0 
0.231641 -1.3582 -0.0730469 | 28.0744 | 0 
0.0636719 -1.36602 -0.186328 | 25.4605 | 0 
0.161328 -1.22539 0.0246094 | 14.8198 | 0 
0.262891 -1.26445 -0.0847656 | 24.7762 | 0 
0.262891 -1.31914 0.0832031 | 28.1698 | 0 
0.176953 -1.37773 0.258984 | 35.322 | 0 
0.399609 -1.31133 0.274609 | 45.3292 | 0 
0.329297 -1.35039 0.0949219 | 34.3439 | 0 
0.512891 -1.41289 0.0324219 | 40.9736 | 0 
0.524609 -1.64727 -0.0574219 | 39.5325 | 0 
0.493359 -1.45195 0.208203 | 49.3379 | 0 
0.727734 -1.47539 0.262891 | 44.8597 | 0 
0.555859 -1.5418 -0.0769531 | 42.8859 | 0 
0.637891 -1.28398 -0.127734 | 33.7182 | 0 
0.587109 -1.37383 0.180859 | 43.6139 | 0 
0.661328 -1.34258 0.497266 | 53.2676 | 0 
0.559766 -1.28789 0.704297 | 46.9618 | 0 
0.403516 -1.37383 0.364453 | 54.0072 | 0 
0.489453 -1.64727 0.747266 | 49.6773 | 0 
0.712109 -1.67852 0.407422 | 48.5462 | 0 
0.758984 -1.75664 0.536328 | 42.7088 | 0 
0.466016 -1.78398 0.669141 | 46.3661 | 0 
0.368359 -1.7918 0.407422 | 46.0415 | 0 
0.485547 -2.0457 0.341016 | 40.3173 | 0 
0.368359 -1.96367 0.680859 | 35.6935 | 0 
0.462109 -2.14336 0.774609 | 37.3752 | 0 
0.575391 -1.99102 0.770703 | 32.5069 | 0 
0.688672 -1.9832 0.501172 | 38.4726 | 0 
0.731641 -2.18633 0.372266 | 39.6587 | 0 
0.790234 -2.00273 0.251172 | 22.2724 | 0 
0.665234 -1.97148 0.133984 | 22.9242 | 0 
0.692578 -2.14727 0.0792969 | 23.8266 | 0 
0.579297 -2.15508 -0.112109 | 30.54 | 0 
0.567578 -1.96367 -0.0222656 | 23.6477 | 0 
0.762891 -1.99883 -0.162891 | 18.591 | 0 
0.704297 -1.86992 -0.0378906 | 20.2666 | 0 
0.583203 -1.82695 -0.147266 | 31.699 | 0 
0.774609 -1.78398 -0.0847656 | 21.5157 | 0 
0.786328 -1.78008 0.130078 | 22.8206 | 0 
0.676953 -1.88164 0.235547 | 30.2178 | 0 
0.641797 -1.81133 0.176953 | 31.822 | 0 
0.430859 -1.86992 0.243359 | 35.5536 | 0 
0.466016 -1.7293 -0.162891 | 39.1002 | 0 
0.403516 -1.92461 -0.139453 | 26.8048 | 0 
0.430859 -1.96758 -0.0886719 | 24.8551 | 0 
0.450391 -2.19805 -0.155078 | 35.753 | 0 
0.512891 -2.10039 0.165234 | 31.5158 | 0 
0.532422 -2.0457 0.290234 | 37.2565 | 0 
0.106641 -2.15508 0.239453 | 20.5962 | 0 
0.231641 -2.03398 0.270703 | 24.6373 | 0 
0.184766 -2.03008 0.130078 | 13.5234 | 0 
0.223828 -2.00273 0.106641 | 14.5989 | 0 
0.0519531 -1.9793 0.126172 | 7.52998 | 0 
0.145703 -2.02227 0.169141 | 13.2782 | 0 
0.0988281 -2.11992 0.122266 | 11.901 | 0 
0.204297 -2.13164 0.157422 | 19.5138 | 0 
0.251172 -2.12383 -0.182422 | 23.4381 | 0 
0.137891 -2.11211 -0.147266 | 14.39 | 0 
0.106641 -2.13945 -0.186328 | 16.49 | 0 
0.122266 -2.15898 0.0324219 | 12.2804 | 0 
0.106641 -2.08867 0.0363281 | 8.30897 | 0 
0.0714844 -2.05352 -0.0574219 | 6.421 | 0 
0.141797 -2.06133 -0.00664063 | 8.72436 | 0 
0.153516 -2.03398 -0.0222656 | 8.78824 | 0 
0.130078 -1.95977 0.0167969 | 7.38947 | 0 
0.0675781 -1.99102 -0.190234 | 11.2413 | 0 
0.208203 -1.98711 -0.162891 | 16.2511 | 0 
0.192578 -1.9793 -0.0339844 | 10.7373 | 0 
0.235547 -2.05352 0.0167969 | 13.9815 | 0 
0.223828 -1.9207 0.0441406 | 13.702 | 0 
0.282422 -1.93242 -0.198047 | 23.5576 | 0 
0.114453 -1.90117 -0.170703 | 13.2209 | 0 
0.0988281 -1.85039 -0.178516 | 15.0927 | 0 
0.0675781 -1.92852 -0.0339844 | 5.83183 | 0 
0.141797 -1.84258 -0.0652344 | 12.4666 | 0 
0.0753906 -1.7918 -0.0261719 | 11.8568 | 0 
0.0597656 -1.73711 -0.135547 | 17.9581 | 0 
0.270703 -1.7293 -0.0613281 | 26.3951 | 0 
0.278516 -1.72539 0.176953 | 31.9779 | 0 
0.278516 -1.90898 0.122266 | 19.9184 | 0 
0.126172 -1.94414 0.145703 | 11.3135 | 0 
0.130078 -1.85039 0.137891 | 14.2445 | 0 
0.102734 -1.89727 0.173047 | 13.0152 | 0 
0.0871094 -1.87773 0.212109 | 15.4894 | 0 
0.0832031 -1.7332 0.219922 | 23.5697 | 0 
-0.0300781 -1.71367 0.149609 | 19.5031 | 0 
0.0480469 -1.81133 0.282422 | 22.0796 | 0 
0.0324219 -1.94805 0.282422 | 16.6336 | 0 
0.0441406 -1.84648 0.0910156 | 9.69523 | 0 
-0.0574219 -1.82695 0.169141 | 14.4998 | 0 
-0.0339844 -1.94805 0.0519531 | 5.082 | 0 
-0.112109 -1.90117 0.130078 | 11.0488 | 0 
-0.127734 -1.82695 0.0558594 | 12.3694 | 0 
-0.155078 -1.94805 0.0988281 | 10.6068 | 0 
-0.155078 -1.83867 0.239453 | 21.8955 | 0 
-0.139453 -1.7332 0.243359 | 27.3183 | 0 
-0.0925781 -1.75273 -0.0339844 | 14.7817 | 0 
-0.0964844 -1.75273 -0.158984 | 19.3048 | 0 
0.0480469 -1.78398 -0.155078 | 15.9253 | 0 
-0.00664063 -1.70195 0.00507812 | 15.8837 | 0 
-0.0417969 -1.7957 0.0324219 | 10.9447 | 0 
-0.0105469 -1.87383 0.0480469 | 6.96902 | 0 
-0.0417969 -1.86602 -0.0378906 | 7.44927 | 0 
-0.0535156 -1.89727 -0.0105469 | 6.19655 | 0 
0.0167969 -1.90117 -0.0378906 | 5.82064 | 0 
0.0324219 -1.93633 -0.170703 | 9.99719 | 0 
-0.0574219 -1.84648 -0.166797 | 13.3938 | 0 
-0.178516 -1.83477 -0.143359 | 17.7889 | 0 
-0.178516 -1.83086 0.0441406 | 14.5612 | 0 
-0.147266 -1.98711 0.0167969 | 8.04302 | 0 
-0.0769531 -2.04961 -0.0105469 | 5.85708 | 0 
-0.147266 -2.03398 -0.0730469 | 9.41015 | 0 
-0.194141 -1.99102 -0.0808594 | 11.8492 | 0 
-0.135547 -2.04961 -0.0847656 | 9.50612 | 0 
-0.0886719 -2.01055 -0.194141 | 12.184 | 0 
-0.0730469 -1.97148 -0.0847656 | 6.47934 | 0 
-0.0457031 -1.99492 -0.143359 | 8.20673 | 0 
-0.0261719 -2.06914 -0.104297 | 7.42813 | 0 
0.0207031 -2.03398 -0.194141 | 11.0487 | 0 
-0.00273438 -1.99102 -0.0847656 | 5.37383 | 0 
0.00898437 -1.99883 -0.0300781 | 4.19055 | 0 
-0.00273438 -2.01055 -0.00273438 | 4.06721 | 0 
-0.0574219 -1.99492 0.0128906 | 4.66487 | 0 
-0.0261719 -1.99492 -0.0300781 | 4.29934 | 0 
-0.0300781 -2.03398 -0.0144531 | 4.58457 | 0 
-0.0691406 -2.03789 -0.00664063 | 5.37746 | 0 
-0.00273438 -2.01445 0.0207031 | 4.18563 | 0 
-0.0105469 -2.01836 -0.0222656 | 4.26049 | 0 
0.0480469 -2.10039 0.0285156 | 6.95135 | 0 
-0.0652344 -2.08477 -0.0652344 | 7.39648 | 0 
0.0363281 -2.19023 0.00507812 | 11.3954 | 0 
-0.00664063 -2.07695 -0.194141 | 12.0684 | 0 
-0.127734 -2.12773 -0.198047 | 17.4791 | 0 
-0.127734 -2.12773 -0.0339844 | 10.8747 | 0 
-0.198047 -2.15898 0.137891 | 19.625 | 0 
0.00898437 -2.19023 0.169141 | 16.3094 | 0 
-0.0417969 -2.08477 0.169141 | 11.2398 | 0 
0.0128906 -2.05742 0.118359 | 7.5639 | 0 
0.0285156 -1.99102 0.102734 | 6.16352 | 0 
-0.0339844 -1.95977 0.114453 | 6.8761 | 0 
-0.104297 -1.96367 0.0597656 | 6.89811 | 0 
-0.162891 -2.02617 0.0519531 | 9.59354 | 0 
-0.151172 -1.99102 0.169141 | 13.3486 | 0 
-0.139453 -2.01836 0.223828 | 16.1721 | 0 
0.0128906 -1.95977 0.204297 | 11.4009 | 0 
-0.0339844 -2.0457 0.196484 | 11.5618 | 0 
0.0128906 -2.09258 0.176953 | 11.6575 | 0 
-0.100391 -2.12773 0.219922 | 17.6828 | 0 
-0.0769531 -2.13164 0.333203 | 24.0301 | 0 
-0.119922 -2.05742 0.505078 | 27.8482 | 0 
-0.0535156 -2.01055 0.309766 | 18.3906 | 0 
0.0207031 -2.12773 0.536328 | 27.6919 | 0 
0.130078 -2.18242 0.352734 | 29.9588 | 0 
0.262891 -2.03789 0.368359 | 32.2189 | 0 
0.153516 -2.01055 0.477734 | 28.5206 | 0 
0.0714844 -1.94023 0.309766 | 19.2218 | 0 
0.286328 -1.8543 0.372266 | 36.7762 | 0 
0.133984 -1.71758 0.348828 | 34.27 | 0 
0.0441406 -1.89336 0.383984 | 23.7371 | 0 
0.0363281 -1.78008 0.462109 | 31.4822 | 0 
0.0207031 -1.88164 0.665234 | 21.7859 | 0 
-0.186328 -1.86992 0.688672 | 27.0277 | 0 
0.0285156 -1.81133 0.743359 | 20.6528 | 0 
0.223828 -1.76445 0.708203 | 33.7171 | 0 
0.0636719 -1.85039 0.712109 | 21.1854 | 0 
0.0792969 -2.01836 0.630078 | 22.6011 | 0 
0.200391 -1.97539 0.676953 | 25.8833 | 0 
0.282422 -2.1043 0.594922 | 37.2298 | 0 
0.161328 -2.08477 0.712109 | 23.3352 | 0 
-0.0222656 -2.14336 0.602734 | 26.8333 | 0 
0.0480469 -2.03008 0.751172 | 15.2444 | 0 
-0.166797 -2.01055 0.579297 | 28.219 | 0 
-0.0847656 -2.1707 0.696484 | 25.11 | 0 
-0.127734 -2.18633 1.04805 | 15.5037 | 0 
-0.158984 -2.12773 1.03633 | 13.5253 | 0 
-0.116016 -2.0418 1.01289 | 8.12523 | 0 
-0.116016 -1.9832 0.973828 | 7.62668 | 0 
-0.155078 -2.00664 1.0168 | 9.5321 | 0 
-0.166797 -2.06914 0.801953 | 17.6816 | 0 
-0.0730469 -2.06523 0.852734 | 10.8449 | 0 
0.0207031 -1.95586 0.852734 | 9.00362 | 0 
0.0363281 -1.96758 0.969922 | 5.45763 | 0 
-0.0730469 -1.97539 1.00117 | 6.06432 | 0 
-0.0613281 -2.05742 0.973828 | 6.69709 | 0 
0.0363281 -2.05742 0.989453 | 6.13847 | 0 
0.0441406 -2.1043 0.981641 | 7.91368 | 0 
-0.0574219 -2.1043 0.997266 | 8.14265 | 0 
0.0207031 -2.17852 1.00117 | 11.4915 | 0 
-0.0339844 -2.08477 0.915234 | 8.18235 | 0 
-0.0457031 -2.17461 0.856641 | 15.1024 | 0 
0.149609 -2.07695 0.801953 | 17.0212 | 0 
0.157422 -2.15508 0.899609 | 16.2916 | 0 
0.0675781 -2.1082 1.02461 | 8.7296 | 0 
0.149609 -2.13164 0.997266 | 12.8946 | 0 
0.180859 -2.14727 1.04805 | 15.9692 | 0 
0.223828 -2.16289 0.821484 | 24.22 | 0 
0.294141 -2.03008 1.04414 | 18.5962 | 0 
0.149609 -1.99102 1.01289 | 9.16349 | 0 
0.137891 -2.06914 0.938672 | 10.3678 | 0 
0.0871094 -2.02617 1.02852 | 6.92659 | 0 
0.0949219 -1.99883 0.954297 | 7.0512 | 0 
0.153516 -2.01055 0.907422 | 10.8581 | 0 
0.157422 -2.0457 0.809766 | 16.113 | 0 
0.161328 -1.94805 0.837109 | 14.5581 | 0 
0.165234 -1.8543 0.880078 | 15.7754 | 0 
0.0597656 -1.93242 1.04805 | 6.87327 | 0 
0.165234 -1.82695 0.930859 | 15.4338 | 0 
0.231641 -1.89336 0.977734 | 15.7032 | 0 
0.282422 -1.92852 0.805859 | 24.0251 | 0 
0.274609 -1.72148 1.04414 | 27.8335 | 0 
0.141797 -1.71758 0.864453 | 22.8664 | 0 
-0.0964844 -1.74102 0.872266 | 19.1989 | 0 
-0.0847656 -1.8582 0.868359 | 12.5424 | 0 
-0.174609 -1.91289 0.923047 | 12.587 | 0 
-0.00273438 -1.92852 0.860547 | 9.05235 | 0 
-0.0105469 -1.83086 0.883984 | 11.832 | 0 
-0.0222656 -1.93633 0.872266 | 8.4495 | 0 
-0.00273438 -1.94805 0.946484 | 5.78028 | 0 
-0.0417969 -1.83477 0.954297 | 9.95341 | 0 
0.0128906 -1.84648 1.02461 | 8.91386 | 0 
-0.0144531 -1.92461 1.0207 | 5.97296 | 0 
-0.0886719 -1.9207 0.969922 | 7.5438 | 0 
-0.182422 -1.82695 0.977734 | 15.6562 | 0 
-0.0769531 -1.82305 1.0168 | 11.135 | 0 
-0.0652344 -1.72148 0.973828 | 16.6614 | 0 
0.0324219 -1.71367 1.12227 | 19.4753 | 0 
-0.100391 -1.70586 1.11445 | 21.3005 | 0 
-0.100391 -1.85039 1.1457 | 14.6791 | 0 
-0.194141 -1.92852 1.11836 | 15.2014 | 0 
-0.0339844 -1.94805 1.09102 | 7.33262 | 0 
-0.0222656 -1.87383 1.13398 | 11.2157 | 0 
-0.0535156 -1.93633 1.2082 | 13.9655 | 0 
-0.0613281 -1.92852 1.29414 | 19.8609 | 0 
-0.0535156 -1.70586 1.25508 | 28.1051 | 0 
0.286328 -1.70586 1.21602 | 37.3523 | 0 
0.0988281 -1.90508 1.21602 | 16.5919 | 0 
0.110547 -1.98711 1.25508 | 18.2047 | 0 
0.106641 -2.01055 1.11836 | 10.1285 | 0 
0.145703 -2.02617 1.12617 | 12.4169 | 0 
0.200391 -1.99102 1.15352 | 16.5863 | 0 
0.239453 -2.00664 1.22383 | 23.2912 | 0 
0.247266 -2.13945 1.13789 | 22.8849 | 0 
0.106641 -2.14336 1.17695 | 17.5122 | 0 
-0.00273438 -2.13945 1.29805 | 22.8362 | 0 
0.0363281 -2.15508 1.12617 | 13.5377 | 0 
-0.0261719 -2.07695 1.12227 | 9.66362 | 0 
0.0402344 -2.0418 1.12617 | 9.08071 | 0 
-0.0378906 -1.96758 1.13789 | 9.18063 | 0 
0.0246094 -1.99492 1.23555 | 14.7244 | 0 
-0.104297 -1.98711 1.21211 | 15.1746 | 0 
-0.190234 -2.00273 1.13008 | 14.8162 | 0 
-0.174609 -2.12773 1.1418 | 18.0643 | 0 
-0.162891 -2.15508 1.19258 | 21.7422 | 0 
-0.0222656 -2.15508 1.32539 | 25.4442 | 0 
-0.0925781 -1.95586 1.30977 | 21.2438 | 0 
-0.0417969 -2.17852 1.54023 | 32.803 | 0 
-0.178516 -1.99492 1.71992 | 24.5114 | 0 
-0.00664063 -1.97539 1.63008 | 23.5293 | 0 
0.0207031 -2.17852 1.75117 | 23.4818 | 0 
0.126172 -2.18242 1.66523 | 31.4912 | 0 
0.0675781 -1.95195 1.78633 | 16.0831 | 0 
0.294141 -1.9832 1.55586 | 38.6243 | 0 
0.255078 -2.19414 1.72773 | 36.1397 | 0 
0.298047 -1.96758 1.42305 | 38.0189 | 0 
0.298047 -1.75664 1.48555 | 47.8964 | 0 
0.102734 -1.72539 1.63398 | 35.8704 | 0 
-0.123828 -1.7293 1.61836 | 37.159 | 0 
-0.119922 -1.75273 1.38008 | 34.8193 | 0 
-0.135547 -1.68633 1.46992 | 42.1521 | 0 
-0.0417969 -1.6707 1.63789 | 37.0731 | 0 
0.208203 -1.67461 1.62227 | 44.6366 | 0 
0.219922 -1.51055 1.45039 | 52.0513 | 0 
0.196484 -1.2957 1.43477 | 42.4805 | 0 
0.173047 -1.28398 1.66523 | 36.9995 | 0 
-0.0808594 -1.27617 1.61836 | 34.5142 | 0 
-0.100391 -1.28008 1.41523 | 36.0694 | 0 
-0.186328 -1.33086 1.25117 | 34.415 | 0 
-0.112109 -1.30352 1.1418 | 22.4081 | 0 
-0.139453 -1.31133 0.848828 | 23.9994 | 0 
-0.0144531 -1.2957 0.825391 | 20.6721 | 0 
-0.0300781 -1.25664 1.00508 | 13.1905 | 0 
-0.00664063 -1.38555 0.817578 | 26.0011 | 0 
-0.104297 -1.37773 0.938672 | 22.7864 | 0 
-0.158984 -1.51836 0.856641 | 31.3758 | 0 
-0.0183594 -1.50273 0.993359 | 23.319 | 0 
-0.0105469 -1.62773 0.848828 | 24.5225 | 0 
-0.0769531 -1.63555 0.938672 | 22.0289 | 0 
-0.135547 -1.64727 1.29805 | 36.8187 | 0 
-0.143359 -1.51836 1.0832 | 28.5583 | 0 
-0.0613281 -1.62383 1.1418 | 25.5137 | 0 
0.137891 -1.66289 1.28242 | 35.1801 | 0 
0.0675781 -1.52617 1.05977 | 24.9068 | 0 
0.223828 -1.6082 1.12617 | 33.0254 | 0 
0.133984 -1.68242 1.01289 | 21.366 | 0 
0.219922 -1.51836 0.938672 | 32.0231 | 0 
0.137891 -1.44023 0.997266 | 25.9167 | 0 
0.0636719 -1.24492 0.860547 | 16.3644 | 0 
0.235547 -1.26055 0.969922 | 22.5186 | 0 
0.266797 -1.39727 1.0832 | 33.5739 | 0 
0.227734 -1.23711 1.18086 | 26.5644 | 0 
0.368359 -1.40508 1.27852 | 50.5702 | 0 
0.426953 -1.25273 1.06758 | 32.9162 | 0 
0.344922 -1.40117 0.809766 | 42.8204 | 0 
0.348828 -1.57695 0.844922 | 42.3774 | 0 
0.477734 -1.68242 1.21602 | 46.4403 | 0 
0.688672 -1.61992 1.20039 | 42.5243 | 0 
0.684766 -1.54961 0.883984 | 39.696 | 0 
0.716016 -1.28008 0.829297 | 32.058 | 0 
0.641797 -1.28789 1.2082 | 39.5794 | 0 
0.610547 -1.27227 1.44648 | 52.6014 | 0 
0.618359 -1.29961 1.70039 | 48.4562 | 0 
0.352734 -1.3543 1.34883 | 51.7061 | 0 
0.516797 -1.64336 1.68086 | 56.1564 | 0 
0.704297 -1.65898 1.41133 | 51.9722 | 0 
0.430859 -1.78398 1.59883 | 51.0097 | 0 
0.411328 -1.72539 1.43086 | 54.2924 | 0 
0.321484 -1.99883 1.31758 | 34.2966 | 0 
0.395703 -2.1707 1.79023 | 38.7221 | 0 
0.665234 -2.15117 1.7043 | 40.0666 | 0 
0.571484 -2.09258 1.47383 | 47.3955 | 0 
0.676953 -2.11602 1.08711 | 24.5499 | 0 
0.700391 -2.05742 1.18086 | 25.6197 | 0 
0.673047 -2.03008 1.16523 | 25.6812 | 0 
0.528516 -2.09648 1.08711 | 28.9391 | 0 
0.360547 -1.98711 1.07148 | 22.652 | 0 
0.524609 -1.9168 1.15352 | 30.7985 | 0 
0.649609 -1.74492 1.23555 | 40.3032 | 0 
0.598828 -1.77617 1.03242 | 31.2823 | 0 
0.469922 -1.71367 0.844922 | 40.3394 | 0 
0.485547 -1.93242 0.856641 | 29.3404 | 0 
0.368359 -2.03008 0.856641 | 25.7286 | 0 
0.524609 -2.13555 0.833203 | 33.8305 | 0 
0.575391 -2.05742 0.903516 | 26.7051 | 0 
0.700391 -2.00664 0.993359 | 18.5881 | 0 
0.731641 -2.15117 0.872266 | 24.308 | 0 
0.891797 -2.19805 1.01289 | 15.7022 | 0 
0.844922 -2.08867 1.03633 | 12.3053 | 0 
0.883984 -2.06914 1.0207 | 9.65921 | 0 
0.833203 -1.96367 1.02461 | 10.9858 | 0 
0.829297 -2.01445 0.825391 | 16.1277 | 0 
0.969922 -2.03398 0.821484 | 11.8158 | 0 
1.0168 -2.00273 0.825391 | 11.2214 | 0 
1.0168 -1.96758 0.942578 | 6.69994 | 0 
0.969922 -1.95586 1.0207 | 6.45264 | 0 
0.934766 -2.03398 0.926953 | 7.96044 | 0 
0.989453 -2.06523 1.04805 | 7.6451 | 0 
1.00898 -2.08477 0.926953 | 8.65946 | 0 
0.973828 -2.08086 1.00508 | 7.69157 | 0 
1.01289 -2.1707 1.0168 | 12.0814 | 0 
0.981641 -2.11211 0.915234 | 10.0939 | 0 
1.17305 -2.1668 0.844922 | 21.5264 | 0 
1.08711 -2.18242 1.02461 | 14.4551 | 0 
1.23945 -2.18242 0.813672 | 28.2847 | 0 
1.27461 -1.99883 0.997266 | 18.1563 | 0 
1.1457 -2.00664 1.02461 | 10.423 | 0 
1.10664 -2.01836 1.0207 | 8.65326 | 0 
1.17305 -1.99492 0.899609 | 13.4455 | 0 
1.16914 -1.94805 0.801953 | 18.2615 | 0 
1.15352 -1.83867 0.899609 | 16.4595 | 0 
1.07539 -1.94023 1.0207 | 7.84522 | 0 
1.14961 -1.83477 0.981641 | 14.7426 | 0 
1.23164 -1.94023 0.977734 | 15.8809 | 0 
1.2707 -1.9207 0.829297 | 23.7256 | 0 
1.27852 -1.70586 1.00898 | 30.0987 | 0 
1.12617 -1.71367 0.915234 | 21.6717 | 0 
0.907422 -1.72539 0.872266 | 20.7974 | 0 
0.903516 -1.83477 0.876172 | 14.5317 | 0 
0.825391 -1.9207 0.837109 | 16.5211 | 0 
0.966016 -1.93242 0.852734 | 10.4937 | 0 
0.946484 -1.84258 0.919141 | 11.4645 | 0 
0.966016 -1.91289 0.985547 | 7.29276 | 0 
1.02461 -1.84258 0.966016 | 10.2302 | 0 
0.938672 -1.88164 1.04414 | 9.26746 | 0 
0.891797 -1.89336 1.00898 | 9.79953 | 0 
0.841016 -1.83086 0.997266 | 14.7785 | 0 
0.907422 -1.78789 1.00898 | 14.3403 | 0 
0.926953 -1.75664 1.0168 | 15.6523 | 0 
1.04414 -1.75273 1.05195 | 16.0073 | 0 
0.872266 -1.74492 1.07539 | 19.4336 | 0 
0.887891 -1.86992 1.05586 | 11.5475 | 0 
0.805859 -1.89336 1.09102 | 15.7395 | 0 
0.923047 -1.94414 1.0793 | 8.76825 | 0 
0.930859 -1.88164 1.10273 | 11.2041 | 0 
0.981641 -1.90117 1.1418 | 11.5282 | 0 
0.973828 -1.94805 1.29023 | 19.5721 | 0 
0.942578 -1.70977 1.27852 | 30.3735 | 0 
1.2668 -1.74102 1.20039 | 34.6277 | 0 
1.2668 -1.91289 1.11836 | 21.669 | 0 
1.13008 -1.92852 1.17305 | 15.8733 | 0 
1.09883 -1.89727 1.16523 | 14.9659 | 0 
1.06367 -1.89727 1.29023 | 21.6985 | 0 
1.07148 -2.00664 1.18477 | 13.5939 | 0 
1.17305 -1.99492 1.11836 | 14.6028 | 0 
1.29023 -1.99883 1.13789 | 22.9804 | 0 
1.29023 -2.14336 1.22383 | 32.4104 | 0 
1.09102 -2.16289 1.12617 | 16.5049 | 0 
1.09883 -2.17852 1.25117 | 25.1172 | 0 
1.0168 -2.17461 1.21211 | 20.3676 | 0 
1.01289 -2.1043 1.11836 | 11.4491 | 0 
0.926953 -2.04961 1.16914 | 13.079 | 0 
1.02852 -1.96758 1.1418 | 10.3129 | 0 
0.950391 -1.9793 1.29805 | 20.0454 | 0 
0.805859 -1.96758 1.25508 | 23.1837 | 0 
0.817578 -2.17461 1.0832 | 19.225 | 0 
0.880078 -2.1668 1.36445 | 31.6326 | 0 
0.966016 -1.96758 1.37227 | 24.0701 | 0 
1.00508 -2.15508 1.4582 | 31.8264 | 0 
0.923047 -1.97148 1.71211 | 21.3348 | 0 
1.04414 -2.0418 1.62617 | 25.6474 | 0 
0.946484 -2.14336 1.7043 | 25.5766 | 0 
1.17305 -2.01445 1.70039 | 26.7845 | 0 
1.23164 -2.13164 1.69648 | 34.3174 | 0 
1.16914 -2.12383 1.41914 | 34.6407 | 0 
1.17695 -2.04961 1.37617 | 30.6546 | 0 
1.1457 -1.86992 1.38398 | 31.2474 | 0 
1.22773 -1.7957 1.36445 | 38.9542 | 0 
1.15352 -1.70586 1.7082 | 36.7949 | 0 
0.926953 -1.89727 1.7668 | 19.5739 | 0 
0.852734 -1.8543 1.60664 | 32.4747 | 0 
0.883984 -1.70977 1.77461 | 30.3563 | 0 
0.981641 -1.9168 1.42695 | 27.0411 | 0 
0.930859 -1.74492 1.39961 | 35.1938 | 0 
0.930859 -1.64336 1.46992 | 42.6888 | 0 
1.00898 -1.64727 1.75117 | 32.7564 | 0 
1.25508 -1.69805 1.73945 | 41.6721 | 0 
1.27852 -1.46367 1.39961 | 55.3343 | 0 
1.18477 -1.24102 1.46211 | 40.2503 | 0 
1.11836 -1.28789 1.65352 | 36.3397 | 0 
1.02852 -1.41289 1.57148 | 43.2311 | 0 
0.911328 -1.24492 1.67305 | 31.0216 | 0 
0.833203 -1.44414 1.48945 | 49.3738 | 0 
0.911328 -1.2293 1.34883 | 30.1943 | 0 
0.817578 -1.44805 1.24336 | 39.2464 | 0 
0.895703 -1.20977 1.16133 | 17.8972 | 0 
0.841016 -1.21367 0.809766 | 21.4936 | 0 
0.977734 -1.21367 0.805859 | 17.4751 | 0 
1.02461 -1.24102 1.02461 | 13.3142 | 0 
1.02461 -1.44414 0.801953 | 30.0815 | 0 
0.915234 -1.4207 0.926953 | 24.9195 | 0 
0.852734 -1.49492 0.848828 | 31.8433 | 0 
0.993359 -1.4832 1.00898 | 24.1737 | 0 
0.993359 -1.64336 0.829297 | 25.8152 | 0 
0.919141 -1.6668 0.985547 | 20.8915 | 0 
0.848828 -1.64336 1.2668 | 36.4714 | 0 
0.821484 -1.51055 1.06758 | 30.6204 | 0 
0.977734 -1.65117 1.13008 | 24.0333 | 0 
1.09102 -1.69023 1.2707 | 32.2177 | 0 
1.07148 -1.50664 1.05195 | 26.0359 | 0 
1.22773 -1.63555 1.16914 | 35.8773 | 0 
1.11445 -1.68633 1.04805 | 22.0073 | 0 
1.2043 -1.51445 0.973828 | 31.9536 | 0 
1.15352 -1.39727 1.00117 | 26.5758 | 0 
1.11055 -1.32305 0.848828 | 24.6332 | 0 
1.19648 -1.30352 0.962109 | 24.3384 | 0 
1.2707 -1.35039 1.08711 | 33.2757 | 0 
1.18867 -1.31133 1.29023 | 37.2984 | 0 
1.42305 -1.31914 1.11445 | 40.546 | 0 
1.37227 -1.33477 0.985547 | 36.7035 | 0 
1.41914 -1.60039 0.966016 | 42.5482 | 0 
1.46992 -1.57695 1.15742 | 49.1684 | 0 
1.74336 -1.58086 1.16133 | 40.7535 | 0 
1.7082 -1.56133 0.946484 | 38.6744 | 0 
1.7082 -1.31914 0.985547 | 32.4756 | 0 
1.72383 -1.31523 1.19258 | 38.2155 | 0 
1.71992 -1.26445 1.46602 | 49.2646 | 0 
1.67305 -1.28008 1.65742 | 49.2066 | 0 
1.31758 -1.37383 1.46602 | 56.6839 | 0 
1.50508 -1.61992 1.59883 | 62.8668 | 0 
1.78242 -1.6043 1.40352 | 51.8442 | 0 
1.49336 -1.75273 1.55586 | 56.9328 | 0 
1.30586 -2.06523 1.50508 | 42.4971 | 0 
1.36055 -2.08477 1.60273 | 44.5399 | 0 
1.56367 -2.08086 1.63789 | 46.407 | 0 
1.68086 -2.1082 1.50117 | 45.9553 | 0 
1.74727 -2.09648 1.23164 | 29.7679 | 0 
1.46602 -2.09648 1.29414 | 42.5121 | 0 
1.47773 -1.86992 1.26289 | 41.1447 | 0 
1.5832 -1.71758 1.18086 | 43.3296 | 0 
1.59883 -1.74883 1.02852 | 35.0394 | 0 
1.56758 -1.74492 0.860547 | 39.2729 | 0 
1.43086 -1.9207 0.813672 | 32.7906 | 0 
1.33711 -2.0457 0.852734 | 26.2975 | 0 
1.4543 -2.13555 0.821484 | 36.0116 | 0 
1.67305 -2.06523 0.801953 | 29.978 | 0 
1.75117 -2.13164 0.813672 | 27.5342 | 0 
1.7043 -2.01836 0.743359 | 30.8469 | 0 
1.69648 -2.09258 0.575391 | 41.431 | 0 
1.71211 -2.02227 0.446484 | 39.1162 | 0 
1.7082 -1.7332 0.462109 | 49.5029 | 0 
1.65742 -1.74102 0.626172 | 49.2476 | 0 
1.3918 -1.94023 0.477734 | 44.3056 | 0 
1.35273 -2.19805 0.454297 | 49.2675 | 0 
1.41914 -2.15898 0.766797 | 39.5346 | 0 
1.18086 -2.15508 0.602734 | 34.5644 | 0 
1.29414 -1.98711 0.458203 | 38.2613 | 0 
1.07148 -2.15117 0.430859 | 30.2061 | 0 
0.989453 -1.95977 0.438672 | 24.6186 | 0 
0.825391 -2.18242 0.411328 | 35.4197 | 0 
1.00898 -2.19023 0.692578 | 26.1734 | 0 
1.02461 -1.99102 0.665234 | 20.6695 | 0 
0.837109 -1.98711 0.719922 | 21.875 | 0 
0.848828 -1.92461 0.645703 | 26.2186 | 0 
1.04805 -1.93242 0.778516 | 14.9968 | 0 
0.997266 -1.76055 0.571484 | 32.7681 | 0 
0.841016 -1.73711 0.762891 | 28.8948 | 0 
0.837109 -1.93633 0.337109 | 25.3534 | 0 
0.973828 -1.7293 0.329297 | 30.2581 | 0 
1.16133 -1.89727 0.321484 | 26.118 | 0 
1.18867 -1.70586 0.344922 | 39.038 | 0 
1.06367 -1.93242 0.583203 | 25.5477 | 0 
1.10273 -1.7332 0.747266 | 28.0156 | 0 
1.0793 -1.4832 0.766797 | 34.0594 | 0 
1.0793 -1.63945 0.606641 | 39.6751 | 0 
1.17305 -1.6668 0.364453 | 41.2184 | 0 
0.911328 -1.63945 0.395703 | 39.5164 | 0 
0.837109 -1.54961 0.680859 | 42.0886 | 0 
0.805859 -1.27617 0.704297 | 33.8053 | 0 
0.883984 -1.44023 0.372266 | 41.7872 | 0 
0.981641 -1.21758 0.387891 | 28.2599 | 0 
1.14961 -1.38945 0.399609 | 43.2731 | 0 
1.2043 -1.24492 0.415234 | 38.6362 | 0 
1.08711 -1.40508 0.559766 | 42.5069 | 0 
1.05977 -1.2918 0.762891 | 25.8577 | 0 
1.53633 -1.2918 0.575391 | 55.5957 | 0 
1.66914 -1.3543 0.610547 | 53.635 | 0 
1.30977 -1.69023 0.602734 | 50.2588 | 0 
1.66133 -1.49883 0.368359 | 57.1995 | 0 
1.3957 -1.2332 0.344922 | 46.0797 | 0 
1.59883 -1.55742 0.204297 | 49.6806 | 0 
1.41523 -1.66289 0.247266 | 48.4764 | 0 
1.30977 -1.69414 0.00117187 | 31.6916 | 0 
1.63398 -1.61211 -0.0261719 | 39.6852 | 0 
1.67305 -1.36992 0.0128906 | 36.1995 | 0 
1.5207 -1.2918 -0.0261719 | 36.6285 | 0 
1.35273 -1.29961 -0.0730469 | 33.6419 | 0 
1.13008 -1.3543 -0.158984 | 26.9766 | 0 
1.19648 -1.40508 -0.0535156 | 28.9428 | 0 
1.15352 -1.30742 0.0363281 | 21.1331 | 0 
1.29414 -1.26836 0.219922 | 35.3423 | 0 
1.06367 -1.32695 0.278516 | 30.1904 | 0 
1.00508 -1.31133 0.282422 | 28.5964 | 0 
0.872266 -1.3582 0.251172 | 32.0806 | 0 
0.907422 -1.31914 -0.112109 | 20.8096 | 0 
1.04023 -1.2918 -0.0808594 | 16.9344 | 0 
0.973828 -1.29961 -0.0183594 | 15.9058 | 0 
0.977734 -1.40898 -0.0730469 | 22.488 | 0 
0.969922 -1.33867 -0.0886719 | 19.7186 | 0 
0.829297 -1.35039 -0.0261719 | 23.7658 | 0 
0.848828 -1.51445 -0.127734 | 30.2225 | 0 
1.02461 -1.59258 -0.143359 | 25.8712 | 0 
0.883984 -1.65117 0.290234 | 34.4526 | 0 
1.00898 -1.48711 0.290234 | 35.7981 | 0 
1.05977 -1.68242 0.255078 | 29.1542 | 0 
1.2668 -1.51055 0.180859 | 40.7418 | 0 
1.22773 -1.65117 0.0363281 | 28.9181 | 0 
1.25508 -1.45586 -0.194141 | 40.2312 | 0 
1.19648 -1.75273 -0.0769531 | 22.1846 | 0 
1.11836 -1.78008 -0.123828 | 18.0733 | 0 
1.13008 -1.89727 -0.0847656 | 11.4391 | 0 
1.28633 -1.89336 -0.135547 | 23.0954 | 0 
1.2707 -1.90508 0.0246094 | 18.3875 | 0 
1.13398 -1.88555 -0.0261719 | 10.7922 | 0 
1.14961 -1.75664 -0.0261719 | 18.2282 | 0 
1.18477 -1.71758 0.126172 | 25.3889 | 0 
1.24336 -1.91289 0.227734 | 24.9062 | 0 
1.2043 -1.90898 0.173047 | 19.2344 | 0 
1.07539 -1.94805 0.0910156 | 8.1799 | 0 
1.11445 -1.82695 0.243359 | 22.0492 | 0 
1.07148 -1.71758 0.270703 | 28.4835 | 0 
1.01289 -1.70977 0.145703 | 20.4103 | 0 
1.0207 -1.7957 0.208203 | 18.9658 | 0 
1.04805 -1.94414 0.223828 | 14.353 | 0 
1.0207 -1.82695 0.110547 | 12.1442 | 0 
0.926953 -1.94023 0.0832031 | 7.69805 | 0 
0.907422 -1.84258 0.0792969 | 11.5908 | 0 
0.841016 -1.94414 0.0714844 | 10.6815 | 0 
0.825391 -1.74102 0.247266 | 29.6042 | 0 
0.915234 -1.74883 -0.0261719 | 15.4904 | 0 
0.919141 -1.74883 -0.182422 | 21.1536 | 0 
1.03242 -1.78789 -0.155078 | 16.5182 | 0 
0.973828 -1.78398 0.0402344 | 12.4662 | 0 
1.00117 -1.86602 0.0167969 | 7.8797 | 0 
0.973828 -1.84648 -0.0261719 | 8.93061 | 0 
0.926953 -1.89727 0.00898437 | 7.52177 | 0 
1.04805 -1.9207 -0.190234 | 12.8241 | 0 
0.930859 -1.83086 -0.127734 | 13.3504 | 0 
0.801953 -1.83086 -0.116016 | 18.4784 | 0 
0.809766 -1.8582 0.0402344 | 14.4737 | 0 
0.837109 -1.98711 0.0324219 | 9.68592 | 0 
0.837109 -2.01836 -0.0183594 | 9.70374 | 0 
0.856641 -1.96758 -0.100391 | 10.5361 | 0 
0.887891 -2.0457 -0.135547 | 11.1938 | 0 
0.899609 -1.95586 -0.0808594 | 8.21071 | 0 
0.942578 -1.98711 -0.190234 | 11.8823 | 0 
0.958203 -2.03789 -0.0964844 | 7.48736 | 0 
0.993359 -2.02617 -0.162891 | 10.0582 | 0 
1.04023 -1.99102 -0.100391 | 7.31436 | 0 
1.02461 -1.99492 0.0167969 | 5.20986 | 0 
0.973828 -1.95586 -0.0535156 | 5.85364 | 0 
0.938672 -2.03789 0.0480469 | 6.50398 | 0 
1.00117 -2.05352 -0.0144531 | 5.82097 | 0 
1.02852 -2.07695 0.0128906 | 6.71092 | 0 
0.954297 -2.08086 -0.0183594 | 6.98001 | 0 
1.02852 -2.1707 0.0324219 | 11.3589 | 0 
1.00898 -2.07695 -0.147266 | 10.4997 | 0 
0.876172 -2.1082 -0.186328 | 16.4526 | 0 
0.891797 -2.12383 -0.0613281 | 11.1434 | 0 
0.864453 -2.12773 0.0128906 | 11.7716 | 0 
0.907422 -2.15898 0.106641 | 13.8906 | 0 
0.809766 -2.13945 0.298047 | 28.2268 | 0 
0.821484 -2.0457 0.262891 | 21.8054 | 0 
0.825391 -1.97148 0.130078 | 13.3414 | 0 
0.895703 -2.01836 0.145703 | 10.9411 | 0 
0.942578 -1.9832 0.165234 | 10.4706 | 0 
1.00117 -2.03008 0.165234 | 10.2515 | 0 
1.02852 -1.95977 0.184766 | 11.4256 | 0 
0.938672 -1.9832 0.231641 | 14.5058 | 0 
0.993359 -2.05352 0.200391 | 12.7457 | 0 
1.04414 -2.14727 0.208203 | 17.5144 | 0 
1.00898 -2.19023 0.110547 | 14.4926 | 0 
1.08711 -2.1668 0.133984 | 15.7018 | 0 
1.07539 -2.11602 0.219922 | 17.4461 | 0 
1.05977 -1.99492 0.180859 | 11.6286 | 0 
1.09102 -2.01445 0.161328 | 11.619 | 0 
1.13398 -1.9832 0.149609 | 12.7385 | 0 
1.29805 -1.9832 0.173047 | 24.0279 | 0 
1.29414 -2.04961 0.204297 | 26.305 | 0 
1.28633 -2.14727 0.0441406 | 22.8963 | 0 
1.12617 -2.19805 0.00898437 | 15.8902 | 0 
1.16523 -2.06914 0.00898437 | 11.5063 | 0 
1.2668 -1.96758 -0.00273438 | 16.7378 | 0 
1.28242 -1.99102 -0.0769531 | 18.8 | 0 
1.13398 -1.95977 -0.0925781 | 10.4368 | 0 
1.09883 -2.04961 -0.127734 | 10.8247 | 0 
1.11055 -2.10039 -0.123828 | 12.7784 | 0 
1.19648 -2.13555 -0.119922 | 18.8267 | 0 
1.35664 -2.10039 -0.104297 | 26.4689 | 0 
1.54414 -2.01445 -0.119922 | 28.8228 | 0 
1.30977 -2.03008 -0.0457031 | 20.0939 | 0 
1.51289 -2.13164 -0.0691406 | 30.9636 | 0 
1.41523 -2.11602 0.0871094 | 29.1049 | 0 
1.48164 -2.07305 0.0519531 | 27.992 | 0 
1.3918 -1.9168 0.0597656 | 25.4239 | 0 
1.49336 -1.78398 0.0597656 | 33.9853 | 0 
1.42305 -1.75273 0.0207031 | 33.8639 | 0 
1.47383 -1.92852 0.00117187 | 26.7485 | 0 
1.67305 -1.7293 -0.00273438 | 31.7371 | 0 
1.57148 -1.8582 -0.139453 | 32.2626 | 0 
1.71211 -1.93242 0.0480469 | 20.3664 | 0 
1.78242 -1.82305 -0.162891 | 24.8697 | 0 
1.71602 -1.71367 0.0910156 | 31.8627 | 0 
1.56758 -1.8543 0.0792969 | 30.1357 | 0 
1.69258 -1.93242 0.266797 | 32.1418 | 0 
1.76289 -2.00273 0.106641 | 18.4846 | 0 
1.62617 -1.96367 0.192578 | 30.2856 | 0 
1.57148 -2.11992 0.173047 | 34.0598 | 0 
1.75117 -2.17852 0.0246094 | 23.5168 | 0 
1.63398 -2.06914 0.0246094 | 24.6609 | 0 
1.69258 -1.97148 -0.0964844 | 22.2331 | 0 
1.66914 -2.08086 -0.186328 | 29.3838 | 0 
1.79805 -2.19805 -0.201953 | 28.9521 | 0 
1.71992 -1.98711 -0.291797 | 31.4994 | 0 
1.61836 -2.17852 -0.241016 | 39.8768 | 0 
1.45039 -2.03789 -0.241016 | 35.5507 | 0 
1.44648 -1.76836 -0.205859 | 40.8128 | 0 
1.55195 -1.70195 -0.366016 | 54.5452 | 0 
1.49336 -1.91289 -0.658984 | 43.1877 | 0 
1.49336 -2.19023 -0.670703 | 48.5796 | 0 
1.71211 -2.17852 -0.694141 | 39.6135 | 0 
1.71602 -1.99883 -0.776172 | 28.0248 | 0 
1.78633 -2.19414 -0.912891 | 24.5985 | 0 
1.79414 -2.08477 -1.13945 | 21.1099 | 0 
1.69648 -1.9793 -0.998828 | 21.1776 | 0 
1.59102 -2.19023 -0.955859 | 33.3656 | 0 
1.4543 -1.9793 -0.998828 | 26.7055 | 0 
1.37617 -2.18633 -0.979297 | 30.9456 | 0 
1.52461 -2.09258 -0.948047 | 29.6555 | 0 
1.41133 -1.97539 -0.905078 | 27.0466 | 0 
1.52852 -1.87773 -0.912891 | 30.8048 | 0 
1.40352 -1.75664 -0.936328 | 34.5229 | 0 
1.45039 -1.73711 -0.987109 | 36.4555 | 0 
1.63008 -1.90898 -0.951953 | 26.0928 | 0 
1.73555 -1.74883 -1.01055 | 28.0942 | 0 
1.61836 -1.81523 -0.858203 | 33.7387 | 0 
1.73945 -1.91289 -0.846484 | 23.8267 | 0 
1.78633 -1.77227 -0.768359 | 32.114 | 0 
1.74336 -1.52617 -0.819141 | 42.1128 | 0 
1.79805 -1.62383 -0.873828 | 33.7643 | 0 
1.62227 -1.6668 -0.959766 | 38.8334 | 0 
1.38398 -1.63945 -0.983203 | 39.485 | 0 
1.3957 -1.49492 -0.936328 | 43.7726 | 0 
1.36445 -1.2293 -0.905078 | 31.2087 | 0 
1.41133 -1.44805 -0.983203 | 43.0706 | 0 
1.46602 -1.22539 -0.955859 | 33.1794 | 0 
1.67305 -1.44023 -0.998828 | 39.8234 | 0 
1.73555 -1.2293 -0.959766 | 25.372 | 0 
1.75508 -1.42461 -0.846484 | 38.7085 | 0 
1.78242 -1.2293 -0.780078 | 30.0979 | 0 
1.79414 -1.31914 -0.526172 | 46.5719 | 0 
1.78242 -1.37383 -0.448047 | 49.7329 | 0 
1.60273 -1.64727 -0.455859 | 59.1119 | 0 
1.34883 -1.42852 -0.420703 | 57.6475 | 0 
1.26289 -1.22148 -0.576953 | 41.3004 | 0 
1.25117 -1.30352 -0.397266 | 44.7835 | 0 
1.18867 -1.46367 -0.350391 | 45.5577 | 0 
1.28242 -1.64336 -0.686328 | 46.9443 | 0 
0.934766 -1.66289 -0.627734 | 37.0139 | 0 
0.883984 -1.61602 -0.268359 | 34.6159 | 0 
0.954297 -1.53398 -0.311328 | 37.3018 | 0 
0.911328 -1.34648 -0.268359 | 31.0766 | 0 
0.981641 -1.2918 -0.315234 | 29.3793 | 0 
1.00508 -1.26055 -0.510547 | 33.5052 | 0 
1.04805 -1.4207 -0.655078 | 38.3992 | 0 
0.981641 -1.22148 -0.807422 | 17.8618 | 0 
0.825391 -1.42852 -0.733203 | 38.7593 | 0 
0.950391 -1.43242 -0.916797 | 24.7251 | 0 
0.895703 -1.25664 -0.916797 | 17.0462 | 0 
0.809766 -1.23711 -1.00273 | 18.7165 | 0 
0.813672 -1.22539 -1.08867 | 19.4263 | 0 
0.837109 -1.40117 -1.08867 | 28.2907 | 0 
0.997266 -1.42461 -1.03008 | 23.1635 | 0 
1.0207 -1.2293 -1.17852 | 18.3872 | 0 
1.17305 -1.26055 -1.0457 | 20.4813 | 0 
1.25117 -1.40117 -0.959766 | 32.9746 | 0 
1.18086 -1.23711 -0.862109 | 22.1744 | 0 
1.11055 -1.25664 -0.729297 | 27.3754 | 0 
1.10273 -1.41289 -0.908984 | 26.1808 | 0 
1.24727 -1.4793 -0.877734 | 37.0666 | 0 
1.29023 -1.66289 -1.06914 | 34.207 | 0 
1.06367 -1.4832 -1.04961 | 25.6488 | 0 
1.0832 -1.65508 -1.12773 | 25.1883 | 0 
0.973828 -1.67461 -1.05352 | 20.1192 | 0 
1.03633 -1.50273 -1.15898 | 29.5213 | 0 
0.837109 -1.51055 -0.994922 | 28.7515 | 0 
0.923047 -1.61992 -0.873828 | 25.6603 | 0 
0.825391 -1.54961 -0.729297 | 39.8679 | 0 
0.911328 -1.7957 -0.756641 | 22.8904 | 0 
1.0207 -1.7957 -0.772266 | 20.7205 | 0 
1.02461 -1.93242 -0.768359 | 15.2308 | 0 
0.864453 -1.83477 -0.823047 | 18.6958 | 0 
0.868359 -1.84258 -0.944141 | 13.3859 | 0 
0.942578 -1.92461 -0.901172 | 9.01639 | 0 
1.03633 -1.8543 -0.912891 | 10.9718 | 0 
1.0207 -1.72539 -0.916797 | 17.8196 | 0 
0.829297 -1.81133 -0.908984 | 17.8485 | 0 
0.844922 -1.81523 -1.06523 | 16.3702 | 0 
0.911328 -1.81523 -1.11211 | 15.2697 | 0 
0.841016 -1.83477 -1.13555 | 18.2861 | 0 
0.923047 -1.9207 -1.09648 | 9.88742 | 0 
0.856641 -1.9207 -1.02227 | 10.5712 | 0 
0.923047 -1.84258 -1.06133 | 11.7588 | 0 
0.969922 -1.90508 -1.01445 | 7.54488 | 0 
0.969922 -1.83086 -0.955859 | 10.9019 | 0 
1.02852 -1.86211 -1.06523 | 10.1726 | 0 
1.0168 -1.88945 -1.11211 | 10.5932 | 0 
0.962109 -1.82695 -1.1082 | 13.3481 | 0 
0.973828 -1.71367 -1.11211 | 19.8995 | 0 
1.00117 -1.77227 -0.951953 | 14.1076 | 0 
1.09102 -1.78789 -1.04961 | 15.2032 | 0 
1.1418 -1.77227 -1.11211 | 20.3802 | 0 
1.12617 -1.90508 -1.10039 | 12.7404 | 0 
1.13008 -1.82695 -1.06523 | 15.0871 | 0 
1.24336 -1.83086 -1.06914 | 21.688 | 0 
1.18867 -1.75664 -1.08477 | 22.8847 | 0 
1.29023 -1.80352 -0.862109 | 28.3865 | 0 
1.10664 -1.7918 -0.787891 | 22.2636 | 0 
1.11445 -1.78398 -0.834766 | 20.4008 | 0 
1.1457 -1.90898 -0.846484 | 15.4726 | 0 
1.25117 -1.83477 -0.795703 | 27.7285 | 0 
1.27461 -2.06914 -0.858203 | 22.8246 | 0 
1.08711 -2.02227 -0.764453 | 16.5074 | 0 
1.12617 -2.07305 -0.854297 | 14.2176 | 0 
1.1457 -2.17461 -0.842578 | 20.6013 | 0 
1.2707 -2.09258 -0.733203 | 30.5263 | 0 
1.17695 -2.10039 -1.02227 | 14.4336 | 0 
1.20039 -2.08086 -1.19805 | 22.1958 | 0 
1.18867 -1.95977 -1.14727 | 17.113 | 0 
1.2043 -2.0457 -1.03398 | 14.5086 | 0 
1.12227 -1.96758 -1.02227 | 9.28884 | 0 
1.13008 -2.04961 -0.955859 | 10.4138 | 0 
1.05586 -2.01445 -1.02227 | 6.96641 | 0 
1.10664 -1.9793 -0.998828 | 8.38673 | 0 
1.0793 -1.98711 -1.08086 | 8.79333 | 0 
1.1418 -2.01836 -1.08867 | 11.8546 | 0 
1.15742 -2.15898 -1.09258 | 17.9328 | 0 
1.09492 -2.1043 -1.00664 | 10.4468 | 0 
1.05977 -2.1707 -0.975391 | 12.8238 | 0 
1.03633 -2.1043 -0.994922 | 8.82783 | 0 
1.02852 -2.1668 -1.06523 | 12.8831 | 0 
0.985547 -2.17461 -1.09258 | 14.018 | 0 
0.942578 -2.07305 -1.1668 | 13.2332 | 0 
1.02461 -1.99492 -1.19023 | 12.903 | 0 
1.00117 -2.0418 -0.998828 | 6.51234 | 0 
0.977734 -2.02617 -1.06523 | 7.25698 | 0 
0.950391 -2.00664 -0.963672 | 6.60847 | 0 
0.899609 -1.95977 -1.06523 | 8.85514 | 0 
0.923047 -2.00664 -1.00664 | 7.05567 | 0 
0.844922 -2.01445 -0.994922 | 10.1913 | 0 
0.801953 -1.99883 -1.16289 | 17.5803 | 0 
0.809766 -2.08086 -1.1707 | 19.173 | 0 
0.856641 -2.18242 -1.0418 | 16.5952 | 0 
0.844922 -2.14727 -0.944141 | 15.1929 | 0 
0.958203 -2.15898 -0.905078 | 13.0558 | 0 
1.0207 -2.08086 -0.905078 | 9.26497 | 0 
0.926953 -2.04961 -0.877734 | 10.1558 | 0 
1.0207 -1.9793 -0.842578 | 10.344 | 0 
0.801953 -1.95195 -0.908984 | 14.1162 | 0 
0.837109 -2.00664 -0.787891 | 17.7945 | 0 
0.989453 -1.95977 -0.815234 | 11.8391 | 0 
1.02461 -2.1082 -0.768359 | 17.2764 | 0 
0.860547 -2.12383 -0.658984 | 27.5739 | 0 
0.864453 -2.03008 -0.533984 | 28.5173 | 0 
0.950391 -2.02227 -0.627734 | 22.915 | 0 
0.958203 -2.09258 -0.533984 | 27.3425 | 0 
1.10273 -2.11602 -0.686328 | 24.6126 | 0 
1.23164 -2.06523 -0.580859 | 34.5338 | 0 
1.05977 -1.8582 -0.674609 | 24.0029 | 0 
1.2043 -1.80352 -0.576953 | 37.7578 | 0 
1.04023 -1.81133 -0.690234 | 25.0661 | 0 
0.966016 -1.84648 -0.549609 | 28.6923 | 0 
1.02852 -1.7957 -0.389453 | 29.445 | 0 
0.954297 -1.83477 -0.319141 | 23.9195 | 0 
0.829297 -1.81133 -0.237109 | 24.6783 | 0 
1.10273 -1.80742 -0.205859 | 20.269 | 0 
1.18867 -1.81914 -0.397266 | 34.9005 | 0 
1.18086 -1.84648 -0.241016 | 24.3912 | 0 
1.16133 -1.83086 -0.416797 | 33.3864 | 0 
1.13398 -2.05352 -0.237109 | 18.6492 | 0 
1.19648 -2.07305 -0.420703 | 32.4258 | 0 
1.20039 -2.11602 -0.201953 | 22.4604 | 0 
1.1418 -2.10039 -0.428516 | 30.5446 | 0 
0.946484 -2.07695 -0.209766 | 14.4587 | 0 
0.962109 -2.03008 -0.408984 | 24.0832 | 0 
0.887891 -2.0418 -0.225391 | 16.1909 | 0 
0.868359 -2.10039 -0.424609 | 29.3992 | 0 
0.692578 -2.08867 -0.225391 | 28.3954 | 0 
0.645703 -2.01836 -0.201953 | 27.7188 | 0 
0.473828 -2.13945 -0.213672 | 36.0491 | 0 
0.341016 -2.03008 -0.213672 | 27.6105 | 0 
0.442578 -1.94805 -0.201953 | 30.9426 | 0 
0.555859 -1.72539 -0.295703 | 47.1362 | 0 
0.598828 -1.77617 -0.518359 | 50.2118 | 0 
0.520703 -2.06914 -0.627734 | 42.7395 | 0 
0.563672 -2.10039 -0.643359 | 42.4881 | 0 
0.731641 -2.02617 -0.623828 | 33.4387 | 0 
0.798047 -2.1082 -0.768359 | 23.7709 | 0 
0.637891 -2.06133 -0.776172 | 30.8305 | 0 
0.747266 -1.99883 -0.842578 | 19.9414 | 0 
0.641797 -2.10039 -0.850391 | 27.8601 | 0 
0.704297 -2.15117 -1.01055 | 23.1809 | 0 
0.626172 -2.13945 -1.17852 | 32.6344 | 0 
0.591016 -2.03008 -0.994922 | 24.0524 | 0 
0.723828 -1.96758 -1.15117 | 21.7462 | 0 
0.680859 -1.94023 -0.967578 | 20.2768 | 0 
0.645703 -1.9207 -1.19805 | 29.6445 | 0 
0.571484 -1.82305 -0.971484 | 29.3319 | 0 
0.723828 -1.72148 -0.889453 | 30.0145 | 0 
0.618359 -1.94414 -0.897266 | 24.9486 | 0 
0.426953 -1.74883 -0.889453 | 35.3874 | 0 
0.383984 -1.90117 -0.936328 | 24.7538 | 0 
0.380078 -1.7332 -1.01055 | 32.5381 | 0 
0.489453 -1.84648 -0.951953 | 29.2878 | 0 
0.419141 -1.99883 -0.979297 | 23.9517 | 0 
0.469922 -2.00664 -1.15117 | 29.5852 | 0 
0.489453 -2.11211 -1.00664 | 28.0807 | 0 
0.333203 -2.15898 -0.866016 | 28.4422 | 0 
0.325391 -1.98711 -0.811328 | 25.5486 | 0 
0.255078 -2.1668 -0.776172 | 29.0516 | 0 
0.141797 -2.07305 -0.768359 | 18.5051 | 0 
0.251172 -2.02227 -0.717578 | 26.862 | 0 
0.266797 -2.01836 -0.862109 | 19.5323 | 0 
0.0871094 -1.9832 -0.854297 | 10.0928 | 0 
0.133984 -2.0418 -0.850391 | 12.6944 | 0 
0.0871094 -2.11992 -0.846484 | 13.6882 | 0 
0.231641 -2.11211 -0.834766 | 21.3628 | 0 
0.184766 -2.12773 -1.00664 | 14.6499 | 0 
0.258984 -2.12383 -1.13945 | 22.9167 | 0 
0.126172 -2.11992 -1.14727 | 15.4984 | 0 
0.149609 -2.16289 -1.01055 | 14.6419 | 0 
0.0519531 -2.11992 -0.991016 | 8.72984 | 0 
0.165234 -2.03789 -1.00273 | 10.3916 | 0 
0.133984 -1.95195 -1.03398 | 8.91569 | 0 
0.0714844 -1.9832 -1.00273 | 5.99263 | 0 
0.102734 -2.0418 -1.16289 | 12.6826 | 0 
0.235547 -2.0457 -1.18633 | 21.2556 | 0 
0.231641 -1.8543 -0.987109 | 17.2541 | 0 
0.258984 -1.83086 -1.1707 | 25.7103 | 0 
0.122266 -1.85039 -1.19414 | 18.3375 | 0 
0.161328 -1.90508 -1.01055 | 11.1373 | 0 
0.149609 -1.77227 -0.994922 | 16.8661 | 0 
0.231641 -1.77227 -1.19805 | 28.8778 | 0 
0.219922 -1.77227 -0.897266 | 22.7333 | 0 
0.219922 -1.85039 -0.701953 | 29.162 | 0 
0.149609 -1.90898 -0.897266 | 12.1771 | 0 
0.0910156 -1.9168 -0.725391 | 18.6754 | 0 
0.0871094 -1.80742 -0.709766 | 24.2099 | 0 
-0.0613281 -1.75664 -0.920703 | 15.4691 | 0 
0.0285156 -1.76055 -0.760547 | 22.5145 | 0 
0.0402344 -1.87773 -0.713672 | 19.426 | 0 
-0.0417969 -1.91289 -0.752734 | 15.8594 | 0 
0.00507812 -1.9207 -0.944141 | 6.41097 | 0 
0.0402344 -1.85039 -0.826953 | 13.8807 | 0 
-0.0613281 -1.84648 -0.948047 | 9.87568 | 0 
-0.100391 -1.92852 -0.893359 | 9.6055 | 0 
-0.182422 -1.90508 -0.823047 | 17.5166 | 0 
-0.162891 -1.76836 -0.780078 | 25.5285 | 0 
-0.178516 -1.75273 -0.951953 | 19.9486 | 0 
-0.166797 -1.76055 -1.09648 | 20.4565 | 0 
-0.0300781 -1.72539 -1.08477 | 17.2578 | 0 
0.0246094 -1.72148 -1.04961 | 16.4491 | 0 
0.0246094 -1.7957 -1.07305 | 12.6985 | 0 
-0.0691406 -1.88555 -1.07305 | 9.15147 | 0 
-0.0339844 -1.92461 -0.967578 | 6.17648 | 0 
0.0167969 -1.9207 -1.06914 | 7.03269 | 0 
0.0167969 -1.91289 -1.18242 | 12.4544 | 0 
0.00117187 -1.88164 -1.08867 | 8.87849 | 0 
-0.0144531 -1.88164 -1.15117 | 11.7292 | 0 
-0.0535156 -1.91289 -1.09258 | 8.52117 | 0 
-0.0847656 -1.86211 -1.11211 | 12.0007 | 0 
-0.174609 -1.89336 -1.12773 | 15.5388 | 0 
-0.194141 -1.8582 -1.06914 | 15.8376 | 0 
-0.158984 -1.92461 -0.994922 | 10.4134 | 0 
-0.166797 -2.05352 -0.963672 | 10.9999 | 0 
-0.127734 -1.96758 -1.07305 | 9.33224 | 0 
-0.190234 -2.04961 -1.17461 | 17.8694 | 0 
-0.119922 -1.96758 -1.19023 | 14.5486 | 0 
-0.0144531 -2.06523 -1.1707 | 11.7267 | 0 
0.00117187 -1.97148 -1.15117 | 9.55417 | 0 
0.0441406 -1.9832 -1.05352 | 6.04273 | 0 
-0.0222656 -2.01055 -0.979297 | 5.20595 | 0 
-0.0339844 -2.0418 -1.07305 | 6.92639 | 0 
0.00507812 -2.05742 -0.963672 | 6.06997 | 0 
0.0207031 -2.08867 -1.07305 | 8.14609 | 0 
-0.0417969 -2.08867 -1.00664 | 7.24149 | 0 
-0.0261719 -2.19023 -0.994922 | 12.2601 | 0 
-0.0378906 -2.11992 -1.19023 | 15.2336 | 0 
-0.151172 -2.09648 -1.1668 | 16.7505 | 0 
-0.0847656 -2.19805 -1.06133 | 14.8767 | 0 
-0.119922 -2.07695 -0.998828 | 9.17932 | 0 
-0.139453 -2.18242 -0.826953 | 20.2971 | 0 
-0.108203 -2.09258 -0.873828 | 12.0034 | 0 
-0.0144531 -2.16289 -0.869922 | 13.4303 | 0 
0.00507812 -2.11602 -0.846484 | 12.0427 | 0 
-0.0339844 -2.06133 -0.842578 | 10.4262 | 0 
-0.00273438 -1.97148 -0.866016 | 8.13744 | 0 
-0.158984 -2.0418 -0.936328 | 10.7914 | 0 
-0.151172 -1.9832 -0.877734 | 11.7724 | 0 
-0.178516 -1.96367 -0.701953 | 23.2712 | 0 
-0.0691406 -2.04961 -0.733203 | 17.2074 | 0 
-0.174609 -2.15117 -0.604297 | 32.5719 | 0 
-0.147266 -1.99883 -0.537891 | 28.0086 | 0 
-0.112109 -2.14336 -0.436328 | 30.1771 | 0 
-0.0457031 -2.0418 -0.416797 | 23.7614 | 0 
-0.0378906 -1.9793 -0.225391 | 12.7963 | 0 
0.00507812 -2.06523 -0.213672 | 12.8815 | 0 
-0.0183594 -2.07695 -0.225391 | 14.0376 | 0 
0.130078 -2.1082 -0.405078 | 28.2806 | 0 
0.212109 -2.02617 -0.420703 | 30.8882 | 0 
0.188672 -2.13555 -0.487109 | 34.4546 | 0 
0.130078 -2.01445 -0.487109 | 27.4787 | 0 
0.188672 -1.82695 -0.475391 | 35.0724 | 0 
0.219922 -1.79961 -0.420703 | 37.3028 | 0 
0.149609 -1.83086 -0.369922 | 29.5907 | 0 
0.0441406 -1.81914 -0.444141 | 29.0721 | 0 
-0.104297 -1.82695 -0.354297 | 26.9908 | 0 
-0.194141 -1.76445 -0.463672 | 38.7616 | 0 
-0.147266 -1.61602 -0.678516 | 38.8784 | 0 
-0.151172 -1.62773 -0.330859 | 38.777 | 0 
0.149609 -1.60039 -0.346484 | 40.5794 | 0 
0.278516 -1.4168 -0.518359 | 52.7336 | 0 
0.235547 -1.27617 -0.229297 | 31.1697 | 0 
0.157422 -1.36602 -0.311328 | 36.9129 | 0 
-0.0261719 -1.22539 -0.201953 | 17.1646 | 0 
-0.186328 -1.43633 -0.276172 | 39.1267 | 0 
-0.0378906 -1.2332 -0.459766 | 30.6444 | 0 
-0.135547 -1.39336 -0.662891 | 38.8539 | 0 
-0.131641 -1.24102 -0.807422 | 21.3451 | 0 
-0.0339844 -1.44414 -0.823047 | 27.9514 | 0 
-0.158984 -1.39336 -0.940234 | 25.9735 | 0 
-0.00664063 -1.22539 -0.858203 | 14.4199 | 0 
-0.178516 -1.28789 -0.842578 | 24.9225 | 0 
-0.100391 -1.2918 -1.02617 | 17.3871 | 0 
-0.135547 -1.27227 -1.14336 | 21.5412 | 0 
-0.0105469 -1.28398 -1.15508 | 19.5072 | 0 
-0.0496094 -1.40117 -0.955859 | 21.8767 | 0 
-0.182422 -1.34648 -1.19414 | 31.4122 | 0 
-0.127734 -1.56914 -1.05742 | 26.3631 | 0 
0.0441406 -1.57305 -1.12383 | 25.9637 | 0 
-0.0730469 -1.67852 -1.04961 | 19.7832 | 0 
-0.194141 -1.62773 -1.11602 | 29.9844 | 0 
-0.139453 -1.61992 -0.850391 | 28.3614 | 0 
0.00117187 -1.5418 -0.854297 | 26.6703 | 0 
-0.0574219 -1.63945 -0.787891 | 27.9981 | 0 
0.102734 -1.59648 -0.908984 | 25.2067 | 0 
0.243359 -1.53008 -0.869922 | 35.7201 | 0 
0.243359 -1.57695 -1.05742 | 32.7445 | 0 
0.141797 -1.51055 -0.991016 | 26.9911 | 0 
0.219922 -1.4168 -1.06914 | 30.9133 | 0 
0.0832031 -1.44805 -1.12383 | 27.0514 | 0 
0.110547 -1.37383 -1.03789 | 22.5945 | 0 
0.0714844 -1.21758 -0.959766 | 11.6954 | 0 
0.114453 -1.20586 -1.16289 | 17.3537 | 0 
0.270703 -1.20195 -1.15117 | 25.349 | 0 
0.200391 -1.25664 -0.897266 | 21.7867 | 0 
0.208203 -1.40898 -0.721484 | 40.1441 | 0 
0.450391 -1.21758 -0.733203 | 40.7714 | 0 
0.305859 -1.2293 -1.18633 | 31.2583 | 0 
0.337109 -1.46367 -1.15898 | 43.1319 | 0 
0.337109 -1.65898 -0.705859 | 46.7182 | 0 
0.594922 -1.69805 -0.748828 | 45.3519 | 0 
0.758984 -1.62383 -1.15508 | 35.489 | 0 
0.606641 -1.53398 -1.14336 | 45.429 | 0 
0.747266 -1.34648 -1.14336 | 33.338 | 0 
0.610547 -1.31133 -1.13945 | 38.4319 | 0 
0.571484 -1.24883 -0.854297 | 35.4564 | 0 
0.688672 -1.21758 -0.533984 | 43.7504 | 0 
0.540234 -1.56133 -0.569141 | 61.0735 | 0 
0.774609 -1.69805 -0.440234 | 44.6469 | 0 
0.516797 -1.42852 -0.366016 | 58.0551 | 0 
0.633984 -1.23711 -0.401172 | 46.0783 | 0 
0.790234 -1.11211 -0.299609 | 24.8967 | 0 
0.602734 -1.0457 -0.283984 | 32.054 | 0 
0.489453 -1.11992 -0.252734 | 34.4145 | 0 
0.419141 -1.06914 -0.287891 | 33.4257 | 0 
0.430859 -0.846484 -0.256641 | 34.7586 | 0 
0.606641 -0.811328 -0.307422 | 38.7302 | 0 
0.559766 -0.795703 -0.506641 | 47.6653 | 0 
0.540234 -0.799609 -0.694141 | 41.4665 | 0 
0.508984 -1.05742 -0.678516 | 36.8075 | 0 
0.665234 -1.1082 -0.651172 | 35.2139 | 0 
0.692578 -0.987109 -0.666797 | 30.4545 | 0 
0.755078 -1.18633 -0.764453 | 27.4413 | 0 
0.614453 -1.07305 -0.811328 | 26.9872 | 0 
0.778516 -0.998828 -0.881641 | 13.2393 | 0 
0.622266 -0.991016 -0.862109 | 22.8442 | 0 
0.637891 -1.09258 -0.830859 | 25.5466 | 0 
0.716016 -1.13945 -0.967578 | 18.6725 | 0 
0.614453 -1.14336 -1.19414 | 30.9863 | 0 
0.563672 -1.01836 -0.998828 | 21.6295 | 0 
0.684766 -0.975391 -1.17852 | 22.5715 | 0 
0.708203 -0.963672 -1.0457 | 15.7887 | 0 
0.739453 -0.944141 -0.967578 | 13.853 | 0 
0.790234 -0.893359 -1.09258 | 13.9218 | 0 
0.626172 -0.932422 -1.1043 | 22.4592 | 0 
0.587109 -0.772266 -1.04961 | 29.6694 | 0 
0.782422 -0.701953 -0.948047 | 23.4819 | 0 
0.770703 -0.850391 -0.795703 | 21.9231 | 0 
0.637891 -0.936328 -0.850391 | 23.3745 | 0 
0.548047 -0.748828 -0.940234 | 32.0634 | 0 
0.399609 -0.893359 -0.858203 | 25.6452 | 0 
0.348828 -0.741016 -0.959766 | 28.2921 | 0 
0.536328 -0.869922 -1.05352 | 25.613 | 0 
0.376172 -0.897266 -1.08867 | 22.779 | 0 
0.321484 -0.967578 -0.959766 | 16.8273 | 0 
0.305859 -0.979297 -1.04961 | 16.1588 | 0 
0.368359 -0.951953 -1.08477 | 20.8259 | 0 
0.493359 -1.01836 -1.06523 | 23.3013 | 0 
0.454297 -1.14727 -1.09258 | 27.9355 | 0 
0.333203 -1.15117 -0.998828 | 21.6089 | 0 
0.473828 -1.13555 -0.893359 | 27.7519 | 0 
0.387891 -0.994922 -0.866016 | 22.8545 | 0 
0.356641 -1.15117 -0.725391 | 33.9107 | 0 
0.137891 -1.03789 -0.780078 | 13.6324 | 0 
0.243359 -1.00273 -0.729297 | 22.4781 | 0 
0.262891 -1.02617 -0.873828 | 15.8109 | 0 
0.278516 -1.00664 -0.920703 | 14.9451 | 0 
0.0871094 -0.987109 -0.873828 | 6.22032 | 0 
0.110547 -1.03008 -0.912891 | 5.86231 | 0 
0.145703 -1.03008 -0.885547 | 8.42664 | 0 
0.145703 -1.11211 -0.889453 | 10.6519 | 0 
0.0519531 -1.12383 -0.866016 | 8.75995 | 0 
0.157422 -1.14727 -0.842578 | 15.0463 | 0 
0.204297 -1.09648 -0.842578 | 15.4093 | 0 
0.247266 -1.08086 -0.963672 | 13.5087 | 0 
0.270703 -1.11602 -1.07695 | 17.4633 | 0 
0.184766 -1.15898 -1.1082 | 15.4319 | 0 
0.126172 -1.11211 -1.11211 | 10.2307 | 0 
0.102734 -1.15898 -1.08086 | 10.3851 | 0 
0.165234 -1.15508 -1.05352 | 12.3369 | 0 
0.126172 -1.10039 -0.983203 | 7.15458 | 0 
0.0636719 -1.10039 -1.0457 | 5.4318 | 0 
0.122266 -1.07305 -1.00273 | 6.01672 | 0 
0.165234 -0.994922 -1.03008 | 7.18364 | 0 
0.157422 -0.971484 -0.991016 | 6.63235 | 0 
0.0832031 -0.955859 -0.991016 | 3.63643 | 0 
0.0714844 -0.955859 -1.01836 | 3.39627 | 0 
0.0871094 -0.955859 -1.08867 | 5.4617 | 0 
0.0519531 -1.0418 -1.17852 | 9.00588 | 0 
0.137891 -1.05742 -1.08477 | 7.86699 | 0 
0.235547 -0.987109 -1.08086 | 12.5871 | 0 
0.270703 -1.03008 -1.12383 | 16.7496 | 0 
0.294141 -1.06914 -0.971484 | 16.0003 | 0 
0.223828 -0.826953 -1.03789 | 15.8073 | 0 
0.176953 -0.830859 -1.11992 | 15.3878 | 0 
0.137891 -0.916797 -1.13555 | 10.4216 | 0 
0.0675781 -0.862109 -1.11211 | 8.7768 | 0 
0.110547 -0.912891 -1.15898 | 10.5544 | 0 
0.0636719 -0.897266 -1.06914 | 5.68271 | 0 
0.141797 -0.889453 -0.971484 | 7.94507 | 0 
0.137891 -0.885547 -1.04961 | 8.38718 | 0 
0.0753906 -0.807422 -1.05742 | 9.99053 | 0 
0.161328 -0.776172 -1.02227 | 14.8465 | 0 
0.0832031 -0.791797 -1.09648 | 12.3577 | 0 
0.176953 -0.791797 -1.13164 | 18.1426 | 0 
0.278516 -0.819141 -1.06133 | 20.1815 | 0 
0.223828 -0.823047 -0.897266 | 17.4773 | 0 
0.223828 -0.873828 -0.748828 | 22.7922 | 0 
0.266797 -0.858203 -0.897266 | 18.3914 | 0 
0.204297 -0.889453 -0.948047 | 11.7442 | 0 
0.130078 -0.916797 -0.936328 | 7.01755 | 0 
0.126172 -0.866016 -0.866016 | 11.1754 | 0 
0.0949219 -0.834766 -0.916797 | 9.53072 | 0 
0.0519531 -0.916797 -0.725391 | 14.7732 | 0 
0.0714844 -0.823047 -0.737109 | 18.5965 | 0 
0.0988281 -0.705859 -0.881641 | 18.5302 | 0 
0.00507812 -0.744922 -0.948047 | 12.3059 | 0 
0.0285156 -0.756641 -0.815234 | 16.9959 | 0 
0.00898437 -0.846484 -0.811328 | 11.9344 | 0 
-0.0730469 -0.912891 -0.795703 | 11.1352 | 0 
0.0285156 -0.932422 -0.846484 | 6.9371 | 0 
0.0324219 -0.862109 -0.897266 | 7.29235 | 0 
-0.0183594 -0.834766 -0.873828 | 9.43066 | 0 
-0.0457031 -0.866016 -0.897266 | 7.31779 | 0 
-0.0457031 -0.920703 -0.838672 | 7.89075 | 0 
-0.119922 -0.846484 -0.826953 | 13.7751 | 0 
-0.147266 -0.897266 -0.842578 | 12.0384 | 0 
-0.182422 -0.869922 -0.807422 | 16.9503 | 0 
-0.174609 -0.733203 -0.780078 | 25.7896 | 0 
-0.155078 -0.760547 -0.916797 | 16.4997 | 0 
-0.147266 -0.717578 -1.03398 | 17.8399 | 0 
-0.135547 -0.705859 -1.11211 | 20.2841 | 0 
-0.00273438 -0.725391 -1.11602 | 15.8545 | 0 
-0.0457031 -0.709766 -1.0418 | 14.8447 | 0 
0.0363281 -0.815234 -0.987109 | 7.94748 | 0 
-0.0105469 -0.826953 -1.03398 | 7.35324 | 0 
-0.0652344 -0.842578 -0.951953 | 7.40662 | 0 
-0.0378906 -0.936328 -1.06523 | 3.91287 | 0 
-0.0417969 -0.905078 -0.979297 | 3.93372 | 0 
0.0285156 -0.893359 -0.951953 | 4.47948 | 0 
0.0324219 -0.916797 -1.13555 | 7.08617 | 0 
0.00507812 -0.842578 -1.14336 | 10.3178 | 0 
-0.0417969 -0.901172 -1.16289 | 9.17176 | 0 
-0.112109 -0.862109 -1.18633 | 14.1726 | 0 
-0.178516 -0.908984 -1.18633 | 15.6198 | 0 
-0.135547 -0.866016 -1.02617 | 8.70813 | 0 
-0.166797 -0.842578 -1.00273 | 11.2575 | 0 
-0.123828 -0.885547 -0.963672 | 7.34084 | 0 
-0.194141 -0.948047 -1.00664 | 9.04845 | 0 
-0.104297 -1.00273 -0.998828 | 4.08721 | 0 
-0.0886719 -1.06523 -1.01055 | 4.52635 | 0 
-0.143359 -1.0418 -1.01055 | 6.28171 | 0 
-0.100391 -1.0457 -1.0457 | 4.94031 | 0 
-0.190234 -0.967578 -1.17852 | 14.5585 | 0 
-0.104297 -1.05742 -1.1082 | 7.2958 | 0 
-0.0964844 -0.955859 -1.18633 | 10.5997 | 0 
-0.0417969 -0.998828 -1.13164 | 5.85318 | 0 
-0.0222656 -1.03398 -1.15898 | 7.32564 | 0 
0.00507812 -1.01836 -1.08477 | 3.67044 | 0 
0.0246094 -0.991016 -1.18242 | 8.39646 | 0 
0.0441406 -0.979297 -1.07305 | 3.61392 | 0 
0.0363281 -0.959766 -1.03008 | 2.7388 | 0 
0.0324219 -0.983203 -0.987109 | 2.23732 | 0 
0.00898437 -0.963672 -0.994922 | 2.19901 | 0 
-0.0457031 -0.955859 -0.959766 | 2.94637 | 0 
-0.0496094 -0.998828 -1.0457 | 2.98525 | 0 
-0.0261719 -1.05742 -1.05352 | 3.56746 | 0 
-0.0144531 -1.01445 -1.01055 | 2.15489 | 0 
0.00117187 -1.05352 -0.991016 | 2.66822 | 0 
0.0246094 -1.03398 -1.00273 | 2.4231 | 0 
0.0480469 -1.03789 -1.03398 | 3.11005 | 0 
0.0285156 -1.12383 -1.07305 | 6.48726 | 0 
0.0246094 -1.11602 -0.975391 | 4.97734 | 0 
-0.0652344 -1.1043 -1.07305 | 6.30981 | 0 
-0.0457031 -1.19023 -0.998828 | 9.15861 | 0 
0.0363281 -1.19414 -0.983203 | 9.27086 | 0 
0.00117187 -1.08477 -1.15898 | 8.49329 | 0 
-0.0144531 -1.15117 -1.18633 | 13.0611 | 0 
-0.0964844 -1.11211 -1.16289 | 11.5564 | 0 
-0.190234 -1.11211 -1.18242 | 17.264 | 0 
-0.104297 -1.16289 -1.06133 | 10.0903 | 0 
-0.174609 -1.1082 -1.02617 | 10.1082 | 0 
-0.123828 -1.1082 -0.979297 | 7.38741 | 0 
-0.158984 -1.11602 -0.846484 | 13.4188 | 0 
-0.119922 -1.17852 -0.854297 | 14.404 | 0 
0.0480469 -1.1707 -0.908984 | 9.46365 | 0 
0.0480469 -1.1082 -0.846484 | 8.92486 | 0 
-0.0730469 -1.11602 -0.905078 | 7.37257 | 0 
-0.0222656 -1.02617 -0.838672 | 6.70187 | 0 
0.0363281 -1.03398 -0.842578 | 6.77254 | 0 
0.0480469 -1.03789 -0.924609 | 3.76982 | 0 
0.0324219 -0.971484 -0.908984 | 3.72903 | 0 
-0.0105469 -0.963672 -0.881641 | 4.62753 | 0 
-0.0457031 -0.979297 -0.912891 | 3.74925 | 0 
-0.104297 -0.959766 -0.889453 | 6.42926 | 0 
-0.198047 -1.02617 -0.908984 | 10.4378 | 0 
-0.135547 -1.0418 -0.826953 | 10.8942 | 0 
-0.190234 -1.06523 -0.701953 | 21.7976 | 0 
-0.0300781 -1.04961 -0.819141 | 8.22463 | 0 
0.00117187 -1.11602 -0.791797 | 11.8179 | 0 
-0.0457031 -1.14336 -0.799609 | 13.0812 | 0 
-0.151172 -1.18633 -0.592578 | 30.4239 | 0 
-0.174609 -0.975391 -0.549609 | 26.3596 | 0 
-0.0847656 -1.15508 -0.436328 | 26.5105 | 0 
-0.147266 -1.02617 -0.260547 | 15.9237 | 0 
-0.151172 -1.00664 -0.401172 | 23.5209 | 0 
-0.0261719 -0.998828 -0.401172 | 19.4277 | 0 
-0.0105469 -0.983203 -0.248828 | 11.0327 | 0 
-0.0417969 -1.03789 -0.237109 | 10.9511 | 0 
0.0167969 -1.12773 -0.248828 | 14.3674 | 0 
0.165234 -1.15898 -0.416797 | 29.7188 | 0 
0.216016 -0.998828 -0.420703 | 27.8867 | 0 
0.235547 -1.15898 -0.510547 | 35.3185 | 0 
0.110547 -1.04961 -0.487109 | 24.1171 | 0 
0.231641 -0.885547 -0.463672 | 32.1187 | 0 
0.130078 -0.823047 -0.467578 | 29.4341 | 0 
0.188672 -0.768359 -0.393359 | 33.709 | 0 
0.133984 -0.846484 -0.405078 | 26.8136 | 0 
-0.0652344 -0.811328 -0.393359 | 25.7248 | 0 
-0.127734 -0.854297 -0.432422 | 27.0025 | 0 
-0.158984 -0.823047 -0.545703 | 30.7487 | 0 
-0.143359 -0.826953 -0.580859 | 28.9196 | 0 
-0.186328 -0.623828 -0.658984 | 39.4984 | 0 
-0.162891 -0.631641 -0.389453 | 39.8263 | 0 
0.0714844 -0.580859 -0.397266 | 38.2171 | 0 
0.258984 -0.600391 -0.518359 | 49.2697 | 0 
0.266797 -0.381641 -0.537891 | 48.6374 | 0 
0.204297 -0.319141 -0.354297 | 37.7398 | 0 
0.0988281 -0.342578 -0.440234 | 36.9852 | 0 
-0.0261719 -0.307422 -0.369922 | 30.739 | 0 
-0.198047 -0.334766 -0.346484 | 37.8402 | 0 
-0.0925781 -0.287891 -0.491016 | 34.3196 | 0 
-0.0925781 -0.358203 -0.662891 | 33.7118 | 0 
-0.143359 -0.295703 -0.744922 | 27.604 | 0 
0.0402344 -0.369922 -0.748828 | 27.9326 | 0 
-0.108203 -0.338672 -0.869922 | 21.5523 | 0 
0.0402344 -0.416797 -0.908984 | 21.5749 | 0 
0.0363281 -0.272266 -0.920703 | 13.7927 | 0 
-0.119922 -0.299609 -0.924609 | 17.8339 | 0 
-0.198047 -0.311328 -0.991016 | 21.6862 | 0 
-0.158984 -0.311328 -1.08867 | 21.1664 | 0 
-0.0300781 -0.299609 -1.09258 | 16.1739 | 0 
-0.0457031 -0.244922 -1.07305 | 12.3389 | 0 
-0.0574219 -0.377734 -1.06523 | 19.9443 | 0 
-0.135547 -0.366016 -1.08867 | 22.9234 | 0 
-0.170703 -0.541797 -0.987109 | 26.2082 | 0 
-0.0300781 -0.537891 -1.07695 | 22.4924 | 0 
-0.0144531 -0.623828 -1.03398 | 18.8498 | 0 
-0.112109 -0.612109 -1.13164 | 24.8979 | 0 
-0.162891 -0.631641 -0.920703 | 24.0549 | 0 
-0.108203 -0.565234 -0.791797 | 29.7571 | 0 
-0.0652344 -0.522266 -0.854297 | 25.6434 | 0 
-0.0261719 -0.604297 -0.803516 | 25.7755 | 0 
0.0714844 -0.604297 -0.936328 | 20.957 | 0 
0.145703 -0.569141 -0.776172 | 32.2876 | 0 
0.188672 -0.569141 -0.944141 | 27.173 | 0 
0.176953 -0.612109 -0.963672 | 24.7838 | 0 
0.137891 -0.616016 -1.18242 | 28.66 | 0 
0.118359 -0.569141 -0.987109 | 23.0564 | 0 
0.176953 -0.483203 -1.15117 | 31.286 | 0 
0.208203 -0.393359 -0.994922 | 26.4349 | 0 
0.169141 -0.373828 -1.1668 | 28.6909 | 0 
0.137891 -0.280078 -0.951953 | 16.8587 | 0 
0.204297 -0.280078 -1.18242 | 26.445 | 0 
0.294141 -0.319141 -0.842578 | 32.3509 | 0 
0.387891 -0.268359 -0.741016 | 40.1068 | 0 
0.395703 -0.377734 -0.928516 | 37.2733 | 0 
0.341016 -0.272266 -1.05742 | 28.7589 | 0 
0.469922 -0.405078 -1.03398 | 39.7767 | 0 
0.352734 -0.533984 -1.05742 | 37.9604 | 0 
0.344922 -0.619922 -0.854297 | 38.0488 | 0 
0.606641 -0.612109 -0.830859 | 42.0262 | 0 
0.766797 -0.580859 -1.06523 | 30.5719 | 0 
0.645703 -0.451953 -1.05742 | 38.025 | 0 
0.782422 -0.385547 -1.06133 | 28.1212 | 0 
0.630078 -0.213672 -1.01445 | 26.0921 | 0 
0.692578 -0.283984 -0.897266 | 29.0267 | 0 
0.727734 -0.385547 -0.721484 | 41.8991 | 0 
0.790234 -0.272266 -0.580859 | 38.6662 | 0 
0.528516 -0.545703 -0.666797 | 55.4451 | 0 
0.583203 -0.584766 -0.397266 | 56.1071 | 0 
0.466016 -0.326953 -0.272266 | 46.2144 | 0 
0.563672 -0.276172 -0.276172 | 42.9547 | 0 
0.848828 -0.276172 -0.287891 | 29.0569 | 0 
0.860547 -0.358203 -0.338672 | 36.1573 | 0 
0.891797 -0.252734 -0.483203 | 33.4322 | 0 
0.887891 -0.510547 -0.502734 | 43.6583 | 0 
0.911328 -0.651172 -0.405078 | 37.0226 | 0 
1.17305 -0.670703 -0.420703 | 40.917 | 0 
1.18867 -0.655078 -0.475391 | 43.8068 | 0 
1.19258 -0.416797 -0.475391 | 46.8368 | 0 
1.24727 -0.260547 -0.354297 | 38.3336 | 0 
1.35664 -0.248828 -0.264453 | 39.0158 | 0 
1.41914 -0.244922 -0.471484 | 50.5541 | 0 
1.67305 -0.229297 -0.455859 | 46.0291 | 0 
1.73164 -0.506641 -0.393359 | 52.3902 | 0 
1.42695 -0.616016 -0.483203 | 59.0174 | 0 
1.31758 -0.768359 -0.283984 | 37.4948 | 0 
1.41914 -0.764453 -0.475391 | 50.5351 | 0 
1.6457 -0.819141 -0.483203 | 45.4424 | 0 
1.78633 -0.772266 -0.444141 | 39.7178 | 0 
1.78242 -1.02617 -0.432422 | 31.6409 | 0 
1.65742 -1.10039 -0.334766 | 36.5663 | 0 
1.75898 -1.10039 -0.467578 | 35.6768 | 0 
1.49336 -1.12773 -0.491016 | 46.7698 | 0 
1.3918 -1.11211 -0.424609 | 42.4097 | 0 
1.41523 -1.03398 -0.252734 | 32.1497 | 0 
1.29414 -1.12773 -0.233203 | 27.737 | 0 
1.17695 -1.02227 -0.342578 | 23.7094 | 0 
1.12227 -1.07305 -0.280078 | 18.2114 | 0 
1.15352 -1.12383 -0.338672 | 25.1752 | 0 
1.02852 -1.13164 -0.233203 | 14.7295 | 0 
0.887891 -1.11602 -0.373828 | 24.1137 | 0 
0.883984 -1.06523 -0.276172 | 16.999 | 0 
0.805859 -1.02617 -0.326953 | 23.155 | 0 
0.950391 -1.0418 -0.334766 | 18.0031 | 0 
1.02852 -1.05352 -0.311328 | 16.7435 | 0 
1.04805 -0.826953 -0.201953 | 14.6531 | 0 
0.923047 -0.830859 -0.397266 | 25.9697 | 0 
0.903516 -0.819141 -0.225391 | 17.5711 | 0 
0.981641 -0.795703 -0.428516 | 28.0227 | 0 
1.09102 -0.799609 -0.264453 | 21.3308 | 0 
1.28242 -0.866016 -0.268359 | 28.9798 | 0 
1.07148 -0.842578 -0.338672 | 22.7578 | 0 
1.09492 -0.799609 -0.549609 | 30.318 | 0 
1.06758 -0.846484 -0.608203 | 25.193 | 0 
1.28242 -0.768359 -0.576953 | 42.2936 | 0 
0.930859 -0.823047 -0.666797 | 23.4801 | 0 
0.883984 -0.799609 -0.502734 | 31.1465 | 0 
0.880078 -0.862109 -0.655078 | 23.7948 | 0 
0.985547 -0.877734 -0.451953 | 24.3435 | 0 
0.969922 -1.02617 -0.651172 | 18.5489 | 0 
0.923047 -1.01836 -0.475391 | 23.2085 | 0 
0.883984 -1.10039 -0.643359 | 23.0819 | 0 
0.946484 -1.13945 -0.510547 | 26.5922 | 0 
1.11445 -1.1668 -0.674609 | 25.1036 | 0 
1.10664 -1.06523 -0.475391 | 25.4564 | 0 
1.19258 -0.987109 -0.678516 | 23.7016 | 0 
1.24727 -1.09648 -0.479297 | 34.5134 | 0 
1.20039 -1.15898 -0.737109 | 25.6577 | 0 
1.23945 -1.05352 -0.920703 | 14.6074 | 0 
1.2668 -0.998828 -0.717578 | 26.1941 | 0 
1.1418 -1.00664 -0.721484 | 18.3415 | 0 
1.05195 -1.00664 -0.760547 | 12.5729 | 0 
1.05195 -0.975391 -0.811328 | 9.60492 | 0 
1.0832 -0.951953 -0.940234 | 5.4483 | 0 
1.1457 -0.987109 -0.838672 | 11.6414 | 0 
1.12227 -1.0457 -0.932422 | 7.32835 | 0 
1.0832 -1.0418 -0.850391 | 8.76266 | 0 
1.0832 -1.1082 -0.920703 | 8.02393 | 0 
1.13398 -1.16289 -0.905078 | 13.3189 | 0 
1.15742 -1.13945 -0.815234 | 17.4226 | 0 
0.938672 -1.16289 -0.760547 | 17.6789 | 0 
0.954297 -1.12383 -0.791797 | 13.4911 | 0 
0.989453 -1.15508 -0.920703 | 8.78183 | 0 
1.0168 -1.12383 -0.834766 | 10.8487 | 0 
0.981641 -1.12383 -0.944141 | 6.67115 | 0 
0.958203 -1.15117 -0.830859 | 12.5936 | 0 
0.876172 -1.15117 -0.924609 | 11.1078 | 0 
0.856641 -1.14727 -0.756641 | 19.9793 | 0 
0.856641 -1.03008 -0.748828 | 16.3971 | 0 
0.883984 -0.994922 -0.701953 | 17.7836 | 0 
0.829297 -1.00664 -0.920703 | 8.99442 | 0 
0.833203 -1.03008 -0.826953 | 12.9754 | 0 
0.876172 -1.03398 -0.936328 | 6.60731 | 0 
0.907422 -1.01055 -0.830859 | 9.33673 | 0 
0.969922 -0.994922 -0.912891 | 4.40793 | 0 
0.981641 -1.0457 -0.897266 | 5.35015 | 0 
0.942578 -1.01445 -0.881641 | 6.02003 | 0 
0.997266 -1.06133 -0.893359 | 5.81585 | 0 
1.00117 -1.00664 -0.862109 | 6.29208 | 0 
0.942578 -0.979297 -0.780078 | 11.3057 | 0 
0.930859 -0.908984 -0.705859 | 17.449 | 0 
0.938672 -0.862109 -0.768359 | 15.3212 | 0 
1.00117 -0.905078 -0.901172 | 6.2271 | 0 
1.03242 -0.858203 -0.877734 | 9.30126 | 0 
0.977734 -0.834766 -0.901172 | 9.35165 | 0 
0.973828 -0.901172 -0.862109 | 8.02956 | 0 
0.880078 -0.944141 -0.936328 | 6.64886 | 0 
0.817578 -0.873828 -0.842578 | 15.5092 | 0 
0.856641 -0.940234 -0.795703 | 13.9053 | 0 
0.821484 -0.768359 -0.705859 | 29.0085 | 0 
0.977734 -0.717578 -0.920703 | 15.6551 | 0 
0.962109 -0.705859 -0.764453 | 24.1215 | 0 
1.06367 -0.725391 -0.819141 | 20.4494 | 0 
1.18867 -0.826953 -0.823047 | 19.9364 | 0 
1.11055 -0.936328 -0.744922 | 16.0904 | 0 
1.11836 -0.940234 -0.826953 | 11.5067 | 0 
1.11445 -0.854297 -0.944141 | 9.85496 | 0 
1.20039 -0.932422 -0.916797 | 12.3077 | 0 
1.19258 -0.811328 -0.889453 | 17.8996 | 0 
1.13398 -0.705859 -0.912891 | 20.1555 | 0 
1.11055 -0.709766 -1.00273 | 17.562 | 0 
1.22383 -0.725391 -0.991016 | 22.9251 | 0 
1.21602 -0.862109 -1.01055 | 14.6702 | 0 
1.26289 -0.948047 -0.955859 | 15.1266 | 0 
1.13789 -0.893359 -0.991016 | 8.77718 | 0 
1.1418 -0.885547 -1.06523 | 10.2403 | 0 
1.11836 -0.905078 -1.10039 | 9.57161 | 0 
1.21602 -0.928516 -1.18633 | 18.7262 | 0 
1.18867 -0.791797 -1.18633 | 23.1977 | 0 
1.0207 -0.752734 -1.13945 | 16.4188 | 0 
1.0168 -0.721484 -1.06133 | 15.2519 | 0 
0.880078 -0.713672 -1.05352 | 17.9235 | 0 
0.809766 -0.725391 -1.07695 | 21.3606 | 0 
0.805859 -0.807422 -1.09258 | 17.1714 | 0 
0.801953 -0.940234 -1.09258 | 11.8557 | 0 
0.848828 -0.830859 -1.03789 | 12.0872 | 0 
0.868359 -0.920703 -1.04961 | 7.63107 | 0 
0.954297 -0.889453 -0.967578 | 5.57109 | 0 
0.973828 -0.858203 -1.05352 | 7.20282 | 0 
1.00508 -0.862109 -0.955859 | 6.57851 | 0 
0.997266 -0.893359 -1.06523 | 5.91919 | 0 
0.930859 -0.893359 -1.13164 | 9.26616 | 0 
1.00508 -0.885547 -1.12383 | 8.41572 | 0 
1.04805 -0.908984 -1.17852 | 11.0149 | 0 
1.00508 -1.02227 -1.15508 | 7.87543 | 0 
0.954297 -1.05742 -1.08086 | 5.51346 | 0 
0.942578 -1.00664 -1.09648 | 5.53856 | 0 
1.00117 -0.998828 -1.08867 | 4.69805 | 0 
1.00898 -0.998828 -1.06914 | 4.10384 | 0 
1.00117 -0.971484 -0.951953 | 3.46492 | 0 
1.00898 -1.03008 -0.975391 | 3.34378 | 0 
1.03633 -1.03398 -1.07305 | 4.81591 | 0 
0.977734 -1.04961 -1.0457 | 4.1402 | 0 
0.950391 -1.05352 -0.955859 | 4.35083 | 0 
0.934766 -0.983203 -0.979297 | 3.76794 | 0 
0.969922 -0.951953 -1.0418 | 3.90544 | 0 
0.895703 -0.951953 -1.04961 | 5.81574 | 0 
0.915234 -0.979297 -1.00273 | 4.27321 | 0 
0.915234 -1.01836 -1.00664 | 4.34829 | 0 
0.903516 -1.05352 -1.01055 | 5.31138 | 0 
0.813672 -1.06523 -1.03008 | 9.96945 | 0 
0.801953 -0.971484 -0.967578 | 9.68333 | 0 
0.923047 -0.967578 -1.19414 | 11.1292 | 0 
0.813672 -1.03789 -1.1707 | 14.7184 | 0 
0.825391 -1.16289 -1.15898 | 18.199 | 0 
0.872266 -1.15898 -0.955859 | 11.0393 | 0 
0.946484 -1.13164 -0.971484 | 7.07035 | 0 
1.01289 -1.08477 -1.0457 | 5.12352 | 0 
1.04023 -1.15117 -0.979297 | 7.95051 | 0 
1.04023 -1.17461 -1.10039 | 11.353 | 0 
0.962109 -1.13164 -1.07695 | 8.02451 | 0 
0.973828 -1.11211 -1.1707 | 11.2918 | 0 
1.1418 -1.13945 -1.19414 | 17.9024 | 0 
1.13789 -1.15898 -1.08477 | 13.312 | 0 
1.12227 -1.19805 -0.991016 | 13.2947 | 0 
1.09883 -1.08477 -0.975391 | 6.7067 | 0 
1.09492 -1.06523 -1.05352 | 6.55823 | 0 
1.13789 -1.07305 -0.959766 | 8.24431 | 0 
1.15742 -0.994922 -1.05742 | 8.60222 | 0 
1.08711 -0.971484 -0.959766 | 4.98546 | 0 
1.09883 -0.975391 -1.08867 | 6.8424 | 0 
1.06758 -1.02617 -1.19023 | 10.9648 | 0 
1.12227 -0.994922 -1.19023 | 12.812 | 0 
1.25117 -0.979297 -1.15508 | 18.4 | 0 
1.27852 -1.03008 -0.967578 | 15.7988 | 0 
1.27852 -1.19805 -1.19023 | 29.3945 | 0 
1.46211 -1.03789 -1.1707 | 29.8068 | 0 
1.40352 -1.00273 -1.0457 | 22.6978 | 0 
1.46602 -1.1082 -1.00273 | 26.3806 | 0 
1.37227 -1.19023 -0.940234 | 28.1616 | 0 
1.48164 -0.991016 -0.893359 | 26.087 | 0 
1.48945 -1.09258 -0.713672 | 37.807 | 0 
1.6418 -1.13164 -0.944141 | 24.994 | 0 
1.60273 -1.04961 -0.752734 | 32.5351 | 0 
1.7043 -0.987109 -0.936328 | 18.4104 | 0 
1.7668 -1.13164 -0.721484 | 28.8815 | 0 
1.69648 -1.15117 -0.975391 | 22.7553 | 0 
1.63789 -1.19023 -1.19805 | 35.1363 | 0 
1.55195 -1.06523 -1.02227 | 24.9862 | 0 
1.71211 -0.971484 -1.11602 | 20.1802 | 0 
1.76289 -0.987109 -1.06133 | 15.1656 | 0 
1.79414 -0.912891 -0.998828 | 13.773 | 0 
1.77852 -0.905078 -1.0418 | 15.3548 | 0 
1.72383 -0.940234 -1.12773 | 20.5127 | 0 
1.57539 -0.858203 -0.983203 | 26.8527 | 0 
1.65352 -0.768359 -1.17461 | 34.6892 | 0 
1.76289 -0.795703 -0.955859 | 21.3954 | 0 
1.72383 -0.780078 -0.823047 | 29.5857 | 0 
1.74727 -0.854297 -0.854297 | 22.4962 | 0 
1.62227 -0.795703 -0.862109 | 31.8915 | 0 
1.4582 -0.885547 -0.826953 | 31.0788 | 0 
1.36445 -0.772266 -0.901172 | 30.3299 | 0 
1.37617 -0.889453 -1.01445 | 23.1951 | 0 
1.3293 -0.698047 -1.16289 | 36.388 | 0 
1.37617 -0.682422 -0.889453 | 36.71 | 0 
1.65742 -0.698047 -0.924609 | 33.8913 | 0 
1.71211 -0.491016 -0.908984 | 37.9321 | 0 
1.69648 -0.658984 -0.994922 | 33.0188 | 0 
1.58711 -0.569141 -0.967578 | 41.5962 | 0 
1.71211 -0.405078 -0.955859 | 35.0231 | 0 
1.62617 -0.323047 -0.987109 | 35.205 | 0 
1.71602 -0.276172 -0.901172 | 29.456 | 0 
1.62617 -0.369922 -0.936328 | 38.3083 | 0 
1.43477 -0.283984 -0.932422 | 35.1874 | 0 
1.37617 -0.330859 -0.916797 | 36.1672 | 0 
1.32539 -0.323047 -1.04961 | 32.4366 | 0 
1.35664 -0.338672 -1.1043 | 36.7439 | 0 
1.29023 -0.323047 -1.14336 | 33.7975 | 0 
1.18086 -0.334766 -1.0457 | 23.8783 | 0 
1.0793 -0.303516 -0.951953 | 17.1307 | 0 
1.28242 -0.283984 -0.924609 | 27.8234 | 0 
1.16914 -0.272266 -0.819141 | 24.4328 | 0 
1.11445 -0.326953 -0.877734 | 22.0529 | 0 
1.24336 -0.541797 -0.916797 | 33.2557 | 0 
1.12227 -0.592578 -0.826953 | 28.8095 | 0 
1.27461 -0.576953 -0.963672 | 33.5393 | 0 
1.16914 -0.545703 -1.01055 | 27.4336 | 0 
1.16914 -0.635547 -1.14336 | 28.5904 | 0 
0.981641 -0.635547 -0.994922 | 19.0163 | 0 
1.00117 -0.569141 -1.15117 | 25.9047 | 0 
0.923047 -0.506641 -0.951953 | 23.6048 | 0 
0.841016 -0.608203 -1.18633 | 30.9544 | 0 
0.895703 -0.643359 -0.932422 | 21.2552 | 0 
0.962109 -0.682422 -0.733203 | 27.384 | 0 
1.03242 -0.530078 -0.932422 | 23.133 | 0 
0.919141 -0.479297 -0.717578 | 34.7911 | 0 
0.887891 -0.428516 -0.948047 | 23.787 | 0 
0.954297 -0.432422 -0.772266 | 29.8211 | 0 
0.993359 -0.303516 -0.858203 | 18.8367 | 0 
0.883984 -0.260547 -0.780078 | 22.7826 | 0 
0.809766 -0.260547 -0.994922 | 18.7132 | 0 
0.966016 -0.373828 -0.963672 | 19.5069 | 0 
0.919141 -0.416797 -1.11211 | 24.5628 | 0 
0.962109 -0.319141 -1.19805 | 23.7471 | 0 
0.801953 -0.201953 -1.20195 | 22.9755 | 0 
0.837109 -0.377734 -1.31914 | 38.7799 | 0 
0.821484 -0.295703 -1.41289 | 39.788 | 0 
0.891797 -0.346484 -1.56133 | 40.5409 | 0 
0.848828 -0.666797 -1.53398 | 42.4659 | 0 
0.977734 -0.690234 -1.25273 | 26.9388 | 0 
1.12617 -0.494922 -1.32305 | 40.67 | 0 
1.17695 -0.588672 -1.24102 | 36.7651 | 0 
1.19648 -0.451953 -1.6668 | 45.6553 | 0 
1.13398 -0.225391 -1.61992 | 33.053 | 0 
1.09883 -0.291797 -1.34648 | 33.2662 | 0 
1.07148 -0.381641 -1.20195 | 28.1169 | 0 
1.48164 -0.432422 -1.38555 | 60.8713 | 0 
1.46211 -0.330859 -1.6043 | 57.3323 | 0 
1.66914 -0.420703 -1.30352 | 51.6107 | 0 
1.63008 -0.678516 -1.62383 | 54.0612 | 0 
1.41523 -0.686328 -1.28789 | 49.0006 | 0 
1.5207 -0.823047 -1.55742 | 50.257 | 0 
1.79805 -0.799609 -1.50664 | 40.0936 | 0 
1.7668 -0.846484 -1.43242 | 38.2508 | 0 
1.75898 -1.1043 -1.4207 | 36.6234 | 0 
1.61055 -1.08086 -1.47148 | 44.7136 | 0 
1.40742 -1.08086 -1.49102 | 44.9747 | 0 
1.31758 -1.09648 -1.25273 | 30.581 | 0 
1.18867 -1.13164 -1.43242 | 33.3287 | 0 
1.22773 -1.02617 -1.2332 | 21.7682 | 0 
1.11836 -1.05742 -1.42461 | 26.5812 | 0 
1.12227 -1.13164 -1.22148 | 18.2885 | 0 
0.942578 -1.11211 -1.4207 | 25.9518 | 0 
0.868359 -1.11992 -1.20195 | 16.4167 | 0 
0.864453 -1.02227 -1.43242 | 26.4665 | 0 
1.04805 -1.01445 -1.42461 | 23.5494 | 0 
0.934766 -1.03398 -1.21367 | 12.2085 | 0 
0.981641 -0.838672 -1.42461 | 27.3742 | 0 
0.915234 -0.854297 -1.20977 | 15.8208 | 0 
0.903516 -0.795703 -1.40898 | 30.7933 | 0 
1.00117 -0.803516 -1.20977 | 17.3111 | 0 
1.27461 -0.795703 -1.26445 | 33.4713 | 0 
1.11055 -0.838672 -1.26836 | 21.7256 | 0 
1.0793 -0.737109 -1.36992 | 32.4516 | 0 
1.05977 -0.889453 -1.5457 | 26.9076 | 0 
1.09883 -0.721484 -1.59648 | 36.1436 | 0 
0.856641 -0.799609 -1.61602 | 32.1665 | 0 
0.880078 -0.928516 -1.53008 | 27.4986 | 0 
0.977734 -0.944141 -1.6707 | 20.1247 | 0 
0.954297 -0.975391 -1.45195 | 24.0468 | 0 
0.829297 -1.03398 -1.68633 | 23.9437 | 0 
0.934766 -1.19414 -1.64727 | 28.4194 | 0 
1.15352 -0.975391 -1.61602 | 26.7738 | 0 
1.29805 -1.16289 -1.66289 | 38.7757 | 0 
1.13008 -0.963672 -1.74492 | 18.987 | 0 
1.10273 -1.02617 -1.76055 | 16.8533 | 0 
1.0832 -0.987109 -1.90898 | 8.75146 | 0 
1.11445 -1.0418 -1.91289 | 10.2664 | 0 
1.11055 -1.12773 -1.9168 | 12.8831 | 0 
1.16914 -1.16289 -1.78008 | 23.9404 | 0 
0.969922 -1.15508 -1.74492 | 20.2 | 0 
1.04805 -1.13945 -1.88945 | 12.3352 | 0 
0.934766 -1.15508 -1.88945 | 13.3064 | 0 
0.903516 -1.13555 -1.90508 | 12.6562 | 0 
0.868359 -1.17852 -1.72148 | 25.7766 | 0 
0.872266 -1.02617 -1.75664 | 17.6689 | 0 
0.860547 -1.06133 -1.94414 | 10.5889 | 0 
0.868359 -0.979297 -1.92461 | 9.83282 | 0 
0.977734 -1.00273 -1.88555 | 8.09211 | 0 
0.966016 -1.04961 -1.92852 | 7.45486 | 0 
1.04023 -1.01836 -1.8543 | 9.84776 | 0 
1.00508 -0.963672 -1.90508 | 7.55907 | 0 
0.926953 -1.0418 -1.80742 | 13.059 | 0 
0.993359 -0.830859 -1.70195 | 22.6909 | 0 
1.03633 -0.854297 -1.89336 | 11.7159 | 0 
0.938672 -0.920703 -1.94805 | 8.00077 | 0 
0.883984 -0.842578 -1.94414 | 12.9276 | 0 
0.872266 -0.791797 -1.7332 | 25.9006 | 0 
0.926953 -0.772266 -1.93633 | 15.6351 | 0 
1.05195 -0.748828 -1.7957 | 22.6613 | 0 
1.21992 -0.842578 -1.82305 | 23.7185 | 0 
1.0832 -0.905078 -1.74492 | 18.4184 | 0 
1.07539 -0.940234 -1.88555 | 9.86993 | 0 
1.09492 -0.834766 -1.93242 | 13.1666 | 0 
1.18477 -0.928516 -1.89336 | 15.0195 | 0 
1.20039 -0.795703 -1.90898 | 21.4103 | 0 
1.09883 -0.748828 -1.9832 | 17.6973 | 0 
1.20039 -0.752734 -2.01055 | 22.8332 | 0 
1.2043 -0.866016 -2.01055 | 16.7714 | 0 
1.13398 -0.901172 -1.95977 | 11.4625 | 0 
1.13789 -0.873828 -2.03398 | 12.928 | 0 
1.1457 -0.905078 -2.07695 | 13.2242 | 0 
1.23555 -0.768359 -2.17852 | 30.463 | 0 
1.04023 -0.741016 -2.13945 | 20.6898 | 0 
0.872266 -0.713672 -2.06914 | 21.7946 | 0 
0.829297 -0.846484 -2.07695 | 16.3878 | 0 
0.813672 -0.940234 -2.05352 | 13.1251 | 0 
0.833203 -0.834766 -2.01836 | 15.4606 | 0 
0.895703 -0.920703 -2.06914 | 10.1474 | 0 
0.977734 -0.838672 -2.03008 | 10.7687 | 0 
1.04414 -0.877734 -1.9793 | 9.05339 | 0 
1.00117 -0.948047 -2.05352 | 7.20642 | 0 
1.04023 -0.846484 -2.11211 | 13.2598 | 0 
1.03633 -0.920703 -2.15898 | 12.646 | 0 
1.03242 -1.05742 -2.15898 | 12.2838 | 0 
1.03242 -0.975391 -2.13555 | 10.3166 | 0 
1.02461 -0.994922 -1.95195 | 6.42644 | 0 
0.997266 -1.04961 -2.06133 | 7.56193 | 0 
0.946484 -1.02617 -1.95977 | 6.8023 | 0 
0.962109 -0.979297 -2.04961 | 6.934 | 0 
0.907422 -0.998828 -1.97539 | 7.48744 | 0 
0.864453 -1.03789 -2.04961 | 10.202 | 0 
0.844922 -0.983203 -2.06914 | 11.3297 | 0 
0.903516 -0.998828 -2.09648 | 9.77347 | 0 
0.841016 -1.05742 -2.09258 | 13.0807 | 0 
0.844922 -1.17852 -2.1043 | 18.6435 | 0 
0.883984 -1.1707 -2.05742 | 14.7913 | 0 
0.997266 -1.17852 -2.05352 | 12.8199 | 0 
1.0207 -1.1707 -2.15117 | 16.5275 | 0 
1.0793 -1.1707 -2.1043 | 15.4719 | 0 
1.1457 -1.15898 -2.01445 | 15.249 | 0 
1.05977 -1.09258 -2.05352 | 9.43521 | 0 
1.16523 -1.01445 -2.02617 | 11.5906 | 0 
1.05977 -0.959766 -2.08867 | 8.93377 | 0 
1.13008 -1.06523 -2.12383 | 13.7859 | 0 
1.21602 -0.951953 -2.08086 | 16.3111 | 0 
1.23945 -0.975391 -2.06133 | 16.9271 | 0 
1.24727 -1.1082 -2.04961 | 19.5182 | 0 
1.32148 -1.17461 -2.13164 | 30.6802 | 0 
1.35664 -0.959766 -2.05742 | 24.1665 | 0 
1.38789 -1.17852 -1.90508 | 31.9489 | 0 
1.46992 -0.951953 -1.94414 | 27.7304 | 0 
1.67305 -1.19023 -1.88945 | 31.0839 | 0 
1.5793 -1.01445 -1.75273 | 35.249 | 0 
1.72773 -0.971484 -1.94023 | 19.9447 | 0 
1.78242 -1.1082 -1.71367 | 29.8049 | 0 
1.68867 -1.17852 -1.99492 | 27.642 | 0 
1.56367 -1.05742 -1.95977 | 27.5759 | 0 
1.67695 -0.971484 -2.1707 | 28.2794 | 0 
1.72383 -0.920703 -1.96758 | 20.7502 | 0 
1.5832 -0.772266 -2.02227 | 34.5601 | 0 
1.7707 -0.737109 -1.90898 | 28.4259 | 0 
1.61445 -0.901172 -1.82695 | 31.498 | 0 
1.53242 -0.748828 -1.93633 | 37.3149 | 0 
1.34492 -0.725391 -2.03789 | 33.9269 | 0 
1.35664 -0.608203 -2.13164 | 43.9711 | 0 
1.34883 -0.592578 -1.89727 | 41.9556 | 0 
1.65352 -0.576953 -1.83867 | 45.7115 | 0 
1.71992 -0.698047 -2.0457 | 33.1251 | 0 
1.73945 -0.412891 -2.09258 | 38.4211 | 0 
1.59102 -0.237109 -2.08477 | 35.9188 | 0 
1.79414 -0.229297 -1.84258 | 27.1371 | 0 
1.55195 -0.393359 -1.82695 | 48.562 | 0 
1.54414 -0.237109 -1.8543 | 38.5937 | 0 
1.38008 -0.221484 -1.99102 | 31.4447 | 0 
1.34492 -0.440234 -2.15117 | 45.732 | 0 
1.19258 -0.248828 -2.09648 | 24.0576 | 0 
1.28242 -0.385547 -1.95977 | 35.4986 | 0 
1.22383 -0.307422 -1.82695 | 32.1742 | 0 
1.23945 -0.533984 -1.83477 | 39.2207 | 0 
1.29805 -0.588672 -2.0418 | 38.0042 | 0 
1.12227 -0.565234 -2.05742 | 28.436 | 0 
0.973828 -0.604297 -1.96367 | 23.4924 | 0 
0.934766 -0.541797 -2.19414 | 33.0289 | 0 
0.868359 -0.557422 -2.00664 | 27.6863 | 0 
0.891797 -0.631641 -1.93242 | 24.8099 | 0 
0.954297 -0.643359 -1.73711 | 31.7709 | 0 
1.00508 -0.533984 -1.92461 | 25.8785 | 0 
0.903516 -0.428516 -1.88945 | 27.677 | 0 
0.930859 -0.440234 -1.74492 | 34.6561 | 0 
1.03242 -0.307422 -1.86602 | 21.7185 | 0 
0.872266 -0.244922 -1.76836 | 25.5294 | 0 
0.813672 -0.248828 -1.97539 | 20.7771 | 0 
0.962109 -0.354297 -1.9793 | 21.4294 | 0 
0.907422 -0.424609 -2.08086 | 27.1403 | 0 
0.844922 -0.260547 -2.17852 | 26.2311 | 0 
0.708203 -0.440234 -2.13945 | 40.7712 | 0 
0.641797 -0.280078 -2.14727 | 37.2506 | 0 
0.469922 -0.401172 -2.1707 | 48.2701 | 0 
0.450391 -0.627734 -2.1668 | 46.7657 | 0 
0.610547 -0.592578 -2.06914 | 41.9727 | 0 
0.532422 -0.541797 -1.70195 | 55.8972 | 0 
0.481641 -0.299609 -1.74102 | 46.9174 | 0 
0.758984 -0.311328 -1.75664 | 36.5361 | 0 
0.747266 -0.303516 -1.50664 | 46.3831 | 0 
0.762891 -0.338672 -1.39727 | 45.1156 | 0 
0.653516 -0.619922 -1.45586 | 55.5395 | 0 
0.419141 -0.455859 -1.44805 | 60.307 | 0 
0.305859 -0.209766 -1.62773 | 40.6726 | 0 
0.266797 -0.201953 -1.4832 | 40.3364 | 0 
0.239453 -0.389453 -1.44023 | 48.6075 | 0 
0.270703 -0.655078 -1.39336 | 47.1957 | 0 
0.0714844 -0.678516 -1.50664 | 38.0606 | 0 
-0.198047 -0.662891 -1.49102 | 44.6832 | 0 
-0.178516 -0.475391 -1.40117 | 45.8931 | 0 
-0.174609 -0.221484 -1.45195 | 35.3916 | 0 
-0.100391 -0.440234 -1.5457 | 43.4111 | 0 
-0.143359 -0.244922 -1.6707 | 31.1214 | 0 
-0.100391 -0.424609 -1.86211 | 28.0052 | 0 
-0.0222656 -0.272266 -1.94414 | 15.9561 | 0 
-0.119922 -0.241016 -1.92461 | 17.0204 | 0 
-0.186328 -0.217578 -1.99492 | 18.149 | 0 
-0.174609 -0.342578 -2.08477 | 26.8118 | 0 
-0.0769531 -0.444141 -2.05352 | 25.5168 | 0 
0.0480469 -0.315234 -2.08086 | 20.132 | 0 
0.0246094 -0.209766 -2.08867 | 13.5376 | 0 
0.0285156 -0.244922 -1.99883 | 13.8974 | 0 
0.0949219 -0.252734 -2.0418 | 16.4829 | 0 
0.0832031 -0.323047 -2.13555 | 23.8504 | 0 
0.149609 -0.432422 -2.02617 | 27.664 | 0 
0.278516 -0.326953 -2.17852 | 37.0194 | 0 
0.188672 -0.237109 -1.95195 | 19.7864 | 0 
0.212109 -0.217578 -1.75273 | 28.6112 | 0 
0.0597656 -0.264453 -1.89727 | 17.2888 | 0 
0.130078 -0.393359 -1.75664 | 33.8364 | 0 
0.290234 -0.428516 -1.91289 | 36.8971 | 0 
0.0558594 -0.588672 -1.84648 | 27.1588 | 0 
0.286328 -0.666797 -2.01055 | 31.8466 | 0 
0.114453 -0.471484 -2.04961 | 27.2343 | 0 
0.0597656 -0.596484 -2.09258 | 25.2977 | 0 
0.0753906 -0.678516 -2.00273 | 19.9216 | 0 
-0.00273438 -0.612109 -2.08867 | 23.871 | 0 
-0.0300781 -0.502734 -2.06133 | 25.4126 | 0 
-0.190234 -0.541797 -2.08477 | 32.0507 | 0 
-0.174609 -0.651172 -1.95195 | 25.9732 | 0 
-0.0769531 -0.510547 -1.85039 | 28.9172 | 0 
-0.147266 -0.686328 -1.70977 | 33.796 | 0 
-0.0613281 -0.881641 -1.76445 | 16.3609 | 0 
-0.151172 -0.936328 -1.75664 | 18.5397 | 0 
-0.127734 -0.944141 -1.85039 | 12.095 | 0 
-0.112109 -0.846484 -1.93633 | 11.9504 | 0 
-0.0730469 -0.924609 -1.91289 | 8.11619 | 0 
0.0246094 -0.826953 -1.89336 | 11.9017 | 0 
-0.0496094 -0.819141 -1.88555 | 12.978 | 0 
-0.104297 -0.709766 -1.86602 | 21.9084 | 0 
-0.108203 -0.725391 -2.00664 | 18.3367 | 0 
-0.198047 -0.760547 -2.16289 | 26.2229 | 0 
-0.166797 -0.858203 -2.13945 | 17.6612 | 0 
-0.151172 -0.912891 -1.96758 | 10.577 | 0 
-0.131641 -0.881641 -1.96758 | 10.7429 | 0 
-0.0964844 -0.897266 -2.07305 | 9.94079 | 0 
-0.0378906 -0.901172 -2.01055 | 7.02662 | 0 
-0.0378906 -0.869922 -2.03398 | 8.56257 | 0 
-0.00273438 -0.869922 -2.01055 | 7.9806 | 0 
0.0207031 -0.901172 -2.15508 | 11.7914 | 0 
-0.0105469 -0.787891 -2.14336 | 16.6683 | 0 
-0.0378906 -0.756641 -2.01445 | 14.5381 | 0 
0.141797 -0.737109 -1.95586 | 19.2932 | 0 
0.0832031 -0.713672 -2.18633 | 25 | 0 
0.0832031 -0.858203 -2.18242 | 16.4356 | 0 
0.130078 -0.908984 -2.17852 | 15.9963 | 0 
0.0871094 -0.908984 -1.9832 | 7.87446 | 0 
0.133984 -0.846484 -2.00664 | 12.4112 | 0 
0.219922 -0.936328 -2.00273 | 13.8485 | 0 
0.290234 -0.803516 -2.12773 | 27.5103 | 0 
0.258984 -0.721484 -1.94805 | 27.2569 | 0 
0.145703 -0.713672 -1.7332 | 30.7567 | 0 
0.0753906 -0.858203 -1.86602 | 12.3776 | 0 
0.122266 -0.916797 -1.87773 | 11.334 | 0 
0.0792969 -0.901172 -1.81133 | 13.4231 | 0 
0.208203 -0.912891 -1.82305 | 18.6347 | 0 
0.290234 -0.948047 -1.84648 | 21.724 | 0 
0.274609 -0.940234 -1.93633 | 17.7354 | 0 
0.282422 -0.975391 -1.83477 | 21.4622 | 0 
0.188672 -0.975391 -1.81133 | 16.8698 | 0 
0.0675781 -0.967578 -1.80742 | 11.7722 | 0 
0.161328 -1.00273 -1.86602 | 12.5665 | 0 
0.0871094 -1.06914 -1.83477 | 11.829 | 0 
0.106641 -1.15898 -1.84648 | 15.8164 | 0 
0.145703 -1.14727 -1.81523 | 18.5375 | 0 
0.278516 -1.18633 -1.90508 | 24.7281 | 0 
0.294141 -1.09258 -2.10039 | 21.9988 | 0 
0.290234 -0.967578 -2.10039 | 20.0643 | 0 
0.212109 -0.951953 -2.06133 | 14.0275 | 0 
0.126172 -1.06914 -2.07305 | 10.4015 | 0 
0.0714844 -1.03789 -1.97148 | 6.40305 | 0 
0.0871094 -0.979297 -2.04961 | 7.19467 | 0 
0.102734 -0.983203 -2.17852 | 13.4488 | 0 
0.133984 -0.983203 -2.08477 | 10.1108 | 0 
0.0910156 -1.01836 -2.1043 | 9.2024 | 0 
0.133984 -1.13164 -2.12773 | 15.4465 | 0 
0.0636719 -1.16289 -2.10039 | 13.2779 | 0 
0.0832031 -1.12383 -2.05352 | 10.2596 | 0 
0.0949219 -1.15898 -1.9793 | 11.6688 | 0 
0.00898437 -1.12383 -1.96367 | 8.27144 | 0 
-0.0691406 -1.07695 -2.01445 | 7.33902 | 0 
0.0167969 -1.13945 -2.03398 | 9.3178 | 0 
-0.0417969 -1.19805 -2.07695 | 14.0333 | 0 
-0.0105469 -1.09648 -2.11602 | 10.0251 | 0 
-0.0613281 -1.07305 -2.08867 | 8.79821 | 0 
-0.0652344 -0.959766 -2.15898 | 11.3207 | 0 
0.0246094 -0.979297 -2.1082 | 7.83134 | 0 
0.0285156 -0.979297 -2.01055 | 5.26865 | 0 
0.0402344 -1.06523 -2.02617 | 6.52277 | 0 
-0.0496094 -1.06133 -2.01836 | 6.48427 | 0 
-0.0691406 -0.979297 -1.99883 | 5.97275 | 0 
-0.116016 -0.955859 -2.02227 | 8.03777 | 0 
-0.0925781 -1.05742 -1.95586 | 7.62268 | 0 
-0.178516 -1.03008 -2.07305 | 12.2614 | 0 
-0.139453 -0.951953 -1.96758 | 9.05536 | 0 
-0.0847656 -0.994922 -2.14336 | 10.771 | 0 
-0.174609 -1.01836 -2.19023 | 17.7018 | 0 
-0.198047 -1.1668 -2.15508 | 22.2287 | 0 
-0.100391 -1.15117 -1.96758 | 11.5196 | 0 
-0.127734 -1.18242 -1.86602 | 17.1674 | 0 
-0.0613281 -1.11211 -1.88164 | 10.5346 | 0 
0.0441406 -1.02617 -1.8582 | 8.73809 | 0 
-0.0652344 -1.00664 -1.83477 | 10.1432 | 0 
-0.182422 -1.0457 -1.9168 | 12.4264 | 0 
-0.178516 -0.955859 -1.88555 | 13.0172 | 0 
-0.143359 -0.955859 -1.74492 | 18.4699 | 0 
-0.0691406 -1.06523 -1.76445 | 15.1031 | 0 
-0.174609 -1.18633 -1.72148 | 27.727 | 0 
-0.0417969 -1.08477 -1.69414 | 19.2147 | 0 
-0.100391 -0.971484 -1.61602 | 23.1085 | 0 
-0.155078 -1.18242 -1.45586 | 33.4232 | 0 
-0.0105469 -1.11992 -1.33867 | 21.0629 | 0 
-0.0691406 -0.994922 -1.32305 | 18.1093 | 0 
-0.198047 -1.01055 -1.44805 | 29.4445 | 0 
-0.0808594 -0.905078 -1.31914 | 19.7642 | 0 
0.0207031 -0.873828 -1.36602 | 22.3565 | 0 
-0.162891 -0.744922 -1.43633 | 36.9698 | 0 
0.00507812 -0.748828 -1.51055 | 32.8993 | 0 
0.278516 -0.733203 -1.46758 | 45.3977 | 0 
0.278516 -0.928516 -1.39336 | 33.4931 | 0 
0.294141 -1.19414 -1.47148 | 42.8176 | 0 
0.352734 -1.15508 -1.67461 | 39.2239 | 0 
0.313672 -1.15117 -1.4168 | 40.1719 | 0 
0.325391 -0.916797 -1.43633 | 38.1172 | 0 
0.325391 -0.748828 -1.45586 | 47.0394 | 0 
0.614453 -0.713672 -1.50273 | 52.9302 | 0 
0.692578 -0.764453 -1.41289 | 44.2228 | 0 
0.696484 -1.03008 -1.4168 | 35.6953 | 0 
0.778516 -1.12383 -1.51836 | 35.203 | 0 
0.751172 -1.00664 -1.6043 | 32.015 | 0 
0.696484 -1.14336 -1.73711 | 32.7083 | 0 
0.450391 -1.15508 -1.70586 | 41.0864 | 0 
0.438672 -0.932422 -1.75273 | 34.1168 | 0 
0.563672 -0.713672 -1.80352 | 42.2534 | 0 
0.567578 -0.725391 -2.00664 | 35.5358 | 0 
0.493359 -0.741016 -2.14336 | 39.7318 | 0 
0.516797 -1.01055 -2.18242 | 31.8979 | 0 
0.317578 -1.13164 -2.08477 | 24.4625 | 0 
0.551953 -1.16289 -2.15898 | 35.174 | 0 
0.735547 -0.951953 -2.07695 | 18.2664 | 0 
0.774609 -0.967578 -2.04961 | 14.8857 | 0 
0.798047 -1.07305 -2.07305 | 15.1824 | 0 
0.798047 -1.20195 -2.19805 | 27.7599 | 0 
0.704297 -1.42852 -2.15508 | 43.4048 | 0 
0.641797 -1.24883 -2.18242 | 38.828 | 0 
0.446484 -1.36602 -2.15508 | 47.1938 | 0 
0.524609 -1.58867 -2.18242 | 51.8108 | 0 
0.641797 -1.58086 -1.99883 | 41.9304 | 0 
0.426953 -1.51445 -1.80352 | 51.3529 | 0 
0.477734 -1.31523 -1.77617 | 47.3631 | 0 
0.794141 -1.22148 -1.83477 | 25.8912 | 0 
0.591016 -1.23711 -1.55742 | 51.2613 | 0 
0.770703 -1.38555 -1.30742 | 43.9799 | 0 
0.594922 -1.69023 -1.64336 | 54.0628 | 0 
0.364453 -1.52227 -1.38164 | 58.2085 | 0 
0.325391 -1.25273 -1.58477 | 47.5352 | 0 
0.227734 -1.44414 -1.40898 | 50.5275 | 0 
0.0832031 -1.64727 -1.46367 | 41.955 | 0 
-0.158984 -1.65898 -1.46367 | 44.6605 | 0 
-0.162891 -1.50664 -1.42461 | 48.0122 | 0 
-0.182422 -1.23711 -1.38945 | 36.2488 | 0 
-0.174609 -1.24492 -1.66289 | 34.6688 | 0 
-0.0847656 -1.43633 -1.86602 | 29.4868 | 0 
-0.0183594 -1.28008 -1.92852 | 18.295 | 0 
-0.170703 -1.25664 -1.99883 | 21.2422 | 0 
-0.158984 -1.32695 -2.07695 | 26.483 | 0 
-0.0886719 -1.43633 -2.04961 | 27.4763 | 0 
0.0441406 -1.32695 -2.10039 | 23.1297 | 0 
-0.0105469 -1.20977 -2.1043 | 15.4839 | 0 
0.0285156 -1.2332 -1.96758 | 14.7064 | 0 
0.0636719 -1.32305 -2.17461 | 27.1415 | 0 
0.165234 -1.44023 -2.03789 | 30.7621 | 0 
0.282422 -1.34648 -2.15508 | 38.6412 | 0 
0.176953 -1.22539 -1.95977 | 19.7211 | 0 
0.219922 -1.22148 -1.73711 | 31.7062 | 0 
0.0597656 -1.27617 -1.88945 | 19.8529 | 0 
0.278516 -1.38945 -1.90898 | 36.7088 | 0 
0.290234 -1.67461 -1.97148 | 33.9983 | 0 
0.145703 -1.45586 -2.04961 | 30.3473 | 0 
0.0792969 -1.68242 -1.98711 | 22.1536 | 0 
-0.00273438 -1.61992 -2.07695 | 25.3787 | 0 
-0.0574219 -1.51055 -2.06133 | 27.8893 | 0 
-0.143359 -1.66289 -1.97148 | 25.8264 | 0 
-0.119922 -1.49883 -1.83867 | 33.0606 | 0 
-0.186328 -1.68242 -1.70977 | 38.5146 | 0 
-0.139453 -1.94414 -1.82695 | 16.6969 | 0 
-0.0535156 -1.94805 -1.88164 | 11.0665 | 0 
-0.0574219 -1.80742 -1.87383 | 16.8762 | 0 
-0.119922 -1.71758 -1.97539 | 21.716 | 0 
-0.194141 -1.88164 -2.13945 | 20.9568 | 0 
-0.143359 -1.90508 -1.99102 | 13.1462 | 0 
-0.116016 -1.82695 -2.00273 | 15.256 | 0 
-0.0417969 -1.92461 -1.96367 | 9.26522 | 0 
0.0324219 -1.85039 -1.97539 | 11.7556 | 0 
0.0402344 -1.94414 -2.16289 | 14.1828 | 0 
0.0363281 -1.81523 -2.16289 | 19.0448 | 0 
0.173047 -1.73711 -1.97539 | 23.2291 | 0 
0.0558594 -1.88164 -2.14727 | 15.3882 | 0 
0.161328 -1.88945 -2.19023 | 21.7548 | 0 
0.0910156 -1.94805 -1.95586 | 10.1299 | 0 
0.149609 -1.85039 -1.97539 | 15.6724 | 0 
0.184766 -1.94805 -1.96367 | 14.4875 | 0 
0.270703 -1.78398 -2.11211 | 29.2749 | 0 
0.258984 -1.70195 -1.93242 | 31.1234 | 0 
0.145703 -1.70586 -1.72148 | 34.3207 | 0 
0.106641 -1.88555 -1.87383 | 14.6973 | 0 
0.0714844 -1.89336 -1.78398 | 17.8073 | 0 
0.204297 -1.90508 -1.80742 | 22.3018 | 0 
0.282422 -1.99492 -1.89336 | 21.8345 | 0 
0.133984 -1.9832 -1.80742 | 17.0825 | 0 
0.0832031 -1.99102 -1.83867 | 13.4157 | 0 
0.0949219 -2.10039 -1.83867 | 16.1645 | 0 
0.196484 -2.19414 -1.80352 | 28.0684 | 0 
0.282422 -2.18242 -2.01055 | 26.8104 | 0 
0.282422 -2.01445 -2.11211 | 23.0431 | 0 
0.278516 -1.99883 -2.04961 | 20.5381 | 0 
0.137891 -1.9793 -2.06914 | 12.7555 | 0 
0.0988281 -2.0457 -2.06133 | 11.4533 | 0 
0.106641 -1.96758 -2.08477 | 11.9829 | 0 
0.169141 -2.03398 -2.08086 | 15.1211 | 0 
0.0949219 -2.08477 -2.07695 | 12.9268 | 0 
0.0636719 -2.17852 -2.04961 | 15.8804 | 0 
0.0324219 -2.19805 -1.96367 | 15.948 | 0 
0.0480469 -2.19414 -2.07305 | 17.1631 | 0 
0.0441406 -2.08477 -2.10039 | 12.4513 | 0 
-0.0652344 -2.0418 -2.13164 | 13.1183 | 0 
0.0207031 -1.97148 -2.08867 | 10.0066 | 0 
0.00507812 -2.06523 -2.03789 | 9.53368 | 0 
-0.0496094 -1.95977 -2.07305 | 9.97528 | 0 
-0.112109 -2.07305 -2.07305 | 13.0574 | 0 
-0.151172 -1.97539 -2.04961 | 12.909 | 0 
-0.143359 -2.03008 -2.1043 | 14.6091 | 0 
-0.151172 -2.1668 -2.09648 | 20.084 | 0 
-0.186328 -2.17461 -1.99492 | 20.2919 | 0 
-0.0964844 -2.18242 -1.9207 | 17.3395 | 0 
-0.0378906 -2.07695 -1.93242 | 10.3658 | 0 
0.0402344 -2.01836 -1.93242 | 9.08194 | 0 
-0.00273438 -1.96367 -1.84258 | 12.0176 | 0 
-0.0417969 -1.96367 -1.94023 | 8.92133 | 0 
-0.100391 -2.06133 -1.90117 | 12.3979 | 0 
-0.0769531 -1.95586 -1.84648 | 13.0715 | 0 
-0.0769531 -2.01055 -1.74883 | 18.3485 | 0 
-0.0574219 -2.03398 -1.7332 | 19.0687 | 0 
-0.158984 -2.15898 -1.6707 | 31.4324 | 0 
-0.0847656 -1.97148 -1.53398 | 27.5651 | 0 
-0.186328 -2.1707 -1.39727 | 36.0135 | 0 
0.00117187 -2.05742 -1.34258 | 22.1739 | 0 
-0.119922 -1.95977 -1.31523 | 22.5947 | 0 
-0.178516 -1.93633 -1.39727 | 30.1692 | 0 
-0.174609 -1.7293 -1.4793 | 41.8602 | 0 
0.0519531 -1.70195 -1.47539 | 38.4581 | 0 
0.290234 -1.7332 -1.4168 | 47.3145 | 0 
0.298047 -1.99883 -1.4207 | 37.8603 | 0 
0.274609 -2.15117 -1.48711 | 42.6036 | 0 
0.333203 -2.14727 -1.65898 | 41.863 | 0 
0.356641 -2.14336 -1.40508 | 44.969 | 0 
0.356641 -1.89727 -1.41289 | 42.4845 | 0 
0.626172 -1.70195 -1.50273 | 55.5375 | 0 
0.727734 -1.76445 -1.40898 | 44.5246 | 0 
0.719922 -1.98711 -1.42852 | 37.4271 | 0 
0.770703 -2.14336 -1.57305 | 39.1202 | 0 
0.680859 -2.15117 -1.72148 | 38.2275 | 0 
0.446484 -2.1707 -1.71367 | 44.772 | 0 
0.434766 -1.92852 -1.74492 | 37.4355 | 0 
0.555859 -1.7293 -1.81523 | 43.2971 | 0 
0.575391 -1.70195 -2.01836 | 39.2401 | 0 
0.512891 -1.71758 -2.15898 | 44.4526 | 0 
0.489453 -1.9832 -2.17461 | 34.3735 | 0 
0.579297 -2.16289 -2.14336 | 36.9777 | 0 
0.735547 -1.95195 -2.08867 | 21.5851 | 0 
0.798047 -2.08477 -2.06133 | 18.3773 | 0 
0.801953 -2.19805 -2.19805 | 30.686 | 0 
0.825391 -2.04961 -2.01445 | 14.9015 | 0 
0.837109 -2.00664 -2.11211 | 16.373 | 0 
0.962109 -2.00273 -2.09258 | 11.2436 | 0 
1.00898 -2.01445 -2.08867 | 11.0081 | 0 
0.989453 -1.99883 -2.05352 | 9.77349 | 0 
0.981641 -2.03398 -2.05352 | 10.1712 | 0 
1.00117 -2.12383 -2.06523 | 13.4838 | 0 
1.03633 -2.14336 -2.1043 | 16.2167 | 0 
1.10664 -2.14336 -2.19023 | 22.9001 | 0 
1.21602 -2.13945 -2.02617 | 21.7764 | 0 
1.24336 -2.01836 -2.11211 | 22.1101 | 0 
1.25898 -1.9793 -2.03008 | 20.4506 | 0 
1.12227 -1.99492 -2.01445 | 12.152 | 0 
1.07539 -2.02227 -2.0457 | 11.0392 | 0 
1.09492 -2.01055 -2.11602 | 14.0083 | 0 
1.08711 -1.90508 -2.15508 | 17.026 | 0 
1.06758 -1.88945 -2.0457 | 12.5089 | 0 
1.22383 -1.91289 -2.0457 | 19.5751 | 0 
1.25898 -1.78008 -2.08867 | 29.3141 | 0 
1.04805 -1.71758 -2.17852 | 26.9277 | 0 
0.907422 -1.82695 -2.19023 | 22.2865 | 0 
0.911328 -1.94805 -2.19414 | 18.0419 | 0 
0.934766 -1.92461 -2.13164 | 14.2813 | 0 
0.950391 -1.86602 -2.03789 | 12.6413 | 0 
0.946484 -1.88945 -1.98711 | 11.3241 | 0 
0.852734 -1.88945 -1.98711 | 14.5794 | 0 
0.895703 -1.86602 -1.95195 | 13.9572 | 0 
0.915234 -1.75273 -1.9832 | 19.1118 | 0 
1.02461 -1.75273 -2.00273 | 18.0818 | 0 
0.981641 -1.7332 -1.9168 | 20.0973 | 0 
0.864453 -1.80742 -1.91289 | 19.0165 | 0 
0.883984 -1.93633 -1.89336 | 13.6085 | 0 
0.966016 -1.94805 -1.83867 | 13.5763 | 0 
1.00898 -1.9207 -1.74492 | 19.3026 | 0 
0.923047 -1.88555 -1.79961 | 18.2016 | 0 
1.04805 -1.70195 -1.78789 | 28.2587 | 0 
1.2707 -1.77617 -1.7293 | 38.7172 | 0 
1.16914 -1.90508 -1.72539 | 26.3749 | 0 
1.2707 -2.03789 -1.76055 | 29.7842 | 0 
1.16133 -2.18633 -1.7293 | 31.234 | 0 
1.0207 -2.10039 -1.93633 | 12.0012 | 0 
0.926953 -2.03398 -1.9207 | 11.1632 | 0 
1.0207 -1.99102 -1.93242 | 9.72864 | 0 
0.977734 -1.97539 -1.71758 | 20.0483 | 0 
0.852734 -1.96758 -1.72148 | 23.535 | 0 
0.809766 -2.01836 -1.93633 | 15.6674 | 0 
0.895703 -2.19805 -1.7332 | 28.5559 | 0 
0.825391 -1.96758 -1.58086 | 31.4337 | 0 
0.841016 -2.19805 -1.53008 | 39.0831 | 0 
0.934766 -2.14727 -1.43633 | 31.5703 | 0 
1.13008 -1.98711 -1.4207 | 29.2192 | 0 
1.20039 -2.14727 -1.40898 | 37.363 | 0 
1.22383 -2.01055 -1.49102 | 36.1322 | 0 
1.18867 -1.75273 -1.50273 | 42.8113 | 0 
1.16523 -1.70977 -1.42461 | 42.6329 | 0 
0.876172 -1.70977 -1.41289 | 39.6047 | 0 
0.829297 -1.70977 -1.64336 | 40.2442 | 0 
0.805859 -1.69414 -1.50273 | 45.7763 | 0 
0.962109 -1.68242 -1.43242 | 39.3217 | 0 
1.24336 -1.49492 -1.47539 | 55.416 | 0 
1.23555 -1.20586 -1.4168 | 40.0074 | 0 
0.989453 -1.24102 -1.43242 | 33.1407 | 0 
0.821484 -1.22539 -1.45586 | 38.0317 | 0 
0.829297 -1.23711 -1.68242 | 33.5805 | 0 
0.911328 -1.44023 -1.78398 | 34.7838 | 0 
0.848828 -1.24102 -1.94023 | 20.3396 | 0 
0.876172 -1.25664 -2.10039 | 21.9769 | 0 
1.02461 -1.26836 -2.07305 | 19.2613 | 0 
0.938672 -1.4168 -2.09258 | 28.3095 | 0 
0.829297 -1.44414 -2.00273 | 31.3973 | 0 
1.00117 -1.56523 -2.06914 | 27.8345 | 0 
0.825391 -1.68242 -1.99883 | 27.0653 | 0 
0.891797 -1.49492 -1.83867 | 33.3415 | 0 
1.02461 -1.65508 -1.90898 | 24.7605 | 0 
1.14961 -1.50273 -1.88555 | 33.7121 | 0 
1.23945 -1.65898 -1.89727 | 34.6499 | 0 
1.27461 -1.50273 -1.95977 | 39.58 | 0 
1.09883 -1.35039 -2.05352 | 25.5724 | 0 
1.29805 -1.22539 -1.99102 | 28.5997 | 0 
1.18086 -1.43242 -1.86992 | 35.0041 | 0 
1.30195 -1.20195 -1.70195 | 39.2431 | 0 
1.41133 -1.44414 -1.87773 | 48.2899 | 0 
1.30586 -1.20195 -1.95977 | 27.7734 | 0 
1.5168 -1.30352 -2.06914 | 42.4539 | 0 
1.30586 -1.45977 -1.95195 | 41.2188 | 0 
1.30977 -1.69805 -1.93633 | 36.012 | 0 
1.57148 -1.69805 -1.93633 | 42.1067 | 0 
1.79414 -1.67461 -1.95195 | 32.1093 | 0 
1.56367 -1.54961 -2.05352 | 48.3518 | 0 
1.77852 -1.4207 -1.95977 | 36.3422 | 0 
1.59492 -1.28398 -2.06133 | 39.5674 | 0 
1.79805 -1.20195 -1.94023 | 23.1925 | 0 
1.69648 -1.44414 -1.88164 | 43.8342 | 0 
1.78633 -1.20195 -1.70977 | 34.8241 | 0 
1.79414 -1.22148 -1.56133 | 41.8953 | 0 
1.65352 -1.24102 -1.4207 | 50.2104 | 0 
1.30977 -1.44805 -1.48711 | 59.1305 | 0 
1.55586 -1.65508 -1.43242 | 61.331 | 0 
1.79805 -1.70195 -1.69805 | 42.2196 | 0 
1.53633 -1.70195 -1.43633 | 59.2442 | 0 
1.32539 -1.95977 -1.45977 | 42.29 | 0 
1.5793 -2.19414 -1.44805 | 54.2233 | 0 
1.78633 -2.15508 -1.47539 | 42.0132 | 0 
1.79805 -2.19805 -1.70195 | 37.7544 | 0 
1.55977 -2.19023 -1.70977 | 48.2901 | 0 
1.54023 -1.96367 -1.70586 | 41.8178 | 0 
1.54805 -1.70977 -1.70977 | 52.7931 | 0 
1.55195 -1.70195 -1.95195 | 42.0127 | 0 
1.54414 -1.71367 -2.19805 | 48.8265 | 0 
1.54805 -1.95195 -2.19805 | 37.8313 | 0 
1.55195 -2.19805 -2.19805 | 45.13 | 0 
1.67695 -1.95195 -2.07695 | 26.9648 | 0 
1.79805 -2.07695 -2.07305 | 21.0522 | 0 
1.79805 -2.19805 -2.07695 | 27.3446 | 0 
1.73945 -2.07695 -2.13945 | 27.3245 | 0 
0.00507812 0.00507812 0.00898437 | 0.0262409 
0 0 0 | 0 