4 -2.200000_-2.200000_-2.200000_-2.200000 1.800000_1.800000_1.800000_1.800000
1 0
-2.200000 -2.200000 | 23.499660 
-2.160000 -2.200000 | 21.057162 
-2.120000 -2.200000 | 18.954544 
-2.080000 -2.200000 | 17.313163 
-2.040000 -2.200000 | 16.225598 
-2.000000 -2.200000 | 15.749830 
-1.960000 -2.200000 | 15.905598 
-1.920000 -2.200000 | 16.673163 
-1.880000 -2.200000 | 17.994544 
-1.840000 -2.200000 | 19.777162 
-1.800000 -2.200000 | 21.899660 
-1.760000 -2.200000 | 24.219525 
-1.720000 -2.200000 | 26.582043 
-1.680000 -2.200000 | 28.830023 
-1.640000 -2.200000 | 30.813670 
-1.600000 -2.200000 | 32.400000 
-1.560000 -2.200000 | 33.481195 
-1.520000 -2.200000 | 33.981377 
-1.480000 -2.200000 | 33.861377 
-1.440000 -2.200000 | 33.121195 
-1.400000 -2.200000 | 31.800000 
-1.360000 -2.200000 | 29.973670 
-1.320000 -2.200000 | 27.750023 
-1.280000 -2.200000 | 25.262043 
-1.240000 -2.200000 | 22.659525 
-1.200000 -2.200000 | 20.099660 
-1.160000 -2.200000 | 17.737162 
-1.120000 -2.200000 | 15.714544 
-1.080000 -2.200000 | 14.153163 
-1.040000 -2.200000 | 13.145598 
-1.000000 -2.200000 | 12.749830 
-0.960000 -2.200000 | 12.985598 
-0.920000 -2.200000 | 13.833163 
-0.880000 -2.200000 | 15.234544 
-0.840000 -2.200000 | 17.097162 
-0.800000 -2.200000 | 19.299660 
-0.760000 -2.200000 | 21.699525 
-0.720000 -2.200000 | 24.142043 
-0.680000 -2.200000 | 26.470023 
-0.640000 -2.200000 | 28.533670 
-0.600000 -2.200000 | 30.200000 
-0.560000 -2.200000 | 31.361195 
-0.520000 -2.200000 | 31.941377 
-0.480000 -2.200000 | 31.901377 
-0.440000 -2.200000 | 31.241195 
-0.400000 -2.200000 | 30.000000 
-0.360000 -2.200000 | 28.253670 
-0.320000 -2.200000 | 26.110023 
-0.280000 -2.200000 | 23.702043 
-0.240000 -2.200000 | 21.179525 
-0.200000 -2.200000 | 18.699660 
-0.160000 -2.200000 | 16.417162 
-0.120000 -2.200000 | 14.474544 
-0.080000 -2.200000 | 12.993163 
-0.040000 -2.200000 | 12.065598 
0.000000 -2.200000 | 11.749830 
0.040000 -2.200000 | 12.065598 
0.080000 -2.200000 | 12.993163 
0.120000 -2.200000 | 14.474544 
0.160000 -2.200000 | 16.417162 
0.200000 -2.200000 | 18.699660 
0.240000 -2.200000 | 21.179525 
0.280000 -2.200000 | 23.702043 
0.320000 -2.200000 | 26.110023 
0.360000 -2.200000 | 28.253670 
0.400000 -2.200000 | 30.000000 
0.440000 -2.200000 | 31.241195 
0.480000 -2.200000 | 31.901377 
0.520000 -2.200000 | 31.941377 
0.560000 -2.200000 | 31.361195 
0.600000 -2.200000 | 30.200000 
0.640000 -2.200000 | 28.533670 
0.680000 -2.200000 | 26.470023 
0.720000 -2.200000 | 24.142043 
0.760000 -2.200000 | 21.699525 
0.800000 -2.200000 | 19.299660 
0.840000 -2.200000 | 17.097162 
0.880000 -2.200000 | 15.234544 
0.920000 -2.200000 | 13.833163 
0.960000 -2.200000 | 12.985598 
1.000000 -2.200000 | 12.749830 
1.040000 -2.200000 | 13.145598 
1.080000 -2.200000 | 14.153163 
1.120000 -2.200000 | 15.714544 
1.160000 -2.200000 | 17.737162 
1.200000 -2.200000 | 20.099660 
1.240000 -2.200000 | 22.659525 
1.280000 -2.200000 | 25.262043 
1.320000 -2.200000 | 27.750023 
1.360000 -2.200000 | 29.973670 
1.400000 -2.200000 | 31.800000 
1.440000 -2.200000 | 33.121195 
1.480000 -2.200000 | 33.861377 
1.520000 -2.200000 | 33.981377 
1.560000 -2.200000 | 33.481195 
1.600000 -2.200000 | 32.400000 
1.640000 -2.200000 | 30.813670 
1.680000 -2.200000 | 28.830023 
1.720000 -2.200000 | 26.582043 
1.760000 -2.200000 | 24.219525 
-2.200000 -2.160000 | 21.057162 
-2.160000 -2.160000 | 18.614664 
-2.120000 -2.160000 | 16.512046 
-2.080000 -2.160000 | 14.870665 
-2.040000 -2.160000 | 13.783100 
-2.000000 -2.160000 | 13.307332 
-1.960000 -2.160000 | 13.463100 
-1.920000 -2.160000 | 14.230665 
-1.880000 -2.160000 | 15.552046 
-1.840000 -2.160000 | 17.334664 
-1.800000 -2.160000 | 19.457162 
-1.760000 -2.160000 | 21.777027 
-1.720000 -2.160000 | 24.139545 
-1.680000 -2.160000 | 26.387525 
-1.640000 -2.160000 | 28.371172 
-1.600000 -2.160000 | 29.957502 
-1.560000 -2.160000 | 31.038697 
-1.520000 -2.160000 | 31.538879 
-1.480000 -2.160000 | 31.418879 
-1.440000 -2.160000 | 30.678697 
-1.400000 -2.160000 | 29.357502 
-1.360000 -2.160000 | 27.531172 
-1.320000 -2.160000 | 25.307525 
-1.280000 -2.160000 | 22.819545 
-1.240000 -2.160000 | 20.217027 
-1.200000 -2.160000 | 17.657162 
-1.160000 -2.160000 | 15.294664 
-1.120000 -2.160000 | 13.272046 
-1.080000 -2.160000 | 11.710665 
-1.040000 -2.160000 | 10.703100 
-1.000000 -2.160000 | 10.307332 
-0.960000 -2.160000 | 10.543100 
-0.920000 -2.160000 | 11.390665 
-0.880000 -2.160000 | 12.792046 
-0.840000 -2.160000 | 14.654664 
-0.800000 -2.160000 | 16.857162 
-0.760000 -2.160000 | 19.257027 
-0.720000 -2.160000 | 21.699545 
-0.680000 -2.160000 | 24.027525 
-0.640000 -2.160000 | 26.091172 
-0.600000 -2.160000 | 27.757502 
-0.560000 -2.160000 | 28.918697 
-0.520000 -2.160000 | 29.498879 
-0.480000 -2.160000 | 29.458879 
-0.440000 -2.160000 | 28.798697 
-0.400000 -2.160000 | 27.557502 
-0.360000 -2.160000 | 25.811172 
-0.320000 -2.160000 | 23.667525 
-0.280000 -2.160000 | 21.259545 
-0.240000 -2.160000 | 18.737027 
-0.200000 -2.160000 | 16.257162 
-0.160000 -2.160000 | 13.974664 
-0.120000 -2.160000 | 12.032046 
-0.080000 -2.160000 | 10.550665 
-0.040000 -2.160000 | 9.623100 
0.000000 -2.160000 | 9.307332 
0.040000 -2.160000 | 9.623100 
0.080000 -2.160000 | 10.550665 
0.120000 -2.160000 | 12.032046 
0.160000 -2.160000 | 13.974664 
0.200000 -2.160000 | 16.257162 
0.240000 -2.160000 | 18.737027 
0.280000 -2.160000 | 21.259545 
0.320000 -2.160000 | 23.667525 
0.360000 -2.160000 | 25.811172 
0.400000 -2.160000 | 27.557502 
0.440000 -2.160000 | 28.798697 
0.480000 -2.160000 | 29.458879 
0.520000 -2.160000 | 29.498879 
0.560000 -2.160000 | 28.918697 
0.600000 -2.160000 | 27.757502 
0.640000 -2.160000 | 26.091172 
0.680000 -2.160000 | 24.027525 
0.720000 -2.160000 | 21.699545 
0.760000 -2.160000 | 19.257027 
0.800000 -2.160000 | 16.857162 
0.840000 -2.160000 | 14.654664 
0.880000 -2.160000 | 12.792046 
0.920000 -2.160000 | 11.390665 
0.960000 -2.160000 | 10.543100 
1.000000 -2.160000 | 10.307332 
1.040000 -2.160000 | 10.703100 
1.080000 -2.160000 | 11.710665 
1.120000 -2.160000 | 13.272046 
1.160000 -2.160000 | 15.294664 
1.200000 -2.160000 | 17.657162 
1.240000 -2.160000 | 20.217027 
1.280000 -2.160000 | 22.819545 
1.320000 -2.160000 | 25.307525 
1.360000 -2.160000 | 27.531172 
1.400000 -2.160000 | 29.357502 
1.440000 -2.160000 | 30.678697 
1.480000 -2.160000 | 31.418879 
1.520000 -2.160000 | 31.538879 
1.560000 -2.160000 | 31.038697 
1.600000 -2.160000 | 29.957502 
1.640000 -2.160000 | 28.371172 
1.680000 -2.160000 | 26.387525 
1.720000 -2.160000 | 24.139545 
1.760000 -2.160000 | 21.777027 
-2.200000 -2.120000 | 18.954544 
-2.160000 -2.120000 | 16.512046 
-2.120000 -2.120000 | 14.409427 
-2.080000 -2.120000 | 12.768047 
-2.040000 -2.120000 | 11.680482 
-2.000000 -2.120000 | 11.204714 
-1.960000 -2.120000 | 11.360482 
-1.920000 -2.120000 | 12.128047 
-1.880000 -2.120000 | 13.449427 
-1.840000 -2.120000 | 15.232046 
-1.800000 -2.120000 | 17.354544 
-1.760000 -2.120000 | 19.674409 
-1.720000 -2.120000 | 22.036927 
-1.680000 -2.120000 | 24.284907 
-1.640000 -2.120000 | 26.268554 
-1.600000 -2.120000 | 27.854884 
-1.560000 -2.120000 | 28.936079 
-1.520000 -2.120000 | 29.436261 
-1.480000 -2.120000 | 29.316261 
-1.440000 -2.120000 | 28.576079 
-1.400000 -2.120000 | 27.254884 
-1.360000 -2.120000 | 25.428554 
-1.320000 -2.120000 | 23.204907 
-1.280000 -2.120000 | 20.716927 
-1.240000 -2.120000 | 18.114409 
-1.200000 -2.120000 | 15.554544 
-1.160000 -2.120000 | 13.192046 
-1.120000 -2.120000 | 11.169427 
-1.080000 -2.120000 | 9.608047 
-1.040000 -2.120000 | 8.600482 
-1.000000 -2.120000 | 8.204714 
-0.960000 -2.120000 | 8.440482 
-0.920000 -2.120000 | 9.288047 
-0.880000 -2.120000 | 10.689427 
-0.840000 -2.120000 | 12.552046 
-0.800000 -2.120000 | 14.754544 
-0.760000 -2.120000 | 17.154409 
-0.720000 -2.120000 | 19.596927 
-0.680000 -2.120000 | 21.924907 
-0.640000 -2.120000 | 23.988554 
-0.600000 -2.120000 | 25.654884 
-0.560000 -2.120000 | 26.816079 
-0.520000 -2.120000 | 27.396261 
-0.480000 -2.120000 | 27.356261 
-0.440000 -2.120000 | 26.696079 
-0.400000 -2.120000 | 25.454884 
-0.360000 -2.120000 | 23.708554 
-0.320000 -2.120000 | 21.564907 
-0.280000 -2.120000 | 19.156927 
-0.240000 -2.120000 | 16.634409 
-0.200000 -2.120000 | 14.154544 
-0.160000 -2.120000 | 11.872046 
-0.120000 -2.120000 | 9.929427 
-0.080000 -2.120000 | 8.448047 
-0.040000 -2.120000 | 7.520482 
0.000000 -2.120000 | 7.204714 
0.040000 -2.120000 | 7.520482 
0.080000 -2.120000 | 8.448047 
0.120000 -2.120000 | 9.929427 
0.160000 -2.120000 | 11.872046 
0.200000 -2.120000 | 14.154544 
0.240000 -2.120000 | 16.634409 
0.280000 -2.120000 | 19.156927 
0.320000 -2.120000 | 21.564907 
0.360000 -2.120000 | 23.708554 
0.400000 -2.120000 | 25.454884 
0.440000 -2.120000 | 26.696079 
0.480000 -2.120000 | 27.356261 
0.520000 -2.120000 | 27.396261 
0.560000 -2.120000 | 26.816079 
0.600000 -2.120000 | 25.654884 
0.640000 -2.120000 | 23.988554 
0.680000 -2.120000 | 21.924907 
0.720000 -2.120000 | 19.596927 
0.760000 -2.120000 | 17.154409 
0.800000 -2.120000 | 14.754544 
0.840000 -2.120000 | 12.552046 
0.880000 -2.120000 | 10.689427 
0.920000 -2.120000 | 9.288047 
0.960000 -2.120000 | 8.440482 
1.000000 -2.120000 | 8.204714 
1.040000 -2.120000 | 8.600482 
1.080000 -2.120000 | 9.608047 
1.120000 -2.120000 | 11.169427 
1.160000 -2.120000 | 13.192046 
1.200000 -2.120000 | 15.554544 
1.240000 -2.120000 | 18.114409 
1.280000 -2.120000 | 20.716927 
1.320000 -2.120000 | 23.204907 
1.360000 -2.120000 | 25.428554 
1.400000 -2.120000 | 27.254884 
1.440000 -2.120000 | 28.576079 
1.480000 -2.120000 | 29.316261 
1.520000 -2.120000 | 29.436261 
1.560000 -2.120000 | 28.936079 
1.600000 -2.120000 | 27.854884 
1.640000 -2.120000 | 26.268554 
1.680000 -2.120000 | 24.284907 
1.720000 -2.120000 | 22.036927 
1.760000 -2.120000 | 19.674409 
-2.200000 -2.080000 | 17.313163 
-2.160000 -2.080000 | 14.870665 
-2.120000 -2.080000 | 12.768047 
-2.080000 -2.080000 | 11.126666 
-2.040000 -2.080000 | 10.039102 
-2.000000 -2.080000 | 9.563333 
-1.960000 -2.080000 | 9.719102 
-1.920000 -2.080000 | 10.486666 
-1.880000 -2.080000 | 11.808047 
-1.840000 -2.080000 | 13.590665 
-1.800000 -2.080000 | 15.713163 
-1.760000 -2.080000 | 18.033028 
-1.720000 -2.080000 | 20.395546 
-1.680000 -2.080000 | 22.643526 
-1.640000 -2.080000 | 24.627173 
-1.600000 -2.080000 | 26.213503 
-1.560000 -2.080000 | 27.294698 
-1.520000 -2.080000 | 27.794880 
-1.480000 -2.080000 | 27.674880 
-1.440000 -2.080000 | 26.934698 
-1.400000 -2.080000 | 25.613503 
-1.360000 -2.080000 | 23.787173 
-1.320000 -2.080000 | 21.563526 
-1.280000 -2.080000 | 19.075546 
-1.240000 -2.080000 | 16.473028 
-1.200000 -2.080000 | 13.913163 
-1.160000 -2.080000 | 11.550665 
-1.120000 -2.080000 | 9.528047 
-1.080000 -2.080000 | 7.966666 
-1.040000 -2.080000 | 6.959102 
-1.000000 -2.080000 | 6.563333 
-0.960000 -2.080000 | 6.799102 
-0.920000 -2.080000 | 7.646666 
-0.880000 -2.080000 | 9.048047 
-0.840000 -2.080000 | 10.910665 
-0.800000 -2.080000 | 13.113163 
-0.760000 -2.080000 | 15.513028 
-0.720000 -2.080000 | 17.955546 
-0.680000 -2.080000 | 20.283526 
-0.640000 -2.080000 | 22.347173 
-0.600000 -2.080000 | 24.013503 
-0.560000 -2.080000 | 25.174698 
-0.520000 -2.080000 | 25.754880 
-0.480000 -2.080000 | 25.714880 
-0.440000 -2.080000 | 25.054698 
-0.400000 -2.080000 | 23.813503 
-0.360000 -2.080000 | 22.067173 
-0.320000 -2.080000 | 19.923526 
-0.280000 -2.080000 | 17.515546 
-0.240000 -2.080000 | 14.993028 
-0.200000 -2.080000 | 12.513163 
-0.160000 -2.080000 | 10.230665 
-0.120000 -2.080000 | 8.288047 
-0.080000 -2.080000 | 6.806666 
-0.040000 -2.080000 | 5.879102 
0.000000 -2.080000 | 5.563333 
0.040000 -2.080000 | 5.879102 
0.080000 -2.080000 | 6.806666 
0.120000 -2.080000 | 8.288047 
0.160000 -2.080000 | 10.230665 
0.200000 -2.080000 | 12.513163 
0.240000 -2.080000 | 14.993028 
0.280000 -2.080000 | 17.515546 
0.320000 -2.080000 | 19.923526 
0.360000 -2.080000 | 22.067173 
0.400000 -2.080000 | 23.813503 
0.440000 -2.080000 | 25.054698 
0.480000 -2.080000 | 25.714880 
0.520000 -2.080000 | 25.754880 
0.560000 -2.080000 | 25.174698 
0.600000 -2.080000 | 24.013503 
0.640000 -2.080000 | 22.347173 
0.680000 -2.080000 | 20.283526 
0.720000 -2.080000 | 17.955546 
0.760000 -2.080000 | 15.513028 
0.800000 -2.080000 | 13.113163 
0.840000 -2.080000 | 10.910665 
0.880000 -2.080000 | 9.048047 
0.920000 -2.080000 | 7.646666 
0.960000 -2.080000 | 6.799102 
1.000000 -2.080000 | 6.563333 
1.040000 -2.080000 | 6.959102 
1.080000 -2.080000 | 7.966666 
1.120000 -2.080000 | 9.528047 
1.160000 -2.080000 | 11.550665 
1.200000 -2.080000 | 13.913163 
1.240000 -2.080000 | 16.473028 
1.280000 -2.080000 | 19.075546 
1.320000 -2.080000 | 21.563526 
1.360000 -2.080000 | 23.787173 
1.400000 -2.080000 | 25.613503 
1.440000 -2.080000 | 26.934698 
1.480000 -2.080000 | 27.674880 
1.520000 -2.080000 | 27.794880 
1.560000 -2.080000 | 27.294698 
1.600000 -2.080000 | 26.213503 
1.640000 -2.080000 | 24.627173 
1.680000 -2.080000 | 22.643526 
1.720000 -2.080000 | 20.395546 
1.760000 -2.080000 | 18.033028 
-2.200000 -2.040000 | 16.225598 
-2.160000 -2.040000 | 13.783100 
-2.120000 -2.040000 | 11.680482 
-2.080000 -2.040000 | 10.039102 
-2.040000 -2.040000 | 8.951537 
-2.000000 -2.040000 | 8.475768 
-1.960000 -2.040000 | 8.631537 
-1.920000 -2.040000 | 9.399102 
-1.880000 -2.040000 | 10.720482 
-1.840000 -2.040000 | 12.503100 
-1.800000 -2.040000 | 14.625598 
-1.760000 -2.040000 | 16.945463 
-1.720000 -2.040000 | 19.307982 
-1.680000 -2.040000 | 21.555961 
-1.640000 -2.040000 | 23.539608 
-1.600000 -2.040000 | 25.125938 
-1.560000 -2.040000 | 26.207133 
-1.520000 -2.040000 | 26.707315 
-1.480000 -2.040000 | 26.587315 
-1.440000 -2.040000 | 25.847133 
-1.400000 -2.040000 | 24.525938 
-1.360000 -2.040000 | 22.699608 
-1.320000 -2.040000 | 20.475961 
-1.280000 -2.040000 | 17.987982 
-1.240000 -2.040000 | 15.385463 
-1.200000 -2.040000 | 12.825598 
-1.160000 -2.040000 | 10.463100 
-1.120000 -2.040000 | 8.440482 
-1.080000 -2.040000 | 6.879102 
-1.040000 -2.040000 | 5.871537 
-1.000000 -2.040000 | 5.475768 
-0.960000 -2.040000 | 5.711537 
-0.920000 -2.040000 | 6.559102 
-0.880000 -2.040000 | 7.960482 
-0.840000 -2.040000 | 9.823100 
-0.800000 -2.040000 | 12.025598 
-0.760000 -2.040000 | 14.425463 
-0.720000 -2.040000 | 16.867982 
-0.680000 -2.040000 | 19.195961 
-0.640000 -2.040000 | 21.259608 
-0.600000 -2.040000 | 22.925938 
-0.560000 -2.040000 | 24.087133 
-0.520000 -2.040000 | 24.667315 
-0.480000 -2.040000 | 24.627315 
-0.440000 -2.040000 | 23.967133 
-0.400000 -2.040000 | 22.725938 
-0.360000 -2.040000 | 20.979608 
-0.320000 -2.040000 | 18.835961 
-0.280000 -2.040000 | 16.427982 
-0.240000 -2.040000 | 13.905463 
-0.200000 -2.040000 | 11.425598 
-0.160000 -2.040000 | 9.143100 
-0.120000 -2.040000 | 7.200482 
-0.080000 -2.040000 | 5.719102 
-0.040000 -2.040000 | 4.791537 
0.000000 -2.040000 | 4.475768 
0.040000 -2.040000 | 4.791537 
0.080000 -2.040000 | 5.719102 
0.120000 -2.040000 | 7.200482 
0.160000 -2.040000 | 9.143100 
0.200000 -2.040000 | 11.425598 
0.240000 -2.040000 | 13.905463 
0.280000 -2.040000 | 16.427982 
0.320000 -2.040000 | 18.835961 
0.360000 -2.040000 | 20.979608 
0.400000 -2.040000 | 22.725938 
0.440000 -2.040000 | 23.967133 
0.480000 -2.040000 | 24.627315 
0.520000 -2.040000 | 24.667315 
0.560000 -2.040000 | 24.087133 
0.600000 -2.040000 | 22.925938 
0.640000 -2.040000 | 21.259608 
0.680000 -2.040000 | 19.195961 
0.720000 -2.040000 | 16.867982 
0.760000 -2.040000 | 14.425463 
0.800000 -2.040000 | 12.025598 
0.840000 -2.040000 | 9.823100 
0.880000 -2.040000 | 7.960482 
0.920000 -2.040000 | 6.559102 
0.960000 -2.040000 | 5.711537 
1.000000 -2.040000 | 5.475768 
1.040000 -2.040000 | 5.871537 
1.080000 -2.040000 | 6.879102 
1.120000 -2.040000 | 8.440482 
1.160000 -2.040000 | 10.463100 
1.200000 -2.040000 | 12.825598 
1.240000 -2.040000 | 15.385463 
1.280000 -2.040000 | 17.987982 
1.320000 -2.040000 | 20.475961 
1.360000 -2.040000 | 22.699608 
1.400000 -2.040000 | 24.525938 
1.440000 -2.040000 | 25.847133 
1.480000 -2.040000 | 26.587315 
1.520000 -2.040000 | 26.707315 
1.560000 -2.040000 | 26.207133 
1.600000 -2.040000 | 25.125938 
1.640000 -2.040000 | 23.539608 
1.680000 -2.040000 | 21.555961 
1.720000 -2.040000 | 19.307982 
1.760000 -2.040000 | 16.945463 
-2.200000 -2.000000 | 15.749830 
-2.160000 -2.000000 | 13.307332 
-2.120000 -2.000000 | 11.204714 
-2.080000 -2.000000 | 9.563333 
-2.040000 -2.000000 | 8.475768 
-2.000000 -2.000000 | 8.000000 
-1.960000 -2.000000 | 8.155768 
-1.920000 -2.000000 | 8.923333 
-1.880000 -2.000000 | 10.244714 
-1.840000 -2.000000 | 12.027332 
-1.800000 -2.000000 | 14.149830 
-1.760000 -2.000000 | 16.469695 
-1.720000 -2.000000 | 18.832213 
-1.680000 -2.000000 | 21.080193 
-1.640000 -2.000000 | 23.063840 
-1.600000 -2.000000 | 24.650170 
-1.560000 -2.000000 | 25.731365 
-1.520000 -2.000000 | 26.231547 
-1.480000 -2.000000 | 26.111547 
-1.440000 -2.000000 | 25.371365 
-1.400000 -2.000000 | 24.050170 
-1.360000 -2.000000 | 22.223840 
-1.320000 -2.000000 | 20.000193 
-1.280000 -2.000000 | 17.512213 
-1.240000 -2.000000 | 14.909695 
-1.200000 -2.000000 | 12.349830 
-1.160000 -2.000000 | 9.987332 
-1.120000 -2.000000 | 7.964714 
-1.080000 -2.000000 | 6.403333 
-1.040000 -2.000000 | 5.395768 
-1.000000 -2.000000 | 5.000000 
-0.960000 -2.000000 | 5.235768 
-0.920000 -2.000000 | 6.083333 
-0.880000 -2.000000 | 7.484714 
-0.840000 -2.000000 | 9.347332 
-0.800000 -2.000000 | 11.549830 
-0.760000 -2.000000 | 13.949695 
-0.720000 -2.000000 | 16.392213 
-0.680000 -2.000000 | 18.720193 
-0.640000 -2.000000 | 20.783840 
-0.600000 -2.000000 | 22.450170 
-0.560000 -2.000000 | 23.611365 
-0.520000 -2.000000 | 24.191547 
-0.480000 -2.000000 | 24.151547 
-0.440000 -2.000000 | 23.491365 
-0.400000 -2.000000 | 22.250170 
-0.360000 -2.000000 | 20.503840 
-0.320000 -2.000000 | 18.360193 
-0.280000 -2.000000 | 15.952213 
-0.240000 -2.000000 | 13.429695 
-0.200000 -2.000000 | 10.949830 
-0.160000 -2.000000 | 8.667332 
-0.120000 -2.000000 | 6.724714 
-0.080000 -2.000000 | 5.243333 
-0.040000 -2.000000 | 4.315768 
0.000000 -2.000000 | 4.000000 
0.040000 -2.000000 | 4.315768 
0.080000 -2.000000 | 5.243333 
0.120000 -2.000000 | 6.724714 
0.160000 -2.000000 | 8.667332 
0.200000 -2.000000 | 10.949830 
0.240000 -2.000000 | 13.429695 
0.280000 -2.000000 | 15.952213 
0.320000 -2.000000 | 18.360193 
0.360000 -2.000000 | 20.503840 
0.400000 -2.000000 | 22.250170 
0.440000 -2.000000 | 23.491365 
0.480000 -2.000000 | 24.151547 
0.520000 -2.000000 | 24.191547 
0.560000 -2.000000 | 23.611365 
0.600000 -2.000000 | 22.450170 
0.640000 -2.000000 | 20.783840 
0.680000 -2.000000 | 18.720193 
0.720000 -2.000000 | 16.392213 
0.760000 -2.000000 | 13.949695 
0.800000 -2.000000 | 11.549830 
0.840000 -2.000000 | 9.347332 
0.880000 -2.000000 | 7.484714 
0.920000 -2.000000 | 6.083333 
0.960000 -2.000000 | 5.235768 
1.000000 -2.000000 | 5.000000 
1.040000 -2.000000 | 5.395768 
1.080000 -2.000000 | 6.403333 
1.120000 -2.000000 | 7.964714 
1.160000 -2.000000 | 9.987332 
1.200000 -2.000000 | 12.349830 
1.240000 -2.000000 | 14.909695 
1.280000 -2.000000 | 17.512213 
1.320000 -2.000000 | 20.000193 
1.360000 -2.000000 | 22.223840 
1.400000 -2.000000 | 24.050170 
1.440000 -2.000000 | 25.371365 
1.480000 -2.000000 | 26.111547 
1.520000 -2.000000 | 26.231547 
1.560000 -2.000000 | 25.731365 
1.600000 -2.000000 | 24.650170 
1.640000 -2.000000 | 23.063840 
1.680000 -2.000000 | 21.080193 
1.720000 -2.000000 | 18.832213 
1.760000 -2.000000 | 16.469695 
-2.200000 -1.960000 | 15.905598 
-2.160000 -1.960000 | 13.463100 
-2.120000 -1.960000 | 11.360482 
-2.080000 -1.960000 | 9.719102 
-2.040000 -1.960000 | 8.631537 
-2.000000 -1.960000 | 8.155768 
-1.960000 -1.960000 | 8.311537 
-1.920000 -1.960000 | 9.079102 
-1.880000 -1.960000 | 10.400482 
-1.840000 -1.960000 | 12.183100 
-1.800000 -1.960000 | 14.305598 
-1.760000 -1.960000 | 16.625463 
-1.720000 -1.960000 | 18.987982 
-1.680000 -1.960000 | 21.235961 
-1.640000 -1.960000 | 23.219608 
-1.600000 -1.960000 | 24.805938 
-1.560000 -1.960000 | 25.887133 
-1.520000 -1.960000 | 26.387315 
-1.480000 -1.960000 | 26.267315 
-1.440000 -1.960000 | 25.527133 
-1.400000 -1.960000 | 24.205938 
-1.360000 -1.960000 | 22.379608 
-1.320000 -1.960000 | 20.155961 
-1.280000 -1.960000 | 17.667982 
-1.240000 -1.960000 | 15.065463 
-1.200000 -1.960000 | 12.505598 
-1.160000 -1.960000 | 10.143100 
-1.120000 -1.960000 | 8.120482 
-1.080000 -1.960000 | 6.559102 
-1.040000 -1.960000 | 5.551537 
-1.000000 -1.960000 | 5.155768 
-0.960000 -1.960000 | 5.391537 
-0.920000 -1.960000 | 6.239102 
-0.880000 -1.960000 | 7.640482 
-0.840000 -1.960000 | 9.503100 
-0.800000 -1.960000 | 11.705598 
-0.760000 -1.960000 | 14.105463 
-0.720000 -1.960000 | 16.547982 
-0.680000 -1.960000 | 18.875961 
-0.640000 -1.960000 | 20.939608 
-0.600000 -1.960000 | 22.605938 
-0.560000 -1.960000 | 23.767133 
-0.520000 -1.960000 | 24.347315 
-0.480000 -1.960000 | 24.307315 
-0.440000 -1.960000 | 23.647133 
-0.400000 -1.960000 | 22.405938 
-0.360000 -1.960000 | 20.659608 
-0.320000 -1.960000 | 18.515961 
-0.280000 -1.960000 | 16.107982 
-0.240000 -1.960000 | 13.585463 
-0.200000 -1.960000 | 11.105598 
-0.160000 -1.960000 | 8.823100 
-0.120000 -1.960000 | 6.880482 
-0.080000 -1.960000 | 5.399102 
-0.040000 -1.960000 | 4.471537 
0.000000 -1.960000 | 4.155768 
0.040000 -1.960000 | 4.471537 
0.080000 -1.960000 | 5.399102 
0.120000 -1.960000 | 6.880482 
0.160000 -1.960000 | 8.823100 
0.200000 -1.960000 | 11.105598 
0.240000 -1.960000 | 13.585463 
0.280000 -1.960000 | 16.107982 
0.320000 -1.960000 | 18.515961 
0.360000 -1.960000 | 20.659608 
0.400000 -1.960000 | 22.405938 
0.440000 -1.960000 | 23.647133 
0.480000 -1.960000 | 24.307315 
0.520000 -1.960000 | 24.347315 
0.560000 -1.960000 | 23.767133 
0.600000 -1.960000 | 22.605938 
0.640000 -1.960000 | 20.939608 
0.680000 -1.960000 | 18.875961 
0.720000 -1.960000 | 16.547982 
0.760000 -1.960000 | 14.105463 
0.800000 -1.960000 | 11.705598 
0.840000 -1.960000 | 9.503100 
0.880000 -1.960000 | 7.640482 
0.920000 -1.960000 | 6.239102 
0.960000 -1.960000 | 5.391537 
1.000000 -1.960000 | 5.155768 
1.040000 -1.960000 | 5.551537 
1.080000 -1.960000 | 6.559102 
1.120000 -1.960000 | 8.120482 
1.160000 -1.960000 | 10.143100 
1.200000 -1.960000 | 12.505598 
1.240000 -1.960000 | 15.065463 
1.280000 -1.960000 | 17.667982 
1.320000 -1.960000 | 20.155961 
1.360000 -1.960000 | 22.379608 
1.400000 -1.960000 | 24.205938 
1.440000 -1.960000 | 25.527133 
1.480000 -1.960000 | 26.267315 
1.520000 -1.960000 | 26.387315 
1.560000 -1.960000 | 25.887133 
1.600000 -1.960000 | 24.805938 
1.640000 -1.960000 | 23.219608 
1.680000 -1.960000 | 21.235961 
1.720000 -1.960000 | 18.987982 
1.760000 -1.960000 | 16.625463 
-2.200000 -1.920000 | 16.673163 
-2.160000 -1.920000 | 14.230665 
-2.120000 -1.920000 | 12.128047 
-2.080000 -1.920000 | 10.486666 
-2.040000 -1.920000 | 9.399102 
-2.000000 -1.920000 | 8.923333 
-1.960000 -1.920000 | 9.079102 
-1.920000 -1.920000 | 9.846666 
-1.880000 -1.920000 | 11.168047 
-1.840000 -1.920000 | 12.950665 
-1.800000 -1.920000 | 15.073163 
-1.760000 -1.920000 | 17.393028 
-1.720000 -1.920000 | 19.755546 
-1.680000 -1.920000 | 22.003526 
-1.640000 -1.920000 | 23.987173 
-1.600000 -1.920000 | 25.573503 
-1.560000 -1.920000 | 26.654698 
-1.520000 -1.920000 | 27.154880 
-1.480000 -1.920000 | 27.034880 
-1.440000 -1.920000 | 26.294698 
-1.400000 -1.920000 | 24.973503 
-1.360000 -1.920000 | 23.147173 
-1.320000 -1.920000 | 20.923526 
-1.280000 -1.920000 | 18.435546 
-1.240000 -1.920000 | 15.833028 
-1.200000 -1.920000 | 13.273163 
-1.160000 -1.920000 | 10.910665 
-1.120000 -1.920000 | 8.888047 
-1.080000 -1.920000 | 7.326666 
-1.040000 -1.920000 | 6.319102 
-1.000000 -1.920000 | 5.923333 
-0.960000 -1.920000 | 6.159102 
-0.920000 -1.920000 | 7.006666 
-0.880000 -1.920000 | 8.408047 
-0.840000 -1.920000 | 10.270665 
-0.800000 -1.920000 | 12.473163 
-0.760000 -1.920000 | 14.873028 
-0.720000 -1.920000 | 17.315546 
-0.680000 -1.920000 | 19.643526 
-0.640000 -1.920000 | 21.707173 
-0.600000 -1.920000 | 23.373503 
-0.560000 -1.920000 | 24.534698 
-0.520000 -1.920000 | 25.114880 
-0.480000 -1.920000 | 25.074880 
-0.440000 -1.920000 | 24.414698 
-0.400000 -1.920000 | 23.173503 
-0.360000 -1.920000 | 21.427173 
-0.320000 -1.920000 | 19.283526 
-0.280000 -1.920000 | 16.875546 
-0.240000 -1.920000 | 14.353028 
-0.200000 -1.920000 | 11.873163 
-0.160000 -1.920000 | 9.590665 
-0.120000 -1.920000 | 7.648047 
-0.080000 -1.920000 | 6.166666 
-0.040000 -1.920000 | 5.239102 
0.000000 -1.920000 | 4.923333 
0.040000 -1.920000 | 5.239102 
0.080000 -1.920000 | 6.166666 
0.120000 -1.920000 | 7.648047 
0.160000 -1.920000 | 9.590665 
0.200000 -1.920000 | 11.873163 
0.240000 -1.920000 | 14.353028 
0.280000 -1.920000 | 16.875546 
0.320000 -1.920000 | 19.283526 
0.360000 -1.920000 | 21.427173 
0.400000 -1.920000 | 23.173503 
0.440000 -1.920000 | 24.414698 
0.480000 -1.920000 | 25.074880 
0.520000 -1.920000 | 25.114880 
0.560000 -1.920000 | 24.534698 
0.600000 -1.920000 | 23.373503 
0.640000 -1.920000 | 21.707173 
0.680000 -1.920000 | 19.643526 
0.720000 -1.920000 | 17.315546 
0.760000 -1.920000 | 14.873028 
0.800000 -1.920000 | 12.473163 
0.840000 -1.920000 | 10.270665 
0.880000 -1.920000 | 8.408047 
0.920000 -1.920000 | 7.006666 
0.960000 -1.920000 | 6.159102 
1.000000 -1.920000 | 5.923333 
1.040000 -1.920000 | 6.319102 
1.080000 -1.920000 | 7.326666 
1.120000 -1.920000 | 8.888047 
1.160000 -1.920000 | 10.910665 
1.200000 -1.920000 | 13.273163 
1.240000 -1.920000 | 15.833028 
1.280000 -1.920000 | 18.435546 
1.320000 -1.920000 | 20.923526 
1.360000 -1.920000 | 23.147173 
1.400000 -1.920000 | 24.973503 
1.440000 -1.920000 | 26.294698 
1.480000 -1.920000 | 27.034880 
1.520000 -1.920000 | 27.154880 
1.560000 -1.920000 | 26.654698 
1.600000 -1.920000 | 25.573503 
1.640000 -1.920000 | 23.987173 
1.680000 -1.920000 | 22.003526 
1.720000 -1.920000 | 19.755546 
1.760000 -1.920000 | 17.393028 
-2.200000 -1.880000 | 17.994544 
-2.160000 -1.880000 | 15.552046 
-2.120000 -1.880000 | 13.449427 
-2.080000 -1.880000 | 11.808047 
-2.040000 -1.880000 | 10.720482 
-2.000000 -1.880000 | 10.244714 
-1.960000 -1.880000 | 10.400482 
-1.920000 -1.880000 | 11.168047 
-1.880000 -1.880000 | 12.489427 
-1.840000 -1.880000 | 14.272046 
-1.800000 -1.880000 | 16.394544 
-1.760000 -1.880000 | 18.714409 
-1.720000 -1.880000 | 21.076927 
-1.680000 -1.880000 | 23.324907 
-1.640000 -1.880000 | 25.308554 
-1.600000 -1.880000 | 26.894884 
-1.560000 -1.880000 | 27.976079 
-1.520000 -1.880000 | 28.476261 
-1.480000 -1.880000 | 28.356261 
-1.440000 -1.880000 | 27.616079 
-1.400000 -1.880000 | 26.294884 
-1.360000 -1.880000 | 24.468554 
-1.320000 -1.880000 | 22.244907 
-1.280000 -1.880000 | 19.756927 
-1.240000 -1.880000 | 17.154409 
-1.200000 -1.880000 | 14.594544 
-1.160000 -1.880000 | 12.232046 
-1.120000 -1.880000 | 10.209427 
-1.080000 -1.880000 | 8.648047 
-1.040000 -1.880000 | 7.640482 
-1.000000 -1.880000 | 7.244714 
-0.960000 -1.880000 | 7.480482 
-0.920000 -1.880000 | 8.328047 
-0.880000 -1.880000 | 9.729427 
-0.840000 -1.880000 | 11.592046 
-0.800000 -1.880000 | 13.794544 
-0.760000 -1.880000 | 16.194409 
-0.720000 -1.880000 | 18.636927 
-0.680000 -1.880000 | 20.964907 
-0.640000 -1.880000 | 23.028554 
-0.600000 -1.880000 | 24.694884 
-0.560000 -1.880000 | 25.856079 
-0.520000 -1.880000 | 26.436261 
-0.480000 -1.880000 | 26.396261 
-0.440000 -1.880000 | 25.736079 
-0.400000 -1.880000 | 24.494884 
-0.360000 -1.880000 | 22.748554 
-0.320000 -1.880000 | 20.604907 
-0.280000 -1.880000 | 18.196927 
-0.240000 -1.880000 | 15.674409 
-0.200000 -1.880000 | 13.194544 
-0.160000 -1.880000 | 10.912046 
-0.120000 -1.880000 | 8.969427 
-0.080000 -1.880000 | 7.488047 
-0.040000 -1.880000 | 6.560482 
0.000000 -1.880000 | 6.244714 
0.040000 -1.880000 | 6.560482 
0.080000 -1.880000 | 7.488047 
0.120000 -1.880000 | 8.969427 
0.160000 -1.880000 | 10.912046 
0.200000 -1.880000 | 13.194544 
0.240000 -1.880000 | 15.674409 
0.280000 -1.880000 | 18.196927 
0.320000 -1.880000 | 20.604907 
0.360000 -1.880000 | 22.748554 
0.400000 -1.880000 | 24.494884 
0.440000 -1.880000 | 25.736079 
0.480000 -1.880000 | 26.396261 
0.520000 -1.880000 | 26.436261 
0.560000 -1.880000 | 25.856079 
0.600000 -1.880000 | 24.694884 
0.640000 -1.880000 | 23.028554 
0.680000 -1.880000 | 20.964907 
0.720000 -1.880000 | 18.636927 
0.760000 -1.880000 | 16.194409 
0.800000 -1.880000 | 13.794544 
0.840000 -1.880000 | 11.592046 
0.880000 -1.880000 | 9.729427 
0.920000 -1.880000 | 8.328047 
0.960000 -1.880000 | 7.480482 
1.000000 -1.880000 | 7.244714 
1.040000 -1.880000 | 7.640482 
1.080000 -1.880000 | 8.648047 
1.120000 -1.880000 | 10.209427 
1.160000 -1.880000 | 12.232046 
1.200000 -1.880000 | 14.594544 
1.240000 -1.880000 | 17.154409 
1.280000 -1.880000 | 19.756927 
1.320000 -1.880000 | 22.244907 
1.360000 -1.880000 | 24.468554 
1.400000 -1.880000 | 26.294884 
1.440000 -1.880000 | 27.616079 
1.480000 -1.880000 | 28.356261 
1.520000 -1.880000 | 28.476261 
1.560000 -1.880000 | 27.976079 
1.600000 -1.880000 | 26.894884 
1.640000 -1.880000 | 25.308554 
1.680000 -1.880000 | 23.324907 
1.720000 -1.880000 | 21.076927 
1.760000 -1.880000 | 18.714409 
-2.200000 -1.840000 | 19.777162 
-2.160000 -1.840000 | 17.334664 
-2.120000 -1.840000 | 15.232046 
-2.080000 -1.840000 | 13.590665 
-2.040000 -1.840000 | 12.503100 
-2.000000 -1.840000 | 12.027332 
-1.960000 -1.840000 | 12.183100 
-1.920000 -1.840000 | 12.950665 
-1.880000 -1.840000 | 14.272046 
-1.840000 -1.840000 | 16.054664 
-1.800000 -1.840000 | 18.177162 
-1.760000 -1.840000 | 20.497027 
-1.720000 -1.840000 | 22.859545 
-1.680000 -1.840000 | 25.107525 
-1.640000 -1.840000 | 27.091172 
-1.600000 -1.840000 | 28.677502 
-1.560000 -1.840000 | 29.758697 
-1.520000 -1.840000 | 30.258879 
-1.480000 -1.840000 | 30.138879 
-1.440000 -1.840000 | 29.398697 
-1.400000 -1.840000 | 28.077502 
-1.360000 -1.840000 | 26.251172 
-1.320000 -1.840000 | 24.027525 
-1.280000 -1.840000 | 21.539545 
-1.240000 -1.840000 | 18.937027 
-1.200000 -1.840000 | 16.377162 
-1.160000 -1.840000 | 14.014664 
-1.120000 -1.840000 | 11.992046 
-1.080000 -1.840000 | 10.430665 
-1.040000 -1.840000 | 9.423100 
-1.000000 -1.840000 | 9.027332 
-0.960000 -1.840000 | 9.263100 
-0.920000 -1.840000 | 10.110665 
-0.880000 -1.840000 | 11.512046 
-0.840000 -1.840000 | 13.374664 
-0.800000 -1.840000 | 15.577162 
-0.760000 -1.840000 | 17.977027 
-0.720000 -1.840000 | 20.419545 
-0.680000 -1.840000 | 22.747525 
-0.640000 -1.840000 | 24.811172 
-0.600000 -1.840000 | 26.477502 
-0.560000 -1.840000 | 27.638697 
-0.520000 -1.840000 | 28.218879 
-0.480000 -1.840000 | 28.178879 
-0.440000 -1.840000 | 27.518697 
-0.400000 -1.840000 | 26.277502 
-0.360000 -1.840000 | 24.531172 
-0.320000 -1.840000 | 22.387525 
-0.280000 -1.840000 | 19.979545 
-0.240000 -1.840000 | 17.457027 
-0.200000 -1.840000 | 14.977162 
-0.160000 -1.840000 | 12.694664 
-0.120000 -1.840000 | 10.752046 
-0.080000 -1.840000 | 9.270665 
-0.040000 -1.840000 | 8.343100 
0.000000 -1.840000 | 8.027332 
0.040000 -1.840000 | 8.343100 
0.080000 -1.840000 | 9.270665 
0.120000 -1.840000 | 10.752046 
0.160000 -1.840000 | 12.694664 
0.200000 -1.840000 | 14.977162 
0.240000 -1.840000 | 17.457027 
0.280000 -1.840000 | 19.979545 
0.320000 -1.840000 | 22.387525 
0.360000 -1.840000 | 24.531172 
0.400000 -1.840000 | 26.277502 
0.440000 -1.840000 | 27.518697 
0.480000 -1.840000 | 28.178879 
0.520000 -1.840000 | 28.218879 
0.560000 -1.840000 | 27.638697 
0.600000 -1.840000 | 26.477502 
0.640000 -1.840000 | 24.811172 
0.680000 -1.840000 | 22.747525 
0.720000 -1.840000 | 20.419545 
0.760000 -1.840000 | 17.977027 
0.800000 -1.840000 | 15.577162 
0.840000 -1.840000 | 13.374664 
0.880000 -1.840000 | 11.512046 
0.920000 -1.840000 | 10.110665 
0.960000 -1.840000 | 9.263100 
1.000000 -1.840000 | 9.027332 
1.040000 -1.840000 | 9.423100 
1.080000 -1.840000 | 10.430665 
1.120000 -1.840000 | 11.992046 
1.160000 -1.840000 | 14.014664 
1.200000 -1.840000 | 16.377162 
1.240000 -1.840000 | 18.937027 
1.280000 -1.840000 | 21.539545 
1.320000 -1.840000 | 24.027525 
1.360000 -1.840000 | 26.251172 
1.400000 -1.840000 | 28.077502 
1.440000 -1.840000 | 29.398697 
1.480000 -1.840000 | 30.138879 
1.520000 -1.840000 | 30.258879 
1.560000 -1.840000 | 29.758697 
1.600000 -1.840000 | 28.677502 
1.640000 -1.840000 | 27.091172 
1.680000 -1.840000 | 25.107525 
1.720000 -1.840000 | 22.859545 
1.760000 -1.840000 | 20.497027 
-2.200000 -1.800000 | 21.899660 
-2.160000 -1.800000 | 19.457162 
-2.120000 -1.800000 | 17.354544 
-2.080000 -1.800000 | 15.713163 
-2.040000 -1.800000 | 14.625598 
-2.000000 -1.800000 | 14.149830 
-1.960000 -1.800000 | 14.305598 
-1.920000 -1.800000 | 15.073163 
-1.880000 -1.800000 | 16.394544 
-1.840000 -1.800000 | 18.177162 
-1.800000 -1.800000 | 20.299660 
-1.760000 -1.800000 | 22.619525 
-1.720000 -1.800000 | 24.982043 
-1.680000 -1.800000 | 27.230023 
-1.640000 -1.800000 | 29.213670 
-1.600000 -1.800000 | 30.800000 
-1.560000 -1.800000 | 31.881195 
-1.520000 -1.800000 | 32.381377 
-1.480000 -1.800000 | 32.261377 
-1.440000 -1.800000 | 31.521195 
-1.400000 -1.800000 | 30.200000 
-1.360000 -1.800000 | 28.373670 
-1.320000 -1.800000 | 26.150023 
-1.280000 -1.800000 | 23.662043 
-1.240000 -1.800000 | 21.059525 
-1.200000 -1.800000 | 18.499660 
-1.160000 -1.800000 | 16.137162 
-1.120000 -1.800000 | 14.114544 
-1.080000 -1.800000 | 12.553163 
-1.040000 -1.800000 | 11.545598 
-1.000000 -1.800000 | 11.149830 
-0.960000 -1.800000 | 11.385598 
-0.920000 -1.800000 | 12.233163 
-0.880000 -1.800000 | 13.634544 
-0.840000 -1.800000 | 15.497162 
-0.800000 -1.800000 | 17.699660 
-0.760000 -1.800000 | 20.099525 
-0.720000 -1.800000 | 22.542043 
-0.680000 -1.800000 | 24.870023 
-0.640000 -1.800000 | 26.933670 
-0.600000 -1.800000 | 28.600000 
-0.560000 -1.800000 | 29.761195 
-0.520000 -1.800000 | 30.341377 
-0.480000 -1.800000 | 30.301377 
-0.440000 -1.800000 | 29.641195 
-0.400000 -1.800000 | 28.400000 
-0.360000 -1.800000 | 26.653670 
-0.320000 -1.800000 | 24.510023 
-0.280000 -1.800000 | 22.102043 
-0.240000 -1.800000 | 19.579525 
-0.200000 -1.800000 | 17.099660 
-0.160000 -1.800000 | 14.817162 
-0.120000 -1.800000 | 12.874544 
-0.080000 -1.800000 | 11.393163 
-0.040000 -1.800000 | 10.465598 
0.000000 -1.800000 | 10.149830 
0.040000 -1.800000 | 10.465598 
0.080000 -1.800000 | 11.393163 
0.120000 -1.800000 | 12.874544 
0.160000 -1.800000 | 14.817162 
0.200000 -1.800000 | 17.099660 
0.240000 -1.800000 | 19.579525 
0.280000 -1.800000 | 22.102043 
0.320000 -1.800000 | 24.510023 
0.360000 -1.800000 | 26.653670 
0.400000 -1.800000 | 28.400000 
0.440000 -1.800000 | 29.641195 
0.480000 -1.800000 | 30.301377 
0.520000 -1.800000 | 30.341377 
0.560000 -1.800000 | 29.761195 
0.600000 -1.800000 | 28.600000 
0.640000 -1.800000 | 26.933670 
0.680000 -1.800000 | 24.870023 
0.720000 -1.800000 | 22.542043 
0.760000 -1.800000 | 20.099525 
0.800000 -1.800000 | 17.699660 
0.840000 -1.800000 | 15.497162 
0.880000 -1.800000 | 13.634544 
0.920000 -1.800000 | 12.233163 
0.960000 -1.800000 | 11.385598 
1.000000 -1.800000 | 11.149830 
1.040000 -1.800000 | 11.545598 
1.080000 -1.800000 | 12.553163 
1.120000 -1.800000 | 14.114544 
1.160000 -1.800000 | 16.137162 
1.200000 -1.800000 | 18.499660 
1.240000 -1.800000 | 21.059525 
1.280000 -1.800000 | 23.662043 
1.320000 -1.800000 | 26.150023 
1.360000 -1.800000 | 28.373670 
1.400000 -1.800000 | 30.200000 
1.440000 -1.800000 | 31.521195 
1.480000 -1.800000 | 32.261377 
1.520000 -1.800000 | 32.381377 
1.560000 -1.800000 | 31.881195 
1.600000 -1.800000 | 30.800000 
1.640000 -1.800000 | 29.213670 
1.680000 -1.800000 | 27.230023 
1.720000 -1.800000 | 24.982043 
1.760000 -1.800000 | 22.619525 
-2.200000 -1.760000 | 24.219525 
-2.160000 -1.760000 | 21.777027 
-2.120000 -1.760000 | 19.674409 
-2.080000 -1.760000 | 18.033028 
-2.040000 -1.760000 | 16.945463 
-2.000000 -1.760000 | 16.469695 
-1.960000 -1.760000 | 16.625463 
-1.920000 -1.760000 | 17.393028 
-1.880000 -1.760000 | 18.714409 
-1.840000 -1.760000 | 20.497027 
-1.800000 -1.760000 | 22.619525 
-1.760000 -1.760000 | 24.939390 
-1.720000 -1.760000 | 27.301908 
-1.680000 -1.760000 | 29.549888 
-1.640000 -1.760000 | 31.533535 
-1.600000 -1.760000 | 33.119865 
-1.560000 -1.760000 | 34.201060 
-1.520000 -1.760000 | 34.701242 
-1.480000 -1.760000 | 34.581242 
-1.440000 -1.760000 | 33.841060 
-1.400000 -1.760000 | 32.519865 
-1.360000 -1.760000 | 30.693535 
-1.320000 -1.760000 | 28.469888 
-1.280000 -1.760000 | 25.981908 
-1.240000 -1.760000 | 23.379390 
-1.200000 -1.760000 | 20.819525 
-1.160000 -1.760000 | 18.457027 
-1.120000 -1.760000 | 16.434409 
-1.080000 -1.760000 | 14.873028 
-1.040000 -1.760000 | 13.865463 
-1.000000 -1.760000 | 13.469695 
-0.960000 -1.760000 | 13.705463 
-0.920000 -1.760000 | 14.553028 
-0.880000 -1.760000 | 15.954409 
-0.840000 -1.760000 | 17.817027 
-0.800000 -1.760000 | 20.019525 
-0.760000 -1.760000 | 22.419390 
-0.720000 -1.760000 | 24.861908 
-0.680000 -1.760000 | 27.189888 
-0.640000 -1.760000 | 29.253535 
-0.600000 -1.760000 | 30.919865 
-0.560000 -1.760000 | 32.081060 
-0.520000 -1.760000 | 32.661242 
-0.480000 -1.760000 | 32.621242 
-0.440000 -1.760000 | 31.961060 
-0.400000 -1.760000 | 30.719865 
-0.360000 -1.760000 | 28.973535 
-0.320000 -1.760000 | 26.829888 
-0.280000 -1.760000 | 24.421908 
-0.240000 -1.760000 | 21.899390 
-0.200000 -1.760000 | 19.419525 
-0.160000 -1.760000 | 17.137027 
-0.120000 -1.760000 | 15.194409 
-0.080000 -1.760000 | 13.713028 
-0.040000 -1.760000 | 12.785463 
0.000000 -1.760000 | 12.469695 
0.040000 -1.760000 | 12.785463 
0.080000 -1.760000 | 13.713028 
0.120000 -1.760000 | 15.194409 
0.160000 -1.760000 | 17.137027 
0.200000 -1.760000 | 19.419525 
0.240000 -1.760000 | 21.899390 
0.280000 -1.760000 | 24.421908 
0.320000 -1.760000 | 26.829888 
0.360000 -1.760000 | 28.973535 
0.400000 -1.760000 | 30.719865 
0.440000 -1.760000 | 31.961060 
0.480000 -1.760000 | 32.621242 
0.520000 -1.760000 | 32.661242 
0.560000 -1.760000 | 32.081060 
0.600000 -1.760000 | 30.919865 
0.640000 -1.760000 | 29.253535 
0.680000 -1.760000 | 27.189888 
0.720000 -1.760000 | 24.861908 
0.760000 -1.760000 | 22.419390 
0.800000 -1.760000 | 20.019525 
0.840000 -1.760000 | 17.817027 
0.880000 -1.760000 | 15.954409 
0.920000 -1.760000 | 14.553028 
0.960000 -1.760000 | 13.705463 
1.000000 -1.760000 | 13.469695 
1.040000 -1.760000 | 13.865463 
1.080000 -1.760000 | 14.873028 
1.120000 -1.760000 | 16.434409 
1.160000 -1.760000 | 18.457027 
1.200000 -1.760000 | 20.819525 
1.240000 -1.760000 | 23.379390 
1.280000 -1.760000 | 25.981908 
1.320000 -1.760000 | 28.469888 
1.360000 -1.760000 | 30.693535 
1.400000 -1.760000 | 32.519865 
1.440000 -1.760000 | 33.841060 
1.480000 -1.760000 | 34.581242 
1.520000 -1.760000 | 34.701242 
1.560000 -1.760000 | 34.201060 
1.600000 -1.760000 | 33.119865 
1.640000 -1.760000 | 31.533535 
1.680000 -1.760000 | 29.549888 
1.720000 -1.760000 | 27.301908 
1.760000 -1.760000 | 24.939390 
-2.200000 -1.720000 | 26.582043 
-2.160000 -1.720000 | 24.139545 
-2.120000 -1.720000 | 22.036927 
-2.080000 -1.720000 | 20.395546 
-2.040000 -1.720000 | 19.307982 
-2.000000 -1.720000 | 18.832213 
-1.960000 -1.720000 | 18.987982 
-1.920000 -1.720000 | 19.755546 
-1.880000 -1.720000 | 21.076927 
-1.840000 -1.720000 | 22.859545 
-1.800000 -1.720000 | 24.982043 
-1.760000 -1.720000 | 27.301908 
-1.720000 -1.720000 | 29.664426 
-1.680000 -1.720000 | 31.912406 
-1.640000 -1.720000 | 33.896053 
-1.600000 -1.720000 | 35.482383 
-1.560000 -1.720000 | 36.563578 
-1.520000 -1.720000 | 37.063760 
-1.480000 -1.720000 | 36.943760 
-1.440000 -1.720000 | 36.203578 
-1.400000 -1.720000 | 34.882383 
-1.360000 -1.720000 | 33.056053 
-1.320000 -1.720000 | 30.832406 
-1.280000 -1.720000 | 28.344426 
-1.240000 -1.720000 | 25.741908 
-1.200000 -1.720000 | 23.182043 
-1.160000 -1.720000 | 20.819545 
-1.120000 -1.720000 | 18.796927 
-1.080000 -1.720000 | 17.235546 
-1.040000 -1.720000 | 16.227982 
-1.000000 -1.720000 | 15.832213 
-0.960000 -1.720000 | 16.067982 
-0.920000 -1.720000 | 16.915546 
-0.880000 -1.720000 | 18.316927 
-0.840000 -1.720000 | 20.179545 
-0.800000 -1.720000 | 22.382043 
-0.760000 -1.720000 | 24.781908 
-0.720000 -1.720000 | 27.224426 
-0.680000 -1.720000 | 29.552406 
-0.640000 -1.720000 | 31.616053 
-0.600000 -1.720000 | 33.282383 
-0.560000 -1.720000 | 34.443578 
-0.520000 -1.720000 | 35.023760 
-0.480000 -1.720000 | 34.983760 
-0.440000 -1.720000 | 34.323578 
-0.400000 -1.720000 | 33.082383 
-0.360000 -1.720000 | 31.336053 
-0.320000 -1.720000 | 29.192406 
-0.280000 -1.720000 | 26.784426 
-0.240000 -1.720000 | 24.261908 
-0.200000 -1.720000 | 21.782043 
-0.160000 -1.720000 | 19.499545 
-0.120000 -1.720000 | 17.556927 
-0.080000 -1.720000 | 16.075546 
-0.040000 -1.720000 | 15.147982 
0.000000 -1.720000 | 14.832213 
0.040000 -1.720000 | 15.147982 
0.080000 -1.720000 | 16.075546 
0.120000 -1.720000 | 17.556927 
0.160000 -1.720000 | 19.499545 
0.200000 -1.720000 | 21.782043 
0.240000 -1.720000 | 24.261908 
0.280000 -1.720000 | 26.784426 
0.320000 -1.720000 | 29.192406 
0.360000 -1.720000 | 31.336053 
0.400000 -1.720000 | 33.082383 
0.440000 -1.720000 | 34.323578 
0.480000 -1.720000 | 34.983760 
0.520000 -1.720000 | 35.023760 
0.560000 -1.720000 | 34.443578 
0.600000 -1.720000 | 33.282383 
0.640000 -1.720000 | 31.616053 
0.680000 -1.720000 | 29.552406 
0.720000 -1.720000 | 27.224426 
0.760000 -1.720000 | 24.781908 
0.800000 -1.720000 | 22.382043 
0.840000 -1.720000 | 20.179545 
0.880000 -1.720000 | 18.316927 
0.920000 -1.720000 | 16.915546 
0.960000 -1.720000 | 16.067982 
1.000000 -1.720000 | 15.832213 
1.040000 -1.720000 | 16.227982 
1.080000 -1.720000 | 17.235546 
1.120000 -1.720000 | 18.796927 
1.160000 -1.720000 | 20.819545 
1.200000 -1.720000 | 23.182043 
1.240000 -1.720000 | 25.741908 
1.280000 -1.720000 | 28.344426 
1.320000 -1.720000 | 30.832406 
1.360000 -1.720000 | 33.056053 
1.400000 -1.720000 | 34.882383 
1.440000 -1.720000 | 36.203578 
1.480000 -1.720000 | 36.943760 
1.520000 -1.720000 | 37.063760 
1.560000 -1.720000 | 36.563578 
1.600000 -1.720000 | 35.482383 
1.640000 -1.720000 | 33.896053 
1.680000 -1.720000 | 31.912406 
1.720000 -1.720000 | 29.664426 
1.760000 -1.720000 | 27.301908 
-2.200000 -1.680000 | 28.830023 
-2.160000 -1.680000 | 26.387525 
-2.120000 -1.680000 | 24.284907 
-2.080000 -1.680000 | 22.643526 
-2.040000 -1.680000 | 21.555961 
-2.000000 -1.680000 | 21.080193 
-1.960000 -1.680000 | 21.235961 
-1.920000 -1.680000 | 22.003526 
-1.880000 -1.680000 | 23.324907 
-1.840000 -1.680000 | 25.107525 
-1.800000 -1.680000 | 27.230023 
-1.760000 -1.680000 | 29.549888 
-1.720000 -1.680000 | 31.912406 
-1.680000 -1.680000 | 34.160386 
-1.640000 -1.680000 | 36.144033 
-1.600000 -1.680000 | 37.730363 
-1.560000 -1.680000 | 38.811558 
-1.520000 -1.680000 | 39.311740 
-1.480000 -1.680000 | 39.191740 
-1.440000 -1.680000 | 38.451558 
-1.400000 -1.680000 | 37.130363 
-1.360000 -1.680000 | 35.304033 
-1.320000 -1.680000 | 33.080386 
-1.280000 -1.680000 | 30.592406 
-1.240000 -1.680000 | 27.989888 
-1.200000 -1.680000 | 25.430023 
-1.160000 -1.680000 | 23.067525 
-1.120000 -1.680000 | 21.044907 
-1.080000 -1.680000 | 19.483526 
-1.040000 -1.680000 | 18.475961 
-1.000000 -1.680000 | 18.080193 
-0.960000 -1.680000 | 18.315961 
-0.920000 -1.680000 | 19.163526 
-0.880000 -1.680000 | 20.564907 
-0.840000 -1.680000 | 22.427525 
-0.800000 -1.680000 | 24.630023 
-0.760000 -1.680000 | 27.029888 
-0.720000 -1.680000 | 29.472406 
-0.680000 -1.680000 | 31.800386 
-0.640000 -1.680000 | 33.864033 
-0.600000 -1.680000 | 35.530363 
-0.560000 -1.680000 | 36.691558 
-0.520000 -1.680000 | 37.271740 
-0.480000 -1.680000 | 37.231740 
-0.440000 -1.680000 | 36.571558 
-0.400000 -1.680000 | 35.330363 
-0.360000 -1.680000 | 33.584033 
-0.320000 -1.680000 | 31.440386 
-0.280000 -1.680000 | 29.032406 
-0.240000 -1.680000 | 26.509888 
-0.200000 -1.680000 | 24.030023 
-0.160000 -1.680000 | 21.747525 
-0.120000 -1.680000 | 19.804907 
-0.080000 -1.680000 | 18.323526 
-0.040000 -1.680000 | 17.395961 
0.000000 -1.680000 | 17.080193 
0.040000 -1.680000 | 17.395961 
0.080000 -1.680000 | 18.323526 
0.120000 -1.680000 | 19.804907 
0.160000 -1.680000 | 21.747525 
0.200000 -1.680000 | 24.030023 
0.240000 -1.680000 | 26.509888 
0.280000 -1.680000 | 29.032406 
0.320000 -1.680000 | 31.440386 
0.360000 -1.680000 | 33.584033 
0.400000 -1.680000 | 35.330363 
0.440000 -1.680000 | 36.571558 
0.480000 -1.680000 | 37.231740 
0.520000 -1.680000 | 37.271740 
0.560000 -1.680000 | 36.691558 
0.600000 -1.680000 | 35.530363 
0.640000 -1.680000 | 33.864033 
0.680000 -1.680000 | 31.800386 
0.720000 -1.680000 | 29.472406 
0.760000 -1.680000 | 27.029888 
0.800000 -1.680000 | 24.630023 
0.840000 -1.680000 | 22.427525 
0.880000 -1.680000 | 20.564907 
0.920000 -1.680000 | 19.163526 
0.960000 -1.680000 | 18.315961 
1.000000 -1.680000 | 18.080193 
1.040000 -1.680000 | 18.475961 
1.080000 -1.680000 | 19.483526 
1.120000 -1.680000 | 21.044907 
1.160000 -1.680000 | 23.067525 
1.200000 -1.680000 | 25.430023 
1.240000 -1.680000 | 27.989888 
1.280000 -1.680000 | 30.592406 
1.320000 -1.680000 | 33.080386 
1.360000 -1.680000 | 35.304033 
1.400000 -1.680000 | 37.130363 
1.440000 -1.680000 | 38.451558 
1.480000 -1.680000 | 39.191740 
1.520000 -1.680000 | 39.311740 
1.560000 -1.680000 | 38.811558 
1.600000 -1.680000 | 37.730363 
1.640000 -1.680000 | 36.144033 
1.680000 -1.680000 | 34.160386 
1.720000 -1.680000 | 31.912406 
1.760000 -1.680000 | 29.549888 
-2.200000 -1.640000 | 30.813670 
-2.160000 -1.640000 | 28.371172 
-2.120000 -1.640000 | 26.268554 
-2.080000 -1.640000 | 24.627173 
-2.040000 -1.640000 | 23.539608 
-2.000000 -1.640000 | 23.063840 
-1.960000 -1.640000 | 23.219608 
-1.920000 -1.640000 | 23.987173 
-1.880000 -1.640000 | 25.308554 
-1.840000 -1.640000 | 27.091172 
-1.800000 -1.640000 | 29.213670 
-1.760000 -1.640000 | 31.533535 
-1.720000 -1.640000 | 33.896053 
-1.680000 -1.640000 | 36.144033 
-1.640000 -1.640000 | 38.127680 
-1.600000 -1.640000 | 39.714010 
-1.560000 -1.640000 | 40.795205 
-1.520000 -1.640000 | 41.295387 
-1.480000 -1.640000 | 41.175387 
-1.440000 -1.640000 | 40.435205 
-1.400000 -1.640000 | 39.114010 
-1.360000 -1.640000 | 37.287680 
-1.320000 -1.640000 | 35.064033 
-1.280000 -1.640000 | 32.576053 
-1.240000 -1.640000 | 29.973535 
-1.200000 -1.640000 | 27.413670 
-1.160000 -1.640000 | 25.051172 
-1.120000 -1.640000 | 23.028554 
-1.080000 -1.640000 | 21.467173 
-1.040000 -1.640000 | 20.459608 
-1.000000 -1.640000 | 20.063840 
-0.960000 -1.640000 | 20.299608 
-0.920000 -1.640000 | 21.147173 
-0.880000 -1.640000 | 22.548554 
-0.840000 -1.640000 | 24.411172 
-0.800000 -1.640000 | 26.613670 
-0.760000 -1.640000 | 29.013535 
-0.720000 -1.640000 | 31.456053 
-0.680000 -1.640000 | 33.784033 
-0.640000 -1.640000 | 35.847680 
-0.600000 -1.640000 | 37.514010 
-0.560000 -1.640000 | 38.675205 
-0.520000 -1.640000 | 39.255387 
-0.480000 -1.640000 | 39.215387 
-0.440000 -1.640000 | 38.555205 
-0.400000 -1.640000 | 37.314010 
-0.360000 -1.640000 | 35.567680 
-0.320000 -1.640000 | 33.424033 
-0.280000 -1.640000 | 31.016053 
-0.240000 -1.640000 | 28.493535 
-0.200000 -1.640000 | 26.013670 
-0.160000 -1.640000 | 23.731172 
-0.120000 -1.640000 | 21.788554 
-0.080000 -1.640000 | 20.307173 
-0.040000 -1.640000 | 19.379608 
0.000000 -1.640000 | 19.063840 
0.040000 -1.640000 | 19.379608 
0.080000 -1.640000 | 20.307173 
0.120000 -1.640000 | 21.788554 
0.160000 -1.640000 | 23.731172 
0.200000 -1.640000 | 26.013670 
0.240000 -1.640000 | 28.493535 
0.280000 -1.640000 | 31.016053 
0.320000 -1.640000 | 33.424033 
0.360000 -1.640000 | 35.567680 
0.400000 -1.640000 | 37.314010 
0.440000 -1.640000 | 38.555205 
0.480000 -1.640000 | 39.215387 
0.520000 -1.640000 | 39.255387 
0.560000 -1.640000 | 38.675205 
0.600000 -1.640000 | 37.514010 
0.640000 -1.640000 | 35.847680 
0.680000 -1.640000 | 33.784033 
0.720000 -1.640000 | 31.456053 
0.760000 -1.640000 | 29.013535 
0.800000 -1.640000 | 26.613670 
0.840000 -1.640000 | 24.411172 
0.880000 -1.640000 | 22.548554 
0.920000 -1.640000 | 21.147173 
0.960000 -1.640000 | 20.299608 
1.000000 -1.640000 | 20.063840 
1.040000 -1.640000 | 20.459608 
1.080000 -1.640000 | 21.467173 
1.120000 -1.640000 | 23.028554 
1.160000 -1.640000 | 25.051172 
1.200000 -1.640000 | 27.413670 
1.240000 -1.640000 | 29.973535 
1.280000 -1.640000 | 32.576053 
1.320000 -1.640000 | 35.064033 
1.360000 -1.640000 | 37.287680 
1.400000 -1.640000 | 39.114010 
1.440000 -1.640000 | 40.435205 
1.480000 -1.640000 | 41.175387 
1.520000 -1.640000 | 41.295387 
1.560000 -1.640000 | 40.795205 
1.600000 -1.640000 | 39.714010 
1.640000 -1.640000 | 38.127680 
1.680000 -1.640000 | 36.144033 
1.720000 -1.640000 | 33.896053 
1.760000 -1.640000 | 31.533535 
-2.200000 -1.600000 | 32.400000 
-2.160000 -1.600000 | 29.957502 
-2.120000 -1.600000 | 27.854884 
-2.080000 -1.600000 | 26.213503 
-2.040000 -1.600000 | 25.125938 
-2.000000 -1.600000 | 24.650170 
-1.960000 -1.600000 | 24.805938 
-1.920000 -1.600000 | 25.573503 
-1.880000 -1.600000 | 26.894884 
-1.840000 -1.600000 | 28.677502 
-1.800000 -1.600000 | 30.800000 
-1.760000 -1.600000 | 33.119865 
-1.720000 -1.600000 | 35.482383 
-1.680000 -1.600000 | 37.730363 
-1.640000 -1.600000 | 39.714010 
-1.600000 -1.600000 | 41.300340 
-1.560000 -1.600000 | 42.381535 
-1.520000 -1.600000 | 42.881717 
-1.480000 -1.600000 | 42.761717 
-1.440000 -1.600000 | 42.021535 
-1.400000 -1.600000 | 40.700340 
-1.360000 -1.600000 | 38.874010 
-1.320000 -1.600000 | 36.650363 
-1.280000 -1.600000 | 34.162383 
-1.240000 -1.600000 | 31.559865 
-1.200000 -1.600000 | 29.000000 
-1.160000 -1.600000 | 26.637502 
-1.120000 -1.600000 | 24.614884 
-1.080000 -1.600000 | 23.053503 
-1.040000 -1.600000 | 22.045938 
-1.000000 -1.600000 | 21.650170 
-0.960000 -1.600000 | 21.885938 
-0.920000 -1.600000 | 22.733503 
-0.880000 -1.600000 | 24.134884 
-0.840000 -1.600000 | 25.997502 
-0.800000 -1.600000 | 28.200000 
-0.760000 -1.600000 | 30.599865 
-0.720000 -1.600000 | 33.042383 
-0.680000 -1.600000 | 35.370363 
-0.640000 -1.600000 | 37.434010 
-0.600000 -1.600000 | 39.100340 
-0.560000 -1.600000 | 40.261535 
-0.520000 -1.600000 | 40.841717 
-0.480000 -1.600000 | 40.801717 
-0.440000 -1.600000 | 40.141535 
-0.400000 -1.600000 | 38.900340 
-0.360000 -1.600000 | 37.154010 
-0.320000 -1.600000 | 35.010363 
-0.280000 -1.600000 | 32.602383 
-0.240000 -1.600000 | 30.079865 
-0.200000 -1.600000 | 27.600000 
-0.160000 -1.600000 | 25.317502 
-0.120000 -1.600000 | 23.374884 
-0.080000 -1.600000 | 21.893503 
-0.040000 -1.600000 | 20.965938 
0.000000 -1.600000 | 20.650170 
0.040000 -1.600000 | 20.965938 
0.080000 -1.600000 | 21.893503 
0.120000 -1.600000 | 23.374884 
0.160000 -1.600000 | 25.317502 
0.200000 -1.600000 | 27.600000 
0.240000 -1.600000 | 30.079865 
0.280000 -1.600000 | 32.602383 
0.320000 -1.600000 | 35.010363 
0.360000 -1.600000 | 37.154010 
0.400000 -1.600000 | 38.900340 
0.440000 -1.600000 | 40.141535 
0.480000 -1.600000 | 40.801717 
0.520000 -1.600000 | 40.841717 
0.560000 -1.600000 | 40.261535 
0.600000 -1.600000 | 39.100340 
0.640000 -1.600000 | 37.434010 
0.680000 -1.600000 | 35.370363 
0.720000 -1.600000 | 33.042383 
0.760000 -1.600000 | 30.599865 
0.800000 -1.600000 | 28.200000 
0.840000 -1.600000 | 25.997502 
0.880000 -1.600000 | 24.134884 
0.920000 -1.600000 | 22.733503 
0.960000 -1.600000 | 21.885938 
1.000000 -1.600000 | 21.650170 
1.040000 -1.600000 | 22.045938 
1.080000 -1.600000 | 23.053503 
1.120000 -1.600000 | 24.614884 
1.160000 -1.600000 | 26.637502 
1.200000 -1.600000 | 29.000000 
1.240000 -1.600000 | 31.559865 
1.280000 -1.600000 | 34.162383 
1.320000 -1.600000 | 36.650363 
1.360000 -1.600000 | 38.874010 
1.400000 -1.600000 | 40.700340 
1.440000 -1.600000 | 42.021535 
1.480000 -1.600000 | 42.761717 
1.520000 -1.600000 | 42.881717 
1.560000 -1.600000 | 42.381535 
1.600000 -1.600000 | 41.300340 
1.640000 -1.600000 | 39.714010 
1.680000 -1.600000 | 37.730363 
1.720000 -1.600000 | 35.482383 
1.760000 -1.600000 | 33.119865 
-2.200000 -1.560000 | 33.481195 
-2.160000 -1.560000 | 31.038697 
-2.120000 -1.560000 | 28.936079 
-2.080000 -1.560000 | 27.294698 
-2.040000 -1.560000 | 26.207133 
-2.000000 -1.560000 | 25.731365 
-1.960000 -1.560000 | 25.887133 
-1.920000 -1.560000 | 26.654698 
-1.880000 -1.560000 | 27.976079 
-1.840000 -1.560000 | 29.758697 
-1.800000 -1.560000 | 31.881195 
-1.760000 -1.560000 | 34.201060 
-1.720000 -1.560000 | 36.563578 
-1.680000 -1.560000 | 38.811558 
-1.640000 -1.560000 | 40.795205 
-1.600000 -1.560000 | 42.381535 
-1.560000 -1.560000 | 43.462730 
-1.520000 -1.560000 | 43.962912 
-1.480000 -1.560000 | 43.842912 
-1.440000 -1.560000 | 43.102730 
-1.400000 -1.560000 | 41.781535 
-1.360000 -1.560000 | 39.955205 
-1.320000 -1.560000 | 37.731558 
-1.280000 -1.560000 | 35.243578 
-1.240000 -1.560000 | 32.641060 
-1.200000 -1.560000 | 30.081195 
-1.160000 -1.560000 | 27.718697 
-1.120000 -1.560000 | 25.696079 
-1.080000 -1.560000 | 24.134698 
-1.040000 -1.560000 | 23.127133 
-1.000000 -1.560000 | 22.731365 
-0.960000 -1.560000 | 22.967133 
-0.920000 -1.560000 | 23.814698 
-0.880000 -1.560000 | 25.216079 
-0.840000 -1.560000 | 27.078697 
-0.800000 -1.560000 | 29.281195 
-0.760000 -1.560000 | 31.681060 
-0.720000 -1.560000 | 34.123578 
-0.680000 -1.560000 | 36.451558 
-0.640000 -1.560000 | 38.515205 
-0.600000 -1.560000 | 40.181535 
-0.560000 -1.560000 | 41.342730 
-0.520000 -1.560000 | 41.922912 
-0.480000 -1.560000 | 41.882912 
-0.440000 -1.560000 | 41.222730 
-0.400000 -1.560000 | 39.981535 
-0.360000 -1.560000 | 38.235205 
-0.320000 -1.560000 | 36.091558 
-0.280000 -1.560000 | 33.683578 
-0.240000 -1.560000 | 31.161060 
-0.200000 -1.560000 | 28.681195 
-0.160000 -1.560000 | 26.398697 
-0.120000 -1.560000 | 24.456079 
-0.080000 -1.560000 | 22.974698 
-0.040000 -1.560000 | 22.047133 
0.000000 -1.560000 | 21.731365 
0.040000 -1.560000 | 22.047133 
0.080000 -1.560000 | 22.974698 
0.120000 -1.560000 | 24.456079 
0.160000 -1.560000 | 26.398697 
0.200000 -1.560000 | 28.681195 
0.240000 -1.560000 | 31.161060 
0.280000 -1.560000 | 33.683578 
0.320000 -1.560000 | 36.091558 
0.360000 -1.560000 | 38.235205 
0.400000 -1.560000 | 39.981535 
0.440000 -1.560000 | 41.222730 
0.480000 -1.560000 | 41.882912 
0.520000 -1.560000 | 41.922912 
0.560000 -1.560000 | 41.342730 
0.600000 -1.560000 | 40.181535 
0.640000 -1.560000 | 38.515205 
0.680000 -1.560000 | 36.451558 
0.720000 -1.560000 | 34.123578 
0.760000 -1.560000 | 31.681060 
0.800000 -1.560000 | 29.281195 
0.840000 -1.560000 | 27.078697 
0.880000 -1.560000 | 25.216079 
0.920000 -1.560000 | 23.814698 
0.960000 -1.560000 | 22.967133 
1.000000 -1.560000 | 22.731365 
1.040000 -1.560000 | 23.127133 
1.080000 -1.560000 | 24.134698 
1.120000 -1.560000 | 25.696079 
1.160000 -1.560000 | 27.718697 
1.200000 -1.560000 | 30.081195 
1.240000 -1.560000 | 32.641060 
1.280000 -1.560000 | 35.243578 
1.320000 -1.560000 | 37.731558 
1.360000 -1.560000 | 39.955205 
1.400000 -1.560000 | 41.781535 
1.440000 -1.560000 | 43.102730 
1.480000 -1.560000 | 43.842912 
1.520000 -1.560000 | 43.962912 
1.560000 -1.560000 | 43.462730 
1.600000 -1.560000 | 42.381535 
1.640000 -1.560000 | 40.795205 
1.680000 -1.560000 | 38.811558 
1.720000 -1.560000 | 36.563578 
1.760000 -1.560000 | 34.201060 
-2.200000 -1.520000 | 33.981377 
-2.160000 -1.520000 | 31.538879 
-2.120000 -1.520000 | 29.436261 
-2.080000 -1.520000 | 27.794880 
-2.040000 -1.520000 | 26.707315 
-2.000000 -1.520000 | 26.231547 
-1.960000 -1.520000 | 26.387315 
-1.920000 -1.520000 | 27.154880 
-1.880000 -1.520000 | 28.476261 
-1.840000 -1.520000 | 30.258879 
-1.800000 -1.520000 | 32.381377 
-1.760000 -1.520000 | 34.701242 
-1.720000 -1.520000 | 37.063760 
-1.680000 -1.520000 | 39.311740 
-1.640000 -1.520000 | 41.295387 
-1.600000 -1.520000 | 42.881717 
-1.560000 -1.520000 | 43.962912 
-1.520000 -1.520000 | 44.463094 
-1.480000 -1.520000 | 44.343094 
-1.440000 -1.520000 | 43.602912 
-1.400000 -1.520000 | 42.281717 
-1.360000 -1.520000 | 40.455387 
-1.320000 -1.520000 | 38.231740 
-1.280000 -1.520000 | 35.743760 
-1.240000 -1.520000 | 33.141242 
-1.200000 -1.520000 | 30.581377 
-1.160000 -1.520000 | 28.218879 
-1.120000 -1.520000 | 26.196261 
-1.080000 -1.520000 | 24.634880 
-1.040000 -1.520000 | 23.627315 
-1.000000 -1.520000 | 23.231547 
-0.960000 -1.520000 | 23.467315 
-0.920000 -1.520000 | 24.314880 
-0.880000 -1.520000 | 25.716261 
-0.840000 -1.520000 | 27.578879 
-0.800000 -1.520000 | 29.781377 
-0.760000 -1.520000 | 32.181242 
-0.720000 -1.520000 | 34.623760 
-0.680000 -1.520000 | 36.951740 
-0.640000 -1.520000 | 39.015387 
-0.600000 -1.520000 | 40.681717 
-0.560000 -1.520000 | 41.842912 
-0.520000 -1.520000 | 42.423094 
-0.480000 -1.520000 | 42.383094 
-0.440000 -1.520000 | 41.722912 
-0.400000 -1.520000 | 40.481717 
-0.360000 -1.520000 | 38.735387 
-0.320000 -1.520000 | 36.591740 
-0.280000 -1.520000 | 34.183760 
-0.240000 -1.520000 | 31.661242 
-0.200000 -1.520000 | 29.181377 
-0.160000 -1.520000 | 26.898879 
-0.120000 -1.520000 | 24.956261 
-0.080000 -1.520000 | 23.474880 
-0.040000 -1.520000 | 22.547315 
0.000000 -1.520000 | 22.231547 
0.040000 -1.520000 | 22.547315 
0.080000 -1.520000 | 23.474880 
0.120000 -1.520000 | 24.956261 
0.160000 -1.520000 | 26.898879 
0.200000 -1.520000 | 29.181377 
0.240000 -1.520000 | 31.661242 
0.280000 -1.520000 | 34.183760 
0.320000 -1.520000 | 36.591740 
0.360000 -1.520000 | 38.735387 
0.400000 -1.520000 | 40.481717 
0.440000 -1.520000 | 41.722912 
0.480000 -1.520000 | 42.383094 
0.520000 -1.520000 | 42.423094 
0.560000 -1.520000 | 41.842912 
0.600000 -1.520000 | 40.681717 
0.640000 -1.520000 | 39.015387 
0.680000 -1.520000 | 36.951740 
0.720000 -1.520000 | 34.623760 
0.760000 -1.520000 | 32.181242 
0.800000 -1.520000 | 29.781377 
0.840000 -1.520000 | 27.578879 
0.880000 -1.520000 | 25.716261 
0.920000 -1.520000 | 24.314880 
0.960000 -1.520000 | 23.467315 
1.000000 -1.520000 | 23.231547 
1.040000 -1.520000 | 23.627315 
1.080000 -1.520000 | 24.634880 
1.120000 -1.520000 | 26.196261 
1.160000 -1.520000 | 28.218879 
1.200000 -1.520000 | 30.581377 
1.240000 -1.520000 | 33.141242 
1.280000 -1.520000 | 35.743760 
1.320000 -1.520000 | 38.231740 
1.360000 -1.520000 | 40.455387 
1.400000 -1.520000 | 42.281717 
1.440000 -1.520000 | 43.602912 
1.480000 -1.520000 | 44.343094 
1.520000 -1.520000 | 44.463094 
1.560000 -1.520000 | 43.962912 
1.600000 -1.520000 | 42.881717 
1.640000 -1.520000 | 41.295387 
1.680000 -1.520000 | 39.311740 
1.720000 -1.520000 | 37.063760 
1.760000 -1.520000 | 34.701242 
-2.200000 -1.480000 | 33.861377 
-2.160000 -1.480000 | 31.418879 
-2.120000 -1.480000 | 29.316261 
-2.080000 -1.480000 | 27.674880 
-2.040000 -1.480000 | 26.587315 
-2.000000 -1.480000 | 26.111547 
-1.960000 -1.480000 | 26.267315 
-1.920000 -1.480000 | 27.034880 
-1.880000 -1.480000 | 28.356261 
-1.840000 -1.480000 | 30.138879 
-1.800000 -1.480000 | 32.261377 
-1.760000 -1.480000 | 34.581242 
-1.720000 -1.480000 | 36.943760 
-1.680000 -1.480000 | 39.191740 
-1.640000 -1.480000 | 41.175387 
-1.600000 -1.480000 | 42.761717 
-1.560000 -1.480000 | 43.842912 
-1.520000 -1.480000 | 44.343094 
-1.480000 -1.480000 | 44.223094 
-1.440000 -1.480000 | 43.482912 
-1.400000 -1.480000 | 42.161717 
-1.360000 -1.480000 | 40.335387 
-1.320000 -1.480000 | 38.111740 
-1.280000 -1.480000 | 35.623760 
-1.240000 -1.480000 | 33.021242 
-1.200000 -1.480000 | 30.461377 
-1.160000 -1.480000 | 28.098879 
-1.120000 -1.480000 | 26.076261 
-1.080000 -1.480000 | 24.514880 
-1.040000 -1.480000 | 23.507315 
-1.000000 -1.480000 | 23.111547 
-0.960000 -1.480000 | 23.347315 
-0.920000 -1.480000 | 24.194880 
-0.880000 -1.480000 | 25.596261 
-0.840000 -1.480000 | 27.458879 
-0.800000 -1.480000 | 29.661377 
-0.760000 -1.480000 | 32.061242 
-0.720000 -1.480000 | 34.503760 
-0.680000 -1.480000 | 36.831740 
-0.640000 -1.480000 | 38.895387 
-0.600000 -1.480000 | 40.561717 
-0.560000 -1.480000 | 41.722912 
-0.520000 -1.480000 | 42.303094 
-0.480000 -1.480000 | 42.263094 
-0.440000 -1.480000 | 41.602912 
-0.400000 -1.480000 | 40.361717 
-0.360000 -1.480000 | 38.615387 
-0.320000 -1.480000 | 36.471740 
-0.280000 -1.480000 | 34.063760 
-0.240000 -1.480000 | 31.541242 
-0.200000 -1.480000 | 29.061377 
-0.160000 -1.480000 | 26.778879 
-0.120000 -1.480000 | 24.836261 
-0.080000 -1.480000 | 23.354880 
-0.040000 -1.480000 | 22.427315 
0.000000 -1.480000 | 22.111547 
0.040000 -1.480000 | 22.427315 
0.080000 -1.480000 | 23.354880 
0.120000 -1.480000 | 24.836261 
0.160000 -1.480000 | 26.778879 
0.200000 -1.480000 | 29.061377 
0.240000 -1.480000 | 31.541242 
0.280000 -1.480000 | 34.063760 
0.320000 -1.480000 | 36.471740 
0.360000 -1.480000 | 38.615387 
0.400000 -1.480000 | 40.361717 
0.440000 -1.480000 | 41.602912 
0.480000 -1.480000 | 42.263094 
0.520000 -1.480000 | 42.303094 
0.560000 -1.480000 | 41.722912 
0.600000 -1.480000 | 40.561717 
0.640000 -1.480000 | 38.895387 
0.680000 -1.480000 | 36.831740 
0.720000 -1.480000 | 34.503760 
0.760000 -1.480000 | 32.061242 
0.800000 -1.480000 | 29.661377 
0.840000 -1.480000 | 27.458879 
0.880000 -1.480000 | 25.596261 
0.920000 -1.480000 | 24.194880 
0.960000 -1.480000 | 23.347315 
1.000000 -1.480000 | 23.111547 
1.040000 -1.480000 | 23.507315 
1.080000 -1.480000 | 24.514880 
1.120000 -1.480000 | 26.076261 
1.160000 -1.480000 | 28.098879 
1.200000 -1.480000 | 30.461377 
1.240000 -1.480000 | 33.021242 
1.280000 -1.480000 | 35.623760 
1.320000 -1.480000 | 38.111740 
1.360000 -1.480000 | 40.335387 
1.400000 -1.480000 | 42.161717 
1.440000 -1.480000 | 43.482912 
1.480000 -1.480000 | 44.223094 
1.520000 -1.480000 | 44.343094 
1.560000 -1.480000 | 43.842912 
1.600000 -1.480000 | 42.761717 
1.640000 -1.480000 | 41.175387 
1.680000 -1.480000 | 39.191740 
1.720000 -1.480000 | 36.943760 
1.760000 -1.480000 | 34.581242 
-2.200000 -1.440000 | 33.121195 
-2.160000 -1.440000 | 30.678697 
-2.120000 -1.440000 | 28.576079 
-2.080000 -1.440000 | 26.934698 
-2.040000 -1.440000 | 25.847133 
-2.000000 -1.440000 | 25.371365 
-1.960000 -1.440000 | 25.527133 
-1.920000 -1.440000 | 26.294698 
-1.880000 -1.440000 | 27.616079 
-1.840000 -1.440000 | 29.398697 
-1.800000 -1.440000 | 31.521195 
-1.760000 -1.440000 | 33.841060 
-1.720000 -1.440000 | 36.203578 
-1.680000 -1.440000 | 38.451558 
-1.640000 -1.440000 | 40.435205 
-1.600000 -1.440000 | 42.021535 
-1.560000 -1.440000 | 43.102730 
-1.520000 -1.440000 | 43.602912 
-1.480000 -1.440000 | 43.482912 
-1.440000 -1.440000 | 42.742730 
-1.400000 -1.440000 | 41.421535 
-1.360000 -1.440000 | 39.595205 
-1.320000 -1.440000 | 37.371558 
-1.280000 -1.440000 | 34.883578 
-1.240000 -1.440000 | 32.281060 
-1.200000 -1.440000 | 29.721195 
-1.160000 -1.440000 | 27.358697 
-1.120000 -1.440000 | 25.336079 
-1.080000 -1.440000 | 23.774698 
-1.040000 -1.440000 | 22.767133 
-1.000000 -1.440000 | 22.371365 
-0.960000 -1.440000 | 22.607133 
-0.920000 -1.440000 | 23.454698 
-0.880000 -1.440000 | 24.856079 
-0.840000 -1.440000 | 26.718697 
-0.800000 -1.440000 | 28.921195 
-0.760000 -1.440000 | 31.321060 
-0.720000 -1.440000 | 33.763578 
-0.680000 -1.440000 | 36.091558 
-0.640000 -1.440000 | 38.155205 
-0.600000 -1.440000 | 39.821535 
-0.560000 -1.440000 | 40.982730 
-0.520000 -1.440000 | 41.562912 
-0.480000 -1.440000 | 41.522912 
-0.440000 -1.440000 | 40.862730 
-0.400000 -1.440000 | 39.621535 
-0.360000 -1.440000 | 37.875205 
-0.320000 -1.440000 | 35.731558 
-0.280000 -1.440000 | 33.323578 
-0.240000 -1.440000 | 30.801060 
-0.200000 -1.440000 | 28.321195 
-0.160000 -1.440000 | 26.038697 
-0.120000 -1.440000 | 24.096079 
-0.080000 -1.440000 | 22.614698 
-0.040000 -1.440000 | 21.687133 
0.000000 -1.440000 | 21.371365 
0.040000 -1.440000 | 21.687133 
0.080000 -1.440000 | 22.614698 
0.120000 -1.440000 | 24.096079 
0.160000 -1.440000 | 26.038697 
0.200000 -1.440000 | 28.321195 
0.240000 -1.440000 | 30.801060 
0.280000 -1.440000 | 33.323578 
0.320000 -1.440000 | 35.731558 
0.360000 -1.440000 | 37.875205 
0.400000 -1.440000 | 39.621535 
0.440000 -1.440000 | 40.862730 
0.480000 -1.440000 | 41.522912 
0.520000 -1.440000 | 41.562912 
0.560000 -1.440000 | 40.982730 
0.600000 -1.440000 | 39.821535 
0.640000 -1.440000 | 38.155205 
0.680000 -1.440000 | 36.091558 
0.720000 -1.440000 | 33.763578 
0.760000 -1.440000 | 31.321060 
0.800000 -1.440000 | 28.921195 
0.840000 -1.440000 | 26.718697 
0.880000 -1.440000 | 24.856079 
0.920000 -1.440000 | 23.454698 
0.960000 -1.440000 | 22.607133 
1.000000 -1.440000 | 22.371365 
1.040000 -1.440000 | 22.767133 
1.080000 -1.440000 | 23.774698 
1.120000 -1.440000 | 25.336079 
1.160000 -1.440000 | 27.358697 
1.200000 -1.440000 | 29.721195 
1.240000 -1.440000 | 32.281060 
1.280000 -1.440000 | 34.883578 
1.320000 -1.440000 | 37.371558 
1.360000 -1.440000 | 39.595205 
1.400000 -1.440000 | 41.421535 
1.440000 -1.440000 | 42.742730 
1.480000 -1.440000 | 43.482912 
1.520000 -1.440000 | 43.602912 
1.560000 -1.440000 | 43.102730 
1.600000 -1.440000 | 42.021535 
1.640000 -1.440000 | 40.435205 
1.680000 -1.440000 | 38.451558 
1.720000 -1.440000 | 36.203578 
1.760000 -1.440000 | 33.841060 
-2.200000 -1.400000 | 31.800000 
-2.160000 -1.400000 | 29.357502 
-2.120000 -1.400000 | 27.254884 
-2.080000 -1.400000 | 25.613503 
-2.040000 -1.400000 | 24.525938 
-2.000000 -1.400000 | 24.050170 
-1.960000 -1.400000 | 24.205938 
-1.920000 -1.400000 | 24.973503 
-1.880000 -1.400000 | 26.294884 
-1.840000 -1.400000 | 28.077502 
-1.800000 -1.400000 | 30.200000 
-1.760000 -1.400000 | 32.519865 
-1.720000 -1.400000 | 34.882383 
-1.680000 -1.400000 | 37.130363 
-1.640000 -1.400000 | 39.114010 
-1.600000 -1.400000 | 40.700340 
-1.560000 -1.400000 | 41.781535 
-1.520000 -1.400000 | 42.281717 
-1.480000 -1.400000 | 42.161717 
-1.440000 -1.400000 | 41.421535 
-1.400000 -1.400000 | 40.100340 
-1.360000 -1.400000 | 38.274010 
-1.320000 -1.400000 | 36.050363 
-1.280000 -1.400000 | 33.562383 
-1.240000 -1.400000 | 30.959865 
-1.200000 -1.400000 | 28.400000 
-1.160000 -1.400000 | 26.037502 
-1.120000 -1.400000 | 24.014884 
-1.080000 -1.400000 | 22.453503 
-1.040000 -1.400000 | 21.445938 
-1.000000 -1.400000 | 21.050170 
-0.960000 -1.400000 | 21.285938 
-0.920000 -1.400000 | 22.133503 
-0.880000 -1.400000 | 23.534884 
-0.840000 -1.400000 | 25.397502 
-0.800000 -1.400000 | 27.600000 
-0.760000 -1.400000 | 29.999865 
-0.720000 -1.400000 | 32.442383 
-0.680000 -1.400000 | 34.770363 
-0.640000 -1.400000 | 36.834010 
-0.600000 -1.400000 | 38.500340 
-0.560000 -1.400000 | 39.661535 
-0.520000 -1.400000 | 40.241717 
-0.480000 -1.400000 | 40.201717 
-0.440000 -1.400000 | 39.541535 
-0.400000 -1.400000 | 38.300340 
-0.360000 -1.400000 | 36.554010 
-0.320000 -1.400000 | 34.410363 
-0.280000 -1.400000 | 32.002383 
-0.240000 -1.400000 | 29.479865 
-0.200000 -1.400000 | 27.000000 
-0.160000 -1.400000 | 24.717502 
-0.120000 -1.400000 | 22.774884 
-0.080000 -1.400000 | 21.293503 
-0.040000 -1.400000 | 20.365938 
0.000000 -1.400000 | 20.050170 
0.040000 -1.400000 | 20.365938 
0.080000 -1.400000 | 21.293503 
0.120000 -1.400000 | 22.774884 
0.160000 -1.400000 | 24.717502 
0.200000 -1.400000 | 27.000000 
0.240000 -1.400000 | 29.479865 
0.280000 -1.400000 | 32.002383 
0.320000 -1.400000 | 34.410363 
0.360000 -1.400000 | 36.554010 
0.400000 -1.400000 | 38.300340 
0.440000 -1.400000 | 39.541535 
0.480000 -1.400000 | 40.201717 
0.520000 -1.400000 | 40.241717 
0.560000 -1.400000 | 39.661535 
0.600000 -1.400000 | 38.500340 
0.640000 -1.400000 | 36.834010 
0.680000 -1.400000 | 34.770363 
0.720000 -1.400000 | 32.442383 
0.760000 -1.400000 | 29.999865 
0.800000 -1.400000 | 27.600000 
0.840000 -1.400000 | 25.397502 
0.880000 -1.400000 | 23.534884 
0.920000 -1.400000 | 22.133503 
0.960000 -1.400000 | 21.285938 
1.000000 -1.400000 | 21.050170 
1.040000 -1.400000 | 21.445938 
1.080000 -1.400000 | 22.453503 
1.120000 -1.400000 | 24.014884 
1.160000 -1.400000 | 26.037502 
1.200000 -1.400000 | 28.400000 
1.240000 -1.400000 | 30.959865 
1.280000 -1.400000 | 33.562383 
1.320000 -1.400000 | 36.050363 
1.360000 -1.400000 | 38.274010 
1.400000 -1.400000 | 40.100340 
1.440000 -1.400000 | 41.421535 
1.480000 -1.400000 | 42.161717 
1.520000 -1.400000 | 42.281717 
1.560000 -1.400000 | 41.781535 
1.600000 -1.400000 | 40.700340 
1.640000 -1.400000 | 39.114010 
1.680000 -1.400000 | 37.130363 
1.720000 -1.400000 | 34.882383 
1.760000 -1.400000 | 32.519865 
-2.200000 -1.360000 | 29.973670 
-2.160000 -1.360000 | 27.531172 
-2.120000 -1.360000 | 25.428554 
-2.080000 -1.360000 | 23.787173 
-2.040000 -1.360000 | 22.699608 
-2.000000 -1.360000 | 22.223840 
-1.960000 -1.360000 | 22.379608 
-1.920000 -1.360000 | 23.147173 
-1.880000 -1.360000 | 24.468554 
-1.840000 -1.360000 | 26.251172 
-1.800000 -1.360000 | 28.373670 
-1.760000 -1.360000 | 30.693535 
-1.720000 -1.360000 | 33.056053 
-1.680000 -1.360000 | 35.304033 
-1.640000 -1.360000 | 37.287680 
-1.600000 -1.360000 | 38.874010 
-1.560000 -1.360000 | 39.955205 
-1.520000 -1.360000 | 40.455387 
-1.480000 -1.360000 | 40.335387 
-1.440000 -1.360000 | 39.595205 
-1.400000 -1.360000 | 38.274010 
-1.360000 -1.360000 | 36.447680 
-1.320000 -1.360000 | 34.224033 
-1.280000 -1.360000 | 31.736053 
-1.240000 -1.360000 | 29.133535 
-1.200000 -1.360000 | 26.573670 
-1.160000 -1.360000 | 24.211172 
-1.120000 -1.360000 | 22.188554 
-1.080000 -1.360000 | 20.627173 
-1.040000 -1.360000 | 19.619608 
-1.000000 -1.360000 | 19.223840 
-0.960000 -1.360000 | 19.459608 
-0.920000 -1.360000 | 20.307173 
-0.880000 -1.360000 | 21.708554 
-0.840000 -1.360000 | 23.571172 
-0.800000 -1.360000 | 25.773670 
-0.760000 -1.360000 | 28.173535 
-0.720000 -1.360000 | 30.616053 
-0.680000 -1.360000 | 32.944033 
-0.640000 -1.360000 | 35.007680 
-0.600000 -1.360000 | 36.674010 
-0.560000 -1.360000 | 37.835205 
-0.520000 -1.360000 | 38.415387 
-0.480000 -1.360000 | 38.375387 
-0.440000 -1.360000 | 37.715205 
-0.400000 -1.360000 | 36.474010 
-0.360000 -1.360000 | 34.727680 
-0.320000 -1.360000 | 32.584033 
-0.280000 -1.360000 | 30.176053 
-0.240000 -1.360000 | 27.653535 
-0.200000 -1.360000 | 25.173670 
-0.160000 -1.360000 | 22.891172 
-0.120000 -1.360000 | 20.948554 
-0.080000 -1.360000 | 19.467173 
-0.040000 -1.360000 | 18.539608 
0.000000 -1.360000 | 18.223840 
0.040000 -1.360000 | 18.539608 
0.080000 -1.360000 | 19.467173 
0.120000 -1.360000 | 20.948554 
0.160000 -1.360000 | 22.891172 
0.200000 -1.360000 | 25.173670 
0.240000 -1.360000 | 27.653535 
0.280000 -1.360000 | 30.176053 
0.320000 -1.360000 | 32.584033 
0.360000 -1.360000 | 34.727680 
0.400000 -1.360000 | 36.474010 
0.440000 -1.360000 | 37.715205 
0.480000 -1.360000 | 38.375387 
0.520000 -1.360000 | 38.415387 
0.560000 -1.360000 | 37.835205 
0.600000 -1.360000 | 36.674010 
0.640000 -1.360000 | 35.007680 
0.680000 -1.360000 | 32.944033 
0.720000 -1.360000 | 30.616053 
0.760000 -1.360000 | 28.173535 
0.800000 -1.360000 | 25.773670 
0.840000 -1.360000 | 23.571172 
0.880000 -1.360000 | 21.708554 
0.920000 -1.360000 | 20.307173 
0.960000 -1.360000 | 19.459608 
1.000000 -1.360000 | 19.223840 
1.040000 -1.360000 | 19.619608 
1.080000 -1.360000 | 20.627173 
1.120000 -1.360000 | 22.188554 
1.160000 -1.360000 | 24.211172 
1.200000 -1.360000 | 26.573670 
1.240000 -1.360000 | 29.133535 
1.280000 -1.360000 | 31.736053 
1.320000 -1.360000 | 34.224033 
1.360000 -1.360000 | 36.447680 
1.400000 -1.360000 | 38.274010 
1.440000 -1.360000 | 39.595205 
1.480000 -1.360000 | 40.335387 
1.520000 -1.360000 | 40.455387 
1.560000 -1.360000 | 39.955205 
1.600000 -1.360000 | 38.874010 
1.640000 -1.360000 | 37.287680 
1.680000 -1.360000 | 35.304033 
1.720000 -1.360000 | 33.056053 
1.760000 -1.360000 | 30.693535 
-2.200000 -1.320000 | 27.750023 
-2.160000 -1.320000 | 25.307525 
-2.120000 -1.320000 | 23.204907 
-2.080000 -1.320000 | 21.563526 
-2.040000 -1.320000 | 20.475961 
-2.000000 -1.320000 | 20.000193 
-1.960000 -1.320000 | 20.155961 
-1.920000 -1.320000 | 20.923526 
-1.880000 -1.320000 | 22.244907 
-1.840000 -1.320000 | 24.027525 
-1.800000 -1.320000 | 26.150023 
-1.760000 -1.320000 | 28.469888 
-1.720000 -1.320000 | 30.832406 
-1.680000 -1.320000 | 33.080386 
-1.640000 -1.320000 | 35.064033 
-1.600000 -1.320000 | 36.650363 
-1.560000 -1.320000 | 37.731558 
-1.520000 -1.320000 | 38.231740 
-1.480000 -1.320000 | 38.111740 
-1.440000 -1.320000 | 37.371558 
-1.400000 -1.320000 | 36.050363 
-1.360000 -1.320000 | 34.224033 
-1.320000 -1.320000 | 32.000386 
-1.280000 -1.320000 | 29.512406 
-1.240000 -1.320000 | 26.909888 
-1.200000 -1.320000 | 24.350023 
-1.160000 -1.320000 | 21.987525 
-1.120000 -1.320000 | 19.964907 
-1.080000 -1.320000 | 18.403526 
-1.040000 -1.320000 | 17.395961 
-1.000000 -1.320000 | 17.000193 
-0.960000 -1.320000 | 17.235961 
-0.920000 -1.320000 | 18.083526 
-0.880000 -1.320000 | 19.484907 
-0.840000 -1.320000 | 21.347525 
-0.800000 -1.320000 | 23.550023 
-0.760000 -1.320000 | 25.949888 
-0.720000 -1.320000 | 28.392406 
-0.680000 -1.320000 | 30.720386 
-0.640000 -1.320000 | 32.784033 
-0.600000 -1.320000 | 34.450363 
-0.560000 -1.320000 | 35.611558 
-0.520000 -1.320000 | 36.191740 
-0.480000 -1.320000 | 36.151740 
-0.440000 -1.320000 | 35.491558 
-0.400000 -1.320000 | 34.250363 
-0.360000 -1.320000 | 32.504033 
-0.320000 -1.320000 | 30.360386 
-0.280000 -1.320000 | 27.952406 
-0.240000 -1.320000 | 25.429888 
-0.200000 -1.320000 | 22.950023 
-0.160000 -1.320000 | 20.667525 
-0.120000 -1.320000 | 18.724907 
-0.080000 -1.320000 | 17.243526 
-0.040000 -1.320000 | 16.315961 
0.000000 -1.320000 | 16.000193 
0.040000 -1.320000 | 16.315961 
0.080000 -1.320000 | 17.243526 
0.120000 -1.320000 | 18.724907 
0.160000 -1.320000 | 20.667525 
0.200000 -1.320000 | 22.950023 
0.240000 -1.320000 | 25.429888 
0.280000 -1.320000 | 27.952406 
0.320000 -1.320000 | 30.360386 
0.360000 -1.320000 | 32.504033 
0.400000 -1.320000 | 34.250363 
0.440000 -1.320000 | 35.491558 
0.480000 -1.320000 | 36.151740 
0.520000 -1.320000 | 36.191740 
0.560000 -1.320000 | 35.611558 
0.600000 -1.320000 | 34.450363 
0.640000 -1.320000 | 32.784033 
0.680000 -1.320000 | 30.720386 
0.720000 -1.320000 | 28.392406 
0.760000 -1.320000 | 25.949888 
0.800000 -1.320000 | 23.550023 
0.840000 -1.320000 | 21.347525 
0.880000 -1.320000 | 19.484907 
0.920000 -1.320000 | 18.083526 
0.960000 -1.320000 | 17.235961 
1.000000 -1.320000 | 17.000193 
1.040000 -1.320000 | 17.395961 
1.080000 -1.320000 | 18.403526 
1.120000 -1.320000 | 19.964907 
1.160000 -1.320000 | 21.987525 
1.200000 -1.320000 | 24.350023 
1.240000 -1.320000 | 26.909888 
1.280000 -1.320000 | 29.512406 
1.320000 -1.320000 | 32.000386 
1.360000 -1.320000 | 34.224033 
1.400000 -1.320000 | 36.050363 
1.440000 -1.320000 | 37.371558 
1.480000 -1.320000 | 38.111740 
1.520000 -1.320000 | 38.231740 
1.560000 -1.320000 | 37.731558 
1.600000 -1.320000 | 36.650363 
1.640000 -1.320000 | 35.064033 
1.680000 -1.320000 | 33.080386 
1.720000 -1.320000 | 30.832406 
1.760000 -1.320000 | 28.469888 
-2.200000 -1.280000 | 25.262043 
-2.160000 -1.280000 | 22.819545 
-2.120000 -1.280000 | 20.716927 
-2.080000 -1.280000 | 19.075546 
-2.040000 -1.280000 | 17.987982 
-2.000000 -1.280000 | 17.512213 
-1.960000 -1.280000 | 17.667982 
-1.920000 -1.280000 | 18.435546 
-1.880000 -1.280000 | 19.756927 
-1.840000 -1.280000 | 21.539545 
-1.800000 -1.280000 | 23.662043 
-1.760000 -1.280000 | 25.981908 
-1.720000 -1.280000 | 28.344426 
-1.680000 -1.280000 | 30.592406 
-1.640000 -1.280000 | 32.576053 
-1.600000 -1.280000 | 34.162383 
-1.560000 -1.280000 | 35.243578 
-1.520000 -1.280000 | 35.743760 
-1.480000 -1.280000 | 35.623760 
-1.440000 -1.280000 | 34.883578 
-1.400000 -1.280000 | 33.562383 
-1.360000 -1.280000 | 31.736053 
-1.320000 -1.280000 | 29.512406 
-1.280000 -1.280000 | 27.024426 
-1.240000 -1.280000 | 24.421908 
-1.200000 -1.280000 | 21.862043 
-1.160000 -1.280000 | 19.499545 
-1.120000 -1.280000 | 17.476927 
-1.080000 -1.280000 | 15.915546 
-1.040000 -1.280000 | 14.907982 
-1.000000 -1.280000 | 14.512213 
-0.960000 -1.280000 | 14.747982 
-0.920000 -1.280000 | 15.595546 
-0.880000 -1.280000 | 16.996927 
-0.840000 -1.280000 | 18.859545 
-0.800000 -1.280000 | 21.062043 
-0.760000 -1.280000 | 23.461908 
-0.720000 -1.280000 | 25.904426 
-0.680000 -1.280000 | 28.232406 
-0.640000 -1.280000 | 30.296053 
-0.600000 -1.280000 | 31.962383 
-0.560000 -1.280000 | 33.123578 
-0.520000 -1.280000 | 33.703760 
-0.480000 -1.280000 | 33.663760 
-0.440000 -1.280000 | 33.003578 
-0.400000 -1.280000 | 31.762383 
-0.360000 -1.280000 | 30.016053 
-0.320000 -1.280000 | 27.872406 
-0.280000 -1.280000 | 25.464426 
-0.240000 -1.280000 | 22.941908 
-0.200000 -1.280000 | 20.462043 
-0.160000 -1.280000 | 18.179545 
-0.120000 -1.280000 | 16.236927 
-0.080000 -1.280000 | 14.755546 
-0.040000 -1.280000 | 13.827982 
0.000000 -1.280000 | 13.512213 
0.040000 -1.280000 | 13.827982 
0.080000 -1.280000 | 14.755546 
0.120000 -1.280000 | 16.236927 
0.160000 -1.280000 | 18.179545 
0.200000 -1.280000 | 20.462043 
0.240000 -1.280000 | 22.941908 
0.280000 -1.280000 | 25.464426 
0.320000 -1.280000 | 27.872406 
0.360000 -1.280000 | 30.016053 
0.400000 -1.280000 | 31.762383 
0.440000 -1.280000 | 33.003578 
0.480000 -1.280000 | 33.663760 
0.520000 -1.280000 | 33.703760 
0.560000 -1.280000 | 33.123578 
0.600000 -1.280000 | 31.962383 
0.640000 -1.280000 | 30.296053 
0.680000 -1.280000 | 28.232406 
0.720000 -1.280000 | 25.904426 
0.760000 -1.280000 | 23.461908 
0.800000 -1.280000 | 21.062043 
0.840000 -1.280000 | 18.859545 
0.880000 -1.280000 | 16.996927 
0.920000 -1.280000 | 15.595546 
0.960000 -1.280000 | 14.747982 
1.000000 -1.280000 | 14.512213 
1.040000 -1.280000 | 14.907982 
1.080000 -1.280000 | 15.915546 
1.120000 -1.280000 | 17.476927 
1.160000 -1.280000 | 19.499545 
1.200000 -1.280000 | 21.862043 
1.240000 -1.280000 | 24.421908 
1.280000 -1.280000 | 27.024426 
1.320000 -1.280000 | 29.512406 
1.360000 -1.280000 | 31.736053 
1.400000 -1.280000 | 33.562383 
1.440000 -1.280000 | 34.883578 
1.480000 -1.280000 | 35.623760 
1.520000 -1.280000 | 35.743760 
1.560000 -1.280000 | 35.243578 
1.600000 -1.280000 | 34.162383 
1.640000 -1.280000 | 32.576053 
1.680000 -1.280000 | 30.592406 
1.720000 -1.280000 | 28.344426 
1.760000 -1.280000 | 25.981908 
-2.200000 -1.240000 | 22.659525 
-2.160000 -1.240000 | 20.217027 
-2.120000 -1.240000 | 18.114409 
-2.080000 -1.240000 | 16.473028 
-2.040000 -1.240000 | 15.385463 
-2.000000 -1.240000 | 14.909695 
-1.960000 -1.240000 | 15.065463 
-1.920000 -1.240000 | 15.833028 
-1.880000 -1.240000 | 17.154409 
-1.840000 -1.240000 | 18.937027 
-1.800000 -1.240000 | 21.059525 
-1.760000 -1.240000 | 23.379390 
-1.720000 -1.240000 | 25.741908 
-1.680000 -1.240000 | 27.989888 
-1.640000 -1.240000 | 29.973535 
-1.600000 -1.240000 | 31.559865 
-1.560000 -1.240000 | 32.641060 
-1.520000 -1.240000 | 33.141242 
-1.480000 -1.240000 | 33.021242 
-1.440000 -1.240000 | 32.281060 
-1.400000 -1.240000 | 30.959865 
-1.360000 -1.240000 | 29.133535 
-1.320000 -1.240000 | 26.909888 
-1.280000 -1.240000 | 24.421908 
-1.240000 -1.240000 | 21.819390 
-1.200000 -1.240000 | 19.259525 
-1.160000 -1.240000 | 16.897027 
-1.120000 -1.240000 | 14.874409 
-1.080000 -1.240000 | 13.313028 
-1.040000 -1.240000 | 12.305463 
-1.000000 -1.240000 | 11.909695 
-0.960000 -1.240000 | 12.145463 
-0.920000 -1.240000 | 12.993028 
-0.880000 -1.240000 | 14.394409 
-0.840000 -1.240000 | 16.257027 
-0.800000 -1.240000 | 18.459525 
-0.760000 -1.240000 | 20.859390 
-0.720000 -1.240000 | 23.301908 
-0.680000 -1.240000 | 25.629888 
-0.640000 -1.240000 | 27.693535 
-0.600000 -1.240000 | 29.359865 
-0.560000 -1.240000 | 30.521060 
-0.520000 -1.240000 | 31.101242 
-0.480000 -1.240000 | 31.061242 
-0.440000 -1.240000 | 30.401060 
-0.400000 -1.240000 | 29.159865 
-0.360000 -1.240000 | 27.413535 
-0.320000 -1.240000 | 25.269888 
-0.280000 -1.240000 | 22.861908 
-0.240000 -1.240000 | 20.339390 
-0.200000 -1.240000 | 17.859525 
-0.160000 -1.240000 | 15.577027 
-0.120000 -1.240000 | 13.634409 
-0.080000 -1.240000 | 12.153028 
-0.040000 -1.240000 | 11.225463 
0.000000 -1.240000 | 10.909695 
0.040000 -1.240000 | 11.225463 
0.080000 -1.240000 | 12.153028 
0.120000 -1.240000 | 13.634409 
0.160000 -1.240000 | 15.577027 
0.200000 -1.240000 | 17.859525 
0.240000 -1.240000 | 20.339390 
0.280000 -1.240000 | 22.861908 
0.320000 -1.240000 | 25.269888 
0.360000 -1.240000 | 27.413535 
0.400000 -1.240000 | 29.159865 
0.440000 -1.240000 | 30.401060 
0.480000 -1.240000 | 31.061242 
0.520000 -1.240000 | 31.101242 
0.560000 -1.240000 | 30.521060 
0.600000 -1.240000 | 29.359865 
0.640000 -1.240000 | 27.693535 
0.680000 -1.240000 | 25.629888 
0.720000 -1.240000 | 23.301908 
0.760000 -1.240000 | 20.859390 
0.800000 -1.240000 | 18.459525 
0.840000 -1.240000 | 16.257027 
0.880000 -1.240000 | 14.394409 
0.920000 -1.240000 | 12.993028 
0.960000 -1.240000 | 12.145463 
1.000000 -1.240000 | 11.909695 
1.040000 -1.240000 | 12.305463 
1.080000 -1.240000 | 13.313028 
1.120000 -1.240000 | 14.874409 
1.160000 -1.240000 | 16.897027 
1.200000 -1.240000 | 19.259525 
1.240000 -1.240000 | 21.819390 
1.280000 -1.240000 | 24.421908 
1.320000 -1.240000 | 26.909888 
1.360000 -1.240000 | 29.133535 
1.400000 -1.240000 | 30.959865 
1.440000 -1.240000 | 32.281060 
1.480000 -1.240000 | 33.021242 
1.520000 -1.240000 | 33.141242 
1.560000 -1.240000 | 32.641060 
1.600000 -1.240000 | 31.559865 
1.640000 -1.240000 | 29.973535 
1.680000 -1.240000 | 27.989888 
1.720000 -1.240000 | 25.741908 
1.760000 -1.240000 | 23.379390 
-2.200000 -1.200000 | 20.099660 
-2.160000 -1.200000 | 17.657162 
-2.120000 -1.200000 | 15.554544 
-2.080000 -1.200000 | 13.913163 
-2.040000 -1.200000 | 12.825598 
-2.000000 -1.200000 | 12.349830 
-1.960000 -1.200000 | 12.505598 
-1.920000 -1.200000 | 13.273163 
-1.880000 -1.200000 | 14.594544 
-1.840000 -1.200000 | 16.377162 
-1.800000 -1.200000 | 18.499660 
-1.760000 -1.200000 | 20.819525 
-1.720000 -1.200000 | 23.182043 
-1.680000 -1.200000 | 25.430023 
-1.640000 -1.200000 | 27.413670 
-1.600000 -1.200000 | 29.000000 
-1.560000 -1.200000 | 30.081195 
-1.520000 -1.200000 | 30.581377 
-1.480000 -1.200000 | 30.461377 
-1.440000 -1.200000 | 29.721195 
-1.400000 -1.200000 | 28.400000 
-1.360000 -1.200000 | 26.573670 
-1.320000 -1.200000 | 24.350023 
-1.280000 -1.200000 | 21.862043 
-1.240000 -1.200000 | 19.259525 
-1.200000 -1.200000 | 16.699660 
-1.160000 -1.200000 | 14.337162 
-1.120000 -1.200000 | 12.314544 
-1.080000 -1.200000 | 10.753163 
-1.040000 -1.200000 | 9.745598 
-1.000000 -1.200000 | 9.349830 
-0.960000 -1.200000 | 9.585598 
-0.920000 -1.200000 | 10.433163 
-0.880000 -1.200000 | 11.834544 
-0.840000 -1.200000 | 13.697162 
-0.800000 -1.200000 | 15.899660 
-0.760000 -1.200000 | 18.299525 
-0.720000 -1.200000 | 20.742043 
-0.680000 -1.200000 | 23.070023 
-0.640000 -1.200000 | 25.133670 
-0.600000 -1.200000 | 26.800000 
-0.560000 -1.200000 | 27.961195 
-0.520000 -1.200000 | 28.541377 
-0.480000 -1.200000 | 28.501377 
-0.440000 -1.200000 | 27.841195 
-0.400000 -1.200000 | 26.600000 
-0.360000 -1.200000 | 24.853670 
-0.320000 -1.200000 | 22.710023 
-0.280000 -1.200000 | 20.302043 
-0.240000 -1.200000 | 17.779525 
-0.200000 -1.200000 | 15.299660 
-0.160000 -1.200000 | 13.017162 
-0.120000 -1.200000 | 11.074544 
-0.080000 -1.200000 | 9.593163 
-0.040000 -1.200000 | 8.665598 
0.000000 -1.200000 | 8.349830 
0.040000 -1.200000 | 8.665598 
0.080000 -1.200000 | 9.593163 
0.120000 -1.200000 | 11.074544 
0.160000 -1.200000 | 13.017162 
0.200000 -1.200000 | 15.299660 
0.240000 -1.200000 | 17.779525 
0.280000 -1.200000 | 20.302043 
0.320000 -1.200000 | 22.710023 
0.360000 -1.200000 | 24.853670 
0.400000 -1.200000 | 26.600000 
0.440000 -1.200000 | 27.841195 
0.480000 -1.200000 | 28.501377 
0.520000 -1.200000 | 28.541377 
0.560000 -1.200000 | 27.961195 
0.600000 -1.200000 | 26.800000 
0.640000 -1.200000 | 25.133670 
0.680000 -1.200000 | 23.070023 
0.720000 -1.200000 | 20.742043 
0.760000 -1.200000 | 18.299525 
0.800000 -1.200000 | 15.899660 
0.840000 -1.200000 | 13.697162 
0.880000 -1.200000 | 11.834544 
0.920000 -1.200000 | 10.433163 
0.960000 -1.200000 | 9.585598 
1.000000 -1.200000 | 9.349830 
1.040000 -1.200000 | 9.745598 
1.080000 -1.200000 | 10.753163 
1.120000 -1.200000 | 12.314544 
1.160000 -1.200000 | 14.337162 
1.200000 -1.200000 | 16.699660 
1.240000 -1.200000 | 19.259525 
1.280000 -1.200000 | 21.862043 
1.320000 -1.200000 | 24.350023 
1.360000 -1.200000 | 26.573670 
1.400000 -1.200000 | 28.400000 
1.440000 -1.200000 | 29.721195 
1.480000 -1.200000 | 30.461377 
1.520000 -1.200000 | 30.581377 
1.560000 -1.200000 | 30.081195 
1.600000 -1.200000 | 29.000000 
1.640000 -1.200000 | 27.413670 
1.680000 -1.200000 | 25.430023 
1.720000 -1.200000 | 23.182043 
1.760000 -1.200000 | 20.819525 
-2.200000 -1.160000 | 17.737162 
-2.160000 -1.160000 | 15.294664 
-2.120000 -1.160000 | 13.192046 
-2.080000 -1.160000 | 11.550665 
-2.040000 -1.160000 | 10.463100 
-2.000000 -1.160000 | 9.987332 
-1.960000 -1.160000 | 10.143100 
-1.920000 -1.160000 | 10.910665 
-1.880000 -1.160000 | 12.232046 
-1.840000 -1.160000 | 14.014664 
-1.800000 -1.160000 | 16.137162 
-1.760000 -1.160000 | 18.457027 
-1.720000 -1.160000 | 20.819545 
-1.680000 -1.160000 | 23.067525 
-1.640000 -1.160000 | 25.051172 
-1.600000 -1.160000 | 26.637502 
-1.560000 -1.160000 | 27.718697 
-1.520000 -1.160000 | 28.218879 
-1.480000 -1.160000 | 28.098879 
-1.440000 -1.160000 | 27.358697 
-1.400000 -1.160000 | 26.037502 
-1.360000 -1.160000 | 24.211172 
-1.320000 -1.160000 | 21.987525 
-1.280000 -1.160000 | 19.499545 
-1.240000 -1.160000 | 16.897027 
-1.200000 -1.160000 | 14.337162 
-1.160000 -1.160000 | 11.974664 
-1.120000 -1.160000 | 9.952046 
-1.080000 -1.160000 | 8.390665 
-1.040000 -1.160000 | 7.383100 
-1.000000 -1.160000 | 6.987332 
-0.960000 -1.160000 | 7.223100 
-0.920000 -1.160000 | 8.070665 
-0.880000 -1.160000 | 9.472046 
-0.840000 -1.160000 | 11.334664 
-0.800000 -1.160000 | 13.537162 
-0.760000 -1.160000 | 15.937027 
-0.720000 -1.160000 | 18.379545 
-0.680000 -1.160000 | 20.707525 
-0.640000 -1.160000 | 22.771172 
-0.600000 -1.160000 | 24.437502 
-0.560000 -1.160000 | 25.598697 
-0.520000 -1.160000 | 26.178879 
-0.480000 -1.160000 | 26.138879 
-0.440000 -1.160000 | 25.478697 
-0.400000 -1.160000 | 24.237502 
-0.360000 -1.160000 | 22.491172 
-0.320000 -1.160000 | 20.347525 
-0.280000 -1.160000 | 17.939545 
-0.240000 -1.160000 | 15.417027 
-0.200000 -1.160000 | 12.937162 
-0.160000 -1.160000 | 10.654664 
-0.120000 -1.160000 | 8.712046 
-0.080000 -1.160000 | 7.230665 
-0.040000 -1.160000 | 6.303100 
0.000000 -1.160000 | 5.987332 
0.040000 -1.160000 | 6.303100 
0.080000 -1.160000 | 7.230665 
0.120000 -1.160000 | 8.712046 
0.160000 -1.160000 | 10.654664 
0.200000 -1.160000 | 12.937162 
0.240000 -1.160000 | 15.417027 
0.280000 -1.160000 | 17.939545 
0.320000 -1.160000 | 20.347525 
0.360000 -1.160000 | 22.491172 
0.400000 -1.160000 | 24.237502 
0.440000 -1.160000 | 25.478697 
0.480000 -1.160000 | 26.138879 
0.520000 -1.160000 | 26.178879 
0.560000 -1.160000 | 25.598697 
0.600000 -1.160000 | 24.437502 
0.640000 -1.160000 | 22.771172 
0.680000 -1.160000 | 20.707525 
0.720000 -1.160000 | 18.379545 
0.760000 -1.160000 | 15.937027 
0.800000 -1.160000 | 13.537162 
0.840000 -1.160000 | 11.334664 
0.880000 -1.160000 | 9.472046 
0.920000 -1.160000 | 8.070665 
0.960000 -1.160000 | 7.223100 
1.000000 -1.160000 | 6.987332 
1.040000 -1.160000 | 7.383100 
1.080000 -1.160000 | 8.390665 
1.120000 -1.160000 | 9.952046 
1.160000 -1.160000 | 11.974664 
1.200000 -1.160000 | 14.337162 
1.240000 -1.160000 | 16.897027 
1.280000 -1.160000 | 19.499545 
1.320000 -1.160000 | 21.987525 
1.360000 -1.160000 | 24.211172 
1.400000 -1.160000 | 26.037502 
1.440000 -1.160000 | 27.358697 
1.480000 -1.160000 | 28.098879 
1.520000 -1.160000 | 28.218879 
1.560000 -1.160000 | 27.718697 
1.600000 -1.160000 | 26.637502 
1.640000 -1.160000 | 25.051172 
1.680000 -1.160000 | 23.067525 
1.720000 -1.160000 | 20.819545 
1.760000 -1.160000 | 18.457027 
-2.200000 -1.120000 | 15.714544 
-2.160000 -1.120000 | 13.272046 
-2.120000 -1.120000 | 11.169427 
-2.080000 -1.120000 | 9.528047 
-2.040000 -1.120000 | 8.440482 
-2.000000 -1.120000 | 7.964714 
-1.960000 -1.120000 | 8.120482 
-1.920000 -1.120000 | 8.888047 
-1.880000 -1.120000 | 10.209427 
-1.840000 -1.120000 | 11.992046 
-1.800000 -1.120000 | 14.114544 
-1.760000 -1.120000 | 16.434409 
-1.720000 -1.120000 | 18.796927 
-1.680000 -1.120000 | 21.044907 
-1.640000 -1.120000 | 23.028554 
-1.600000 -1.120000 | 24.614884 
-1.560000 -1.120000 | 25.696079 
-1.520000 -1.120000 | 26.196261 
-1.480000 -1.120000 | 26.076261 
-1.440000 -1.120000 | 25.336079 
-1.400000 -1.120000 | 24.014884 
-1.360000 -1.120000 | 22.188554 
-1.320000 -1.120000 | 19.964907 
-1.280000 -1.120000 | 17.476927 
-1.240000 -1.120000 | 14.874409 
-1.200000 -1.120000 | 12.314544 
-1.160000 -1.120000 | 9.952046 
-1.120000 -1.120000 | 7.929427 
-1.080000 -1.120000 | 6.368047 
-1.040000 -1.120000 | 5.360482 
-1.000000 -1.120000 | 4.964714 
-0.960000 -1.120000 | 5.200482 
-0.920000 -1.120000 | 6.048047 
-0.880000 -1.120000 | 7.449427 
-0.840000 -1.120000 | 9.312046 
-0.800000 -1.120000 | 11.514544 
-0.760000 -1.120000 | 13.914409 
-0.720000 -1.120000 | 16.356927 
-0.680000 -1.120000 | 18.684907 
-0.640000 -1.120000 | 20.748554 
-0.600000 -1.120000 | 22.414884 
-0.560000 -1.120000 | 23.576079 
-0.520000 -1.120000 | 24.156261 
-0.480000 -1.120000 | 24.116261 
-0.440000 -1.120000 | 23.456079 
-0.400000 -1.120000 | 22.214884 
-0.360000 -1.120000 | 20.468554 
-0.320000 -1.120000 | 18.324907 
-0.280000 -1.120000 | 15.916927 
-0.240000 -1.120000 | 13.394409 
-0.200000 -1.120000 | 10.914544 
-0.160000 -1.120000 | 8.632046 
-0.120000 -1.120000 | 6.689427 
-0.080000 -1.120000 | 5.208047 
-0.040000 -1.120000 | 4.280482 
0.000000 -1.120000 | 3.964714 
0.040000 -1.120000 | 4.280482 
0.080000 -1.120000 | 5.208047 
0.120000 -1.120000 | 6.689427 
0.160000 -1.120000 | 8.632046 
0.200000 -1.120000 | 10.914544 
0.240000 -1.120000 | 13.394409 
0.280000 -1.120000 | 15.916927 
0.320000 -1.120000 | 18.324907 
0.360000 -1.120000 | 20.468554 
0.400000 -1.120000 | 22.214884 
0.440000 -1.120000 | 23.456079 
0.480000 -1.120000 | 24.116261 
0.520000 -1.120000 | 24.156261 
0.560000 -1.120000 | 23.576079 
0.600000 -1.120000 | 22.414884 
0.640000 -1.120000 | 20.748554 
0.680000 -1.120000 | 18.684907 
0.720000 -1.120000 | 16.356927 
0.760000 -1.120000 | 13.914409 
0.800000 -1.120000 | 11.514544 
0.840000 -1.120000 | 9.312046 
0.880000 -1.120000 | 7.449427 
0.920000 -1.120000 | 6.048047 
0.960000 -1.120000 | 5.200482 
1.000000 -1.120000 | 4.964714 
1.040000 -1.120000 | 5.360482 
1.080000 -1.120000 | 6.368047 
1.120000 -1.120000 | 7.929427 
1.160000 -1.120000 | 9.952046 
1.200000 -1.120000 | 12.314544 
1.240000 -1.120000 | 14.874409 
1.280000 -1.120000 | 17.476927 
1.320000 -1.120000 | 19.964907 
1.360000 -1.120000 | 22.188554 
1.400000 -1.120000 | 24.014884 
1.440000 -1.120000 | 25.336079 
1.480000 -1.120000 | 26.076261 
1.520000 -1.120000 | 26.196261 
1.560000 -1.120000 | 25.696079 
1.600000 -1.120000 | 24.614884 
1.640000 -1.120000 | 23.028554 
1.680000 -1.120000 | 21.044907 
1.720000 -1.120000 | 18.796927 
1.760000 -1.120000 | 16.434409 
-2.200000 -1.080000 | 14.153163 
-2.160000 -1.080000 | 11.710665 
-2.120000 -1.080000 | 9.608047 
-2.080000 -1.080000 | 7.966666 
-2.040000 -1.080000 | 6.879102 
-2.000000 -1.080000 | 6.403333 
-1.960000 -1.080000 | 6.559102 
-1.920000 -1.080000 | 7.326666 
-1.880000 -1.080000 | 8.648047 
-1.840000 -1.080000 | 10.430665 
-1.800000 -1.080000 | 12.553163 
-1.760000 -1.080000 | 14.873028 
-1.720000 -1.080000 | 17.235546 
-1.680000 -1.080000 | 19.483526 
-1.640000 -1.080000 | 21.467173 
-1.600000 -1.080000 | 23.053503 
-1.560000 -1.080000 | 24.134698 
-1.520000 -1.080000 | 24.634880 
-1.480000 -1.080000 | 24.514880 
-1.440000 -1.080000 | 23.774698 
-1.400000 -1.080000 | 22.453503 
-1.360000 -1.080000 | 20.627173 
-1.320000 -1.080000 | 18.403526 
-1.280000 -1.080000 | 15.915546 
-1.240000 -1.080000 | 13.313028 
-1.200000 -1.080000 | 10.753163 
-1.160000 -1.080000 | 8.390665 
-1.120000 -1.080000 | 6.368047 
-1.080000 -1.080000 | 4.806666 
-1.040000 -1.080000 | 3.799102 
-1.000000 -1.080000 | 3.403333 
-0.960000 -1.080000 | 3.639102 
-0.920000 -1.080000 | 4.486666 
-0.880000 -1.080000 | 5.888047 
-0.840000 -1.080000 | 7.750665 
-0.800000 -1.080000 | 9.953163 
-0.760000 -1.080000 | 12.353028 
-0.720000 -1.080000 | 14.795546 
-0.680000 -1.080000 | 17.123526 
-0.640000 -1.080000 | 19.187173 
-0.600000 -1.080000 | 20.853503 
-0.560000 -1.080000 | 22.014698 
-0.520000 -1.080000 | 22.594880 
-0.480000 -1.080000 | 22.554880 
-0.440000 -1.080000 | 21.894698 
-0.400000 -1.080000 | 20.653503 
-0.360000 -1.080000 | 18.907173 
-0.320000 -1.080000 | 16.763526 
-0.280000 -1.080000 | 14.355546 
-0.240000 -1.080000 | 11.833028 
-0.200000 -1.080000 | 9.353163 
-0.160000 -1.080000 | 7.070665 
-0.120000 -1.080000 | 5.128047 
-0.080000 -1.080000 | 3.646666 
-0.040000 -1.080000 | 2.719102 
0.000000 -1.080000 | 2.403333 
0.040000 -1.080000 | 2.719102 
0.080000 -1.080000 | 3.646666 
0.120000 -1.080000 | 5.128047 
0.160000 -1.080000 | 7.070665 
0.200000 -1.080000 | 9.353163 
0.240000 -1.080000 | 11.833028 
0.280000 -1.080000 | 14.355546 
0.320000 -1.080000 | 16.763526 
0.360000 -1.080000 | 18.907173 
0.400000 -1.080000 | 20.653503 
0.440000 -1.080000 | 21.894698 
0.480000 -1.080000 | 22.554880 
0.520000 -1.080000 | 22.594880 
0.560000 -1.080000 | 22.014698 
0.600000 -1.080000 | 20.853503 
0.640000 -1.080000 | 19.187173 
0.680000 -1.080000 | 17.123526 
0.720000 -1.080000 | 14.795546 
0.760000 -1.080000 | 12.353028 
0.800000 -1.080000 | 9.953163 
0.840000 -1.080000 | 7.750665 
0.880000 -1.080000 | 5.888047 
0.920000 -1.080000 | 4.486666 
0.960000 -1.080000 | 3.639102 
1.000000 -1.080000 | 3.403333 
1.040000 -1.080000 | 3.799102 
1.080000 -1.080000 | 4.806666 
1.120000 -1.080000 | 6.368047 
1.160000 -1.080000 | 8.390665 
1.200000 -1.080000 | 10.753163 
1.240000 -1.080000 | 13.313028 
1.280000 -1.080000 | 15.915546 
1.320000 -1.080000 | 18.403526 
1.360000 -1.080000 | 20.627173 
1.400000 -1.080000 | 22.453503 
1.440000 -1.080000 | 23.774698 
1.480000 -1.080000 | 24.514880 
1.520000 -1.080000 | 24.634880 
1.560000 -1.080000 | 24.134698 
1.600000 -1.080000 | 23.053503 
1.640000 -1.080000 | 21.467173 
1.680000 -1.080000 | 19.483526 
1.720000 -1.080000 | 17.235546 
1.760000 -1.080000 | 14.873028 
-2.200000 -1.040000 | 13.145598 
-2.160000 -1.040000 | 10.703100 
-2.120000 -1.040000 | 8.600482 
-2.080000 -1.040000 | 6.959102 
-2.040000 -1.040000 | 5.871537 
-2.000000 -1.040000 | 5.395768 
-1.960000 -1.040000 | 5.551537 
-1.920000 -1.040000 | 6.319102 
-1.880000 -1.040000 | 7.640482 
-1.840000 -1.040000 | 9.423100 
-1.800000 -1.040000 | 11.545598 
-1.760000 -1.040000 | 13.865463 
-1.720000 -1.040000 | 16.227982 
-1.680000 -1.040000 | 18.475961 
-1.640000 -1.040000 | 20.459608 
-1.600000 -1.040000 | 22.045938 
-1.560000 -1.040000 | 23.127133 
-1.520000 -1.040000 | 23.627315 
-1.480000 -1.040000 | 23.507315 
-1.440000 -1.040000 | 22.767133 
-1.400000 -1.040000 | 21.445938 
-1.360000 -1.040000 | 19.619608 
-1.320000 -1.040000 | 17.395961 
-1.280000 -1.040000 | 14.907982 
-1.240000 -1.040000 | 12.305463 
-1.200000 -1.040000 | 9.745598 
-1.160000 -1.040000 | 7.383100 
-1.120000 -1.040000 | 5.360482 
-1.080000 -1.040000 | 3.799102 
-1.040000 -1.040000 | 2.791537 
-1.000000 -1.040000 | 2.395768 
-0.960000 -1.040000 | 2.631537 
-0.920000 -1.040000 | 3.479102 
-0.880000 -1.040000 | 4.880482 
-0.840000 -1.040000 | 6.743100 
-0.800000 -1.040000 | 8.945598 
-0.760000 -1.040000 | 11.345463 
-0.720000 -1.040000 | 13.787982 
-0.680000 -1.040000 | 16.115961 
-0.640000 -1.040000 | 18.179608 
-0.600000 -1.040000 | 19.845938 
-0.560000 -1.040000 | 21.007133 
-0.520000 -1.040000 | 21.587315 
-0.480000 -1.040000 | 21.547315 
-0.440000 -1.040000 | 20.887133 
-0.400000 -1.040000 | 19.645938 
-0.360000 -1.040000 | 17.899608 
-0.320000 -1.040000 | 15.755961 
-0.280000 -1.040000 | 13.347982 
-0.240000 -1.040000 | 10.825463 
-0.200000 -1.040000 | 8.345598 
-0.160000 -1.040000 | 6.063100 
-0.120000 -1.040000 | 4.120482 
-0.080000 -1.040000 | 2.639102 
-0.040000 -1.040000 | 1.711537 
0.000000 -1.040000 | 1.395768 
0.040000 -1.040000 | 1.711537 
0.080000 -1.040000 | 2.639102 
0.120000 -1.040000 | 4.120482 
0.160000 -1.040000 | 6.063100 
0.200000 -1.040000 | 8.345598 
0.240000 -1.040000 | 10.825463 
0.280000 -1.040000 | 13.347982 
0.320000 -1.040000 | 15.755961 
0.360000 -1.040000 | 17.899608 
0.400000 -1.040000 | 19.645938 
0.440000 -1.040000 | 20.887133 
0.480000 -1.040000 | 21.547315 
0.520000 -1.040000 | 21.587315 
0.560000 -1.040000 | 21.007133 
0.600000 -1.040000 | 19.845938 
0.640000 -1.040000 | 18.179608 
0.680000 -1.040000 | 16.115961 
0.720000 -1.040000 | 13.787982 
0.760000 -1.040000 | 11.345463 
0.800000 -1.040000 | 8.945598 
0.840000 -1.040000 | 6.743100 
0.880000 -1.040000 | 4.880482 
0.920000 -1.040000 | 3.479102 
0.960000 -1.040000 | 2.631537 
1.000000 -1.040000 | 2.395768 
1.040000 -1.040000 | 2.791537 
1.080000 -1.040000 | 3.799102 
1.120000 -1.040000 | 5.360482 
1.160000 -1.040000 | 7.383100 
1.200000 -1.040000 | 9.745598 
1.240000 -1.040000 | 12.305463 
1.280000 -1.040000 | 14.907982 
1.320000 -1.040000 | 17.395961 
1.360000 -1.040000 | 19.619608 
1.400000 -1.040000 | 21.445938 
1.440000 -1.040000 | 22.767133 
1.480000 -1.040000 | 23.507315 
1.520000 -1.040000 | 23.627315 
1.560000 -1.040000 | 23.127133 
1.600000 -1.040000 | 22.045938 
1.640000 -1.040000 | 20.459608 
1.680000 -1.040000 | 18.475961 
1.720000 -1.040000 | 16.227982 
1.760000 -1.040000 | 13.865463 
-2.200000 -1.000000 | 12.749830 
-2.160000 -1.000000 | 10.307332 
-2.120000 -1.000000 | 8.204714 
-2.080000 -1.000000 | 6.563333 
-2.040000 -1.000000 | 5.475768 
-2.000000 -1.000000 | 5.000000 
-1.960000 -1.000000 | 5.155768 
-1.920000 -1.000000 | 5.923333 
-1.880000 -1.000000 | 7.244714 
-1.840000 -1.000000 | 9.027332 
-1.800000 -1.000000 | 11.149830 
-1.760000 -1.000000 | 13.469695 
-1.720000 -1.000000 | 15.832213 
-1.680000 -1.000000 | 18.080193 
-1.640000 -1.000000 | 20.063840 
-1.600000 -1.000000 | 21.650170 
-1.560000 -1.000000 | 22.731365 
-1.520000 -1.000000 | 23.231547 
-1.480000 -1.000000 | 23.111547 
-1.440000 -1.000000 | 22.371365 
-1.400000 -1.000000 | 21.050170 
-1.360000 -1.000000 | 19.223840 
-1.320000 -1.000000 | 17.000193 
-1.280000 -1.000000 | 14.512213 
-1.240000 -1.000000 | 11.909695 
-1.200000 -1.000000 | 9.349830 
-1.160000 -1.000000 | 6.987332 
-1.120000 -1.000000 | 4.964714 
-1.080000 -1.000000 | 3.403333 
-1.040000 -1.000000 | 2.395768 
-1.000000 -1.000000 | 2.000000 
-0.960000 -1.000000 | 2.235768 
-0.920000 -1.000000 | 3.083333 
-0.880000 -1.000000 | 4.484714 
-0.840000 -1.000000 | 6.347332 
-0.800000 -1.000000 | 8.549830 
-0.760000 -1.000000 | 10.949695 
-0.720000 -1.000000 | 13.392213 
-0.680000 -1.000000 | 15.720193 
-0.640000 -1.000000 | 17.783840 
-0.600000 -1.000000 | 19.450170 
-0.560000 -1.000000 | 20.611365 
-0.520000 -1.000000 | 21.191547 
-0.480000 -1.000000 | 21.151547 
-0.440000 -1.000000 | 20.491365 
-0.400000 -1.000000 | 19.250170 
-0.360000 -1.000000 | 17.503840 
-0.320000 -1.000000 | 15.360193 
-0.280000 -1.000000 | 12.952213 
-0.240000 -1.000000 | 10.429695 
-0.200000 -1.000000 | 7.949830 
-0.160000 -1.000000 | 5.667332 
-0.120000 -1.000000 | 3.724714 
-0.080000 -1.000000 | 2.243333 
-0.040000 -1.000000 | 1.315768 
0.000000 -1.000000 | 1.000000 
0.040000 -1.000000 | 1.315768 
0.080000 -1.000000 | 2.243333 
0.120000 -1.000000 | 3.724714 
0.160000 -1.000000 | 5.667332 
0.200000 -1.000000 | 7.949830 
0.240000 -1.000000 | 10.429695 
0.280000 -1.000000 | 12.952213 
0.320000 -1.000000 | 15.360193 
0.360000 -1.000000 | 17.503840 
0.400000 -1.000000 | 19.250170 
0.440000 -1.000000 | 20.491365 
0.480000 -1.000000 | 21.151547 
0.520000 -1.000000 | 21.191547 
0.560000 -1.000000 | 20.611365 
0.600000 -1.000000 | 19.450170 
0.640000 -1.000000 | 17.783840 
0.680000 -1.000000 | 15.720193 
0.720000 -1.000000 | 13.392213 
0.760000 -1.000000 | 10.949695 
0.800000 -1.000000 | 8.549830 
0.840000 -1.000000 | 6.347332 
0.880000 -1.000000 | 4.484714 
0.920000 -1.000000 | 3.083333 
0.960000 -1.000000 | 2.235768 
1.000000 -1.000000 | 2.000000 
1.040000 -1.000000 | 2.395768 
1.080000 -1.000000 | 3.403333 
1.120000 -1.000000 | 4.964714 
1.160000 -1.000000 | 6.987332 
1.200000 -1.000000 | 9.349830 
1.240000 -1.000000 | 11.909695 
1.280000 -1.000000 | 14.512213 
1.320000 -1.000000 | 17.000193 
1.360000 -1.000000 | 19.223840 
1.400000 -1.000000 | 21.050170 
1.440000 -1.000000 | 22.371365 
1.480000 -1.000000 | 23.111547 
1.520000 -1.000000 | 23.231547 
1.560000 -1.000000 | 22.731365 
1.600000 -1.000000 | 21.650170 
1.640000 -1.000000 | 20.063840 
1.680000 -1.000000 | 18.080193 
1.720000 -1.000000 | 15.832213 
1.760000 -1.000000 | 13.469695 
-2.200000 -0.960000 | 12.985598 
-2.160000 -0.960000 | 10.543100 
-2.120000 -0.960000 | 8.440482 
-2.080000 -0.960000 | 6.799102 
-2.040000 -0.960000 | 5.711537 
-2.000000 -0.960000 | 5.235768 
-1.960000 -0.960000 | 5.391537 
-1.920000 -0.960000 | 6.159102 
-1.880000 -0.960000 | 7.480482 
-1.840000 -0.960000 | 9.263100 
-1.800000 -0.960000 | 11.385598 
-1.760000 -0.960000 | 13.705463 
-1.720000 -0.960000 | 16.067982 
-1.680000 -0.960000 | 18.315961 
-1.640000 -0.960000 | 20.299608 
-1.600000 -0.960000 | 21.885938 
-1.560000 -0.960000 | 22.967133 
-1.520000 -0.960000 | 23.467315 
-1.480000 -0.960000 | 23.347315 
-1.440000 -0.960000 | 22.607133 
-1.400000 -0.960000 | 21.285938 
-1.360000 -0.960000 | 19.459608 
-1.320000 -0.960000 | 17.235961 
-1.280000 -0.960000 | 14.747982 
-1.240000 -0.960000 | 12.145463 
-1.200000 -0.960000 | 9.585598 
-1.160000 -0.960000 | 7.223100 
-1.120000 -0.960000 | 5.200482 
-1.080000 -0.960000 | 3.639102 
-1.040000 -0.960000 | 2.631537 
-1.000000 -0.960000 | 2.235768 
-0.960000 -0.960000 | 2.471537 
-0.920000 -0.960000 | 3.319102 
-0.880000 -0.960000 | 4.720482 
-0.840000 -0.960000 | 6.583100 
-0.800000 -0.960000 | 8.785598 
-0.760000 -0.960000 | 11.185463 
-0.720000 -0.960000 | 13.627982 
-0.680000 -0.960000 | 15.955961 
-0.640000 -0.960000 | 18.019608 
-0.600000 -0.960000 | 19.685938 
-0.560000 -0.960000 | 20.847133 
-0.520000 -0.960000 | 21.427315 
-0.480000 -0.960000 | 21.387315 
-0.440000 -0.960000 | 20.727133 
-0.400000 -0.960000 | 19.485938 
-0.360000 -0.960000 | 17.739608 
-0.320000 -0.960000 | 15.595961 
-0.280000 -0.960000 | 13.187982 
-0.240000 -0.960000 | 10.665463 
-0.200000 -0.960000 | 8.185598 
-0.160000 -0.960000 | 5.903100 
-0.120000 -0.960000 | 3.960482 
-0.080000 -0.960000 | 2.479102 
-0.040000 -0.960000 | 1.551537 
0.000000 -0.960000 | 1.235768 
0.040000 -0.960000 | 1.551537 
0.080000 -0.960000 | 2.479102 
0.120000 -0.960000 | 3.960482 
0.160000 -0.960000 | 5.903100 
0.200000 -0.960000 | 8.185598 
0.240000 -0.960000 | 10.665463 
0.280000 -0.960000 | 13.187982 
0.320000 -0.960000 | 15.595961 
0.360000 -0.960000 | 17.739608 
0.400000 -0.960000 | 19.485938 
0.440000 -0.960000 | 20.727133 
0.480000 -0.960000 | 21.387315 
0.520000 -0.960000 | 21.427315 
0.560000 -0.960000 | 20.847133 
0.600000 -0.960000 | 19.685938 
0.640000 -0.960000 | 18.019608 
0.680000 -0.960000 | 15.955961 
0.720000 -0.960000 | 13.627982 
0.760000 -0.960000 | 11.185463 
0.800000 -0.960000 | 8.785598 
0.840000 -0.960000 | 6.583100 
0.880000 -0.960000 | 4.720482 
0.920000 -0.960000 | 3.319102 
0.960000 -0.960000 | 2.471537 
1.000000 -0.960000 | 2.235768 
1.040000 -0.960000 | 2.631537 
1.080000 -0.960000 | 3.639102 
1.120000 -0.960000 | 5.200482 
1.160000 -0.960000 | 7.223100 
1.200000 -0.960000 | 9.585598 
1.240000 -0.960000 | 12.145463 
1.280000 -0.960000 | 14.747982 
1.320000 -0.960000 | 17.235961 
1.360000 -0.960000 | 19.459608 
1.400000 -0.960000 | 21.285938 
1.440000 -0.960000 | 22.607133 
1.480000 -0.960000 | 23.347315 
1.520000 -0.960000 | 23.467315 
1.560000 -0.960000 | 22.967133 
1.600000 -0.960000 | 21.885938 
1.640000 -0.960000 | 20.299608 
1.680000 -0.960000 | 18.315961 
1.720000 -0.960000 | 16.067982 
1.760000 -0.960000 | 13.705463 
-2.200000 -0.920000 | 13.833163 
-2.160000 -0.920000 | 11.390665 
-2.120000 -0.920000 | 9.288047 
-2.080000 -0.920000 | 7.646666 
-2.040000 -0.920000 | 6.559102 
-2.000000 -0.920000 | 6.083333 
-1.960000 -0.920000 | 6.239102 
-1.920000 -0.920000 | 7.006666 
-1.880000 -0.920000 | 8.328047 
-1.840000 -0.920000 | 10.110665 
-1.800000 -0.920000 | 12.233163 
-1.760000 -0.920000 | 14.553028 
-1.720000 -0.920000 | 16.915546 
-1.680000 -0.920000 | 19.163526 
-1.640000 -0.920000 | 21.147173 
-1.600000 -0.920000 | 22.733503 
-1.560000 -0.920000 | 23.814698 
-1.520000 -0.920000 | 24.314880 
-1.480000 -0.920000 | 24.194880 
-1.440000 -0.920000 | 23.454698 
-1.400000 -0.920000 | 22.133503 
-1.360000 -0.920000 | 20.307173 
-1.320000 -0.920000 | 18.083526 
-1.280000 -0.920000 | 15.595546 
-1.240000 -0.920000 | 12.993028 
-1.200000 -0.920000 | 10.433163 
-1.160000 -0.920000 | 8.070665 
-1.120000 -0.920000 | 6.048047 
-1.080000 -0.920000 | 4.486666 
-1.040000 -0.920000 | 3.479102 
-1.000000 -0.920000 | 3.083333 
-0.960000 -0.920000 | 3.319102 
-0.920000 -0.920000 | 4.166666 
-0.880000 -0.920000 | 5.568047 
-0.840000 -0.920000 | 7.430665 
-0.800000 -0.920000 | 9.633163 
-0.760000 -0.920000 | 12.033028 
-0.720000 -0.920000 | 14.475546 
-0.680000 -0.920000 | 16.803526 
-0.640000 -0.920000 | 18.867173 
-0.600000 -0.920000 | 20.533503 
-0.560000 -0.920000 | 21.694698 
-0.520000 -0.920000 | 22.274880 
-0.480000 -0.920000 | 22.234880 
-0.440000 -0.920000 | 21.574698 
-0.400000 -0.920000 | 20.333503 
-0.360000 -0.920000 | 18.587173 
-0.320000 -0.920000 | 16.443526 
-0.280000 -0.920000 | 14.035546 
-0.240000 -0.920000 | 11.513028 
-0.200000 -0.920000 | 9.033163 
-0.160000 -0.920000 | 6.750665 
-0.120000 -0.920000 | 4.808047 
-0.080000 -0.920000 | 3.326666 
-0.040000 -0.920000 | 2.399102 
0.000000 -0.920000 | 2.083333 
0.040000 -0.920000 | 2.399102 
0.080000 -0.920000 | 3.326666 
0.120000 -0.920000 | 4.808047 
0.160000 -0.920000 | 6.750665 
0.200000 -0.920000 | 9.033163 
0.240000 -0.920000 | 11.513028 
0.280000 -0.920000 | 14.035546 
0.320000 -0.920000 | 16.443526 
0.360000 -0.920000 | 18.587173 
0.400000 -0.920000 | 20.333503 
0.440000 -0.920000 | 21.574698 
0.480000 -0.920000 | 22.234880 
0.520000 -0.920000 | 22.274880 
0.560000 -0.920000 | 21.694698 
0.600000 -0.920000 | 20.533503 
0.640000 -0.920000 | 18.867173 
0.680000 -0.920000 | 16.803526 
0.720000 -0.920000 | 14.475546 
0.760000 -0.920000 | 12.033028 
0.800000 -0.920000 | 9.633163 
0.840000 -0.920000 | 7.430665 
0.880000 -0.920000 | 5.568047 
0.920000 -0.920000 | 4.166666 
0.960000 -0.920000 | 3.319102 
1.000000 -0.920000 | 3.083333 
1.040000 -0.920000 | 3.479102 
1.080000 -0.920000 | 4.486666 
1.120000 -0.920000 | 6.048047 
1.160000 -0.920000 | 8.070665 
1.200000 -0.920000 | 10.433163 
1.240000 -0.920000 | 12.993028 
1.280000 -0.920000 | 15.595546 
1.320000 -0.920000 | 18.083526 
1.360000 -0.920000 | 20.307173 
1.400000 -0.920000 | 22.133503 
1.440000 -0.920000 | 23.454698 
1.480000 -0.920000 | 24.194880 
1.520000 -0.920000 | 24.314880 
1.560000 -0.920000 | 23.814698 
1.600000 -0.920000 | 22.733503 
1.640000 -0.920000 | 21.147173 
1.680000 -0.920000 | 19.163526 
1.720000 -0.920000 | 16.915546 
1.760000 -0.920000 | 14.553028 
-2.200000 -0.880000 | 15.234544 
-2.160000 -0.880000 | 12.792046 
-2.120000 -0.880000 | 10.689427 
-2.080000 -0.880000 | 9.048047 
-2.040000 -0.880000 | 7.960482 
-2.000000 -0.880000 | 7.484714 
-1.960000 -0.880000 | 7.640482 
-1.920000 -0.880000 | 8.408047 
-1.880000 -0.880000 | 9.729427 
-1.840000 -0.880000 | 11.512046 
-1.800000 -0.880000 | 13.634544 
-1.760000 -0.880000 | 15.954409 
-1.720000 -0.880000 | 18.316927 
-1.680000 -0.880000 | 20.564907 
-1.640000 -0.880000 | 22.548554 
-1.600000 -0.880000 | 24.134884 
-1.560000 -0.880000 | 25.216079 
-1.520000 -0.880000 | 25.716261 
-1.480000 -0.880000 | 25.596261 
-1.440000 -0.880000 | 24.856079 
-1.400000 -0.880000 | 23.534884 
-1.360000 -0.880000 | 21.708554 
-1.320000 -0.880000 | 19.484907 
-1.280000 -0.880000 | 16.996927 
-1.240000 -0.880000 | 14.394409 
-1.200000 -0.880000 | 11.834544 
-1.160000 -0.880000 | 9.472046 
-1.120000 -0.880000 | 7.449427 
-1.080000 -0.880000 | 5.888047 
-1.040000 -0.880000 | 4.880482 
-1.000000 -0.880000 | 4.484714 
-0.960000 -0.880000 | 4.720482 
-0.920000 -0.880000 | 5.568047 
-0.880000 -0.880000 | 6.969427 
-0.840000 -0.880000 | 8.832046 
-0.800000 -0.880000 | 11.034544 
-0.760000 -0.880000 | 13.434409 
-0.720000 -0.880000 | 15.876927 
-0.680000 -0.880000 | 18.204907 
-0.640000 -0.880000 | 20.268554 
-0.600000 -0.880000 | 21.934884 
-0.560000 -0.880000 | 23.096079 
-0.520000 -0.880000 | 23.676261 
-0.480000 -0.880000 | 23.636261 
-0.440000 -0.880000 | 22.976079 
-0.400000 -0.880000 | 21.734884 
-0.360000 -0.880000 | 19.988554 
-0.320000 -0.880000 | 17.844907 
-0.280000 -0.880000 | 15.436927 
-0.240000 -0.880000 | 12.914409 
-0.200000 -0.880000 | 10.434544 
-0.160000 -0.880000 | 8.152046 
-0.120000 -0.880000 | 6.209427 
-0.080000 -0.880000 | 4.728047 
-0.040000 -0.880000 | 3.800482 
0.000000 -0.880000 | 3.484714 
0.040000 -0.880000 | 3.800482 
0.080000 -0.880000 | 4.728047 
0.120000 -0.880000 | 6.209427 
0.160000 -0.880000 | 8.152046 
0.200000 -0.880000 | 10.434544 
0.240000 -0.880000 | 12.914409 
0.280000 -0.880000 | 15.436927 
0.320000 -0.880000 | 17.844907 
0.360000 -0.880000 | 19.988554 
0.400000 -0.880000 | 21.734884 
0.440000 -0.880000 | 22.976079 
0.480000 -0.880000 | 23.636261 
0.520000 -0.880000 | 23.676261 
0.560000 -0.880000 | 23.096079 
0.600000 -0.880000 | 21.934884 
0.640000 -0.880000 | 20.268554 
0.680000 -0.880000 | 18.204907 
0.720000 -0.880000 | 15.876927 
0.760000 -0.880000 | 13.434409 
0.800000 -0.880000 | 11.034544 
0.840000 -0.880000 | 8.832046 
0.880000 -0.880000 | 6.969427 
0.920000 -0.880000 | 5.568047 
0.960000 -0.880000 | 4.720482 
1.000000 -0.880000 | 4.484714 
1.040000 -0.880000 | 4.880482 
1.080000 -0.880000 | 5.888047 
1.120000 -0.880000 | 7.449427 
1.160000 -0.880000 | 9.472046 
1.200000 -0.880000 | 11.834544 
1.240000 -0.880000 | 14.394409 
1.280000 -0.880000 | 16.996927 
1.320000 -0.880000 | 19.484907 
1.360000 -0.880000 | 21.708554 
1.400000 -0.880000 | 23.534884 
1.440000 -0.880000 | 24.856079 
1.480000 -0.880000 | 25.596261 
1.520000 -0.880000 | 25.716261 
1.560000 -0.880000 | 25.216079 
1.600000 -0.880000 | 24.134884 
1.640000 -0.880000 | 22.548554 
1.680000 -0.880000 | 20.564907 
1.720000 -0.880000 | 18.316927 
1.760000 -0.880000 | 15.954409 
-2.200000 -0.840000 | 17.097162 
-2.160000 -0.840000 | 14.654664 
-2.120000 -0.840000 | 12.552046 
-2.080000 -0.840000 | 10.910665 
-2.040000 -0.840000 | 9.823100 
-2.000000 -0.840000 | 9.347332 
-1.960000 -0.840000 | 9.503100 
-1.920000 -0.840000 | 10.270665 
-1.880000 -0.840000 | 11.592046 
-1.840000 -0.840000 | 13.374664 
-1.800000 -0.840000 | 15.497162 
-1.760000 -0.840000 | 17.817027 
-1.720000 -0.840000 | 20.179545 
-1.680000 -0.840000 | 22.427525 
-1.640000 -0.840000 | 24.411172 
-1.600000 -0.840000 | 25.997502 
-1.560000 -0.840000 | 27.078697 
-1.520000 -0.840000 | 27.578879 
-1.480000 -0.840000 | 27.458879 
-1.440000 -0.840000 | 26.718697 
-1.400000 -0.840000 | 25.397502 
-1.360000 -0.840000 | 23.571172 
-1.320000 -0.840000 | 21.347525 
-1.280000 -0.840000 | 18.859545 
-1.240000 -0.840000 | 16.257027 
-1.200000 -0.840000 | 13.697162 
-1.160000 -0.840000 | 11.334664 
-1.120000 -0.840000 | 9.312046 
-1.080000 -0.840000 | 7.750665 
-1.040000 -0.840000 | 6.743100 
-1.000000 -0.840000 | 6.347332 
-0.960000 -0.840000 | 6.583100 
-0.920000 -0.840000 | 7.430665 
-0.880000 -0.840000 | 8.832046 
-0.840000 -0.840000 | 10.694664 
-0.800000 -0.840000 | 12.897162 
-0.760000 -0.840000 | 15.297027 
-0.720000 -0.840000 | 17.739545 
-0.680000 -0.840000 | 20.067525 
-0.640000 -0.840000 | 22.131172 
-0.600000 -0.840000 | 23.797502 
-0.560000 -0.840000 | 24.958697 
-0.520000 -0.840000 | 25.538879 
-0.480000 -0.840000 | 25.498879 
-0.440000 -0.840000 | 24.838697 
-0.400000 -0.840000 | 23.597502 
-0.360000 -0.840000 | 21.851172 
-0.320000 -0.840000 | 19.707525 
-0.280000 -0.840000 | 17.299545 
-0.240000 -0.840000 | 14.777027 
-0.200000 -0.840000 | 12.297162 
-0.160000 -0.840000 | 10.014664 
-0.120000 -0.840000 | 8.072046 
-0.080000 -0.840000 | 6.590665 
-0.040000 -0.840000 | 5.663100 
0.000000 -0.840000 | 5.347332 
0.040000 -0.840000 | 5.663100 
0.080000 -0.840000 | 6.590665 
0.120000 -0.840000 | 8.072046 
0.160000 -0.840000 | 10.014664 
0.200000 -0.840000 | 12.297162 
0.240000 -0.840000 | 14.777027 
0.280000 -0.840000 | 17.299545 
0.320000 -0.840000 | 19.707525 
0.360000 -0.840000 | 21.851172 
0.400000 -0.840000 | 23.597502 
0.440000 -0.840000 | 24.838697 
0.480000 -0.840000 | 25.498879 
0.520000 -0.840000 | 25.538879 
0.560000 -0.840000 | 24.958697 
0.600000 -0.840000 | 23.797502 
0.640000 -0.840000 | 22.131172 
0.680000 -0.840000 | 20.067525 
0.720000 -0.840000 | 17.739545 
0.760000 -0.840000 | 15.297027 
0.800000 -0.840000 | 12.897162 
0.840000 -0.840000 | 10.694664 
0.880000 -0.840000 | 8.832046 
0.920000 -0.840000 | 7.430665 
0.960000 -0.840000 | 6.583100 
1.000000 -0.840000 | 6.347332 
1.040000 -0.840000 | 6.743100 
1.080000 -0.840000 | 7.750665 
1.120000 -0.840000 | 9.312046 
1.160000 -0.840000 | 11.334664 
1.200000 -0.840000 | 13.697162 
1.240000 -0.840000 | 16.257027 
1.280000 -0.840000 | 18.859545 
1.320000 -0.840000 | 21.347525 
1.360000 -0.840000 | 23.571172 
1.400000 -0.840000 | 25.397502 
1.440000 -0.840000 | 26.718697 
1.480000 -0.840000 | 27.458879 
1.520000 -0.840000 | 27.578879 
1.560000 -0.840000 | 27.078697 
1.600000 -0.840000 | 25.997502 
1.640000 -0.840000 | 24.411172 
1.680000 -0.840000 | 22.427525 
1.720000 -0.840000 | 20.179545 
1.760000 -0.840000 | 17.817027 
-2.200000 -0.800000 | 19.299660 
-2.160000 -0.800000 | 16.857162 
-2.120000 -0.800000 | 14.754544 
-2.080000 -0.800000 | 13.113163 
-2.040000 -0.800000 | 12.025598 
-2.000000 -0.800000 | 11.549830 
-1.960000 -0.800000 | 11.705598 
-1.920000 -0.800000 | 12.473163 
-1.880000 -0.800000 | 13.794544 
-1.840000 -0.800000 | 15.577162 
-1.800000 -0.800000 | 17.699660 
-1.760000 -0.800000 | 20.019525 
-1.720000 -0.800000 | 22.382043 
-1.680000 -0.800000 | 24.630023 
-1.640000 -0.800000 | 26.613670 
-1.600000 -0.800000 | 28.200000 
-1.560000 -0.800000 | 29.281195 
-1.520000 -0.800000 | 29.781377 
-1.480000 -0.800000 | 29.661377 
-1.440000 -0.800000 | 28.921195 
-1.400000 -0.800000 | 27.600000 
-1.360000 -0.800000 | 25.773670 
-1.320000 -0.800000 | 23.550023 
-1.280000 -0.800000 | 21.062043 
-1.240000 -0.800000 | 18.459525 
-1.200000 -0.800000 | 15.899660 
-1.160000 -0.800000 | 13.537162 
-1.120000 -0.800000 | 11.514544 
-1.080000 -0.800000 | 9.953163 
-1.040000 -0.800000 | 8.945598 
-1.000000 -0.800000 | 8.549830 
-0.960000 -0.800000 | 8.785598 
-0.920000 -0.800000 | 9.633163 
-0.880000 -0.800000 | 11.034544 
-0.840000 -0.800000 | 12.897162 
-0.800000 -0.800000 | 15.099660 
-0.760000 -0.800000 | 17.499525 
-0.720000 -0.800000 | 19.942043 
-0.680000 -0.800000 | 22.270023 
-0.640000 -0.800000 | 24.333670 
-0.600000 -0.800000 | 26.000000 
-0.560000 -0.800000 | 27.161195 
-0.520000 -0.800000 | 27.741377 
-0.480000 -0.800000 | 27.701377 
-0.440000 -0.800000 | 27.041195 
-0.400000 -0.800000 | 25.800000 
-0.360000 -0.800000 | 24.053670 
-0.320000 -0.800000 | 21.910023 
-0.280000 -0.800000 | 19.502043 
-0.240000 -0.800000 | 16.979525 
-0.200000 -0.800000 | 14.499660 
-0.160000 -0.800000 | 12.217162 
-0.120000 -0.800000 | 10.274544 
-0.080000 -0.800000 | 8.793163 
-0.040000 -0.800000 | 7.865598 
0.000000 -0.800000 | 7.549830 
0.040000 -0.800000 | 7.865598 
0.080000 -0.800000 | 8.793163 
0.120000 -0.800000 | 10.274544 
0.160000 -0.800000 | 12.217162 
0.200000 -0.800000 | 14.499660 
0.240000 -0.800000 | 16.979525 
0.280000 -0.800000 | 19.502043 
0.320000 -0.800000 | 21.910023 
0.360000 -0.800000 | 24.053670 
0.400000 -0.800000 | 25.800000 
0.440000 -0.800000 | 27.041195 
0.480000 -0.800000 | 27.701377 
0.520000 -0.800000 | 27.741377 
0.560000 -0.800000 | 27.161195 
0.600000 -0.800000 | 26.000000 
0.640000 -0.800000 | 24.333670 
0.680000 -0.800000 | 22.270023 
0.720000 -0.800000 | 19.942043 
0.760000 -0.800000 | 17.499525 
0.800000 -0.800000 | 15.099660 
0.840000 -0.800000 | 12.897162 
0.880000 -0.800000 | 11.034544 
0.920000 -0.800000 | 9.633163 
0.960000 -0.800000 | 8.785598 
1.000000 -0.800000 | 8.549830 
1.040000 -0.800000 | 8.945598 
1.080000 -0.800000 | 9.953163 
1.120000 -0.800000 | 11.514544 
1.160000 -0.800000 | 13.537162 
1.200000 -0.800000 | 15.899660 
1.240000 -0.800000 | 18.459525 
1.280000 -0.800000 | 21.062043 
1.320000 -0.800000 | 23.550023 
1.360000 -0.800000 | 25.773670 
1.400000 -0.800000 | 27.600000 
1.440000 -0.800000 | 28.921195 
1.480000 -0.800000 | 29.661377 
1.520000 -0.800000 | 29.781377 
1.560000 -0.800000 | 29.281195 
1.600000 -0.800000 | 28.200000 
1.640000 -0.800000 | 26.613670 
1.680000 -0.800000 | 24.630023 
1.720000 -0.800000 | 22.382043 
1.760000 -0.800000 | 20.019525 
-2.200000 -0.760000 | 21.699525 
-2.160000 -0.760000 | 19.257027 
-2.120000 -0.760000 | 17.154409 
-2.080000 -0.760000 | 15.513028 
-2.040000 -0.760000 | 14.425463 
-2.000000 -0.760000 | 13.949695 
-1.960000 -0.760000 | 14.105463 
-1.920000 -0.760000 | 14.873028 
-1.880000 -0.760000 | 16.194409 
-1.840000 -0.760000 | 17.977027 
-1.800000 -0.760000 | 20.099525 
-1.760000 -0.760000 | 22.419390 
-1.720000 -0.760000 | 24.781908 
-1.680000 -0.760000 | 27.029888 
-1.640000 -0.760000 | 29.013535 
-1.600000 -0.760000 | 30.599865 
-1.560000 -0.760000 | 31.681060 
-1.520000 -0.760000 | 32.181242 
-1.480000 -0.760000 | 32.061242 
-1.440000 -0.760000 | 31.321060 
-1.400000 -0.760000 | 29.999865 
-1.360000 -0.760000 | 28.173535 
-1.320000 -0.760000 | 25.949888 
-1.280000 -0.760000 | 23.461908 
-1.240000 -0.760000 | 20.859390 
-1.200000 -0.760000 | 18.299525 
-1.160000 -0.760000 | 15.937027 
-1.120000 -0.760000 | 13.914409 
-1.080000 -0.760000 | 12.353028 
-1.040000 -0.760000 | 11.345463 
-1.000000 -0.760000 | 10.949695 
-0.960000 -0.760000 | 11.185463 
-0.920000 -0.760000 | 12.033028 
-0.880000 -0.760000 | 13.434409 
-0.840000 -0.760000 | 15.297027 
-0.800000 -0.760000 | 17.499525 
-0.760000 -0.760000 | 19.899390 
-0.720000 -0.760000 | 22.341908 
-0.680000 -0.760000 | 24.669888 
-0.640000 -0.760000 | 26.733535 
-0.600000 -0.760000 | 28.399865 
-0.560000 -0.760000 | 29.561060 
-0.520000 -0.760000 | 30.141242 
-0.480000 -0.760000 | 30.101242 
-0.440000 -0.760000 | 29.441060 
-0.400000 -0.760000 | 28.199865 
-0.360000 -0.760000 | 26.453535 
-0.320000 -0.760000 | 24.309888 
-0.280000 -0.760000 | 21.901908 
-0.240000 -0.760000 | 19.379390 
-0.200000 -0.760000 | 16.899525 
-0.160000 -0.760000 | 14.617027 
-0.120000 -0.760000 | 12.674409 
-0.080000 -0.760000 | 11.193028 
-0.040000 -0.760000 | 10.265463 
0.000000 -0.760000 | 9.949695 
0.040000 -0.760000 | 10.265463 
0.080000 -0.760000 | 11.193028 
0.120000 -0.760000 | 12.674409 
0.160000 -0.760000 | 14.617027 
0.200000 -0.760000 | 16.899525 
0.240000 -0.760000 | 19.379390 
0.280000 -0.760000 | 21.901908 
0.320000 -0.760000 | 24.309888 
0.360000 -0.760000 | 26.453535 
0.400000 -0.760000 | 28.199865 
0.440000 -0.760000 | 29.441060 
0.480000 -0.760000 | 30.101242 
0.520000 -0.760000 | 30.141242 
0.560000 -0.760000 | 29.561060 
0.600000 -0.760000 | 28.399865 
0.640000 -0.760000 | 26.733535 
0.680000 -0.760000 | 24.669888 
0.720000 -0.760000 | 22.341908 
0.760000 -0.760000 | 19.899390 
0.800000 -0.760000 | 17.499525 
0.840000 -0.760000 | 15.297027 
0.880000 -0.760000 | 13.434409 
0.920000 -0.760000 | 12.033028 
0.960000 -0.760000 | 11.185463 
1.000000 -0.760000 | 10.949695 
1.040000 -0.760000 | 11.345463 
1.080000 -0.760000 | 12.353028 
1.120000 -0.760000 | 13.914409 
1.160000 -0.760000 | 15.937027 
1.200000 -0.760000 | 18.299525 
1.240000 -0.760000 | 20.859390 
1.280000 -0.760000 | 23.461908 
1.320000 -0.760000 | 25.949888 
1.360000 -0.760000 | 28.173535 
1.400000 -0.760000 | 29.999865 
1.440000 -0.760000 | 31.321060 
1.480000 -0.760000 | 32.061242 
1.520000 -0.760000 | 32.181242 
1.560000 -0.760000 | 31.681060 
1.600000 -0.760000 | 30.599865 
1.640000 -0.760000 | 29.013535 
1.680000 -0.760000 | 27.029888 
1.720000 -0.760000 | 24.781908 
1.760000 -0.760000 | 22.419390 
-2.200000 -0.720000 | 24.142043 
-2.160000 -0.720000 | 21.699545 
-2.120000 -0.720000 | 19.596927 
-2.080000 -0.720000 | 17.955546 
-2.040000 -0.720000 | 16.867982 
-2.000000 -0.720000 | 16.392213 
-1.960000 -0.720000 | 16.547982 
-1.920000 -0.720000 | 17.315546 
-1.880000 -0.720000 | 18.636927 
-1.840000 -0.720000 | 20.419545 
-1.800000 -0.720000 | 22.542043 
-1.760000 -0.720000 | 24.861908 
-1.720000 -0.720000 | 27.224426 
-1.680000 -0.720000 | 29.472406 
-1.640000 -0.720000 | 31.456053 
-1.600000 -0.720000 | 33.042383 
-1.560000 -0.720000 | 34.123578 
-1.520000 -0.720000 | 34.623760 
-1.480000 -0.720000 | 34.503760 
-1.440000 -0.720000 | 33.763578 
-1.400000 -0.720000 | 32.442383 
-1.360000 -0.720000 | 30.616053 
-1.320000 -0.720000 | 28.392406 
-1.280000 -0.720000 | 25.904426 
-1.240000 -0.720000 | 23.301908 
-1.200000 -0.720000 | 20.742043 
-1.160000 -0.720000 | 18.379545 
-1.120000 -0.720000 | 16.356927 
-1.080000 -0.720000 | 14.795546 
-1.040000 -0.720000 | 13.787982 
-1.000000 -0.720000 | 13.392213 
-0.960000 -0.720000 | 13.627982 
-0.920000 -0.720000 | 14.475546 
-0.880000 -0.720000 | 15.876927 
-0.840000 -0.720000 | 17.739545 
-0.800000 -0.720000 | 19.942043 
-0.760000 -0.720000 | 22.341908 
-0.720000 -0.720000 | 24.784426 
-0.680000 -0.720000 | 27.112406 
-0.640000 -0.720000 | 29.176053 
-0.600000 -0.720000 | 30.842383 
-0.560000 -0.720000 | 32.003578 
-0.520000 -0.720000 | 32.583760 
-0.480000 -0.720000 | 32.543760 
-0.440000 -0.720000 | 31.883578 
-0.400000 -0.720000 | 30.642383 
-0.360000 -0.720000 | 28.896053 
-0.320000 -0.720000 | 26.752406 
-0.280000 -0.720000 | 24.344426 
-0.240000 -0.720000 | 21.821908 
-0.200000 -0.720000 | 19.342043 
-0.160000 -0.720000 | 17.059545 
-0.120000 -0.720000 | 15.116927 
-0.080000 -0.720000 | 13.635546 
-0.040000 -0.720000 | 12.707982 
0.000000 -0.720000 | 12.392213 
0.040000 -0.720000 | 12.707982 
0.080000 -0.720000 | 13.635546 
0.120000 -0.720000 | 15.116927 
0.160000 -0.720000 | 17.059545 
0.200000 -0.720000 | 19.342043 
0.240000 -0.720000 | 21.821908 
0.280000 -0.720000 | 24.344426 
0.320000 -0.720000 | 26.752406 
0.360000 -0.720000 | 28.896053 
0.400000 -0.720000 | 30.642383 
0.440000 -0.720000 | 31.883578 
0.480000 -0.720000 | 32.543760 
0.520000 -0.720000 | 32.583760 
0.560000 -0.720000 | 32.003578 
0.600000 -0.720000 | 30.842383 
0.640000 -0.720000 | 29.176053 
0.680000 -0.720000 | 27.112406 
0.720000 -0.720000 | 24.784426 
0.760000 -0.720000 | 22.341908 
0.800000 -0.720000 | 19.942043 
0.840000 -0.720000 | 17.739545 
0.880000 -0.720000 | 15.876927 
0.920000 -0.720000 | 14.475546 
0.960000 -0.720000 | 13.627982 
1.000000 -0.720000 | 13.392213 
1.040000 -0.720000 | 13.787982 
1.080000 -0.720000 | 14.795546 
1.120000 -0.720000 | 16.356927 
1.160000 -0.720000 | 18.379545 
1.200000 -0.720000 | 20.742043 
1.240000 -0.720000 | 23.301908 
1.280000 -0.720000 | 25.904426 
1.320000 -0.720000 | 28.392406 
1.360000 -0.720000 | 30.616053 
1.400000 -0.720000 | 32.442383 
1.440000 -0.720000 | 33.763578 
1.480000 -0.720000 | 34.503760 
1.520000 -0.720000 | 34.623760 
1.560000 -0.720000 | 34.123578 
1.600000 -0.720000 | 33.042383 
1.640000 -0.720000 | 31.456053 
1.680000 -0.720000 | 29.472406 
1.720000 -0.720000 | 27.224426 
1.760000 -0.720000 | 24.861908 
-2.200000 -0.680000 | 26.470023 
-2.160000 -0.680000 | 24.027525 
-2.120000 -0.680000 | 21.924907 
-2.080000 -0.680000 | 20.283526 
-2.040000 -0.680000 | 19.195961 
-2.000000 -0.680000 | 18.720193 
-1.960000 -0.680000 | 18.875961 
-1.920000 -0.680000 | 19.643526 
-1.880000 -0.680000 | 20.964907 
-1.840000 -0.680000 | 22.747525 
-1.800000 -0.680000 | 24.870023 
-1.760000 -0.680000 | 27.189888 
-1.720000 -0.680000 | 29.552406 
-1.680000 -0.680000 | 31.800386 
-1.640000 -0.680000 | 33.784033 
-1.600000 -0.680000 | 35.370363 
-1.560000 -0.680000 | 36.451558 
-1.520000 -0.680000 | 36.951740 
-1.480000 -0.680000 | 36.831740 
-1.440000 -0.680000 | 36.091558 
-1.400000 -0.680000 | 34.770363 
-1.360000 -0.680000 | 32.944033 
-1.320000 -0.680000 | 30.720386 
-1.280000 -0.680000 | 28.232406 
-1.240000 -0.680000 | 25.629888 
-1.200000 -0.680000 | 23.070023 
-1.160000 -0.680000 | 20.707525 
-1.120000 -0.680000 | 18.684907 
-1.080000 -0.680000 | 17.123526 
-1.040000 -0.680000 | 16.115961 
-1.000000 -0.680000 | 15.720193 
-0.960000 -0.680000 | 15.955961 
-0.920000 -0.680000 | 16.803526 
-0.880000 -0.680000 | 18.204907 
-0.840000 -0.680000 | 20.067525 
-0.800000 -0.680000 | 22.270023 
-0.760000 -0.680000 | 24.669888 
-0.720000 -0.680000 | 27.112406 
-0.680000 -0.680000 | 29.440386 
-0.640000 -0.680000 | 31.504033 
-0.600000 -0.680000 | 33.170363 
-0.560000 -0.680000 | 34.331558 
-0.520000 -0.680000 | 34.911740 
-0.480000 -0.680000 | 34.871740 
-0.440000 -0.680000 | 34.211558 
-0.400000 -0.680000 | 32.970363 
-0.360000 -0.680000 | 31.224033 
-0.320000 -0.680000 | 29.080386 
-0.280000 -0.680000 | 26.672406 
-0.240000 -0.680000 | 24.149888 
-0.200000 -0.680000 | 21.670023 
-0.160000 -0.680000 | 19.387525 
-0.120000 -0.680000 | 17.444907 
-0.080000 -0.680000 | 15.963526 
-0.040000 -0.680000 | 15.035961 
0.000000 -0.680000 | 14.720193 
0.040000 -0.680000 | 15.035961 
0.080000 -0.680000 | 15.963526 
0.120000 -0.680000 | 17.444907 
0.160000 -0.680000 | 19.387525 
0.200000 -0.680000 | 21.670023 
0.240000 -0.680000 | 24.149888 
0.280000 -0.680000 | 26.672406 
0.320000 -0.680000 | 29.080386 
0.360000 -0.680000 | 31.224033 
0.400000 -0.680000 | 32.970363 
0.440000 -0.680000 | 34.211558 
0.480000 -0.680000 | 34.871740 
0.520000 -0.680000 | 34.911740 
0.560000 -0.680000 | 34.331558 
0.600000 -0.680000 | 33.170363 
0.640000 -0.680000 | 31.504033 
0.680000 -0.680000 | 29.440386 
0.720000 -0.680000 | 27.112406 
0.760000 -0.680000 | 24.669888 
0.800000 -0.680000 | 22.270023 
0.840000 -0.680000 | 20.067525 
0.880000 -0.680000 | 18.204907 
0.920000 -0.680000 | 16.803526 
0.960000 -0.680000 | 15.955961 
1.000000 -0.680000 | 15.720193 
1.040000 -0.680000 | 16.115961 
1.080000 -0.680000 | 17.123526 
1.120000 -0.680000 | 18.684907 
1.160000 -0.680000 | 20.707525 
1.200000 -0.680000 | 23.070023 
1.240000 -0.680000 | 25.629888 
1.280000 -0.680000 | 28.232406 
1.320000 -0.680000 | 30.720386 
1.360000 -0.680000 | 32.944033 
1.400000 -0.680000 | 34.770363 
1.440000 -0.680000 | 36.091558 
1.480000 -0.680000 | 36.831740 
1.520000 -0.680000 | 36.951740 
1.560000 -0.680000 | 36.451558 
1.600000 -0.680000 | 35.370363 
1.640000 -0.680000 | 33.784033 
1.680000 -0.680000 | 31.800386 
1.720000 -0.680000 | 29.552406 
1.760000 -0.680000 | 27.189888 
-2.200000 -0.640000 | 28.533670 
-2.160000 -0.640000 | 26.091172 
-2.120000 -0.640000 | 23.988554 
-2.080000 -0.640000 | 22.347173 
-2.040000 -0.640000 | 21.259608 
-2.000000 -0.640000 | 20.783840 
-1.960000 -0.640000 | 20.939608 
-1.920000 -0.640000 | 21.707173 
-1.880000 -0.640000 | 23.028554 
-1.840000 -0.640000 | 24.811172 
-1.800000 -0.640000 | 26.933670 
-1.760000 -0.640000 | 29.253535 
-1.720000 -0.640000 | 31.616053 
-1.680000 -0.640000 | 33.864033 
-1.640000 -0.640000 | 35.847680 
-1.600000 -0.640000 | 37.434010 
-1.560000 -0.640000 | 38.515205 
-1.520000 -0.640000 | 39.015387 
-1.480000 -0.640000 | 38.895387 
-1.440000 -0.640000 | 38.155205 
-1.400000 -0.640000 | 36.834010 
-1.360000 -0.640000 | 35.007680 
-1.320000 -0.640000 | 32.784033 
-1.280000 -0.640000 | 30.296053 
-1.240000 -0.640000 | 27.693535 
-1.200000 -0.640000 | 25.133670 
-1.160000 -0.640000 | 22.771172 
-1.120000 -0.640000 | 20.748554 
-1.080000 -0.640000 | 19.187173 
-1.040000 -0.640000 | 18.179608 
-1.000000 -0.640000 | 17.783840 
-0.960000 -0.640000 | 18.019608 
-0.920000 -0.640000 | 18.867173 
-0.880000 -0.640000 | 20.268554 
-0.840000 -0.640000 | 22.131172 
-0.800000 -0.640000 | 24.333670 
-0.760000 -0.640000 | 26.733535 
-0.720000 -0.640000 | 29.176053 
-0.680000 -0.640000 | 31.504033 
-0.640000 -0.640000 | 33.567680 
-0.600000 -0.640000 | 35.234010 
-0.560000 -0.640000 | 36.395205 
-0.520000 -0.640000 | 36.975387 
-0.480000 -0.640000 | 36.935387 
-0.440000 -0.640000 | 36.275205 
-0.400000 -0.640000 | 35.034010 
-0.360000 -0.640000 | 33.287680 
-0.320000 -0.640000 | 31.144033 
-0.280000 -0.640000 | 28.736053 
-0.240000 -0.640000 | 26.213535 
-0.200000 -0.640000 | 23.733670 
-0.160000 -0.640000 | 21.451172 
-0.120000 -0.640000 | 19.508554 
-0.080000 -0.640000 | 18.027173 
-0.040000 -0.640000 | 17.099608 
0.000000 -0.640000 | 16.783840 
0.040000 -0.640000 | 17.099608 
0.080000 -0.640000 | 18.027173 
0.120000 -0.640000 | 19.508554 
0.160000 -0.640000 | 21.451172 
0.200000 -0.640000 | 23.733670 
0.240000 -0.640000 | 26.213535 
0.280000 -0.640000 | 28.736053 
0.320000 -0.640000 | 31.144033 
0.360000 -0.640000 | 33.287680 
0.400000 -0.640000 | 35.034010 
0.440000 -0.640000 | 36.275205 
0.480000 -0.640000 | 36.935387 
0.520000 -0.640000 | 36.975387 
0.560000 -0.640000 | 36.395205 
0.600000 -0.640000 | 35.234010 
0.640000 -0.640000 | 33.567680 
0.680000 -0.640000 | 31.504033 
0.720000 -0.640000 | 29.176053 
0.760000 -0.640000 | 26.733535 
0.800000 -0.640000 | 24.333670 
0.840000 -0.640000 | 22.131172 
0.880000 -0.640000 | 20.268554 
0.920000 -0.640000 | 18.867173 
0.960000 -0.640000 | 18.019608 
1.000000 -0.640000 | 17.783840 
1.040000 -0.640000 | 18.179608 
1.080000 -0.640000 | 19.187173 
1.120000 -0.640000 | 20.748554 
1.160000 -0.640000 | 22.771172 
1.200000 -0.640000 | 25.133670 
1.240000 -0.640000 | 27.693535 
1.280000 -0.640000 | 30.296053 
1.320000 -0.640000 | 32.784033 
1.360000 -0.640000 | 35.007680 
1.400000 -0.640000 | 36.834010 
1.440000 -0.640000 | 38.155205 
1.480000 -0.640000 | 38.895387 
1.520000 -0.640000 | 39.015387 
1.560000 -0.640000 | 38.515205 
1.600000 -0.640000 | 37.434010 
1.640000 -0.640000 | 35.847680 
1.680000 -0.640000 | 33.864033 
1.720000 -0.640000 | 31.616053 
1.760000 -0.640000 | 29.253535 
-2.200000 -0.600000 | 30.200000 
-2.160000 -0.600000 | 27.757502 
-2.120000 -0.600000 | 25.654884 
-2.080000 -0.600000 | 24.013503 
-2.040000 -0.600000 | 22.925938 
-2.000000 -0.600000 | 22.450170 
-1.960000 -0.600000 | 22.605938 
-1.920000 -0.600000 | 23.373503 
-1.880000 -0.600000 | 24.694884 
-1.840000 -0.600000 | 26.477502 
-1.800000 -0.600000 | 28.600000 
-1.760000 -0.600000 | 30.919865 
-1.720000 -0.600000 | 33.282383 
-1.680000 -0.600000 | 35.530363 
-1.640000 -0.600000 | 37.514010 
-1.600000 -0.600000 | 39.100340 
-1.560000 -0.600000 | 40.181535 
-1.520000 -0.600000 | 40.681717 
-1.480000 -0.600000 | 40.561717 
-1.440000 -0.600000 | 39.821535 
-1.400000 -0.600000 | 38.500340 
-1.360000 -0.600000 | 36.674010 
-1.320000 -0.600000 | 34.450363 
-1.280000 -0.600000 | 31.962383 
-1.240000 -0.600000 | 29.359865 
-1.200000 -0.600000 | 26.800000 
-1.160000 -0.600000 | 24.437502 
-1.120000 -0.600000 | 22.414884 
-1.080000 -0.600000 | 20.853503 
-1.040000 -0.600000 | 19.845938 
-1.000000 -0.600000 | 19.450170 
-0.960000 -0.600000 | 19.685938 
-0.920000 -0.600000 | 20.533503 
-0.880000 -0.600000 | 21.934884 
-0.840000 -0.600000 | 23.797502 
-0.800000 -0.600000 | 26.000000 
-0.760000 -0.600000 | 28.399865 
-0.720000 -0.600000 | 30.842383 
-0.680000 -0.600000 | 33.170363 
-0.640000 -0.600000 | 35.234010 
-0.600000 -0.600000 | 36.900340 
-0.560000 -0.600000 | 38.061535 
-0.520000 -0.600000 | 38.641717 
-0.480000 -0.600000 | 38.601717 
-0.440000 -0.600000 | 37.941535 
-0.400000 -0.600000 | 36.700340 
-0.360000 -0.600000 | 34.954010 
-0.320000 -0.600000 | 32.810363 
-0.280000 -0.600000 | 30.402383 
-0.240000 -0.600000 | 27.879865 
-0.200000 -0.600000 | 25.400000 
-0.160000 -0.600000 | 23.117502 
-0.120000 -0.600000 | 21.174884 
-0.080000 -0.600000 | 19.693503 
-0.040000 -0.600000 | 18.765938 
0.000000 -0.600000 | 18.450170 
0.040000 -0.600000 | 18.765938 
0.080000 -0.600000 | 19.693503 
0.120000 -0.600000 | 21.174884 
0.160000 -0.600000 | 23.117502 
0.200000 -0.600000 | 25.400000 
0.240000 -0.600000 | 27.879865 
0.280000 -0.600000 | 30.402383 
0.320000 -0.600000 | 32.810363 
0.360000 -0.600000 | 34.954010 
0.400000 -0.600000 | 36.700340 
0.440000 -0.600000 | 37.941535 
0.480000 -0.600000 | 38.601717 
0.520000 -0.600000 | 38.641717 
0.560000 -0.600000 | 38.061535 
0.600000 -0.600000 | 36.900340 
0.640000 -0.600000 | 35.234010 
0.680000 -0.600000 | 33.170363 
0.720000 -0.600000 | 30.842383 
0.760000 -0.600000 | 28.399865 
0.800000 -0.600000 | 26.000000 
0.840000 -0.600000 | 23.797502 
0.880000 -0.600000 | 21.934884 
0.920000 -0.600000 | 20.533503 
0.960000 -0.600000 | 19.685938 
1.000000 -0.600000 | 19.450170 
1.040000 -0.600000 | 19.845938 
1.080000 -0.600000 | 20.853503 
1.120000 -0.600000 | 22.414884 
1.160000 -0.600000 | 24.437502 
1.200000 -0.600000 | 26.800000 
1.240000 -0.600000 | 29.359865 
1.280000 -0.600000 | 31.962383 
1.320000 -0.600000 | 34.450363 
1.360000 -0.600000 | 36.674010 
1.400000 -0.600000 | 38.500340 
1.440000 -0.600000 | 39.821535 
1.480000 -0.600000 | 40.561717 
1.520000 -0.600000 | 40.681717 
1.560000 -0.600000 | 40.181535 
1.600000 -0.600000 | 39.100340 
1.640000 -0.600000 | 37.514010 
1.680000 -0.600000 | 35.530363 
1.720000 -0.600000 | 33.282383 
1.760000 -0.600000 | 30.919865 
-2.200000 -0.560000 | 31.361195 
-2.160000 -0.560000 | 28.918697 
-2.120000 -0.560000 | 26.816079 
-2.080000 -0.560000 | 25.174698 
-2.040000 -0.560000 | 24.087133 
-2.000000 -0.560000 | 23.611365 
-1.960000 -0.560000 | 23.767133 
-1.920000 -0.560000 | 24.534698 
-1.880000 -0.560000 | 25.856079 
-1.840000 -0.560000 | 27.638697 
-1.800000 -0.560000 | 29.761195 
-1.760000 -0.560000 | 32.081060 
-1.720000 -0.560000 | 34.443578 
-1.680000 -0.560000 | 36.691558 
-1.640000 -0.560000 | 38.675205 
-1.600000 -0.560000 | 40.261535 
-1.560000 -0.560000 | 41.342730 
-1.520000 -0.560000 | 41.842912 
-1.480000 -0.560000 | 41.722912 
-1.440000 -0.560000 | 40.982730 
-1.400000 -0.560000 | 39.661535 
-1.360000 -0.560000 | 37.835205 
-1.320000 -0.560000 | 35.611558 
-1.280000 -0.560000 | 33.123578 
-1.240000 -0.560000 | 30.521060 
-1.200000 -0.560000 | 27.961195 
-1.160000 -0.560000 | 25.598697 
-1.120000 -0.560000 | 23.576079 
-1.080000 -0.560000 | 22.014698 
-1.040000 -0.560000 | 21.007133 
-1.000000 -0.560000 | 20.611365 
-0.960000 -0.560000 | 20.847133 
-0.920000 -0.560000 | 21.694698 
-0.880000 -0.560000 | 23.096079 
-0.840000 -0.560000 | 24.958697 
-0.800000 -0.560000 | 27.161195 
-0.760000 -0.560000 | 29.561060 
-0.720000 -0.560000 | 32.003578 
-0.680000 -0.560000 | 34.331558 
-0.640000 -0.560000 | 36.395205 
-0.600000 -0.560000 | 38.061535 
-0.560000 -0.560000 | 39.222730 
-0.520000 -0.560000 | 39.802912 
-0.480000 -0.560000 | 39.762912 
-0.440000 -0.560000 | 39.102730 
-0.400000 -0.560000 | 37.861535 
-0.360000 -0.560000 | 36.115205 
-0.320000 -0.560000 | 33.971558 
-0.280000 -0.560000 | 31.563578 
-0.240000 -0.560000 | 29.041060 
-0.200000 -0.560000 | 26.561195 
-0.160000 -0.560000 | 24.278697 
-0.120000 -0.560000 | 22.336079 
-0.080000 -0.560000 | 20.854698 
-0.040000 -0.560000 | 19.927133 
0.000000 -0.560000 | 19.611365 
0.040000 -0.560000 | 19.927133 
0.080000 -0.560000 | 20.854698 
0.120000 -0.560000 | 22.336079 
0.160000 -0.560000 | 24.278697 
0.200000 -0.560000 | 26.561195 
0.240000 -0.560000 | 29.041060 
0.280000 -0.560000 | 31.563578 
0.320000 -0.560000 | 33.971558 
0.360000 -0.560000 | 36.115205 
0.400000 -0.560000 | 37.861535 
0.440000 -0.560000 | 39.102730 
0.480000 -0.560000 | 39.762912 
0.520000 -0.560000 | 39.802912 
0.560000 -0.560000 | 39.222730 
0.600000 -0.560000 | 38.061535 
0.640000 -0.560000 | 36.395205 
0.680000 -0.560000 | 34.331558 
0.720000 -0.560000 | 32.003578 
0.760000 -0.560000 | 29.561060 
0.800000 -0.560000 | 27.161195 
0.840000 -0.560000 | 24.958697 
0.880000 -0.560000 | 23.096079 
0.920000 -0.560000 | 21.694698 
0.960000 -0.560000 | 20.847133 
1.000000 -0.560000 | 20.611365 
1.040000 -0.560000 | 21.007133 
1.080000 -0.560000 | 22.014698 
1.120000 -0.560000 | 23.576079 
1.160000 -0.560000 | 25.598697 
1.200000 -0.560000 | 27.961195 
1.240000 -0.560000 | 30.521060 
1.280000 -0.560000 | 33.123578 
1.320000 -0.560000 | 35.611558 
1.360000 -0.560000 | 37.835205 
1.400000 -0.560000 | 39.661535 
1.440000 -0.560000 | 40.982730 
1.480000 -0.560000 | 41.722912 
1.520000 -0.560000 | 41.842912 
1.560000 -0.560000 | 41.342730 
1.600000 -0.560000 | 40.261535 
1.640000 -0.560000 | 38.675205 
1.680000 -0.560000 | 36.691558 
1.720000 -0.560000 | 34.443578 
1.760000 -0.560000 | 32.081060 
-2.200000 -0.520000 | 31.941377 
-2.160000 -0.520000 | 29.498879 
-2.120000 -0.520000 | 27.396261 
-2.080000 -0.520000 | 25.754880 
-2.040000 -0.520000 | 24.667315 
-2.000000 -0.520000 | 24.191547 
-1.960000 -0.520000 | 24.347315 
-1.920000 -0.520000 | 25.114880 
-1.880000 -0.520000 | 26.436261 
-1.840000 -0.520000 | 28.218879 
-1.800000 -0.520000 | 30.341377 
-1.760000 -0.520000 | 32.661242 
-1.720000 -0.520000 | 35.023760 
-1.680000 -0.520000 | 37.271740 
-1.640000 -0.520000 | 39.255387 
-1.600000 -0.520000 | 40.841717 
-1.560000 -0.520000 | 41.922912 
-1.520000 -0.520000 | 42.423094 
-1.480000 -0.520000 | 42.303094 
-1.440000 -0.520000 | 41.562912 
-1.400000 -0.520000 | 40.241717 
-1.360000 -0.520000 | 38.415387 
-1.320000 -0.520000 | 36.191740 
-1.280000 -0.520000 | 33.703760 
-1.240000 -0.520000 | 31.101242 
-1.200000 -0.520000 | 28.541377 
-1.160000 -0.520000 | 26.178879 
-1.120000 -0.520000 | 24.156261 
-1.080000 -0.520000 | 22.594880 
-1.040000 -0.520000 | 21.587315 
-1.000000 -0.520000 | 21.191547 
-0.960000 -0.520000 | 21.427315 
-0.920000 -0.520000 | 22.274880 
-0.880000 -0.520000 | 23.676261 
-0.840000 -0.520000 | 25.538879 
-0.800000 -0.520000 | 27.741377 
-0.760000 -0.520000 | 30.141242 
-0.720000 -0.520000 | 32.583760 
-0.680000 -0.520000 | 34.911740 
-0.640000 -0.520000 | 36.975387 
-0.600000 -0.520000 | 38.641717 
-0.560000 -0.520000 | 39.802912 
-0.520000 -0.520000 | 40.383094 
-0.480000 -0.520000 | 40.343094 
-0.440000 -0.520000 | 39.682912 
-0.400000 -0.520000 | 38.441717 
-0.360000 -0.520000 | 36.695387 
-0.320000 -0.520000 | 34.551740 
-0.280000 -0.520000 | 32.143760 
-0.240000 -0.520000 | 29.621242 
-0.200000 -0.520000 | 27.141377 
-0.160000 -0.520000 | 24.858879 
-0.120000 -0.520000 | 22.916261 
-0.080000 -0.520000 | 21.434880 
-0.040000 -0.520000 | 20.507315 
0.000000 -0.520000 | 20.191547 
0.040000 -0.520000 | 20.507315 
0.080000 -0.520000 | 21.434880 
0.120000 -0.520000 | 22.916261 
0.160000 -0.520000 | 24.858879 
0.200000 -0.520000 | 27.141377 
0.240000 -0.520000 | 29.621242 
0.280000 -0.520000 | 32.143760 
0.320000 -0.520000 | 34.551740 
0.360000 -0.520000 | 36.695387 
0.400000 -0.520000 | 38.441717 
0.440000 -0.520000 | 39.682912 
0.480000 -0.520000 | 40.343094 
0.520000 -0.520000 | 40.383094 
0.560000 -0.520000 | 39.802912 
0.600000 -0.520000 | 38.641717 
0.640000 -0.520000 | 36.975387 
0.680000 -0.520000 | 34.911740 
0.720000 -0.520000 | 32.583760 
0.760000 -0.520000 | 30.141242 
0.800000 -0.520000 | 27.741377 
0.840000 -0.520000 | 25.538879 
0.880000 -0.520000 | 23.676261 
0.920000 -0.520000 | 22.274880 
0.960000 -0.520000 | 21.427315 
1.000000 -0.520000 | 21.191547 
1.040000 -0.520000 | 21.587315 
1.080000 -0.520000 | 22.594880 
1.120000 -0.520000 | 24.156261 
1.160000 -0.520000 | 26.178879 
1.200000 -0.520000 | 28.541377 
1.240000 -0.520000 | 31.101242 
1.280000 -0.520000 | 33.703760 
1.320000 -0.520000 | 36.191740 
1.360000 -0.520000 | 38.415387 
1.400000 -0.520000 | 40.241717 
1.440000 -0.520000 | 41.562912 
1.480000 -0.520000 | 42.303094 
1.520000 -0.520000 | 42.423094 
1.560000 -0.520000 | 41.922912 
1.600000 -0.520000 | 40.841717 
1.640000 -0.520000 | 39.255387 
1.680000 -0.520000 | 37.271740 
1.720000 -0.520000 | 35.023760 
1.760000 -0.520000 | 32.661242 
-2.200000 -0.480000 | 31.901377 
-2.160000 -0.480000 | 29.458879 
-2.120000 -0.480000 | 27.356261 
-2.080000 -0.480000 | 25.714880 
-2.040000 -0.480000 | 24.627315 
-2.000000 -0.480000 | 24.151547 
-1.960000 -0.480000 | 24.307315 
-1.920000 -0.480000 | 25.074880 
-1.880000 -0.480000 | 26.396261 
-1.840000 -0.480000 | 28.178879 
-1.800000 -0.480000 | 30.301377 
-1.760000 -0.480000 | 32.621242 
-1.720000 -0.480000 | 34.983760 
-1.680000 -0.480000 | 37.231740 
-1.640000 -0.480000 | 39.215387 
-1.600000 -0.480000 | 40.801717 
-1.560000 -0.480000 | 41.882912 
-1.520000 -0.480000 | 42.383094 
-1.480000 -0.480000 | 42.263094 
-1.440000 -0.480000 | 41.522912 
-1.400000 -0.480000 | 40.201717 
-1.360000 -0.480000 | 38.375387 
-1.320000 -0.480000 | 36.151740 
-1.280000 -0.480000 | 33.663760 
-1.240000 -0.480000 | 31.061242 
-1.200000 -0.480000 | 28.501377 
-1.160000 -0.480000 | 26.138879 
-1.120000 -0.480000 | 24.116261 
-1.080000 -0.480000 | 22.554880 
-1.040000 -0.480000 | 21.547315 
-1.000000 -0.480000 | 21.151547 
-0.960000 -0.480000 | 21.387315 
-0.920000 -0.480000 | 22.234880 
-0.880000 -0.480000 | 23.636261 
-0.840000 -0.480000 | 25.498879 
-0.800000 -0.480000 | 27.701377 
-0.760000 -0.480000 | 30.101242 
-0.720000 -0.480000 | 32.543760 
-0.680000 -0.480000 | 34.871740 
-0.640000 -0.480000 | 36.935387 
-0.600000 -0.480000 | 38.601717 
-0.560000 -0.480000 | 39.762912 
-0.520000 -0.480000 | 40.343094 
-0.480000 -0.480000 | 40.303094 
-0.440000 -0.480000 | 39.642912 
-0.400000 -0.480000 | 38.401717 
-0.360000 -0.480000 | 36.655387 
-0.320000 -0.480000 | 34.511740 
-0.280000 -0.480000 | 32.103760 
-0.240000 -0.480000 | 29.581242 
-0.200000 -0.480000 | 27.101377 
-0.160000 -0.480000 | 24.818879 
-0.120000 -0.480000 | 22.876261 
-0.080000 -0.480000 | 21.394880 
-0.040000 -0.480000 | 20.467315 
0.000000 -0.480000 | 20.151547 
0.040000 -0.480000 | 20.467315 
0.080000 -0.480000 | 21.394880 
0.120000 -0.480000 | 22.876261 
0.160000 -0.480000 | 24.818879 
0.200000 -0.480000 | 27.101377 
0.240000 -0.480000 | 29.581242 
0.280000 -0.480000 | 32.103760 
0.320000 -0.480000 | 34.511740 
0.360000 -0.480000 | 36.655387 
0.400000 -0.480000 | 38.401717 
0.440000 -0.480000 | 39.642912 
0.480000 -0.480000 | 40.303094 
0.520000 -0.480000 | 40.343094 
0.560000 -0.480000 | 39.762912 
0.600000 -0.480000 | 38.601717 
0.640000 -0.480000 | 36.935387 
0.680000 -0.480000 | 34.871740 
0.720000 -0.480000 | 32.543760 
0.760000 -0.480000 | 30.101242 
0.800000 -0.480000 | 27.701377 
0.840000 -0.480000 | 25.498879 
0.880000 -0.480000 | 23.636261 
0.920000 -0.480000 | 22.234880 
0.960000 -0.480000 | 21.387315 
1.000000 -0.480000 | 21.151547 
1.040000 -0.480000 | 21.547315 
1.080000 -0.480000 | 22.554880 
1.120000 -0.480000 | 24.116261 
1.160000 -0.480000 | 26.138879 
1.200000 -0.480000 | 28.501377 
1.240000 -0.480000 | 31.061242 
1.280000 -0.480000 | 33.663760 
1.320000 -0.480000 | 36.151740 
1.360000 -0.480000 | 38.375387 
1.400000 -0.480000 | 40.201717 
1.440000 -0.480000 | 41.522912 
1.480000 -0.480000 | 42.263094 
1.520000 -0.480000 | 42.383094 
1.560000 -0.480000 | 41.882912 
1.600000 -0.480000 | 40.801717 
1.640000 -0.480000 | 39.215387 
1.680000 -0.480000 | 37.231740 
1.720000 -0.480000 | 34.983760 
1.760000 -0.480000 | 32.621242 
-2.200000 -0.440000 | 31.241195 
-2.160000 -0.440000 | 28.798697 
-2.120000 -0.440000 | 26.696079 
-2.080000 -0.440000 | 25.054698 
-2.040000 -0.440000 | 23.967133 
-2.000000 -0.440000 | 23.491365 
-1.960000 -0.440000 | 23.647133 
-1.920000 -0.440000 | 24.414698 
-1.880000 -0.440000 | 25.736079 
-1.840000 -0.440000 | 27.518697 
-1.800000 -0.440000 | 29.641195 
-1.760000 -0.440000 | 31.961060 
-1.720000 -0.440000 | 34.323578 
-1.680000 -0.440000 | 36.571558 
-1.640000 -0.440000 | 38.555205 
-1.600000 -0.440000 | 40.141535 
-1.560000 -0.440000 | 41.222730 
-1.520000 -0.440000 | 41.722912 
-1.480000 -0.440000 | 41.602912 
-1.440000 -0.440000 | 40.862730 
-1.400000 -0.440000 | 39.541535 
-1.360000 -0.440000 | 37.715205 
-1.320000 -0.440000 | 35.491558 
-1.280000 -0.440000 | 33.003578 
-1.240000 -0.440000 | 30.401060 
-1.200000 -0.440000 | 27.841195 
-1.160000 -0.440000 | 25.478697 
-1.120000 -0.440000 | 23.456079 
-1.080000 -0.440000 | 21.894698 
-1.040000 -0.440000 | 20.887133 
-1.000000 -0.440000 | 20.491365 
-0.960000 -0.440000 | 20.727133 
-0.920000 -0.440000 | 21.574698 
-0.880000 -0.440000 | 22.976079 
-0.840000 -0.440000 | 24.838697 
-0.800000 -0.440000 | 27.041195 
-0.760000 -0.440000 | 29.441060 
-0.720000 -0.440000 | 31.883578 
-0.680000 -0.440000 | 34.211558 
-0.640000 -0.440000 | 36.275205 
-0.600000 -0.440000 | 37.941535 
-0.560000 -0.440000 | 39.102730 
-0.520000 -0.440000 | 39.682912 
-0.480000 -0.440000 | 39.642912 
-0.440000 -0.440000 | 38.982730 
-0.400000 -0.440000 | 37.741535 
-0.360000 -0.440000 | 35.995205 
-0.320000 -0.440000 | 33.851558 
-0.280000 -0.440000 | 31.443578 
-0.240000 -0.440000 | 28.921060 
-0.200000 -0.440000 | 26.441195 
-0.160000 -0.440000 | 24.158697 
-0.120000 -0.440000 | 22.216079 
-0.080000 -0.440000 | 20.734698 
-0.040000 -0.440000 | 19.807133 
0.000000 -0.440000 | 19.491365 
0.040000 -0.440000 | 19.807133 
0.080000 -0.440000 | 20.734698 
0.120000 -0.440000 | 22.216079 
0.160000 -0.440000 | 24.158697 
0.200000 -0.440000 | 26.441195 
0.240000 -0.440000 | 28.921060 
0.280000 -0.440000 | 31.443578 
0.320000 -0.440000 | 33.851558 
0.360000 -0.440000 | 35.995205 
0.400000 -0.440000 | 37.741535 
0.440000 -0.440000 | 38.982730 
0.480000 -0.440000 | 39.642912 
0.520000 -0.440000 | 39.682912 
0.560000 -0.440000 | 39.102730 
0.600000 -0.440000 | 37.941535 
0.640000 -0.440000 | 36.275205 
0.680000 -0.440000 | 34.211558 
0.720000 -0.440000 | 31.883578 
0.760000 -0.440000 | 29.441060 
0.800000 -0.440000 | 27.041195 
0.840000 -0.440000 | 24.838697 
0.880000 -0.440000 | 22.976079 
0.920000 -0.440000 | 21.574698 
0.960000 -0.440000 | 20.727133 
1.000000 -0.440000 | 20.491365 
1.040000 -0.440000 | 20.887133 
1.080000 -0.440000 | 21.894698 
1.120000 -0.440000 | 23.456079 
1.160000 -0.440000 | 25.478697 
1.200000 -0.440000 | 27.841195 
1.240000 -0.440000 | 30.401060 
1.280000 -0.440000 | 33.003578 
1.320000 -0.440000 | 35.491558 
1.360000 -0.440000 | 37.715205 
1.400000 -0.440000 | 39.541535 
1.440000 -0.440000 | 40.862730 
1.480000 -0.440000 | 41.602912 
1.520000 -0.440000 | 41.722912 
1.560000 -0.440000 | 41.222730 
1.600000 -0.440000 | 40.141535 
1.640000 -0.440000 | 38.555205 
1.680000 -0.440000 | 36.571558 
1.720000 -0.440000 | 34.323578 
1.760000 -0.440000 | 31.961060 
-2.200000 -0.400000 | 30.000000 
-2.160000 -0.400000 | 27.557502 
-2.120000 -0.400000 | 25.454884 
-2.080000 -0.400000 | 23.813503 
-2.040000 -0.400000 | 22.725938 
-2.000000 -0.400000 | 22.250170 
-1.960000 -0.400000 | 22.405938 
-1.920000 -0.400000 | 23.173503 
-1.880000 -0.400000 | 24.494884 
-1.840000 -0.400000 | 26.277502 
-1.800000 -0.400000 | 28.400000 
-1.760000 -0.400000 | 30.719865 
-1.720000 -0.400000 | 33.082383 
-1.680000 -0.400000 | 35.330363 
-1.640000 -0.400000 | 37.314010 
-1.600000 -0.400000 | 38.900340 
-1.560000 -0.400000 | 39.981535 
-1.520000 -0.400000 | 40.481717 
-1.480000 -0.400000 | 40.361717 
-1.440000 -0.400000 | 39.621535 
-1.400000 -0.400000 | 38.300340 
-1.360000 -0.400000 | 36.474010 
-1.320000 -0.400000 | 34.250363 
-1.280000 -0.400000 | 31.762383 
-1.240000 -0.400000 | 29.159865 
-1.200000 -0.400000 | 26.600000 
-1.160000 -0.400000 | 24.237502 
-1.120000 -0.400000 | 22.214884 
-1.080000 -0.400000 | 20.653503 
-1.040000 -0.400000 | 19.645938 
-1.000000 -0.400000 | 19.250170 
-0.960000 -0.400000 | 19.485938 
-0.920000 -0.400000 | 20.333503 
-0.880000 -0.400000 | 21.734884 
-0.840000 -0.400000 | 23.597502 
-0.800000 -0.400000 | 25.800000 
-0.760000 -0.400000 | 28.199865 
-0.720000 -0.400000 | 30.642383 
-0.680000 -0.400000 | 32.970363 
-0.640000 -0.400000 | 35.034010 
-0.600000 -0.400000 | 36.700340 
-0.560000 -0.400000 | 37.861535 
-0.520000 -0.400000 | 38.441717 
-0.480000 -0.400000 | 38.401717 
-0.440000 -0.400000 | 37.741535 
-0.400000 -0.400000 | 36.500340 
-0.360000 -0.400000 | 34.754010 
-0.320000 -0.400000 | 32.610363 
-0.280000 -0.400000 | 30.202383 
-0.240000 -0.400000 | 27.679865 
-0.200000 -0.400000 | 25.200000 
-0.160000 -0.400000 | 22.917502 
-0.120000 -0.400000 | 20.974884 
-0.080000 -0.400000 | 19.493503 
-0.040000 -0.400000 | 18.565938 
0.000000 -0.400000 | 18.250170 
0.040000 -0.400000 | 18.565938 
0.080000 -0.400000 | 19.493503 
0.120000 -0.400000 | 20.974884 
0.160000 -0.400000 | 22.917502 
0.200000 -0.400000 | 25.200000 
0.240000 -0.400000 | 27.679865 
0.280000 -0.400000 | 30.202383 
0.320000 -0.400000 | 32.610363 
0.360000 -0.400000 | 34.754010 
0.400000 -0.400000 | 36.500340 
0.440000 -0.400000 | 37.741535 
0.480000 -0.400000 | 38.401717 
0.520000 -0.400000 | 38.441717 
0.560000 -0.400000 | 37.861535 
0.600000 -0.400000 | 36.700340 
0.640000 -0.400000 | 35.034010 
0.680000 -0.400000 | 32.970363 
0.720000 -0.400000 | 30.642383 
0.760000 -0.400000 | 28.199865 
0.800000 -0.400000 | 25.800000 
0.840000 -0.400000 | 23.597502 
0.880000 -0.400000 | 21.734884 
0.920000 -0.400000 | 20.333503 
0.960000 -0.400000 | 19.485938 
1.000000 -0.400000 | 19.250170 
1.040000 -0.400000 | 19.645938 
1.080000 -0.400000 | 20.653503 
1.120000 -0.400000 | 22.214884 
1.160000 -0.400000 | 24.237502 
1.200000 -0.400000 | 26.600000 
1.240000 -0.400000 | 29.159865 
1.280000 -0.400000 | 31.762383 
1.320000 -0.400000 | 34.250363 
1.360000 -0.400000 | 36.474010 
1.400000 -0.400000 | 38.300340 
1.440000 -0.400000 | 39.621535 
1.480000 -0.400000 | 40.361717 
1.520000 -0.400000 | 40.481717 
1.560000 -0.400000 | 39.981535 
1.600000 -0.400000 | 38.900340 
1.640000 -0.400000 | 37.314010 
1.680000 -0.400000 | 35.330363 
1.720000 -0.400000 | 33.082383 
1.760000 -0.400000 | 30.719865 
-2.200000 -0.360000 | 28.253670 
-2.160000 -0.360000 | 25.811172 
-2.120000 -0.360000 | 23.708554 
-2.080000 -0.360000 | 22.067173 
-2.040000 -0.360000 | 20.979608 
-2.000000 -0.360000 | 20.503840 
-1.960000 -0.360000 | 20.659608 
-1.920000 -0.360000 | 21.427173 
-1.880000 -0.360000 | 22.748554 
-1.840000 -0.360000 | 24.531172 
-1.800000 -0.360000 | 26.653670 
-1.760000 -0.360000 | 28.973535 
-1.720000 -0.360000 | 31.336053 
-1.680000 -0.360000 | 33.584033 
-1.640000 -0.360000 | 35.567680 
-1.600000 -0.360000 | 37.154010 
-1.560000 -0.360000 | 38.235205 
-1.520000 -0.360000 | 38.735387 
-1.480000 -0.360000 | 38.615387 
-1.440000 -0.360000 | 37.875205 
-1.400000 -0.360000 | 36.554010 
-1.360000 -0.360000 | 34.727680 
-1.320000 -0.360000 | 32.504033 
-1.280000 -0.360000 | 30.016053 
-1.240000 -0.360000 | 27.413535 
-1.200000 -0.360000 | 24.853670 
-1.160000 -0.360000 | 22.491172 
-1.120000 -0.360000 | 20.468554 
-1.080000 -0.360000 | 18.907173 
-1.040000 -0.360000 | 17.899608 
-1.000000 -0.360000 | 17.503840 
-0.960000 -0.360000 | 17.739608 
-0.920000 -0.360000 | 18.587173 
-0.880000 -0.360000 | 19.988554 
-0.840000 -0.360000 | 21.851172 
-0.800000 -0.360000 | 24.053670 
-0.760000 -0.360000 | 26.453535 
-0.720000 -0.360000 | 28.896053 
-0.680000 -0.360000 | 31.224033 
-0.640000 -0.360000 | 33.287680 
-0.600000 -0.360000 | 34.954010 
-0.560000 -0.360000 | 36.115205 
-0.520000 -0.360000 | 36.695387 
-0.480000 -0.360000 | 36.655387 
-0.440000 -0.360000 | 35.995205 
-0.400000 -0.360000 | 34.754010 
-0.360000 -0.360000 | 33.007680 
-0.320000 -0.360000 | 30.864033 
-0.280000 -0.360000 | 28.456053 
-0.240000 -0.360000 | 25.933535 
-0.200000 -0.360000 | 23.453670 
-0.160000 -0.360000 | 21.171172 
-0.120000 -0.360000 | 19.228554 
-0.080000 -0.360000 | 17.747173 
-0.040000 -0.360000 | 16.819608 
0.000000 -0.360000 | 16.503840 
0.040000 -0.360000 | 16.819608 
0.080000 -0.360000 | 17.747173 
0.120000 -0.360000 | 19.228554 
0.160000 -0.360000 | 21.171172 
0.200000 -0.360000 | 23.453670 
0.240000 -0.360000 | 25.933535 
0.280000 -0.360000 | 28.456053 
0.320000 -0.360000 | 30.864033 
0.360000 -0.360000 | 33.007680 
0.400000 -0.360000 | 34.754010 
0.440000 -0.360000 | 35.995205 
0.480000 -0.360000 | 36.655387 
0.520000 -0.360000 | 36.695387 
0.560000 -0.360000 | 36.115205 
0.600000 -0.360000 | 34.954010 
0.640000 -0.360000 | 33.287680 
0.680000 -0.360000 | 31.224033 
0.720000 -0.360000 | 28.896053 
0.760000 -0.360000 | 26.453535 
0.800000 -0.360000 | 24.053670 
0.840000 -0.360000 | 21.851172 
0.880000 -0.360000 | 19.988554 
0.920000 -0.360000 | 18.587173 
0.960000 -0.360000 | 17.739608 
1.000000 -0.360000 | 17.503840 
1.040000 -0.360000 | 17.899608 
1.080000 -0.360000 | 18.907173 
1.120000 -0.360000 | 20.468554 
1.160000 -0.360000 | 22.491172 
1.200000 -0.360000 | 24.853670 
1.240000 -0.360000 | 27.413535 
1.280000 -0.360000 | 30.016053 
1.320000 -0.360000 | 32.504033 
1.360000 -0.360000 | 34.727680 
1.400000 -0.360000 | 36.554010 
1.440000 -0.360000 | 37.875205 
1.480000 -0.360000 | 38.615387 
1.520000 -0.360000 | 38.735387 
1.560000 -0.360000 | 38.235205 
1.600000 -0.360000 | 37.154010 
1.640000 -0.360000 | 35.567680 
1.680000 -0.360000 | 33.584033 
1.720000 -0.360000 | 31.336053 
1.760000 -0.360000 | 28.973535 
-2.200000 -0.320000 | 26.110023 
-2.160000 -0.320000 | 23.667525 
-2.120000 -0.320000 | 21.564907 
-2.080000 -0.320000 | 19.923526 
-2.040000 -0.320000 | 18.835961 
-2.000000 -0.320000 | 18.360193 
-1.960000 -0.320000 | 18.515961 
-1.920000 -0.320000 | 19.283526 
-1.880000 -0.320000 | 20.604907 
-1.840000 -0.320000 | 22.387525 
-1.800000 -0.320000 | 24.510023 
-1.760000 -0.320000 | 26.829888 
-1.720000 -0.320000 | 29.192406 
-1.680000 -0.320000 | 31.440386 
-1.640000 -0.320000 | 33.424033 
-1.600000 -0.320000 | 35.010363 
-1.560000 -0.320000 | 36.091558 
-1.520000 -0.320000 | 36.591740 
-1.480000 -0.320000 | 36.471740 
-1.440000 -0.320000 | 35.731558 
-1.400000 -0.320000 | 34.410363 
-1.360000 -0.320000 | 32.584033 
-1.320000 -0.320000 | 30.360386 
-1.280000 -0.320000 | 27.872406 
-1.240000 -0.320000 | 25.269888 
-1.200000 -0.320000 | 22.710023 
-1.160000 -0.320000 | 20.347525 
-1.120000 -0.320000 | 18.324907 
-1.080000 -0.320000 | 16.763526 
-1.040000 -0.320000 | 15.755961 
-1.000000 -0.320000 | 15.360193 
-0.960000 -0.320000 | 15.595961 
-0.920000 -0.320000 | 16.443526 
-0.880000 -0.320000 | 17.844907 
-0.840000 -0.320000 | 19.707525 
-0.800000 -0.320000 | 21.910023 
-0.760000 -0.320000 | 24.309888 
-0.720000 -0.320000 | 26.752406 
-0.680000 -0.320000 | 29.080386 
-0.640000 -0.320000 | 31.144033 
-0.600000 -0.320000 | 32.810363 
-0.560000 -0.320000 | 33.971558 
-0.520000 -0.320000 | 34.551740 
-0.480000 -0.320000 | 34.511740 
-0.440000 -0.320000 | 33.851558 
-0.400000 -0.320000 | 32.610363 
-0.360000 -0.320000 | 30.864033 
-0.320000 -0.320000 | 28.720386 
-0.280000 -0.320000 | 26.312406 
-0.240000 -0.320000 | 23.789888 
-0.200000 -0.320000 | 21.310023 
-0.160000 -0.320000 | 19.027525 
-0.120000 -0.320000 | 17.084907 
-0.080000 -0.320000 | 15.603526 
-0.040000 -0.320000 | 14.675961 
0.000000 -0.320000 | 14.360193 
0.040000 -0.320000 | 14.675961 
0.080000 -0.320000 | 15.603526 
0.120000 -0.320000 | 17.084907 
0.160000 -0.320000 | 19.027525 
0.200000 -0.320000 | 21.310023 
0.240000 -0.320000 | 23.789888 
0.280000 -0.320000 | 26.312406 
0.320000 -0.320000 | 28.720386 
0.360000 -0.320000 | 30.864033 
0.400000 -0.320000 | 32.610363 
0.440000 -0.320000 | 33.851558 
0.480000 -0.320000 | 34.511740 
0.520000 -0.320000 | 34.551740 
0.560000 -0.320000 | 33.971558 
0.600000 -0.320000 | 32.810363 
0.640000 -0.320000 | 31.144033 
0.680000 -0.320000 | 29.080386 
0.720000 -0.320000 | 26.752406 
0.760000 -0.320000 | 24.309888 
0.800000 -0.320000 | 21.910023 
0.840000 -0.320000 | 19.707525 
0.880000 -0.320000 | 17.844907 
0.920000 -0.320000 | 16.443526 
0.960000 -0.320000 | 15.595961 
1.000000 -0.320000 | 15.360193 
1.040000 -0.320000 | 15.755961 
1.080000 -0.320000 | 16.763526 
1.120000 -0.320000 | 18.324907 
1.160000 -0.320000 | 20.347525 
1.200000 -0.320000 | 22.710023 
1.240000 -0.320000 | 25.269888 
1.280000 -0.320000 | 27.872406 
1.320000 -0.320000 | 30.360386 
1.360000 -0.320000 | 32.584033 
1.400000 -0.320000 | 34.410363 
1.440000 -0.320000 | 35.731558 
1.480000 -0.320000 | 36.471740 
1.520000 -0.320000 | 36.591740 
1.560000 -0.320000 | 36.091558 
1.600000 -0.320000 | 35.010363 
1.640000 -0.320000 | 33.424033 
1.680000 -0.320000 | 31.440386 
1.720000 -0.320000 | 29.192406 
1.760000 -0.320000 | 26.829888 
-2.200000 -0.280000 | 23.702043 
-2.160000 -0.280000 | 21.259545 
-2.120000 -0.280000 | 19.156927 
-2.080000 -0.280000 | 17.515546 
-2.040000 -0.280000 | 16.427982 
-2.000000 -0.280000 | 15.952213 
-1.960000 -0.280000 | 16.107982 
-1.920000 -0.280000 | 16.875546 
-1.880000 -0.280000 | 18.196927 
-1.840000 -0.280000 | 19.979545 
-1.800000 -0.280000 | 22.102043 
-1.760000 -0.280000 | 24.421908 
-1.720000 -0.280000 | 26.784426 
-1.680000 -0.280000 | 29.032406 
-1.640000 -0.280000 | 31.016053 
-1.600000 -0.280000 | 32.602383 
-1.560000 -0.280000 | 33.683578 
-1.520000 -0.280000 | 34.183760 
-1.480000 -0.280000 | 34.063760 
-1.440000 -0.280000 | 33.323578 
-1.400000 -0.280000 | 32.002383 
-1.360000 -0.280000 | 30.176053 
-1.320000 -0.280000 | 27.952406 
-1.280000 -0.280000 | 25.464426 
-1.240000 -0.280000 | 22.861908 
-1.200000 -0.280000 | 20.302043 
-1.160000 -0.280000 | 17.939545 
-1.120000 -0.280000 | 15.916927 
-1.080000 -0.280000 | 14.355546 
-1.040000 -0.280000 | 13.347982 
-1.000000 -0.280000 | 12.952213 
-0.960000 -0.280000 | 13.187982 
-0.920000 -0.280000 | 14.035546 
-0.880000 -0.280000 | 15.436927 
-0.840000 -0.280000 | 17.299545 
-0.800000 -0.280000 | 19.502043 
-0.760000 -0.280000 | 21.901908 
-0.720000 -0.280000 | 24.344426 
-0.680000 -0.280000 | 26.672406 
-0.640000 -0.280000 | 28.736053 
-0.600000 -0.280000 | 30.402383 
-0.560000 -0.280000 | 31.563578 
-0.520000 -0.280000 | 32.143760 
-0.480000 -0.280000 | 32.103760 
-0.440000 -0.280000 | 31.443578 
-0.400000 -0.280000 | 30.202383 
-0.360000 -0.280000 | 28.456053 
-0.320000 -0.280000 | 26.312406 
-0.280000 -0.280000 | 23.904426 
-0.240000 -0.280000 | 21.381908 
-0.200000 -0.280000 | 18.902043 
-0.160000 -0.280000 | 16.619545 
-0.120000 -0.280000 | 14.676927 
-0.080000 -0.280000 | 13.195546 
-0.040000 -0.280000 | 12.267982 
0.000000 -0.280000 | 11.952213 
0.040000 -0.280000 | 12.267982 
0.080000 -0.280000 | 13.195546 
0.120000 -0.280000 | 14.676927 
0.160000 -0.280000 | 16.619545 
0.200000 -0.280000 | 18.902043 
0.240000 -0.280000 | 21.381908 
0.280000 -0.280000 | 23.904426 
0.320000 -0.280000 | 26.312406 
0.360000 -0.280000 | 28.456053 
0.400000 -0.280000 | 30.202383 
0.440000 -0.280000 | 31.443578 
0.480000 -0.280000 | 32.103760 
0.520000 -0.280000 | 32.143760 
0.560000 -0.280000 | 31.563578 
0.600000 -0.280000 | 30.402383 
0.640000 -0.280000 | 28.736053 
0.680000 -0.280000 | 26.672406 
0.720000 -0.280000 | 24.344426 
0.760000 -0.280000 | 21.901908 
0.800000 -0.280000 | 19.502043 
0.840000 -0.280000 | 17.299545 
0.880000 -0.280000 | 15.436927 
0.920000 -0.280000 | 14.035546 
0.960000 -0.280000 | 13.187982 
1.000000 -0.280000 | 12.952213 
1.040000 -0.280000 | 13.347982 
1.080000 -0.280000 | 14.355546 
1.120000 -0.280000 | 15.916927 
1.160000 -0.280000 | 17.939545 
1.200000 -0.280000 | 20.302043 
1.240000 -0.280000 | 22.861908 
1.280000 -0.280000 | 25.464426 
1.320000 -0.280000 | 27.952406 
1.360000 -0.280000 | 30.176053 
1.400000 -0.280000 | 32.002383 
1.440000 -0.280000 | 33.323578 
1.480000 -0.280000 | 34.063760 
1.520000 -0.280000 | 34.183760 
1.560000 -0.280000 | 33.683578 
1.600000 -0.280000 | 32.602383 
1.640000 -0.280000 | 31.016053 
1.680000 -0.280000 | 29.032406 
1.720000 -0.280000 | 26.784426 
1.760000 -0.280000 | 24.421908 
-2.200000 -0.240000 | 21.179525 
-2.160000 -0.240000 | 18.737027 
-2.120000 -0.240000 | 16.634409 
-2.080000 -0.240000 | 14.993028 
-2.040000 -0.240000 | 13.905463 
-2.000000 -0.240000 | 13.429695 
-1.960000 -0.240000 | 13.585463 
-1.920000 -0.240000 | 14.353028 
-1.880000 -0.240000 | 15.674409 
-1.840000 -0.240000 | 17.457027 
-1.800000 -0.240000 | 19.579525 
-1.760000 -0.240000 | 21.899390 
-1.720000 -0.240000 | 24.261908 
-1.680000 -0.240000 | 26.509888 
-1.640000 -0.240000 | 28.493535 
-1.600000 -0.240000 | 30.079865 
-1.560000 -0.240000 | 31.161060 
-1.520000 -0.240000 | 31.661242 
-1.480000 -0.240000 | 31.541242 
-1.440000 -0.240000 | 30.801060 
-1.400000 -0.240000 | 29.479865 
-1.360000 -0.240000 | 27.653535 
-1.320000 -0.240000 | 25.429888 
-1.280000 -0.240000 | 22.941908 
-1.240000 -0.240000 | 20.339390 
-1.200000 -0.240000 | 17.779525 
-1.160000 -0.240000 | 15.417027 
-1.120000 -0.240000 | 13.394409 
-1.080000 -0.240000 | 11.833028 
-1.040000 -0.240000 | 10.825463 
-1.000000 -0.240000 | 10.429695 
-0.960000 -0.240000 | 10.665463 
-0.920000 -0.240000 | 11.513028 
-0.880000 -0.240000 | 12.914409 
-0.840000 -0.240000 | 14.777027 
-0.800000 -0.240000 | 16.979525 
-0.760000 -0.240000 | 19.379390 
-0.720000 -0.240000 | 21.821908 
-0.680000 -0.240000 | 24.149888 
-0.640000 -0.240000 | 26.213535 
-0.600000 -0.240000 | 27.879865 
-0.560000 -0.240000 | 29.041060 
-0.520000 -0.240000 | 29.621242 
-0.480000 -0.240000 | 29.581242 
-0.440000 -0.240000 | 28.921060 
-0.400000 -0.240000 | 27.679865 
-0.360000 -0.240000 | 25.933535 
-0.320000 -0.240000 | 23.789888 
-0.280000 -0.240000 | 21.381908 
-0.240000 -0.240000 | 18.859390 
-0.200000 -0.240000 | 16.379525 
-0.160000 -0.240000 | 14.097027 
-0.120000 -0.240000 | 12.154409 
-0.080000 -0.240000 | 10.673028 
-0.040000 -0.240000 | 9.745463 
0.000000 -0.240000 | 9.429695 
0.040000 -0.240000 | 9.745463 
0.080000 -0.240000 | 10.673028 
0.120000 -0.240000 | 12.154409 
0.160000 -0.240000 | 14.097027 
0.200000 -0.240000 | 16.379525 
0.240000 -0.240000 | 18.859390 
0.280000 -0.240000 | 21.381908 
0.320000 -0.240000 | 23.789888 
0.360000 -0.240000 | 25.933535 
0.400000 -0.240000 | 27.679865 
0.440000 -0.240000 | 28.921060 
0.480000 -0.240000 | 29.581242 
0.520000 -0.240000 | 29.621242 
0.560000 -0.240000 | 29.041060 
0.600000 -0.240000 | 27.879865 
0.640000 -0.240000 | 26.213535 
0.680000 -0.240000 | 24.149888 
0.720000 -0.240000 | 21.821908 
0.760000 -0.240000 | 19.379390 
0.800000 -0.240000 | 16.979525 
0.840000 -0.240000 | 14.777027 
0.880000 -0.240000 | 12.914409 
0.920000 -0.240000 | 11.513028 
0.960000 -0.240000 | 10.665463 
1.000000 -0.240000 | 10.429695 
1.040000 -0.240000 | 10.825463 
1.080000 -0.240000 | 11.833028 
1.120000 -0.240000 | 13.394409 
1.160000 -0.240000 | 15.417027 
1.200000 -0.240000 | 17.779525 
1.240000 -0.240000 | 20.339390 
1.280000 -0.240000 | 22.941908 
1.320000 -0.240000 | 25.429888 
1.360000 -0.240000 | 27.653535 
1.400000 -0.240000 | 29.479865 
1.440000 -0.240000 | 30.801060 
1.480000 -0.240000 | 31.541242 
1.520000 -0.240000 | 31.661242 
1.560000 -0.240000 | 31.161060 
1.600000 -0.240000 | 30.079865 
1.640000 -0.240000 | 28.493535 
1.680000 -0.240000 | 26.509888 
1.720000 -0.240000 | 24.261908 
1.760000 -0.240000 | 21.899390 
-2.200000 -0.200000 | 18.699660 
-2.160000 -0.200000 | 16.257162 
-2.120000 -0.200000 | 14.154544 
-2.080000 -0.200000 | 12.513163 
-2.040000 -0.200000 | 11.425598 
-2.000000 -0.200000 | 10.949830 
-1.960000 -0.200000 | 11.105598 
-1.920000 -0.200000 | 11.873163 
-1.880000 -0.200000 | 13.194544 
-1.840000 -0.200000 | 14.977162 
-1.800000 -0.200000 | 17.099660 
-1.760000 -0.200000 | 19.419525 
-1.720000 -0.200000 | 21.782043 
-1.680000 -0.200000 | 24.030023 
-1.640000 -0.200000 | 26.013670 
-1.600000 -0.200000 | 27.600000 
-1.560000 -0.200000 | 28.681195 
-1.520000 -0.200000 | 29.181377 
-1.480000 -0.200000 | 29.061377 
-1.440000 -0.200000 | 28.321195 
-1.400000 -0.200000 | 27.000000 
-1.360000 -0.200000 | 25.173670 
-1.320000 -0.200000 | 22.950023 
-1.280000 -0.200000 | 20.462043 
-1.240000 -0.200000 | 17.859525 
-1.200000 -0.200000 | 15.299660 
-1.160000 -0.200000 | 12.937162 
-1.120000 -0.200000 | 10.914544 
-1.080000 -0.200000 | 9.353163 
-1.040000 -0.200000 | 8.345598 
-1.000000 -0.200000 | 7.949830 
-0.960000 -0.200000 | 8.185598 
-0.920000 -0.200000 | 9.033163 
-0.880000 -0.200000 | 10.434544 
-0.840000 -0.200000 | 12.297162 
-0.800000 -0.200000 | 14.499660 
-0.760000 -0.200000 | 16.899525 
-0.720000 -0.200000 | 19.342043 
-0.680000 -0.200000 | 21.670023 
-0.640000 -0.200000 | 23.733670 
-0.600000 -0.200000 | 25.400000 
-0.560000 -0.200000 | 26.561195 
-0.520000 -0.200000 | 27.141377 
-0.480000 -0.200000 | 27.101377 
-0.440000 -0.200000 | 26.441195 
-0.400000 -0.200000 | 25.200000 
-0.360000 -0.200000 | 23.453670 
-0.320000 -0.200000 | 21.310023 
-0.280000 -0.200000 | 18.902043 
-0.240000 -0.200000 | 16.379525 
-0.200000 -0.200000 | 13.899660 
-0.160000 -0.200000 | 11.617162 
-0.120000 -0.200000 | 9.674544 
-0.080000 -0.200000 | 8.193163 
-0.040000 -0.200000 | 7.265598 
0.000000 -0.200000 | 6.949830 
0.040000 -0.200000 | 7.265598 
0.080000 -0.200000 | 8.193163 
0.120000 -0.200000 | 9.674544 
0.160000 -0.200000 | 11.617162 
0.200000 -0.200000 | 13.899660 
0.240000 -0.200000 | 16.379525 
0.280000 -0.200000 | 18.902043 
0.320000 -0.200000 | 21.310023 
0.360000 -0.200000 | 23.453670 
0.400000 -0.200000 | 25.200000 
0.440000 -0.200000 | 26.441195 
0.480000 -0.200000 | 27.101377 
0.520000 -0.200000 | 27.141377 
0.560000 -0.200000 | 26.561195 
0.600000 -0.200000 | 25.400000 
0.640000 -0.200000 | 23.733670 
0.680000 -0.200000 | 21.670023 
0.720000 -0.200000 | 19.342043 
0.760000 -0.200000 | 16.899525 
0.800000 -0.200000 | 14.499660 
0.840000 -0.200000 | 12.297162 
0.880000 -0.200000 | 10.434544 
0.920000 -0.200000 | 9.033163 
0.960000 -0.200000 | 8.185598 
1.000000 -0.200000 | 7.949830 
1.040000 -0.200000 | 8.345598 
1.080000 -0.200000 | 9.353163 
1.120000 -0.200000 | 10.914544 
1.160000 -0.200000 | 12.937162 
1.200000 -0.200000 | 15.299660 
1.240000 -0.200000 | 17.859525 
1.280000 -0.200000 | 20.462043 
1.320000 -0.200000 | 22.950023 
1.360000 -0.200000 | 25.173670 
1.400000 -0.200000 | 27.000000 
1.440000 -0.200000 | 28.321195 
1.480000 -0.200000 | 29.061377 
1.520000 -0.200000 | 29.181377 
1.560000 -0.200000 | 28.681195 
1.600000 -0.200000 | 27.600000 
1.640000 -0.200000 | 26.013670 
1.680000 -0.200000 | 24.030023 
1.720000 -0.200000 | 21.782043 
1.760000 -0.200000 | 19.419525 
-2.200000 -0.160000 | 16.417162 
-2.160000 -0.160000 | 13.974664 
-2.120000 -0.160000 | 11.872046 
-2.080000 -0.160000 | 10.230665 
-2.040000 -0.160000 | 9.143100 
-2.000000 -0.160000 | 8.667332 
-1.960000 -0.160000 | 8.823100 
-1.920000 -0.160000 | 9.590665 
-1.880000 -0.160000 | 10.912046 
-1.840000 -0.160000 | 12.694664 
-1.800000 -0.160000 | 14.817162 
-1.760000 -0.160000 | 17.137027 
-1.720000 -0.160000 | 19.499545 
-1.680000 -0.160000 | 21.747525 
-1.640000 -0.160000 | 23.731172 
-1.600000 -0.160000 | 25.317502 
-1.560000 -0.160000 | 26.398697 
-1.520000 -0.160000 | 26.898879 
-1.480000 -0.160000 | 26.778879 
-1.440000 -0.160000 | 26.038697 
-1.400000 -0.160000 | 24.717502 
-1.360000 -0.160000 | 22.891172 
-1.320000 -0.160000 | 20.667525 
-1.280000 -0.160000 | 18.179545 
-1.240000 -0.160000 | 15.577027 
-1.200000 -0.160000 | 13.017162 
-1.160000 -0.160000 | 10.654664 
-1.120000 -0.160000 | 8.632046 
-1.080000 -0.160000 | 7.070665 
-1.040000 -0.160000 | 6.063100 
-1.000000 -0.160000 | 5.667332 
-0.960000 -0.160000 | 5.903100 
-0.920000 -0.160000 | 6.750665 
-0.880000 -0.160000 | 8.152046 
-0.840000 -0.160000 | 10.014664 
-0.800000 -0.160000 | 12.217162 
-0.760000 -0.160000 | 14.617027 
-0.720000 -0.160000 | 17.059545 
-0.680000 -0.160000 | 19.387525 
-0.640000 -0.160000 | 21.451172 
-0.600000 -0.160000 | 23.117502 
-0.560000 -0.160000 | 24.278697 
-0.520000 -0.160000 | 24.858879 
-0.480000 -0.160000 | 24.818879 
-0.440000 -0.160000 | 24.158697 
-0.400000 -0.160000 | 22.917502 
-0.360000 -0.160000 | 21.171172 
-0.320000 -0.160000 | 19.027525 
-0.280000 -0.160000 | 16.619545 
-0.240000 -0.160000 | 14.097027 
-0.200000 -0.160000 | 11.617162 
-0.160000 -0.160000 | 9.334664 
-0.120000 -0.160000 | 7.392046 
-0.080000 -0.160000 | 5.910665 
-0.040000 -0.160000 | 4.983100 
0.000000 -0.160000 | 4.667332 
0.040000 -0.160000 | 4.983100 
0.080000 -0.160000 | 5.910665 
0.120000 -0.160000 | 7.392046 
0.160000 -0.160000 | 9.334664 
0.200000 -0.160000 | 11.617162 
0.240000 -0.160000 | 14.097027 
0.280000 -0.160000 | 16.619545 
0.320000 -0.160000 | 19.027525 
0.360000 -0.160000 | 21.171172 
0.400000 -0.160000 | 22.917502 
0.440000 -0.160000 | 24.158697 
0.480000 -0.160000 | 24.818879 
0.520000 -0.160000 | 24.858879 
0.560000 -0.160000 | 24.278697 
0.600000 -0.160000 | 23.117502 
0.640000 -0.160000 | 21.451172 
0.680000 -0.160000 | 19.387525 
0.720000 -0.160000 | 17.059545 
0.760000 -0.160000 | 14.617027 
0.800000 -0.160000 | 12.217162 
0.840000 -0.160000 | 10.014664 
0.880000 -0.160000 | 8.152046 
0.920000 -0.160000 | 6.750665 
0.960000 -0.160000 | 5.903100 
1.000000 -0.160000 | 5.667332 
1.040000 -0.160000 | 6.063100 
1.080000 -0.160000 | 7.070665 
1.120000 -0.160000 | 8.632046 
1.160000 -0.160000 | 10.654664 
1.200000 -0.160000 | 13.017162 
1.240000 -0.160000 | 15.577027 
1.280000 -0.160000 | 18.179545 
1.320000 -0.160000 | 20.667525 
1.360000 -0.160000 | 22.891172 
1.400000 -0.160000 | 24.717502 
1.440000 -0.160000 | 26.038697 
1.480000 -0.160000 | 26.778879 
1.520000 -0.160000 | 26.898879 
1.560000 -0.160000 | 26.398697 
1.600000 -0.160000 | 25.317502 
1.640000 -0.160000 | 23.731172 
1.680000 -0.160000 | 21.747525 
1.720000 -0.160000 | 19.499545 
1.760000 -0.160000 | 17.137027 
-2.200000 -0.120000 | 14.474544 
-2.160000 -0.120000 | 12.032046 
-2.120000 -0.120000 | 9.929427 
-2.080000 -0.120000 | 8.288047 
-2.040000 -0.120000 | 7.200482 
-2.000000 -0.120000 | 6.724714 
-1.960000 -0.120000 | 6.880482 
-1.920000 -0.120000 | 7.648047 
-1.880000 -0.120000 | 8.969427 
-1.840000 -0.120000 | 10.752046 
-1.800000 -0.120000 | 12.874544 
-1.760000 -0.120000 | 15.194409 
-1.720000 -0.120000 | 17.556927 
-1.680000 -0.120000 | 19.804907 
-1.640000 -0.120000 | 21.788554 
-1.600000 -0.120000 | 23.374884 
-1.560000 -0.120000 | 24.456079 
-1.520000 -0.120000 | 24.956261 
-1.480000 -0.120000 | 24.836261 
-1.440000 -0.120000 | 24.096079 
-1.400000 -0.120000 | 22.774884 
-1.360000 -0.120000 | 20.948554 
-1.320000 -0.120000 | 18.724907 
-1.280000 -0.120000 | 16.236927 
-1.240000 -0.120000 | 13.634409 
-1.200000 -0.120000 | 11.074544 
-1.160000 -0.120000 | 8.712046 
-1.120000 -0.120000 | 6.689427 
-1.080000 -0.120000 | 5.128047 
-1.040000 -0.120000 | 4.120482 
-1.000000 -0.120000 | 3.724714 
-0.960000 -0.120000 | 3.960482 
-0.920000 -0.120000 | 4.808047 
-0.880000 -0.120000 | 6.209427 
-0.840000 -0.120000 | 8.072046 
-0.800000 -0.120000 | 10.274544 
-0.760000 -0.120000 | 12.674409 
-0.720000 -0.120000 | 15.116927 
-0.680000 -0.120000 | 17.444907 
-0.640000 -0.120000 | 19.508554 
-0.600000 -0.120000 | 21.174884 
-0.560000 -0.120000 | 22.336079 
-0.520000 -0.120000 | 22.916261 
-0.480000 -0.120000 | 22.876261 
-0.440000 -0.120000 | 22.216079 
-0.400000 -0.120000 | 20.974884 
-0.360000 -0.120000 | 19.228554 
-0.320000 -0.120000 | 17.084907 
-0.280000 -0.120000 | 14.676927 
-0.240000 -0.120000 | 12.154409 
-0.200000 -0.120000 | 9.674544 
-0.160000 -0.120000 | 7.392046 
-0.120000 -0.120000 | 5.449427 
-0.080000 -0.120000 | 3.968047 
-0.040000 -0.120000 | 3.040482 
0.000000 -0.120000 | 2.724714 
0.040000 -0.120000 | 3.040482 
0.080000 -0.120000 | 3.968047 
0.120000 -0.120000 | 5.449427 
0.160000 -0.120000 | 7.392046 
0.200000 -0.120000 | 9.674544 
0.240000 -0.120000 | 12.154409 
0.280000 -0.120000 | 14.676927 
0.320000 -0.120000 | 17.084907 
0.360000 -0.120000 | 19.228554 
0.400000 -0.120000 | 20.974884 
0.440000 -0.120000 | 22.216079 
0.480000 -0.120000 | 22.876261 
0.520000 -0.120000 | 22.916261 
0.560000 -0.120000 | 22.336079 
0.600000 -0.120000 | 21.174884 
0.640000 -0.120000 | 19.508554 
0.680000 -0.120000 | 17.444907 
0.720000 -0.120000 | 15.116927 
0.760000 -0.120000 | 12.674409 
0.800000 -0.120000 | 10.274544 
0.840000 -0.120000 | 8.072046 
0.880000 -0.120000 | 6.209427 
0.920000 -0.120000 | 4.808047 
0.960000 -0.120000 | 3.960482 
1.000000 -0.120000 | 3.724714 
1.040000 -0.120000 | 4.120482 
1.080000 -0.120000 | 5.128047 
1.120000 -0.120000 | 6.689427 
1.160000 -0.120000 | 8.712046 
1.200000 -0.120000 | 11.074544 
1.240000 -0.120000 | 13.634409 
1.280000 -0.120000 | 16.236927 
1.320000 -0.120000 | 18.724907 
1.360000 -0.120000 | 20.948554 
1.400000 -0.120000 | 22.774884 
1.440000 -0.120000 | 24.096079 
1.480000 -0.120000 | 24.836261 
1.520000 -0.120000 | 24.956261 
1.560000 -0.120000 | 24.456079 
1.600000 -0.120000 | 23.374884 
1.640000 -0.120000 | 21.788554 
1.680000 -0.120000 | 19.804907 
1.720000 -0.120000 | 17.556927 
1.760000 -0.120000 | 15.194409 
-2.200000 -0.080000 | 12.993163 
-2.160000 -0.080000 | 10.550665 
-2.120000 -0.080000 | 8.448047 
-2.080000 -0.080000 | 6.806666 
-2.040000 -0.080000 | 5.719102 
-2.000000 -0.080000 | 5.243333 
-1.960000 -0.080000 | 5.399102 
-1.920000 -0.080000 | 6.166666 
-1.880000 -0.080000 | 7.488047 
-1.840000 -0.080000 | 9.270665 
-1.800000 -0.080000 | 11.393163 
-1.760000 -0.080000 | 13.713028 
-1.720000 -0.080000 | 16.075546 
-1.680000 -0.080000 | 18.323526 
-1.640000 -0.080000 | 20.307173 
-1.600000 -0.080000 | 21.893503 
-1.560000 -0.080000 | 22.974698 
-1.520000 -0.080000 | 23.474880 
-1.480000 -0.080000 | 23.354880 
-1.440000 -0.080000 | 22.614698 
-1.400000 -0.080000 | 21.293503 
-1.360000 -0.080000 | 19.467173 
-1.320000 -0.080000 | 17.243526 
-1.280000 -0.080000 | 14.755546 
-1.240000 -0.080000 | 12.153028 
-1.200000 -0.080000 | 9.593163 
-1.160000 -0.080000 | 7.230665 
-1.120000 -0.080000 | 5.208047 
-1.080000 -0.080000 | 3.646666 
-1.040000 -0.080000 | 2.639102 
-1.000000 -0.080000 | 2.243333 
-0.960000 -0.080000 | 2.479102 
-0.920000 -0.080000 | 3.326666 
-0.880000 -0.080000 | 4.728047 
-0.840000 -0.080000 | 6.590665 
-0.800000 -0.080000 | 8.793163 
-0.760000 -0.080000 | 11.193028 
-0.720000 -0.080000 | 13.635546 
-0.680000 -0.080000 | 15.963526 
-0.640000 -0.080000 | 18.027173 
-0.600000 -0.080000 | 19.693503 
-0.560000 -0.080000 | 20.854698 
-0.520000 -0.080000 | 21.434880 
-0.480000 -0.080000 | 21.394880 
-0.440000 -0.080000 | 20.734698 
-0.400000 -0.080000 | 19.493503 
-0.360000 -0.080000 | 17.747173 
-0.320000 -0.080000 | 15.603526 
-0.280000 -0.080000 | 13.195546 
-0.240000 -0.080000 | 10.673028 
-0.200000 -0.080000 | 8.193163 
-0.160000 -0.080000 | 5.910665 
-0.120000 -0.080000 | 3.968047 
-0.080000 -0.080000 | 2.486666 
-0.040000 -0.080000 | 1.559102 
0.000000 -0.080000 | 1.243333 
0.040000 -0.080000 | 1.559102 
0.080000 -0.080000 | 2.486666 
0.120000 -0.080000 | 3.968047 
0.160000 -0.080000 | 5.910665 
0.200000 -0.080000 | 8.193163 
0.240000 -0.080000 | 10.673028 
0.280000 -0.080000 | 13.195546 
0.320000 -0.080000 | 15.603526 
0.360000 -0.080000 | 17.747173 
0.400000 -0.080000 | 19.493503 
0.440000 -0.080000 | 20.734698 
0.480000 -0.080000 | 21.394880 
0.520000 -0.080000 | 21.434880 
0.560000 -0.080000 | 20.854698 
0.600000 -0.080000 | 19.693503 
0.640000 -0.080000 | 18.027173 
0.680000 -0.080000 | 15.963526 
0.720000 -0.080000 | 13.635546 
0.760000 -0.080000 | 11.193028 
0.800000 -0.080000 | 8.793163 
0.840000 -0.080000 | 6.590665 
0.880000 -0.080000 | 4.728047 
0.920000 -0.080000 | 3.326666 
0.960000 -0.080000 | 2.479102 
1.000000 -0.080000 | 2.243333 
1.040000 -0.080000 | 2.639102 
1.080000 -0.080000 | 3.646666 
1.120000 -0.080000 | 5.208047 
1.160000 -0.080000 | 7.230665 
1.200000 -0.080000 | 9.593163 
1.240000 -0.080000 | 12.153028 
1.280000 -0.080000 | 14.755546 
1.320000 -0.080000 | 17.243526 
1.360000 -0.080000 | 19.467173 
1.400000 -0.080000 | 21.293503 
1.440000 -0.080000 | 22.614698 
1.480000 -0.080000 | 23.354880 
1.520000 -0.080000 | 23.474880 
1.560000 -0.080000 | 22.974698 
1.600000 -0.080000 | 21.893503 
1.640000 -0.080000 | 20.307173 
1.680000 -0.080000 | 18.323526 
1.720000 -0.080000 | 16.075546 
1.760000 -0.080000 | 13.713028 
-2.200000 -0.040000 | 12.065598 
-2.160000 -0.040000 | 9.623100 
-2.120000 -0.040000 | 7.520482 
-2.080000 -0.040000 | 5.879102 
-2.040000 -0.040000 | 4.791537 
-2.000000 -0.040000 | 4.315768 
-1.960000 -0.040000 | 4.471537 
-1.920000 -0.040000 | 5.239102 
-1.880000 -0.040000 | 6.560482 
-1.840000 -0.040000 | 8.343100 
-1.800000 -0.040000 | 10.465598 
-1.760000 -0.040000 | 12.785463 
-1.720000 -0.040000 | 15.147982 
-1.680000 -0.040000 | 17.395961 
-1.640000 -0.040000 | 19.379608 
-1.600000 -0.040000 | 20.965938 
-1.560000 -0.040000 | 22.047133 
-1.520000 -0.040000 | 22.547315 
-1.480000 -0.040000 | 22.427315 
-1.440000 -0.040000 | 21.687133 
-1.400000 -0.040000 | 20.365938 
-1.360000 -0.040000 | 18.539608 
-1.320000 -0.040000 | 16.315961 
-1.280000 -0.040000 | 13.827982 
-1.240000 -0.040000 | 11.225463 
-1.200000 -0.040000 | 8.665598 
-1.160000 -0.040000 | 6.303100 
-1.120000 -0.040000 | 4.280482 
-1.080000 -0.040000 | 2.719102 
-1.040000 -0.040000 | 1.711537 
-1.000000 -0.040000 | 1.315768 
-0.960000 -0.040000 | 1.551537 
-0.920000 -0.040000 | 2.399102 
-0.880000 -0.040000 | 3.800482 
-0.840000 -0.040000 | 5.663100 
-0.800000 -0.040000 | 7.865598 
-0.760000 -0.040000 | 10.265463 
-0.720000 -0.040000 | 12.707982 
-0.680000 -0.040000 | 15.035961 
-0.640000 -0.040000 | 17.099608 
-0.600000 -0.040000 | 18.765938 
-0.560000 -0.040000 | 19.927133 
-0.520000 -0.040000 | 20.507315 
-0.480000 -0.040000 | 20.467315 
-0.440000 -0.040000 | 19.807133 
-0.400000 -0.040000 | 18.565938 
-0.360000 -0.040000 | 16.819608 
-0.320000 -0.040000 | 14.675961 
-0.280000 -0.040000 | 12.267982 
-0.240000 -0.040000 | 9.745463 
-0.200000 -0.040000 | 7.265598 
-0.160000 -0.040000 | 4.983100 
-0.120000 -0.040000 | 3.040482 
-0.080000 -0.040000 | 1.559102 
-0.040000 -0.040000 | 0.631537 
0.000000 -0.040000 | 0.315768 
0.040000 -0.040000 | 0.631537 
0.080000 -0.040000 | 1.559102 
0.120000 -0.040000 | 3.040482 
0.160000 -0.040000 | 4.983100 
0.200000 -0.040000 | 7.265598 
0.240000 -0.040000 | 9.745463 
0.280000 -0.040000 | 12.267982 
0.320000 -0.040000 | 14.675961 
0.360000 -0.040000 | 16.819608 
0.400000 -0.040000 | 18.565938 
0.440000 -0.040000 | 19.807133 
0.480000 -0.040000 | 20.467315 
0.520000 -0.040000 | 20.507315 
0.560000 -0.040000 | 19.927133 
0.600000 -0.040000 | 18.765938 
0.640000 -0.040000 | 17.099608 
0.680000 -0.040000 | 15.035961 
0.720000 -0.040000 | 12.707982 
0.760000 -0.040000 | 10.265463 
0.800000 -0.040000 | 7.865598 
0.840000 -0.040000 | 5.663100 
0.880000 -0.040000 | 3.800482 
0.920000 -0.040000 | 2.399102 
0.960000 -0.040000 | 1.551537 
1.000000 -0.040000 | 1.315768 
1.040000 -0.040000 | 1.711537 
1.080000 -0.040000 | 2.719102 
1.120000 -0.040000 | 4.280482 
1.160000 -0.040000 | 6.303100 
1.200000 -0.040000 | 8.665598 
1.240000 -0.040000 | 11.225463 
1.280000 -0.040000 | 13.827982 
1.320000 -0.040000 | 16.315961 
1.360000 -0.040000 | 18.539608 
1.400000 -0.040000 | 20.365938 
1.440000 -0.040000 | 21.687133 
1.480000 -0.040000 | 22.427315 
1.520000 -0.040000 | 22.547315 
1.560000 -0.040000 | 22.047133 
1.600000 -0.040000 | 20.965938 
1.640000 -0.040000 | 19.379608 
1.680000 -0.040000 | 17.395961 
1.720000 -0.040000 | 15.147982 
1.760000 -0.040000 | 12.785463 
-2.200000 0.000000 | 11.749830 
-2.160000 0.000000 | 9.307332 
-2.120000 0.000000 | 7.204714 
-2.080000 0.000000 | 5.563333 
-2.040000 0.000000 | 4.475768 
-2.000000 0.000000 | 4.000000 
-1.960000 0.000000 | 4.155768 
-1.920000 0.000000 | 4.923333 
-1.880000 0.000000 | 6.244714 
-1.840000 0.000000 | 8.027332 
-1.800000 0.000000 | 10.149830 
-1.760000 0.000000 | 12.469695 
-1.720000 0.000000 | 14.832213 
-1.680000 0.000000 | 17.080193 
-1.640000 0.000000 | 19.063840 
-1.600000 0.000000 | 20.650170 
-1.560000 0.000000 | 21.731365 
-1.520000 0.000000 | 22.231547 
-1.480000 0.000000 | 22.111547 
-1.440000 0.000000 | 21.371365 
-1.400000 0.000000 | 20.050170 
-1.360000 0.000000 | 18.223840 
-1.320000 0.000000 | 16.000193 
-1.280000 0.000000 | 13.512213 
-1.240000 0.000000 | 10.909695 
-1.200000 0.000000 | 8.349830 
-1.160000 0.000000 | 5.987332 
-1.120000 0.000000 | 3.964714 
-1.080000 0.000000 | 2.403333 
-1.040000 0.000000 | 1.395768 
-1.000000 0.000000 | 1.000000 
-0.960000 0.000000 | 1.235768 
-0.920000 0.000000 | 2.083333 
-0.880000 0.000000 | 3.484714 
-0.840000 0.000000 | 5.347332 
-0.800000 0.000000 | 7.549830 
-0.760000 0.000000 | 9.949695 
-0.720000 0.000000 | 12.392213 
-0.680000 0.000000 | 14.720193 
-0.640000 0.000000 | 16.783840 
-0.600000 0.000000 | 18.450170 
-0.560000 0.000000 | 19.611365 
-0.520000 0.000000 | 20.191547 
-0.480000 0.000000 | 20.151547 
-0.440000 0.000000 | 19.491365 
-0.400000 0.000000 | 18.250170 
-0.360000 0.000000 | 16.503840 
-0.320000 0.000000 | 14.360193 
-0.280000 0.000000 | 11.952213 
-0.240000 0.000000 | 9.429695 
-0.200000 0.000000 | 6.949830 
-0.160000 0.000000 | 4.667332 
-0.120000 0.000000 | 2.724714 
-0.080000 0.000000 | 1.243333 
-0.040000 0.000000 | 0.315768 
0.000000 0.000000 | 0.000000 
0.040000 0.000000 | 0.315768 
0.080000 0.000000 | 1.243333 
0.120000 0.000000 | 2.724714 
0.160000 0.000000 | 4.667332 
0.200000 0.000000 | 6.949830 
0.240000 0.000000 | 9.429695 
0.280000 0.000000 | 11.952213 
0.320000 0.000000 | 14.360193 
0.360000 0.000000 | 16.503840 
0.400000 0.000000 | 18.250170 
0.440000 0.000000 | 19.491365 
0.480000 0.000000 | 20.151547 
0.520000 0.000000 | 20.191547 
0.560000 0.000000 | 19.611365 
0.600000 0.000000 | 18.450170 
0.640000 0.000000 | 16.783840 
0.680000 0.000000 | 14.720193 
0.720000 0.000000 | 12.392213 
0.760000 0.000000 | 9.949695 
0.800000 0.000000 | 7.549830 
0.840000 0.000000 | 5.347332 
0.880000 0.000000 | 3.484714 
0.920000 0.000000 | 2.083333 
0.960000 0.000000 | 1.235768 
1.000000 0.000000 | 1.000000 
1.040000 0.000000 | 1.395768 
1.080000 0.000000 | 2.403333 
1.120000 0.000000 | 3.964714 
1.160000 0.000000 | 5.987332 
1.200000 0.000000 | 8.349830 
1.240000 0.000000 | 10.909695 
1.280000 0.000000 | 13.512213 
1.320000 0.000000 | 16.000193 
1.360000 0.000000 | 18.223840 
1.400000 0.000000 | 20.050170 
1.440000 0.000000 | 21.371365 
1.480000 0.000000 | 22.111547 
1.520000 0.000000 | 22.231547 
1.560000 0.000000 | 21.731365 
1.600000 0.000000 | 20.650170 
1.640000 0.000000 | 19.063840 
1.680000 0.000000 | 17.080193 
1.720000 0.000000 | 14.832213 
1.760000 0.000000 | 12.469695 
-2.200000 0.040000 | 12.065598 
-2.160000 0.040000 | 9.623100 
-2.120000 0.040000 | 7.520482 
-2.080000 0.040000 | 5.879102 
-2.040000 0.040000 | 4.791537 
-2.000000 0.040000 | 4.315768 
-1.960000 0.040000 | 4.471537 
-1.920000 0.040000 | 5.239102 
-1.880000 0.040000 | 6.560482 
-1.840000 0.040000 | 8.343100 
-1.800000 0.040000 | 10.465598 
-1.760000 0.040000 | 12.785463 
-1.720000 0.040000 | 15.147982 
-1.680000 0.040000 | 17.395961 
-1.640000 0.040000 | 19.379608 
-1.600000 0.040000 | 20.965938 
-1.560000 0.040000 | 22.047133 
-1.520000 0.040000 | 22.547315 
-1.480000 0.040000 | 22.427315 
-1.440000 0.040000 | 21.687133 
-1.400000 0.040000 | 20.365938 
-1.360000 0.040000 | 18.539608 
-1.320000 0.040000 | 16.315961 
-1.280000 0.040000 | 13.827982 
-1.240000 0.040000 | 11.225463 
-1.200000 0.040000 | 8.665598 
-1.160000 0.040000 | 6.303100 
-1.120000 0.040000 | 4.280482 
-1.080000 0.040000 | 2.719102 
-1.040000 0.040000 | 1.711537 
-1.000000 0.040000 | 1.315768 
-0.960000 0.040000 | 1.551537 
-0.920000 0.040000 | 2.399102 
-0.880000 0.040000 | 3.800482 
-0.840000 0.040000 | 5.663100 
-0.800000 0.040000 | 7.865598 
-0.760000 0.040000 | 10.265463 
-0.720000 0.040000 | 12.707982 
-0.680000 0.040000 | 15.035961 
-0.640000 0.040000 | 17.099608 
-0.600000 0.040000 | 18.765938 
-0.560000 0.040000 | 19.927133 
-0.520000 0.040000 | 20.507315 
-0.480000 0.040000 | 20.467315 
-0.440000 0.040000 | 19.807133 
-0.400000 0.040000 | 18.565938 
-0.360000 0.040000 | 16.819608 
-0.320000 0.040000 | 14.675961 
-0.280000 0.040000 | 12.267982 
-0.240000 0.040000 | 9.745463 
-0.200000 0.040000 | 7.265598 
-0.160000 0.040000 | 4.983100 
-0.120000 0.040000 | 3.040482 
-0.080000 0.040000 | 1.559102 
-0.040000 0.040000 | 0.631537 
0.000000 0.040000 | 0.315768 
0.040000 0.040000 | 0.631537 
0.080000 0.040000 | 1.559102 
0.120000 0.040000 | 3.040482 
0.160000 0.040000 | 4.983100 
0.200000 0.040000 | 7.265598 
0.240000 0.040000 | 9.745463 
0.280000 0.040000 | 12.267982 
0.320000 0.040000 | 14.675961 
0.360000 0.040000 | 16.819608 
0.400000 0.040000 | 18.565938 
0.440000 0.040000 | 19.807133 
0.480000 0.040000 | 20.467315 
0.520000 0.040000 | 20.507315 
0.560000 0.040000 | 19.927133 
0.600000 0.040000 | 18.765938 
0.640000 0.040000 | 17.099608 
0.680000 0.040000 | 15.035961 
0.720000 0.040000 | 12.707982 
0.760000 0.040000 | 10.265463 
0.800000 0.040000 | 7.865598 
0.840000 0.040000 | 5.663100 
0.880000 0.040000 | 3.800482 
0.920000 0.040000 | 2.399102 
0.960000 0.040000 | 1.551537 
1.000000 0.040000 | 1.315768 
1.040000 0.040000 | 1.711537 
1.080000 0.040000 | 2.719102 
1.120000 0.040000 | 4.280482 
1.160000 0.040000 | 6.303100 
1.200000 0.040000 | 8.665598 
1.240000 0.040000 | 11.225463 
1.280000 0.040000 | 13.827982 
1.320000 0.040000 | 16.315961 
1.360000 0.040000 | 18.539608 
1.400000 0.040000 | 20.365938 
1.440000 0.040000 | 21.687133 
1.480000 0.040000 | 22.427315 
1.520000 0.040000 | 22.547315 
1.560000 0.040000 | 22.047133 
1.600000 0.040000 | 20.965938 
1.640000 0.040000 | 19.379608 
1.680000 0.040000 | 17.395961 
1.720000 0.040000 | 15.147982 
1.760000 0.040000 | 12.785463 
-2.200000 0.080000 | 12.993163 
-2.160000 0.080000 | 10.550665 
-2.120000 0.080000 | 8.448047 
-2.080000 0.080000 | 6.806666 
-2.040000 0.080000 | 5.719102 
-2.000000 0.080000 | 5.243333 
-1.960000 0.080000 | 5.399102 
-1.920000 0.080000 | 6.166666 
-1.880000 0.080000 | 7.488047 
-1.840000 0.080000 | 9.270665 
-1.800000 0.080000 | 11.393163 
-1.760000 0.080000 | 13.713028 
-1.720000 0.080000 | 16.075546 
-1.680000 0.080000 | 18.323526 
-1.640000 0.080000 | 20.307173 
-1.600000 0.080000 | 21.893503 
-1.560000 0.080000 | 22.974698 
-1.520000 0.080000 | 23.474880 
-1.480000 0.080000 | 23.354880 
-1.440000 0.080000 | 22.614698 
-1.400000 0.080000 | 21.293503 
-1.360000 0.080000 | 19.467173 
-1.320000 0.080000 | 17.243526 
-1.280000 0.080000 | 14.755546 
-1.240000 0.080000 | 12.153028 
-1.200000 0.080000 | 9.593163 
-1.160000 0.080000 | 7.230665 
-1.120000 0.080000 | 5.208047 
-1.080000 0.080000 | 3.646666 
-1.040000 0.080000 | 2.639102 
-1.000000 0.080000 | 2.243333 
-0.960000 0.080000 | 2.479102 
-0.920000 0.080000 | 3.326666 
-0.880000 0.080000 | 4.728047 
-0.840000 0.080000 | 6.590665 
-0.800000 0.080000 | 8.793163 
-0.760000 0.080000 | 11.193028 
-0.720000 0.080000 | 13.635546 
-0.680000 0.080000 | 15.963526 
-0.640000 0.080000 | 18.027173 
-0.600000 0.080000 | 19.693503 
-0.560000 0.080000 | 20.854698 
-0.520000 0.080000 | 21.434880 
-0.480000 0.080000 | 21.394880 
-0.440000 0.080000 | 20.734698 
-0.400000 0.080000 | 19.493503 
-0.360000 0.080000 | 17.747173 
-0.320000 0.080000 | 15.603526 
-0.280000 0.080000 | 13.195546 
-0.240000 0.080000 | 10.673028 
-0.200000 0.080000 | 8.193163 
-0.160000 0.080000 | 5.910665 
-0.120000 0.080000 | 3.968047 
-0.080000 0.080000 | 2.486666 
-0.040000 0.080000 | 1.559102 
0.000000 0.080000 | 1.243333 
0.040000 0.080000 | 1.559102 
0.080000 0.080000 | 2.486666 
0.120000 0.080000 | 3.968047 
0.160000 0.080000 | 5.910665 
0.200000 0.080000 | 8.193163 
0.240000 0.080000 | 10.673028 
0.280000 0.080000 | 13.195546 
0.320000 0.080000 | 15.603526 
0.360000 0.080000 | 17.747173 
0.400000 0.080000 | 19.493503 
0.440000 0.080000 | 20.734698 
0.480000 0.080000 | 21.394880 
0.520000 0.080000 | 21.434880 
0.560000 0.080000 | 20.854698 
0.600000 0.080000 | 19.693503 
0.640000 0.080000 | 18.027173 
0.680000 0.080000 | 15.963526 
0.720000 0.080000 | 13.635546 
0.760000 0.080000 | 11.193028 
0.800000 0.080000 | 8.793163 
0.840000 0.080000 | 6.590665 
0.880000 0.080000 | 4.728047 
0.920000 0.080000 | 3.326666 
0.960000 0.080000 | 2.479102 
1.000000 0.080000 | 2.243333 
1.040000 0.080000 | 2.639102 
1.080000 0.080000 | 3.646666 
1.120000 0.080000 | 5.208047 
1.160000 0.080000 | 7.230665 
1.200000 0.080000 | 9.593163 
1.240000 0.080000 | 12.153028 
1.280000 0.080000 | 14.755546 
1.320000 0.080000 | 17.243526 
1.360000 0.080000 | 19.467173 
1.400000 0.080000 | 21.293503 
1.440000 0.080000 | 22.614698 
1.480000 0.080000 | 23.354880 
1.520000 0.080000 | 23.474880 
1.560000 0.080000 | 22.974698 
1.600000 0.080000 | 21.893503 
1.640000 0.080000 | 20.307173 
1.680000 0.080000 | 18.323526 
1.720000 0.080000 | 16.075546 
1.760000 0.080000 | 13.713028 
-2.200000 0.120000 | 14.474544 
-2.160000 0.120000 | 12.032046 
-2.120000 0.120000 | 9.929427 
-2.080000 0.120000 | 8.288047 
-2.040000 0.120000 | 7.200482 
-2.000000 0.120000 | 6.724714 
-1.960000 0.120000 | 6.880482 
-1.920000 0.120000 | 7.648047 
-1.880000 0.120000 | 8.969427 
-1.840000 0.120000 | 10.752046 
-1.800000 0.120000 | 12.874544 
-1.760000 0.120000 | 15.194409 
-1.720000 0.120000 | 17.556927 
-1.680000 0.120000 | 19.804907 
-1.640000 0.120000 | 21.788554 
-1.600000 0.120000 | 23.374884 
-1.560000 0.120000 | 24.456079 
-1.520000 0.120000 | 24.956261 
-1.480000 0.120000 | 24.836261 
-1.440000 0.120000 | 24.096079 
-1.400000 0.120000 | 22.774884 
-1.360000 0.120000 | 20.948554 
-1.320000 0.120000 | 18.724907 
-1.280000 0.120000 | 16.236927 
-1.240000 0.120000 | 13.634409 
-1.200000 0.120000 | 11.074544 
-1.160000 0.120000 | 8.712046 
-1.120000 0.120000 | 6.689427 
-1.080000 0.120000 | 5.128047 
-1.040000 0.120000 | 4.120482 
-1.000000 0.120000 | 3.724714 
-0.960000 0.120000 | 3.960482 
-0.920000 0.120000 | 4.808047 
-0.880000 0.120000 | 6.209427 
-0.840000 0.120000 | 8.072046 
-0.800000 0.120000 | 10.274544 
-0.760000 0.120000 | 12.674409 
-0.720000 0.120000 | 15.116927 
-0.680000 0.120000 | 17.444907 
-0.640000 0.120000 | 19.508554 
-0.600000 0.120000 | 21.174884 
-0.560000 0.120000 | 22.336079 
-0.520000 0.120000 | 22.916261 
-0.480000 0.120000 | 22.876261 
-0.440000 0.120000 | 22.216079 
-0.400000 0.120000 | 20.974884 
-0.360000 0.120000 | 19.228554 
-0.320000 0.120000 | 17.084907 
-0.280000 0.120000 | 14.676927 
-0.240000 0.120000 | 12.154409 
-0.200000 0.120000 | 9.674544 
-0.160000 0.120000 | 7.392046 
-0.120000 0.120000 | 5.449427 
-0.080000 0.120000 | 3.968047 
-0.040000 0.120000 | 3.040482 
0.000000 0.120000 | 2.724714 
0.040000 0.120000 | 3.040482 
0.080000 0.120000 | 3.968047 
0.120000 0.120000 | 5.449427 
0.160000 0.120000 | 7.392046 
0.200000 0.120000 | 9.674544 
0.240000 0.120000 | 12.154409 
0.280000 0.120000 | 14.676927 
0.320000 0.120000 | 17.084907 
0.360000 0.120000 | 19.228554 
0.400000 0.120000 | 20.974884 
0.440000 0.120000 | 22.216079 
0.480000 0.120000 | 22.876261 
0.520000 0.120000 | 22.916261 
0.560000 0.120000 | 22.336079 
0.600000 0.120000 | 21.174884 
0.640000 0.120000 | 19.508554 
0.680000 0.120000 | 17.444907 
0.720000 0.120000 | 15.116927 
0.760000 0.120000 | 12.674409 
0.800000 0.120000 | 10.274544 
0.840000 0.120000 | 8.072046 
0.880000 0.120000 | 6.209427 
0.920000 0.120000 | 4.808047 
0.960000 0.120000 | 3.960482 
1.000000 0.120000 | 3.724714 
1.040000 0.120000 | 4.120482 
1.080000 0.120000 | 5.128047 
1.120000 0.120000 | 6.689427 
1.160000 0.120000 | 8.712046 
1.200000 0.120000 | 11.074544 
1.240000 0.120000 | 13.634409 
1.280000 0.120000 | 16.236927 
1.320000 0.120000 | 18.724907 
1.360000 0.120000 | 20.948554 
1.400000 0.120000 | 22.774884 
1.440000 0.120000 | 24.096079 
1.480000 0.120000 | 24.836261 
1.520000 0.120000 | 24.956261 
1.560000 0.120000 | 24.456079 
1.600000 0.120000 | 23.374884 
1.640000 0.120000 | 21.788554 
1.680000 0.120000 | 19.804907 
1.720000 0.120000 | 17.556927 
1.760000 0.120000 | 15.194409 
-2.200000 0.160000 | 16.417162 
-2.160000 0.160000 | 13.974664 
-2.120000 0.160000 | 11.872046 
-2.080000 0.160000 | 10.230665 
-2.040000 0.160000 | 9.143100 
-2.000000 0.160000 | 8.667332 
-1.960000 0.160000 | 8.823100 
-1.920000 0.160000 | 9.590665 
-1.880000 0.160000 | 10.912046 
-1.840000 0.160000 | 12.694664 
-1.800000 0.160000 | 14.817162 
-1.760000 0.160000 | 17.137027 
-1.720000 0.160000 | 19.499545 
-1.680000 0.160000 | 21.747525 
-1.640000 0.160000 | 23.731172 
-1.600000 0.160000 | 25.317502 
-1.560000 0.160000 | 26.398697 
-1.520000 0.160000 | 26.898879 
-1.480000 0.160000 | 26.778879 
-1.440000 0.160000 | 26.038697 
-1.400000 0.160000 | 24.717502 
-1.360000 0.160000 | 22.891172 
-1.320000 0.160000 | 20.667525 
-1.280000 0.160000 | 18.179545 
-1.240000 0.160000 | 15.577027 
-1.200000 0.160000 | 13.017162 
-1.160000 0.160000 | 10.654664 
-1.120000 0.160000 | 8.632046 
-1.080000 0.160000 | 7.070665 
-1.040000 0.160000 | 6.063100 
-1.000000 0.160000 | 5.667332 
-0.960000 0.160000 | 5.903100 
-0.920000 0.160000 | 6.750665 
-0.880000 0.160000 | 8.152046 
-0.840000 0.160000 | 10.014664 
-0.800000 0.160000 | 12.217162 
-0.760000 0.160000 | 14.617027 
-0.720000 0.160000 | 17.059545 
-0.680000 0.160000 | 19.387525 
-0.640000 0.160000 | 21.451172 
-0.600000 0.160000 | 23.117502 
-0.560000 0.160000 | 24.278697 
-0.520000 0.160000 | 24.858879 
-0.480000 0.160000 | 24.818879 
-0.440000 0.160000 | 24.158697 
-0.400000 0.160000 | 22.917502 
-0.360000 0.160000 | 21.171172 
-0.320000 0.160000 | 19.027525 
-0.280000 0.160000 | 16.619545 
-0.240000 0.160000 | 14.097027 
-0.200000 0.160000 | 11.617162 
-0.160000 0.160000 | 9.334664 
-0.120000 0.160000 | 7.392046 
-0.080000 0.160000 | 5.910665 
-0.040000 0.160000 | 4.983100 
0.000000 0.160000 | 4.667332 
0.040000 0.160000 | 4.983100 
0.080000 0.160000 | 5.910665 
0.120000 0.160000 | 7.392046 
0.160000 0.160000 | 9.334664 
0.200000 0.160000 | 11.617162 
0.240000 0.160000 | 14.097027 
0.280000 0.160000 | 16.619545 
0.320000 0.160000 | 19.027525 
0.360000 0.160000 | 21.171172 
0.400000 0.160000 | 22.917502 
0.440000 0.160000 | 24.158697 
0.480000 0.160000 | 24.818879 
0.520000 0.160000 | 24.858879 
0.560000 0.160000 | 24.278697 
0.600000 0.160000 | 23.117502 
0.640000 0.160000 | 21.451172 
0.680000 0.160000 | 19.387525 
0.720000 0.160000 | 17.059545 
0.760000 0.160000 | 14.617027 
0.800000 0.160000 | 12.217162 
0.840000 0.160000 | 10.014664 
0.880000 0.160000 | 8.152046 
0.920000 0.160000 | 6.750665 
0.960000 0.160000 | 5.903100 
1.000000 0.160000 | 5.667332 
1.040000 0.160000 | 6.063100 
1.080000 0.160000 | 7.070665 
1.120000 0.160000 | 8.632046 
1.160000 0.160000 | 10.654664 
1.200000 0.160000 | 13.017162 
1.240000 0.160000 | 15.577027 
1.280000 0.160000 | 18.179545 
1.320000 0.160000 | 20.667525 
1.360000 0.160000 | 22.891172 
1.400000 0.160000 | 24.717502 
1.440000 0.160000 | 26.038697 
1.480000 0.160000 | 26.778879 
1.520000 0.160000 | 26.898879 
1.560000 0.160000 | 26.398697 
1.600000 0.160000 | 25.317502 
1.640000 0.160000 | 23.731172 
1.680000 0.160000 | 21.747525 
1.720000 0.160000 | 19.499545 
1.760000 0.160000 | 17.137027 
-2.200000 0.200000 | 18.699660 
-2.160000 0.200000 | 16.257162 
-2.120000 0.200000 | 14.154544 
-2.080000 0.200000 | 12.513163 
-2.040000 0.200000 | 11.425598 
-2.000000 0.200000 | 10.949830 
-1.960000 0.200000 | 11.105598 
-1.920000 0.200000 | 11.873163 
-1.880000 0.200000 | 13.194544 
-1.840000 0.200000 | 14.977162 
-1.800000 0.200000 | 17.099660 
-1.760000 0.200000 | 19.419525 
-1.720000 0.200000 | 21.782043 
-1.680000 0.200000 | 24.030023 
-1.640000 0.200000 | 26.013670 
-1.600000 0.200000 | 27.600000 
-1.560000 0.200000 | 28.681195 
-1.520000 0.200000 | 29.181377 
-1.480000 0.200000 | 29.061377 
-1.440000 0.200000 | 28.321195 
-1.400000 0.200000 | 27.000000 
-1.360000 0.200000 | 25.173670 
-1.320000 0.200000 | 22.950023 
-1.280000 0.200000 | 20.462043 
-1.240000 0.200000 | 17.859525 
-1.200000 0.200000 | 15.299660 
-1.160000 0.200000 | 12.937162 
-1.120000 0.200000 | 10.914544 
-1.080000 0.200000 | 9.353163 
-1.040000 0.200000 | 8.345598 
-1.000000 0.200000 | 7.949830 
-0.960000 0.200000 | 8.185598 
-0.920000 0.200000 | 9.033163 
-0.880000 0.200000 | 10.434544 
-0.840000 0.200000 | 12.297162 
-0.800000 0.200000 | 14.499660 
-0.760000 0.200000 | 16.899525 
-0.720000 0.200000 | 19.342043 
-0.680000 0.200000 | 21.670023 
-0.640000 0.200000 | 23.733670 
-0.600000 0.200000 | 25.400000 
-0.560000 0.200000 | 26.561195 
-0.520000 0.200000 | 27.141377 
-0.480000 0.200000 | 27.101377 
-0.440000 0.200000 | 26.441195 
-0.400000 0.200000 | 25.200000 
-0.360000 0.200000 | 23.453670 
-0.320000 0.200000 | 21.310023 
-0.280000 0.200000 | 18.902043 
-0.240000 0.200000 | 16.379525 
-0.200000 0.200000 | 13.899660 
-0.160000 0.200000 | 11.617162 
-0.120000 0.200000 | 9.674544 
-0.080000 0.200000 | 8.193163 
-0.040000 0.200000 | 7.265598 
0.000000 0.200000 | 6.949830 
0.040000 0.200000 | 7.265598 
0.080000 0.200000 | 8.193163 
0.120000 0.200000 | 9.674544 
0.160000 0.200000 | 11.617162 
0.200000 0.200000 | 13.899660 
0.240000 0.200000 | 16.379525 
0.280000 0.200000 | 18.902043 
0.320000 0.200000 | 21.310023 
0.360000 0.200000 | 23.453670 
0.400000 0.200000 | 25.200000 
0.440000 0.200000 | 26.441195 
0.480000 0.200000 | 27.101377 
0.520000 0.200000 | 27.141377 
0.560000 0.200000 | 26.561195 
0.600000 0.200000 | 25.400000 
0.640000 0.200000 | 23.733670 
0.680000 0.200000 | 21.670023 
0.720000 0.200000 | 19.342043 
0.760000 0.200000 | 16.899525 
0.800000 0.200000 | 14.499660 
0.840000 0.200000 | 12.297162 
0.880000 0.200000 | 10.434544 
0.920000 0.200000 | 9.033163 
0.960000 0.200000 | 8.185598 
1.000000 0.200000 | 7.949830 
1.040000 0.200000 | 8.345598 
1.080000 0.200000 | 9.353163 
1.120000 0.200000 | 10.914544 
1.160000 0.200000 | 12.937162 
1.200000 0.200000 | 15.299660 
1.240000 0.200000 | 17.859525 
1.280000 0.200000 | 20.462043 
1.320000 0.200000 | 22.950023 
1.360000 0.200000 | 25.173670 
1.400000 0.200000 | 27.000000 
1.440000 0.200000 | 28.321195 
1.480000 0.200000 | 29.061377 
1.520000 0.200000 | 29.181377 
1.560000 0.200000 | 28.681195 
1.600000 0.200000 | 27.600000 
1.640000 0.200000 | 26.013670 
1.680000 0.200000 | 24.030023 
1.720000 0.200000 | 21.782043 
1.760000 0.200000 | 19.419525 
-2.200000 0.240000 | 21.179525 
-2.160000 0.240000 | 18.737027 
-2.120000 0.240000 | 16.634409 
-2.080000 0.240000 | 14.993028 
-2.040000 0.240000 | 13.905463 
-2.000000 0.240000 | 13.429695 
-1.960000 0.240000 | 13.585463 
-1.920000 0.240000 | 14.353028 
-1.880000 0.240000 | 15.674409 
-1.840000 0.240000 | 17.457027 
-1.800000 0.240000 | 19.579525 
-1.760000 0.240000 | 21.899390 
-1.720000 0.240000 | 24.261908 
-1.680000 0.240000 | 26.509888 
-1.640000 0.240000 | 28.493535 
-1.600000 0.240000 | 30.079865 
-1.560000 0.240000 | 31.161060 
-1.520000 0.240000 | 31.661242 
-1.480000 0.240000 | 31.541242 
-1.440000 0.240000 | 30.801060 
-1.400000 0.240000 | 29.479865 
-1.360000 0.240000 | 27.653535 
-1.320000 0.240000 | 25.429888 
-1.280000 0.240000 | 22.941908 
-1.240000 0.240000 | 20.339390 
-1.200000 0.240000 | 17.779525 
-1.160000 0.240000 | 15.417027 
-1.120000 0.240000 | 13.394409 
-1.080000 0.240000 | 11.833028 
-1.040000 0.240000 | 10.825463 
-1.000000 0.240000 | 10.429695 
-0.960000 0.240000 | 10.665463 
-0.920000 0.240000 | 11.513028 
-0.880000 0.240000 | 12.914409 
-0.840000 0.240000 | 14.777027 
-0.800000 0.240000 | 16.979525 
-0.760000 0.240000 | 19.379390 
-0.720000 0.240000 | 21.821908 
-0.680000 0.240000 | 24.149888 
-0.640000 0.240000 | 26.213535 
-0.600000 0.240000 | 27.879865 
-0.560000 0.240000 | 29.041060 
-0.520000 0.240000 | 29.621242 
-0.480000 0.240000 | 29.581242 
-0.440000 0.240000 | 28.921060 
-0.400000 0.240000 | 27.679865 
-0.360000 0.240000 | 25.933535 
-0.320000 0.240000 | 23.789888 
-0.280000 0.240000 | 21.381908 
-0.240000 0.240000 | 18.859390 
-0.200000 0.240000 | 16.379525 
-0.160000 0.240000 | 14.097027 
-0.120000 0.240000 | 12.154409 
-0.080000 0.240000 | 10.673028 
-0.040000 0.240000 | 9.745463 
0.000000 0.240000 | 9.429695 
0.040000 0.240000 | 9.745463 
0.080000 0.240000 | 10.673028 
0.120000 0.240000 | 12.154409 
0.160000 0.240000 | 14.097027 
0.200000 0.240000 | 16.379525 
0.240000 0.240000 | 18.859390 
0.280000 0.240000 | 21.381908 
0.320000 0.240000 | 23.789888 
0.360000 0.240000 | 25.933535 
0.400000 0.240000 | 27.679865 
0.440000 0.240000 | 28.921060 
0.480000 0.240000 | 29.581242 
0.520000 0.240000 | 29.621242 
0.560000 0.240000 | 29.041060 
0.600000 0.240000 | 27.879865 
0.640000 0.240000 | 26.213535 
0.680000 0.240000 | 24.149888 
0.720000 0.240000 | 21.821908 
0.760000 0.240000 | 19.379390 
0.800000 0.240000 | 16.979525 
0.840000 0.240000 | 14.777027 
0.880000 0.240000 | 12.914409 
0.920000 0.240000 | 11.513028 
0.960000 0.240000 | 10.665463 
1.000000 0.240000 | 10.429695 
1.040000 0.240000 | 10.825463 
1.080000 0.240000 | 11.833028 
1.120000 0.240000 | 13.394409 
1.160000 0.240000 | 15.417027 
1.200000 0.240000 | 17.779525 
1.240000 0.240000 | 20.339390 
1.280000 0.240000 | 22.941908 
1.320000 0.240000 | 25.429888 
1.360000 0.240000 | 27.653535 
1.400000 0.240000 | 29.479865 
1.440000 0.240000 | 30.801060 
1.480000 0.240000 | 31.541242 
1.520000 0.240000 | 31.661242 
1.560000 0.240000 | 31.161060 
1.600000 0.240000 | 30.079865 
1.640000 0.240000 | 28.493535 
1.680000 0.240000 | 26.509888 
1.720000 0.240000 | 24.261908 
1.760000 0.240000 | 21.899390 
-2.200000 0.280000 | 23.702043 
-2.160000 0.280000 | 21.259545 
-2.120000 0.280000 | 19.156927 
-2.080000 0.280000 | 17.515546 
-2.040000 0.280000 | 16.427982 
-2.000000 0.280000 | 15.952213 
-1.960000 0.280000 | 16.107982 
-1.920000 0.280000 | 16.875546 
-1.880000 0.280000 | 18.196927 
-1.840000 0.280000 | 19.979545 
-1.800000 0.280000 | 22.102043 
-1.760000 0.280000 | 24.421908 
-1.720000 0.280000 | 26.784426 
-1.680000 0.280000 | 29.032406 
-1.640000 0.280000 | 31.016053 
-1.600000 0.280000 | 32.602383 
-1.560000 0.280000 | 33.683578 
-1.520000 0.280000 | 34.183760 
-1.480000 0.280000 | 34.063760 
-1.440000 0.280000 | 33.323578 
-1.400000 0.280000 | 32.002383 
-1.360000 0.280000 | 30.176053 
-1.320000 0.280000 | 27.952406 
-1.280000 0.280000 | 25.464426 
-1.240000 0.280000 | 22.861908 
-1.200000 0.280000 | 20.302043 
-1.160000 0.280000 | 17.939545 
-1.120000 0.280000 | 15.916927 
-1.080000 0.280000 | 14.355546 
-1.040000 0.280000 | 13.347982 
-1.000000 0.280000 | 12.952213 
-0.960000 0.280000 | 13.187982 
-0.920000 0.280000 | 14.035546 
-0.880000 0.280000 | 15.436927 
-0.840000 0.280000 | 17.299545 
-0.800000 0.280000 | 19.502043 
-0.760000 0.280000 | 21.901908 
-0.720000 0.280000 | 24.344426 
-0.680000 0.280000 | 26.672406 
-0.640000 0.280000 | 28.736053 
-0.600000 0.280000 | 30.402383 
-0.560000 0.280000 | 31.563578 
-0.520000 0.280000 | 32.143760 
-0.480000 0.280000 | 32.103760 
-0.440000 0.280000 | 31.443578 
-0.400000 0.280000 | 30.202383 
-0.360000 0.280000 | 28.456053 
-0.320000 0.280000 | 26.312406 
-0.280000 0.280000 | 23.904426 
-0.240000 0.280000 | 21.381908 
-0.200000 0.280000 | 18.902043 
-0.160000 0.280000 | 16.619545 
-0.120000 0.280000 | 14.676927 
-0.080000 0.280000 | 13.195546 
-0.040000 0.280000 | 12.267982 
0.000000 0.280000 | 11.952213 
0.040000 0.280000 | 12.267982 
0.080000 0.280000 | 13.195546 
0.120000 0.280000 | 14.676927 
0.160000 0.280000 | 16.619545 
0.200000 0.280000 | 18.902043 
0.240000 0.280000 | 21.381908 
0.280000 0.280000 | 23.904426 
0.320000 0.280000 | 26.312406 
0.360000 0.280000 | 28.456053 
0.400000 0.280000 | 30.202383 
0.440000 0.280000 | 31.443578 
0.480000 0.280000 | 32.103760 
0.520000 0.280000 | 32.143760 
0.560000 0.280000 | 31.563578 
0.600000 0.280000 | 30.402383 
0.640000 0.280000 | 28.736053 
0.680000 0.280000 | 26.672406 
0.720000 0.280000 | 24.344426 
0.760000 0.280000 | 21.901908 
0.800000 0.280000 | 19.502043 
0.840000 0.280000 | 17.299545 
0.880000 0.280000 | 15.436927 
0.920000 0.280000 | 14.035546 
0.960000 0.280000 | 13.187982 
1.000000 0.280000 | 12.952213 
1.040000 0.280000 | 13.347982 
1.080000 0.280000 | 14.355546 
1.120000 0.280000 | 15.916927 
1.160000 0.280000 | 17.939545 
1.200000 0.280000 | 20.302043 
1.240000 0.280000 | 22.861908 
1.280000 0.280000 | 25.464426 
1.320000 0.280000 | 27.952406 
1.360000 0.280000 | 30.176053 
1.400000 0.280000 | 32.002383 
1.440000 0.280000 | 33.323578 
1.480000 0.280000 | 34.063760 
1.520000 0.280000 | 34.183760 
1.560000 0.280000 | 33.683578 
1.600000 0.280000 | 32.602383 
1.640000 0.280000 | 31.016053 
1.680000 0.280000 | 29.032406 
1.720000 0.280000 | 26.784426 
1.760000 0.280000 | 24.421908 
-2.200000 0.320000 | 26.110023 
-2.160000 0.320000 | 23.667525 
-2.120000 0.320000 | 21.564907 
-2.080000 0.320000 | 19.923526 
-2.040000 0.320000 | 18.835961 
-2.000000 0.320000 | 18.360193 
-1.960000 0.320000 | 18.515961 
-1.920000 0.320000 | 19.283526 
-1.880000 0.320000 | 20.604907 
-1.840000 0.320000 | 22.387525 
-1.800000 0.320000 | 24.510023 
-1.760000 0.320000 | 26.829888 
-1.720000 0.320000 | 29.192406 
-1.680000 0.320000 | 31.440386 
-1.640000 0.320000 | 33.424033 
-1.600000 0.320000 | 35.010363 
-1.560000 0.320000 | 36.091558 
-1.520000 0.320000 | 36.591740 
-1.480000 0.320000 | 36.471740 
-1.440000 0.320000 | 35.731558 
-1.400000 0.320000 | 34.410363 
-1.360000 0.320000 | 32.584033 
-1.320000 0.320000 | 30.360386 
-1.280000 0.320000 | 27.872406 
-1.240000 0.320000 | 25.269888 
-1.200000 0.320000 | 22.710023 
-1.160000 0.320000 | 20.347525 
-1.120000 0.320000 | 18.324907 
-1.080000 0.320000 | 16.763526 
-1.040000 0.320000 | 15.755961 
-1.000000 0.320000 | 15.360193 
-0.960000 0.320000 | 15.595961 
-0.920000 0.320000 | 16.443526 
-0.880000 0.320000 | 17.844907 
-0.840000 0.320000 | 19.707525 
-0.800000 0.320000 | 21.910023 
-0.760000 0.320000 | 24.309888 
-0.720000 0.320000 | 26.752406 
-0.680000 0.320000 | 29.080386 
-0.640000 0.320000 | 31.144033 
-0.600000 0.320000 | 32.810363 
-0.560000 0.320000 | 33.971558 
-0.520000 0.320000 | 34.551740 
-0.480000 0.320000 | 34.511740 
-0.440000 0.320000 | 33.851558 
-0.400000 0.320000 | 32.610363 
-0.360000 0.320000 | 30.864033 
-0.320000 0.320000 | 28.720386 
-0.280000 0.320000 | 26.312406 
-0.240000 0.320000 | 23.789888 
-0.200000 0.320000 | 21.310023 
-0.160000 0.320000 | 19.027525 
-0.120000 0.320000 | 17.084907 
-0.080000 0.320000 | 15.603526 
-0.040000 0.320000 | 14.675961 
0.000000 0.320000 | 14.360193 
0.040000 0.320000 | 14.675961 
0.080000 0.320000 | 15.603526 
0.120000 0.320000 | 17.084907 
0.160000 0.320000 | 19.027525 
0.200000 0.320000 | 21.310023 
0.240000 0.320000 | 23.789888 
0.280000 0.320000 | 26.312406 
0.320000 0.320000 | 28.720386 
0.360000 0.320000 | 30.864033 
0.400000 0.320000 | 32.610363 
0.440000 0.320000 | 33.851558 
0.480000 0.320000 | 34.511740 
0.520000 0.320000 | 34.551740 
0.560000 0.320000 | 33.971558 
0.600000 0.320000 | 32.810363 
0.640000 0.320000 | 31.144033 
0.680000 0.320000 | 29.080386 
0.720000 0.320000 | 26.752406 
0.760000 0.320000 | 24.309888 
0.800000 0.320000 | 21.910023 
0.840000 0.320000 | 19.707525 
0.880000 0.320000 | 17.844907 
0.920000 0.320000 | 16.443526 
0.960000 0.320000 | 15.595961 
1.000000 0.320000 | 15.360193 
1.040000 0.320000 | 15.755961 
1.080000 0.320000 | 16.763526 
1.120000 0.320000 | 18.324907 
1.160000 0.320000 | 20.347525 
1.200000 0.320000 | 22.710023 
1.240000 0.320000 | 25.269888 
1.280000 0.320000 | 27.872406 
1.320000 0.320000 | 30.360386 
1.360000 0.320000 | 32.584033 
1.400000 0.320000 | 34.410363 
1.440000 0.320000 | 35.731558 
1.480000 0.320000 | 36.471740 
1.520000 0.320000 | 36.591740 
1.560000 0.320000 | 36.091558 
1.600000 0.320000 | 35.010363 
1.640000 0.320000 | 33.424033 
1.680000 0.320000 | 31.440386 
1.720000 0.320000 | 29.192406 
1.760000 0.320000 | 26.829888 
-2.200000 0.360000 | 28.253670 
-2.160000 0.360000 | 25.811172 
-2.120000 0.360000 | 23.708554 
-2.080000 0.360000 | 22.067173 
-2.040000 0.360000 | 20.979608 
-2.000000 0.360000 | 20.503840 
-1.960000 0.360000 | 20.659608 
-1.920000 0.360000 | 21.427173 
-1.880000 0.360000 | 22.748554 
-1.840000 0.360000 | 24.531172 
-1.800000 0.360000 | 26.653670 
-1.760000 0.360000 | 28.973535 
-1.720000 0.360000 | 31.336053 
-1.680000 0.360000 | 33.584033 
-1.640000 0.360000 | 35.567680 
-1.600000 0.360000 | 37.154010 
-1.560000 0.360000 | 38.235205 
-1.520000 0.360000 | 38.735387 
-1.480000 0.360000 | 38.615387 
-1.440000 0.360000 | 37.875205 
-1.400000 0.360000 | 36.554010 
-1.360000 0.360000 | 34.727680 
-1.320000 0.360000 | 32.504033 
-1.280000 0.360000 | 30.016053 
-1.240000 0.360000 | 27.413535 
-1.200000 0.360000 | 24.853670 
-1.160000 0.360000 | 22.491172 
-1.120000 0.360000 | 20.468554 
-1.080000 0.360000 | 18.907173 
-1.040000 0.360000 | 17.899608 
-1.000000 0.360000 | 17.503840 
-0.960000 0.360000 | 17.739608 
-0.920000 0.360000 | 18.587173 
-0.880000 0.360000 | 19.988554 
-0.840000 0.360000 | 21.851172 
-0.800000 0.360000 | 24.053670 
-0.760000 0.360000 | 26.453535 
-0.720000 0.360000 | 28.896053 
-0.680000 0.360000 | 31.224033 
-0.640000 0.360000 | 33.287680 
-0.600000 0.360000 | 34.954010 
-0.560000 0.360000 | 36.115205 
-0.520000 0.360000 | 36.695387 
-0.480000 0.360000 | 36.655387 
-0.440000 0.360000 | 35.995205 
-0.400000 0.360000 | 34.754010 
-0.360000 0.360000 | 33.007680 
-0.320000 0.360000 | 30.864033 
-0.280000 0.360000 | 28.456053 
-0.240000 0.360000 | 25.933535 
-0.200000 0.360000 | 23.453670 
-0.160000 0.360000 | 21.171172 
-0.120000 0.360000 | 19.228554 
-0.080000 0.360000 | 17.747173 
-0.040000 0.360000 | 16.819608 
0.000000 0.360000 | 16.503840 
0.040000 0.360000 | 16.819608 
0.080000 0.360000 | 17.747173 
0.120000 0.360000 | 19.228554 
0.160000 0.360000 | 21.171172 
0.200000 0.360000 | 23.453670 
0.240000 0.360000 | 25.933535 
0.280000 0.360000 | 28.456053 
0.320000 0.360000 | 30.864033 
0.360000 0.360000 | 33.007680 
0.400000 0.360000 | 34.754010 
0.440000 0.360000 | 35.995205 
0.480000 0.360000 | 36.655387 
0.520000 0.360000 | 36.695387 
0.560000 0.360000 | 36.115205 
0.600000 0.360000 | 34.954010 
0.640000 0.360000 | 33.287680 
0.680000 0.360000 | 31.224033 
0.720000 0.360000 | 28.896053 
0.760000 0.360000 | 26.453535 
0.800000 0.360000 | 24.053670 
0.840000 0.360000 | 21.851172 
0.880000 0.360000 | 19.988554 
0.920000 0.360000 | 18.587173 
0.960000 0.360000 | 17.739608 
1.000000 0.360000 | 17.503840 
1.040000 0.360000 | 17.899608 
1.080000 0.360000 | 18.907173 
1.120000 0.360000 | 20.468554 
1.160000 0.360000 | 22.491172 
1.200000 0.360000 | 24.853670 
1.240000 0.360000 | 27.413535 
1.280000 0.360000 | 30.016053 
1.320000 0.360000 | 32.504033 
1.360000 0.360000 | 34.727680 
1.400000 0.360000 | 36.554010 
1.440000 0.360000 | 37.875205 
1.480000 0.360000 | 38.615387 
1.520000 0.360000 | 38.735387 
1.560000 0.360000 | 38.235205 
1.600000 0.360000 | 37.154010 
1.640000 0.360000 | 35.567680 
1.680000 0.360000 | 33.584033 
1.720000 0.360000 | 31.336053 
1.760000 0.360000 | 28.973535 
-2.200000 0.400000 | 30.000000 
-2.160000 0.400000 | 27.557502 
-2.120000 0.400000 | 25.454884 
-2.080000 0.400000 | 23.813503 
-2.040000 0.400000 | 22.725938 
-2.000000 0.400000 | 22.250170 
-1.960000 0.400000 | 22.405938 
-1.920000 0.400000 | 23.173503 
-1.880000 0.400000 | 24.494884 
-1.840000 0.400000 | 26.277502 
-1.800000 0.400000 | 28.400000 
-1.760000 0.400000 | 30.719865 
-1.720000 0.400000 | 33.082383 
-1.680000 0.400000 | 35.330363 
-1.640000 0.400000 | 37.314010 
-1.600000 0.400000 | 38.900340 
-1.560000 0.400000 | 39.981535 
-1.520000 0.400000 | 40.481717 
-1.480000 0.400000 | 40.361717 
-1.440000 0.400000 | 39.621535 
-1.400000 0.400000 | 38.300340 
-1.360000 0.400000 | 36.474010 
-1.320000 0.400000 | 34.250363 
-1.280000 0.400000 | 31.762383 
-1.240000 0.400000 | 29.159865 
-1.200000 0.400000 | 26.600000 
-1.160000 0.400000 | 24.237502 
-1.120000 0.400000 | 22.214884 
-1.080000 0.400000 | 20.653503 
-1.040000 0.400000 | 19.645938 
-1.000000 0.400000 | 19.250170 
-0.960000 0.400000 | 19.485938 
-0.920000 0.400000 | 20.333503 
-0.880000 0.400000 | 21.734884 
-0.840000 0.400000 | 23.597502 
-0.800000 0.400000 | 25.800000 
-0.760000 0.400000 | 28.199865 
-0.720000 0.400000 | 30.642383 
-0.680000 0.400000 | 32.970363 
-0.640000 0.400000 | 35.034010 
-0.600000 0.400000 | 36.700340 
-0.560000 0.400000 | 37.861535 
-0.520000 0.400000 | 38.441717 
-0.480000 0.400000 | 38.401717 
-0.440000 0.400000 | 37.741535 
-0.400000 0.400000 | 36.500340 
-0.360000 0.400000 | 34.754010 
-0.320000 0.400000 | 32.610363 
-0.280000 0.400000 | 30.202383 
-0.240000 0.400000 | 27.679865 
-0.200000 0.400000 | 25.200000 
-0.160000 0.400000 | 22.917502 
-0.120000 0.400000 | 20.974884 
-0.080000 0.400000 | 19.493503 
-0.040000 0.400000 | 18.565938 
0.000000 0.400000 | 18.250170 
0.040000 0.400000 | 18.565938 
0.080000 0.400000 | 19.493503 
0.120000 0.400000 | 20.974884 
0.160000 0.400000 | 22.917502 
0.200000 0.400000 | 25.200000 
0.240000 0.400000 | 27.679865 
0.280000 0.400000 | 30.202383 
0.320000 0.400000 | 32.610363 
0.360000 0.400000 | 34.754010 
0.400000 0.400000 | 36.500340 
0.440000 0.400000 | 37.741535 
0.480000 0.400000 | 38.401717 
0.520000 0.400000 | 38.441717 
0.560000 0.400000 | 37.861535 
0.600000 0.400000 | 36.700340 
0.640000 0.400000 | 35.034010 
0.680000 0.400000 | 32.970363 
0.720000 0.400000 | 30.642383 
0.760000 0.400000 | 28.199865 
0.800000 0.400000 | 25.800000 
0.840000 0.400000 | 23.597502 
0.880000 0.400000 | 21.734884 
0.920000 0.400000 | 20.333503 
0.960000 0.400000 | 19.485938 
1.000000 0.400000 | 19.250170 
1.040000 0.400000 | 19.645938 
1.080000 0.400000 | 20.653503 
1.120000 0.400000 | 22.214884 
1.160000 0.400000 | 24.237502 
1.200000 0.400000 | 26.600000 
1.240000 0.400000 | 29.159865 
1.280000 0.400000 | 31.762383 
1.320000 0.400000 | 34.250363 
1.360000 0.400000 | 36.474010 
1.400000 0.400000 | 38.300340 
1.440000 0.400000 | 39.621535 
1.480000 0.400000 | 40.361717 
1.520000 0.400000 | 40.481717 
1.560000 0.400000 | 39.981535 
1.600000 0.400000 | 38.900340 
1.640000 0.400000 | 37.314010 
1.680000 0.400000 | 35.330363 
1.720000 0.400000 | 33.082383 
1.760000 0.400000 | 30.719865 
-2.200000 0.440000 | 31.241195 
-2.160000 0.440000 | 28.798697 
-2.120000 0.440000 | 26.696079 
-2.080000 0.440000 | 25.054698 
-2.040000 0.440000 | 23.967133 
-2.000000 0.440000 | 23.491365 
-1.960000 0.440000 | 23.647133 
-1.920000 0.440000 | 24.414698 
-1.880000 0.440000 | 25.736079 
-1.840000 0.440000 | 27.518697 
-1.800000 0.440000 | 29.641195 
-1.760000 0.440000 | 31.961060 
-1.720000 0.440000 | 34.323578 
-1.680000 0.440000 | 36.571558 
-1.640000 0.440000 | 38.555205 
-1.600000 0.440000 | 40.141535 
-1.560000 0.440000 | 41.222730 
-1.520000 0.440000 | 41.722912 
-1.480000 0.440000 | 41.602912 
-1.440000 0.440000 | 40.862730 
-1.400000 0.440000 | 39.541535 
-1.360000 0.440000 | 37.715205 
-1.320000 0.440000 | 35.491558 
-1.280000 0.440000 | 33.003578 
-1.240000 0.440000 | 30.401060 
-1.200000 0.440000 | 27.841195 
-1.160000 0.440000 | 25.478697 
-1.120000 0.440000 | 23.456079 
-1.080000 0.440000 | 21.894698 
-1.040000 0.440000 | 20.887133 
-1.000000 0.440000 | 20.491365 
-0.960000 0.440000 | 20.727133 
-0.920000 0.440000 | 21.574698 
-0.880000 0.440000 | 22.976079 
-0.840000 0.440000 | 24.838697 
-0.800000 0.440000 | 27.041195 
-0.760000 0.440000 | 29.441060 
-0.720000 0.440000 | 31.883578 
-0.680000 0.440000 | 34.211558 
-0.640000 0.440000 | 36.275205 
-0.600000 0.440000 | 37.941535 
-0.560000 0.440000 | 39.102730 
-0.520000 0.440000 | 39.682912 
-0.480000 0.440000 | 39.642912 
-0.440000 0.440000 | 38.982730 
-0.400000 0.440000 | 37.741535 
-0.360000 0.440000 | 35.995205 
-0.320000 0.440000 | 33.851558 
-0.280000 0.440000 | 31.443578 
-0.240000 0.440000 | 28.921060 
-0.200000 0.440000 | 26.441195 
-0.160000 0.440000 | 24.158697 
-0.120000 0.440000 | 22.216079 
-0.080000 0.440000 | 20.734698 
-0.040000 0.440000 | 19.807133 
0.000000 0.440000 | 19.491365 
0.040000 0.440000 | 19.807133 
0.080000 0.440000 | 20.734698 
0.120000 0.440000 | 22.216079 
0.160000 0.440000 | 24.158697 
0.200000 0.440000 | 26.441195 
0.240000 0.440000 | 28.921060 
0.280000 0.440000 | 31.443578 
0.320000 0.440000 | 33.851558 
0.360000 0.440000 | 35.995205 
0.400000 0.440000 | 37.741535 
0.440000 0.440000 | 38.982730 
0.480000 0.440000 | 39.642912 
0.520000 0.440000 | 39.682912 
0.560000 0.440000 | 39.102730 
0.600000 0.440000 | 37.941535 
0.640000 0.440000 | 36.275205 
0.680000 0.440000 | 34.211558 
0.720000 0.440000 | 31.883578 
0.760000 0.440000 | 29.441060 
0.800000 0.440000 | 27.041195 
0.840000 0.440000 | 24.838697 
0.880000 0.440000 | 22.976079 
0.920000 0.440000 | 21.574698 
0.960000 0.440000 | 20.727133 
1.000000 0.440000 | 20.491365 
1.040000 0.440000 | 20.887133 
1.080000 0.440000 | 21.894698 
1.120000 0.440000 | 23.456079 
1.160000 0.440000 | 25.478697 
1.200000 0.440000 | 27.841195 
1.240000 0.440000 | 30.401060 
1.280000 0.440000 | 33.003578 
1.320000 0.440000 | 35.491558 
1.360000 0.440000 | 37.715205 
1.400000 0.440000 | 39.541535 
1.440000 0.440000 | 40.862730 
1.480000 0.440000 | 41.602912 
1.520000 0.440000 | 41.722912 
1.560000 0.440000 | 41.222730 
1.600000 0.440000 | 40.141535 
1.640000 0.440000 | 38.555205 
1.680000 0.440000 | 36.571558 
1.720000 0.440000 | 34.323578 
1.760000 0.440000 | 31.961060 
-2.200000 0.480000 | 31.901377 
-2.160000 0.480000 | 29.458879 
-2.120000 0.480000 | 27.356261 
-2.080000 0.480000 | 25.714880 
-2.040000 0.480000 | 24.627315 
-2.000000 0.480000 | 24.151547 
-1.960000 0.480000 | 24.307315 
-1.920000 0.480000 | 25.074880 
-1.880000 0.480000 | 26.396261 
-1.840000 0.480000 | 28.178879 
-1.800000 0.480000 | 30.301377 
-1.760000 0.480000 | 32.621242 
-1.720000 0.480000 | 34.983760 
-1.680000 0.480000 | 37.231740 
-1.640000 0.480000 | 39.215387 
-1.600000 0.480000 | 40.801717 
-1.560000 0.480000 | 41.882912 
-1.520000 0.480000 | 42.383094 
-1.480000 0.480000 | 42.263094 
-1.440000 0.480000 | 41.522912 
-1.400000 0.480000 | 40.201717 
-1.360000 0.480000 | 38.375387 
-1.320000 0.480000 | 36.151740 
-1.280000 0.480000 | 33.663760 
-1.240000 0.480000 | 31.061242 
-1.200000 0.480000 | 28.501377 
-1.160000 0.480000 | 26.138879 
-1.120000 0.480000 | 24.116261 
-1.080000 0.480000 | 22.554880 
-1.040000 0.480000 | 21.547315 
-1.000000 0.480000 | 21.151547 
-0.960000 0.480000 | 21.387315 
-0.920000 0.480000 | 22.234880 
-0.880000 0.480000 | 23.636261 
-0.840000 0.480000 | 25.498879 
-0.800000 0.480000 | 27.701377 
-0.760000 0.480000 | 30.101242 
-0.720000 0.480000 | 32.543760 
-0.680000 0.480000 | 34.871740 
-0.640000 0.480000 | 36.935387 
-0.600000 0.480000 | 38.601717 
-0.560000 0.480000 | 39.762912 
-0.520000 0.480000 | 40.343094 
-0.480000 0.480000 | 40.303094 
-0.440000 0.480000 | 39.642912 
-0.400000 0.480000 | 38.401717 
-0.360000 0.480000 | 36.655387 
-0.320000 0.480000 | 34.511740 
-0.280000 0.480000 | 32.103760 
-0.240000 0.480000 | 29.581242 
-0.200000 0.480000 | 27.101377 
-0.160000 0.480000 | 24.818879 
-0.120000 0.480000 | 22.876261 
-0.080000 0.480000 | 21.394880 
-0.040000 0.480000 | 20.467315 
0.000000 0.480000 | 20.151547 
0.040000 0.480000 | 20.467315 
0.080000 0.480000 | 21.394880 
0.120000 0.480000 | 22.876261 
0.160000 0.480000 | 24.818879 
0.200000 0.480000 | 27.101377 
0.240000 0.480000 | 29.581242 
0.280000 0.480000 | 32.103760 
0.320000 0.480000 | 34.511740 
0.360000 0.480000 | 36.655387 
0.400000 0.480000 | 38.401717 
0.440000 0.480000 | 39.642912 
0.480000 0.480000 | 40.303094 
0.520000 0.480000 | 40.343094 
0.560000 0.480000 | 39.762912 
0.600000 0.480000 | 38.601717 
0.640000 0.480000 | 36.935387 
0.680000 0.480000 | 34.871740 
0.720000 0.480000 | 32.543760 
0.760000 0.480000 | 30.101242 
0.800000 0.480000 | 27.701377 
0.840000 0.480000 | 25.498879 
0.880000 0.480000 | 23.636261 
0.920000 0.480000 | 22.234880 
0.960000 0.480000 | 21.387315 
1.000000 0.480000 | 21.151547 
1.040000 0.480000 | 21.547315 
1.080000 0.480000 | 22.554880 
1.120000 0.480000 | 24.116261 
1.160000 0.480000 | 26.138879 
1.200000 0.480000 | 28.501377 
1.240000 0.480000 | 31.061242 
1.280000 0.480000 | 33.663760 
1.320000 0.480000 | 36.151740 
1.360000 0.480000 | 38.375387 
1.400000 0.480000 | 40.201717 
1.440000 0.480000 | 41.522912 
1.480000 0.480000 | 42.263094 
1.520000 0.480000 | 42.383094 
1.560000 0.480000 | 41.882912 
1.600000 0.480000 | 40.801717 
1.640000 0.480000 | 39.215387 
1.680000 0.480000 | 37.231740 
1.720000 0.480000 | 34.983760 
1.760000 0.480000 | 32.621242 
-2.200000 0.520000 | 31.941377 
-2.160000 0.520000 | 29.498879 
-2.120000 0.520000 | 27.396261 
-2.080000 0.520000 | 25.754880 
-2.040000 0.520000 | 24.667315 
-2.000000 0.520000 | 24.191547 
-1.960000 0.520000 | 24.347315 
-1.920000 0.520000 | 25.114880 
-1.880000 0.520000 | 26.436261 
-1.840000 0.520000 | 28.218879 
-1.800000 0.520000 | 30.341377 
-1.760000 0.520000 | 32.661242 
-1.720000 0.520000 | 35.023760 
-1.680000 0.520000 | 37.271740 
-1.640000 0.520000 | 39.255387 
-1.600000 0.520000 | 40.841717 
-1.560000 0.520000 | 41.922912 
-1.520000 0.520000 | 42.423094 
-1.480000 0.520000 | 42.303094 
-1.440000 0.520000 | 41.562912 
-1.400000 0.520000 | 40.241717 
-1.360000 0.520000 | 38.415387 
-1.320000 0.520000 | 36.191740 
-1.280000 0.520000 | 33.703760 
-1.240000 0.520000 | 31.101242 
-1.200000 0.520000 | 28.541377 
-1.160000 0.520000 | 26.178879 
-1.120000 0.520000 | 24.156261 
-1.080000 0.520000 | 22.594880 
-1.040000 0.520000 | 21.587315 
-1.000000 0.520000 | 21.191547 
-0.960000 0.520000 | 21.427315 
-0.920000 0.520000 | 22.274880 
-0.880000 0.520000 | 23.676261 
-0.840000 0.520000 | 25.538879 
-0.800000 0.520000 | 27.741377 
-0.760000 0.520000 | 30.141242 
-0.720000 0.520000 | 32.583760 
-0.680000 0.520000 | 34.911740 
-0.640000 0.520000 | 36.975387 
-0.600000 0.520000 | 38.641717 
-0.560000 0.520000 | 39.802912 
-0.520000 0.520000 | 40.383094 
-0.480000 0.520000 | 40.343094 
-0.440000 0.520000 | 39.682912 
-0.400000 0.520000 | 38.441717 
-0.360000 0.520000 | 36.695387 
-0.320000 0.520000 | 34.551740 
-0.280000 0.520000 | 32.143760 
-0.240000 0.520000 | 29.621242 
-0.200000 0.520000 | 27.141377 
-0.160000 0.520000 | 24.858879 
-0.120000 0.520000 | 22.916261 
-0.080000 0.520000 | 21.434880 
-0.040000 0.520000 | 20.507315 
0.000000 0.520000 | 20.191547 
0.040000 0.520000 | 20.507315 
0.080000 0.520000 | 21.434880 
0.120000 0.520000 | 22.916261 
0.160000 0.520000 | 24.858879 
0.200000 0.520000 | 27.141377 
0.240000 0.520000 | 29.621242 
0.280000 0.520000 | 32.143760 
0.320000 0.520000 | 34.551740 
0.360000 0.520000 | 36.695387 
0.400000 0.520000 | 38.441717 
0.440000 0.520000 | 39.682912 
0.480000 0.520000 | 40.343094 
0.520000 0.520000 | 40.383094 
0.560000 0.520000 | 39.802912 
0.600000 0.520000 | 38.641717 
0.640000 0.520000 | 36.975387 
0.680000 0.520000 | 34.911740 
0.720000 0.520000 | 32.583760 
0.760000 0.520000 | 30.141242 
0.800000 0.520000 | 27.741377 
0.840000 0.520000 | 25.538879 
0.880000 0.520000 | 23.676261 
0.920000 0.520000 | 22.274880 
0.960000 0.520000 | 21.427315 
1.000000 0.520000 | 21.191547 
1.040000 0.520000 | 21.587315 
1.080000 0.520000 | 22.594880 
1.120000 0.520000 | 24.156261 
1.160000 0.520000 | 26.178879 
1.200000 0.520000 | 28.541377 
1.240000 0.520000 | 31.101242 
1.280000 0.520000 | 33.703760 
1.320000 0.520000 | 36.191740 
1.360000 0.520000 | 38.415387 
1.400000 0.520000 | 40.241717 
1.440000 0.520000 | 41.562912 
1.480000 0.520000 | 42.303094 
1.520000 0.520000 | 42.423094 
1.560000 0.520000 | 41.922912 
1.600000 0.520000 | 40.841717 
1.640000 0.520000 | 39.255387 
1.680000 0.520000 | 37.271740 
1.720000 0.520000 | 35.023760 
1.760000 0.520000 | 32.661242 
-2.200000 0.560000 | 31.361195 
-2.160000 0.560000 | 28.918697 
-2.120000 0.560000 | 26.816079 
-2.080000 0.560000 | 25.174698 
-2.040000 0.560000 | 24.087133 
-2.000000 0.560000 | 23.611365 
-1.960000 0.560000 | 23.767133 
-1.920000 0.560000 | 24.534698 
-1.880000 0.560000 | 25.856079 
-1.840000 0.560000 | 27.638697 
-1.800000 0.560000 | 29.761195 
-1.760000 0.560000 | 32.081060 
-1.720000 0.560000 | 34.443578 
-1.680000 0.560000 | 36.691558 
-1.640000 0.560000 | 38.675205 
-1.600000 0.560000 | 40.261535 
-1.560000 0.560000 | 41.342730 
-1.520000 0.560000 | 41.842912 
-1.480000 0.560000 | 41.722912 
-1.440000 0.560000 | 40.982730 
-1.400000 0.560000 | 39.661535 
-1.360000 0.560000 | 37.835205 
-1.320000 0.560000 | 35.611558 
-1.280000 0.560000 | 33.123578 
-1.240000 0.560000 | 30.521060 
-1.200000 0.560000 | 27.961195 
-1.160000 0.560000 | 25.598697 
-1.120000 0.560000 | 23.576079 
-1.080000 0.560000 | 22.014698 
-1.040000 0.560000 | 21.007133 
-1.000000 0.560000 | 20.611365 
-0.960000 0.560000 | 20.847133 
-0.920000 0.560000 | 21.694698 
-0.880000 0.560000 | 23.096079 
-0.840000 0.560000 | 24.958697 
-0.800000 0.560000 | 27.161195 
-0.760000 0.560000 | 29.561060 
-0.720000 0.560000 | 32.003578 
-0.680000 0.560000 | 34.331558 
-0.640000 0.560000 | 36.395205 
-0.600000 0.560000 | 38.061535 
-0.560000 0.560000 | 39.222730 
-0.520000 0.560000 | 39.802912 
-0.480000 0.560000 | 39.762912 
-0.440000 0.560000 | 39.102730 
-0.400000 0.560000 | 37.861535 
-0.360000 0.560000 | 36.115205 
-0.320000 0.560000 | 33.971558 
-0.280000 0.560000 | 31.563578 
-0.240000 0.560000 | 29.041060 
-0.200000 0.560000 | 26.561195 
-0.160000 0.560000 | 24.278697 
-0.120000 0.560000 | 22.336079 
-0.080000 0.560000 | 20.854698 
-0.040000 0.560000 | 19.927133 
0.000000 0.560000 | 19.611365 
0.040000 0.560000 | 19.927133 
0.080000 0.560000 | 20.854698 
0.120000 0.560000 | 22.336079 
0.160000 0.560000 | 24.278697 
0.200000 0.560000 | 26.561195 
0.240000 0.560000 | 29.041060 
0.280000 0.560000 | 31.563578 
0.320000 0.560000 | 33.971558 
0.360000 0.560000 | 36.115205 
0.400000 0.560000 | 37.861535 
0.440000 0.560000 | 39.102730 
0.480000 0.560000 | 39.762912 
0.520000 0.560000 | 39.802912 
0.560000 0.560000 | 39.222730 
0.600000 0.560000 | 38.061535 
0.640000 0.560000 | 36.395205 
0.680000 0.560000 | 34.331558 
0.720000 0.560000 | 32.003578 
0.760000 0.560000 | 29.561060 
0.800000 0.560000 | 27.161195 
0.840000 0.560000 | 24.958697 
0.880000 0.560000 | 23.096079 
0.920000 0.560000 | 21.694698 
0.960000 0.560000 | 20.847133 
1.000000 0.560000 | 20.611365 
1.040000 0.560000 | 21.007133 
1.080000 0.560000 | 22.014698 
1.120000 0.560000 | 23.576079 
1.160000 0.560000 | 25.598697 
1.200000 0.560000 | 27.961195 
1.240000 0.560000 | 30.521060 
1.280000 0.560000 | 33.123578 
1.320000 0.560000 | 35.611558 
1.360000 0.560000 | 37.835205 
1.400000 0.560000 | 39.661535 
1.440000 0.560000 | 40.982730 
1.480000 0.560000 | 41.722912 
1.520000 0.560000 | 41.842912 
1.560000 0.560000 | 41.342730 
1.600000 0.560000 | 40.261535 
1.640000 0.560000 | 38.675205 
1.680000 0.560000 | 36.691558 
1.720000 0.560000 | 34.443578 
1.760000 0.560000 | 32.081060 
-2.200000 0.600000 | 30.200000 
-2.160000 0.600000 | 27.757502 
-2.120000 0.600000 | 25.654884 
-2.080000 0.600000 | 24.013503 
-2.040000 0.600000 | 22.925938 
-2.000000 0.600000 | 22.450170 
-1.960000 0.600000 | 22.605938 
-1.920000 0.600000 | 23.373503 
-1.880000 0.600000 | 24.694884 
-1.840000 0.600000 | 26.477502 
-1.800000 0.600000 | 28.600000 
-1.760000 0.600000 | 30.919865 
-1.720000 0.600000 | 33.282383 
-1.680000 0.600000 | 35.530363 
-1.640000 0.600000 | 37.514010 
-1.600000 0.600000 | 39.100340 
-1.560000 0.600000 | 40.181535 
-1.520000 0.600000 | 40.681717 
-1.480000 0.600000 | 40.561717 
-1.440000 0.600000 | 39.821535 
-1.400000 0.600000 | 38.500340 
-1.360000 0.600000 | 36.674010 
-1.320000 0.600000 | 34.450363 
-1.280000 0.600000 | 31.962383 
-1.240000 0.600000 | 29.359865 
-1.200000 0.600000 | 26.800000 
-1.160000 0.600000 | 24.437502 
-1.120000 0.600000 | 22.414884 
-1.080000 0.600000 | 20.853503 
-1.040000 0.600000 | 19.845938 
-1.000000 0.600000 | 19.450170 
-0.960000 0.600000 | 19.685938 
-0.920000 0.600000 | 20.533503 
-0.880000 0.600000 | 21.934884 
-0.840000 0.600000 | 23.797502 
-0.800000 0.600000 | 26.000000 
-0.760000 0.600000 | 28.399865 
-0.720000 0.600000 | 30.842383 
-0.680000 0.600000 | 33.170363 
-0.640000 0.600000 | 35.234010 
-0.600000 0.600000 | 36.900340 
-0.560000 0.600000 | 38.061535 
-0.520000 0.600000 | 38.641717 
-0.480000 0.600000 | 38.601717 
-0.440000 0.600000 | 37.941535 
-0.400000 0.600000 | 36.700340 
-0.360000 0.600000 | 34.954010 
-0.320000 0.600000 | 32.810363 
-0.280000 0.600000 | 30.402383 
-0.240000 0.600000 | 27.879865 
-0.200000 0.600000 | 25.400000 
-0.160000 0.600000 | 23.117502 
-0.120000 0.600000 | 21.174884 
-0.080000 0.600000 | 19.693503 
-0.040000 0.600000 | 18.765938 
0.000000 0.600000 | 18.450170 
0.040000 0.600000 | 18.765938 
0.080000 0.600000 | 19.693503 
0.120000 0.600000 | 21.174884 
0.160000 0.600000 | 23.117502 
0.200000 0.600000 | 25.400000 
0.240000 0.600000 | 27.879865 
0.280000 0.600000 | 30.402383 
0.320000 0.600000 | 32.810363 
0.360000 0.600000 | 34.954010 
0.400000 0.600000 | 36.700340 
0.440000 0.600000 | 37.941535 
0.480000 0.600000 | 38.601717 
0.520000 0.600000 | 38.641717 
0.560000 0.600000 | 38.061535 
0.600000 0.600000 | 36.900340 
0.640000 0.600000 | 35.234010 
0.680000 0.600000 | 33.170363 
0.720000 0.600000 | 30.842383 
0.760000 0.600000 | 28.399865 
0.800000 0.600000 | 26.000000 
0.840000 0.600000 | 23.797502 
0.880000 0.600000 | 21.934884 
0.920000 0.600000 | 20.533503 
0.960000 0.600000 | 19.685938 
1.000000 0.600000 | 19.450170 
1.040000 0.600000 | 19.845938 
1.080000 0.600000 | 20.853503 
1.120000 0.600000 | 22.414884 
1.160000 0.600000 | 24.437502 
1.200000 0.600000 | 26.800000 
1.240000 0.600000 | 29.359865 
1.280000 0.600000 | 31.962383 
1.320000 0.600000 | 34.450363 
1.360000 0.600000 | 36.674010 
1.400000 0.600000 | 38.500340 
1.440000 0.600000 | 39.821535 
1.480000 0.600000 | 40.561717 
1.520000 0.600000 | 40.681717 
1.560000 0.600000 | 40.181535 
1.600000 0.600000 | 39.100340 
1.640000 0.600000 | 37.514010 
1.680000 0.600000 | 35.530363 
1.720000 0.600000 | 33.282383 
1.760000 0.600000 | 30.919865 
-2.200000 0.640000 | 28.533670 
-2.160000 0.640000 | 26.091172 
-2.120000 0.640000 | 23.988554 
-2.080000 0.640000 | 22.347173 
-2.040000 0.640000 | 21.259608 
-2.000000 0.640000 | 20.783840 
-1.960000 0.640000 | 20.939608 
-1.920000 0.640000 | 21.707173 
-1.880000 0.640000 | 23.028554 
-1.840000 0.640000 | 24.811172 
-1.800000 0.640000 | 26.933670 
-1.760000 0.640000 | 29.253535 
-1.720000 0.640000 | 31.616053 
-1.680000 0.640000 | 33.864033 
-1.640000 0.640000 | 35.847680 
-1.600000 0.640000 | 37.434010 
-1.560000 0.640000 | 38.515205 
-1.520000 0.640000 | 39.015387 
-1.480000 0.640000 | 38.895387 
-1.440000 0.640000 | 38.155205 
-1.400000 0.640000 | 36.834010 
-1.360000 0.640000 | 35.007680 
-1.320000 0.640000 | 32.784033 
-1.280000 0.640000 | 30.296053 
-1.240000 0.640000 | 27.693535 
-1.200000 0.640000 | 25.133670 
-1.160000 0.640000 | 22.771172 
-1.120000 0.640000 | 20.748554 
-1.080000 0.640000 | 19.187173 
-1.040000 0.640000 | 18.179608 
-1.000000 0.640000 | 17.783840 
-0.960000 0.640000 | 18.019608 
-0.920000 0.640000 | 18.867173 
-0.880000 0.640000 | 20.268554 
-0.840000 0.640000 | 22.131172 
-0.800000 0.640000 | 24.333670 
-0.760000 0.640000 | 26.733535 
-0.720000 0.640000 | 29.176053 
-0.680000 0.640000 | 31.504033 
-0.640000 0.640000 | 33.567680 
-0.600000 0.640000 | 35.234010 
-0.560000 0.640000 | 36.395205 
-0.520000 0.640000 | 36.975387 
-0.480000 0.640000 | 36.935387 
-0.440000 0.640000 | 36.275205 
-0.400000 0.640000 | 35.034010 
-0.360000 0.640000 | 33.287680 
-0.320000 0.640000 | 31.144033 
-0.280000 0.640000 | 28.736053 
-0.240000 0.640000 | 26.213535 
-0.200000 0.640000 | 23.733670 
-0.160000 0.640000 | 21.451172 
-0.120000 0.640000 | 19.508554 
-0.080000 0.640000 | 18.027173 
-0.040000 0.640000 | 17.099608 
0.000000 0.640000 | 16.783840 
0.040000 0.640000 | 17.099608 
0.080000 0.640000 | 18.027173 
0.120000 0.640000 | 19.508554 
0.160000 0.640000 | 21.451172 
0.200000 0.640000 | 23.733670 
0.240000 0.640000 | 26.213535 
0.280000 0.640000 | 28.736053 
0.320000 0.640000 | 31.144033 
0.360000 0.640000 | 33.287680 
0.400000 0.640000 | 35.034010 
0.440000 0.640000 | 36.275205 
0.480000 0.640000 | 36.935387 
0.520000 0.640000 | 36.975387 
0.560000 0.640000 | 36.395205 
0.600000 0.640000 | 35.234010 
0.640000 0.640000 | 33.567680 
0.680000 0.640000 | 31.504033 
0.720000 0.640000 | 29.176053 
0.760000 0.640000 | 26.733535 
0.800000 0.640000 | 24.333670 
0.840000 0.640000 | 22.131172 
0.880000 0.640000 | 20.268554 
0.920000 0.640000 | 18.867173 
0.960000 0.640000 | 18.019608 
1.000000 0.640000 | 17.783840 
1.040000 0.640000 | 18.179608 
1.080000 0.640000 | 19.187173 
1.120000 0.640000 | 20.748554 
1.160000 0.640000 | 22.771172 
1.200000 0.640000 | 25.133670 
1.240000 0.640000 | 27.693535 
1.280000 0.640000 | 30.296053 
1.320000 0.640000 | 32.784033 
1.360000 0.640000 | 35.007680 
1.400000 0.640000 | 36.834010 
1.440000 0.640000 | 38.155205 
1.480000 0.640000 | 38.895387 
1.520000 0.640000 | 39.015387 
1.560000 0.640000 | 38.515205 
1.600000 0.640000 | 37.434010 
1.640000 0.640000 | 35.847680 
1.680000 0.640000 | 33.864033 
1.720000 0.640000 | 31.616053 
1.760000 0.640000 | 29.253535 
-2.200000 0.680000 | 26.470023 
-2.160000 0.680000 | 24.027525 
-2.120000 0.680000 | 21.924907 
-2.080000 0.680000 | 20.283526 
-2.040000 0.680000 | 19.195961 
-2.000000 0.680000 | 18.720193 
-1.960000 0.680000 | 18.875961 
-1.920000 0.680000 | 19.643526 
-1.880000 0.680000 | 20.964907 
-1.840000 0.680000 | 22.747525 
-1.800000 0.680000 | 24.870023 
-1.760000 0.680000 | 27.189888 
-1.720000 0.680000 | 29.552406 
-1.680000 0.680000 | 31.800386 
-1.640000 0.680000 | 33.784033 
-1.600000 0.680000 | 35.370363 
-1.560000 0.680000 | 36.451558 
-1.520000 0.680000 | 36.951740 
-1.480000 0.680000 | 36.831740 
-1.440000 0.680000 | 36.091558 
-1.400000 0.680000 | 34.770363 
-1.360000 0.680000 | 32.944033 
-1.320000 0.680000 | 30.720386 
-1.280000 0.680000 | 28.232406 
-1.240000 0.680000 | 25.629888 
-1.200000 0.680000 | 23.070023 
-1.160000 0.680000 | 20.707525 
-1.120000 0.680000 | 18.684907 
-1.080000 0.680000 | 17.123526 
-1.040000 0.680000 | 16.115961 
-1.000000 0.680000 | 15.720193 
-0.960000 0.680000 | 15.955961 
-0.920000 0.680000 | 16.803526 
-0.880000 0.680000 | 18.204907 
-0.840000 0.680000 | 20.067525 
-0.800000 0.680000 | 22.270023 
-0.760000 0.680000 | 24.669888 
-0.720000 0.680000 | 27.112406 
-0.680000 0.680000 | 29.440386 
-0.640000 0.680000 | 31.504033 
-0.600000 0.680000 | 33.170363 
-0.560000 0.680000 | 34.331558 
-0.520000 0.680000 | 34.911740 
-0.480000 0.680000 | 34.871740 
-0.440000 0.680000 | 34.211558 
-0.400000 0.680000 | 32.970363 
-0.360000 0.680000 | 31.224033 
-0.320000 0.680000 | 29.080386 
-0.280000 0.680000 | 26.672406 
-0.240000 0.680000 | 24.149888 
-0.200000 0.680000 | 21.670023 
-0.160000 0.680000 | 19.387525 
-0.120000 0.680000 | 17.444907 
-0.080000 0.680000 | 15.963526 
-0.040000 0.680000 | 15.035961 
0.000000 0.680000 | 14.720193 
0.040000 0.680000 | 15.035961 
0.080000 0.680000 | 15.963526 
0.120000 0.680000 | 17.444907 
0.160000 0.680000 | 19.387525 
0.200000 0.680000 | 21.670023 
0.240000 0.680000 | 24.149888 
0.280000 0.680000 | 26.672406 
0.320000 0.680000 | 29.080386 
0.360000 0.680000 | 31.224033 
0.400000 0.680000 | 32.970363 
0.440000 0.680000 | 34.211558 
0.480000 0.680000 | 34.871740 
0.520000 0.680000 | 34.911740 
0.560000 0.680000 | 34.331558 
0.600000 0.680000 | 33.170363 
0.640000 0.680000 | 31.504033 
0.680000 0.680000 | 29.440386 
0.720000 0.680000 | 27.112406 
0.760000 0.680000 | 24.669888 
0.800000 0.680000 | 22.270023 
0.840000 0.680000 | 20.067525 
0.880000 0.680000 | 18.204907 
0.920000 0.680000 | 16.803526 
0.960000 0.680000 | 15.955961 
1.000000 0.680000 | 15.720193 
1.040000 0.680000 | 16.115961 
1.080000 0.680000 | 17.123526 
1.120000 0.680000 | 18.684907 
1.160000 0.680000 | 20.707525 
1.200000 0.680000 | 23.070023 
1.240000 0.680000 | 25.629888 
1.280000 0.680000 | 28.232406 
1.320000 0.680000 | 30.720386 
1.360000 0.680000 | 32.944033 
1.400000 0.680000 | 34.770363 
1.440000 0.680000 | 36.091558 
1.480000 0.680000 | 36.831740 
1.520000 0.680000 | 36.951740 
1.560000 0.680000 | 36.451558 
1.600000 0.680000 | 35.370363 
1.640000 0.680000 | 33.784033 
1.680000 0.680000 | 31.800386 
1.720000 0.680000 | 29.552406 
1.760000 0.680000 | 27.189888 
-2.200000 0.720000 | 24.142043 
-2.160000 0.720000 | 21.699545 
-2.120000 0.720000 | 19.596927 
-2.080000 0.720000 | 17.955546 
-2.040000 0.720000 | 16.867982 
-2.000000 0.720000 | 16.392213 
-1.960000 0.720000 | 16.547982 
-1.920000 0.720000 | 17.315546 
-1.880000 0.720000 | 18.636927 
-1.840000 0.720000 | 20.419545 
-1.800000 0.720000 | 22.542043 
-1.760000 0.720000 | 24.861908 
-1.720000 0.720000 | 27.224426 
-1.680000 0.720000 | 29.472406 
-1.640000 0.720000 | 31.456053 
-1.600000 0.720000 | 33.042383 
-1.560000 0.720000 | 34.123578 
-1.520000 0.720000 | 34.623760 
-1.480000 0.720000 | 34.503760 
-1.440000 0.720000 | 33.763578 
-1.400000 0.720000 | 32.442383 
-1.360000 0.720000 | 30.616053 
-1.320000 0.720000 | 28.392406 
-1.280000 0.720000 | 25.904426 
-1.240000 0.720000 | 23.301908 
-1.200000 0.720000 | 20.742043 
-1.160000 0.720000 | 18.379545 
-1.120000 0.720000 | 16.356927 
-1.080000 0.720000 | 14.795546 
-1.040000 0.720000 | 13.787982 
-1.000000 0.720000 | 13.392213 
-0.960000 0.720000 | 13.627982 
-0.920000 0.720000 | 14.475546 
-0.880000 0.720000 | 15.876927 
-0.840000 0.720000 | 17.739545 
-0.800000 0.720000 | 19.942043 
-0.760000 0.720000 | 22.341908 
-0.720000 0.720000 | 24.784426 
-0.680000 0.720000 | 27.112406 
-0.640000 0.720000 | 29.176053 
-0.600000 0.720000 | 30.842383 
-0.560000 0.720000 | 32.003578 
-0.520000 0.720000 | 32.583760 
-0.480000 0.720000 | 32.543760 
-0.440000 0.720000 | 31.883578 
-0.400000 0.720000 | 30.642383 
-0.360000 0.720000 | 28.896053 
-0.320000 0.720000 | 26.752406 
-0.280000 0.720000 | 24.344426 
-0.240000 0.720000 | 21.821908 
-0.200000 0.720000 | 19.342043 
-0.160000 0.720000 | 17.059545 
-0.120000 0.720000 | 15.116927 
-0.080000 0.720000 | 13.635546 
-0.040000 0.720000 | 12.707982 
0.000000 0.720000 | 12.392213 
0.040000 0.720000 | 12.707982 
0.080000 0.720000 | 13.635546 
0.120000 0.720000 | 15.116927 
0.160000 0.720000 | 17.059545 
0.200000 0.720000 | 19.342043 
0.240000 0.720000 | 21.821908 
0.280000 0.720000 | 24.344426 
0.320000 0.720000 | 26.752406 
0.360000 0.720000 | 28.896053 
0.400000 0.720000 | 30.642383 
0.440000 0.720000 | 31.883578 
0.480000 0.720000 | 32.543760 
0.520000 0.720000 | 32.583760 
0.560000 0.720000 | 32.003578 
0.600000 0.720000 | 30.842383 
0.640000 0.720000 | 29.176053 
0.680000 0.720000 | 27.112406 
0.720000 0.720000 | 24.784426 
0.760000 0.720000 | 22.341908 
0.800000 0.720000 | 19.942043 
0.840000 0.720000 | 17.739545 
0.880000 0.720000 | 15.876927 
0.920000 0.720000 | 14.475546 
0.960000 0.720000 | 13.627982 
1.000000 0.720000 | 13.392213 
1.040000 0.720000 | 13.787982 
1.080000 0.720000 | 14.795546 
1.120000 0.720000 | 16.356927 
1.160000 0.720000 | 18.379545 
1.200000 0.720000 | 20.742043 
1.240000 0.720000 | 23.301908 
1.280000 0.720000 | 25.904426 
1.320000 0.720000 | 28.392406 
1.360000 0.720000 | 30.616053 
1.400000 0.720000 | 32.442383 
1.440000 0.720000 | 33.763578 
1.480000 0.720000 | 34.503760 
1.520000 0.720000 | 34.623760 
1.560000 0.720000 | 34.123578 
1.600000 0.720000 | 33.042383 
1.640000 0.720000 | 31.456053 
1.680000 0.720000 | 29.472406 
1.720000 0.720000 | 27.224426 
1.760000 0.720000 | 24.861908 
-2.200000 0.760000 | 21.699525 
-2.160000 0.760000 | 19.257027 
-2.120000 0.760000 | 17.154409 
-2.080000 0.760000 | 15.513028 
-2.040000 0.760000 | 14.425463 
-2.000000 0.760000 | 13.949695 
-1.960000 0.760000 | 14.105463 
-1.920000 0.760000 | 14.873028 
-1.880000 0.760000 | 16.194409 
-1.840000 0.760000 | 17.977027 
-1.800000 0.760000 | 20.099525 
-1.760000 0.760000 | 22.419390 
-1.720000 0.760000 | 24.781908 
-1.680000 0.760000 | 27.029888 
-1.640000 0.760000 | 29.013535 
-1.600000 0.760000 | 30.599865 
-1.560000 0.760000 | 31.681060 
-1.520000 0.760000 | 32.181242 
-1.480000 0.760000 | 32.061242 
-1.440000 0.760000 | 31.321060 
-1.400000 0.760000 | 29.999865 
-1.360000 0.760000 | 28.173535 
-1.320000 0.760000 | 25.949888 
-1.280000 0.760000 | 23.461908 
-1.240000 0.760000 | 20.859390 
-1.200000 0.760000 | 18.299525 
-1.160000 0.760000 | 15.937027 
-1.120000 0.760000 | 13.914409 
-1.080000 0.760000 | 12.353028 
-1.040000 0.760000 | 11.345463 
-1.000000 0.760000 | 10.949695 
-0.960000 0.760000 | 11.185463 
-0.920000 0.760000 | 12.033028 
-0.880000 0.760000 | 13.434409 
-0.840000 0.760000 | 15.297027 
-0.800000 0.760000 | 17.499525 
-0.760000 0.760000 | 19.899390 
-0.720000 0.760000 | 22.341908 
-0.680000 0.760000 | 24.669888 
-0.640000 0.760000 | 26.733535 
-0.600000 0.760000 | 28.399865 
-0.560000 0.760000 | 29.561060 
-0.520000 0.760000 | 30.141242 
-0.480000 0.760000 | 30.101242 
-0.440000 0.760000 | 29.441060 
-0.400000 0.760000 | 28.199865 
-0.360000 0.760000 | 26.453535 
-0.320000 0.760000 | 24.309888 
-0.280000 0.760000 | 21.901908 
-0.240000 0.760000 | 19.379390 
-0.200000 0.760000 | 16.899525 
-0.160000 0.760000 | 14.617027 
-0.120000 0.760000 | 12.674409 
-0.080000 0.760000 | 11.193028 
-0.040000 0.760000 | 10.265463 
0.000000 0.760000 | 9.949695 
0.040000 0.760000 | 10.265463 
0.080000 0.760000 | 11.193028 
0.120000 0.760000 | 12.674409 
0.160000 0.760000 | 14.617027 
0.200000 0.760000 | 16.899525 
0.240000 0.760000 | 19.379390 
0.280000 0.760000 | 21.901908 
0.320000 0.760000 | 24.309888 
0.360000 0.760000 | 26.453535 
0.400000 0.760000 | 28.199865 
0.440000 0.760000 | 29.441060 
0.480000 0.760000 | 30.101242 
0.520000 0.760000 | 30.141242 
0.560000 0.760000 | 29.561060 
0.600000 0.760000 | 28.399865 
0.640000 0.760000 | 26.733535 
0.680000 0.760000 | 24.669888 
0.720000 0.760000 | 22.341908 
0.760000 0.760000 | 19.899390 
0.800000 0.760000 | 17.499525 
0.840000 0.760000 | 15.297027 
0.880000 0.760000 | 13.434409 
0.920000 0.760000 | 12.033028 
0.960000 0.760000 | 11.185463 
1.000000 0.760000 | 10.949695 
1.040000 0.760000 | 11.345463 
1.080000 0.760000 | 12.353028 
1.120000 0.760000 | 13.914409 
1.160000 0.760000 | 15.937027 
1.200000 0.760000 | 18.299525 
1.240000 0.760000 | 20.859390 
1.280000 0.760000 | 23.461908 
1.320000 0.760000 | 25.949888 
1.360000 0.760000 | 28.173535 
1.400000 0.760000 | 29.999865 
1.440000 0.760000 | 31.321060 
1.480000 0.760000 | 32.061242 
1.520000 0.760000 | 32.181242 
1.560000 0.760000 | 31.681060 
1.600000 0.760000 | 30.599865 
1.640000 0.760000 | 29.013535 
1.680000 0.760000 | 27.029888 
1.720000 0.760000 | 24.781908 
1.760000 0.760000 | 22.419390 
-2.200000 0.800000 | 19.299660 
-2.160000 0.800000 | 16.857162 
-2.120000 0.800000 | 14.754544 
-2.080000 0.800000 | 13.113163 
-2.040000 0.800000 | 12.025598 
-2.000000 0.800000 | 11.549830 
-1.960000 0.800000 | 11.705598 
-1.920000 0.800000 | 12.473163 
-1.880000 0.800000 | 13.794544 
-1.840000 0.800000 | 15.577162 
-1.800000 0.800000 | 17.699660 
-1.760000 0.800000 | 20.019525 
-1.720000 0.800000 | 22.382043 
-1.680000 0.800000 | 24.630023 
-1.640000 0.800000 | 26.613670 
-1.600000 0.800000 | 28.200000 
-1.560000 0.800000 | 29.281195 
-1.520000 0.800000 | 29.781377 
-1.480000 0.800000 | 29.661377 
-1.440000 0.800000 | 28.921195 
-1.400000 0.800000 | 27.600000 
-1.360000 0.800000 | 25.773670 
-1.320000 0.800000 | 23.550023 
-1.280000 0.800000 | 21.062043 
-1.240000 0.800000 | 18.459525 
-1.200000 0.800000 | 15.899660 
-1.160000 0.800000 | 13.537162 
-1.120000 0.800000 | 11.514544 
-1.080000 0.800000 | 9.953163 
-1.040000 0.800000 | 8.945598 
-1.000000 0.800000 | 8.549830 
-0.960000 0.800000 | 8.785598 
-0.920000 0.800000 | 9.633163 
-0.880000 0.800000 | 11.034544 
-0.840000 0.800000 | 12.897162 
-0.800000 0.800000 | 15.099660 
-0.760000 0.800000 | 17.499525 
-0.720000 0.800000 | 19.942043 
-0.680000 0.800000 | 22.270023 
-0.640000 0.800000 | 24.333670 
-0.600000 0.800000 | 26.000000 
-0.560000 0.800000 | 27.161195 
-0.520000 0.800000 | 27.741377 
-0.480000 0.800000 | 27.701377 
-0.440000 0.800000 | 27.041195 
-0.400000 0.800000 | 25.800000 
-0.360000 0.800000 | 24.053670 
-0.320000 0.800000 | 21.910023 
-0.280000 0.800000 | 19.502043 
-0.240000 0.800000 | 16.979525 
-0.200000 0.800000 | 14.499660 
-0.160000 0.800000 | 12.217162 
-0.120000 0.800000 | 10.274544 
-0.080000 0.800000 | 8.793163 
-0.040000 0.800000 | 7.865598 
0.000000 0.800000 | 7.549830 
0.040000 0.800000 | 7.865598 
0.080000 0.800000 | 8.793163 
0.120000 0.800000 | 10.274544 
0.160000 0.800000 | 12.217162 
0.200000 0.800000 | 14.499660 
0.240000 0.800000 | 16.979525 
0.280000 0.800000 | 19.502043 
0.320000 0.800000 | 21.910023 
0.360000 0.800000 | 24.053670 
0.400000 0.800000 | 25.800000 
0.440000 0.800000 | 27.041195 
0.480000 0.800000 | 27.701377 
0.520000 0.800000 | 27.741377 
0.560000 0.800000 | 27.161195 
0.600000 0.800000 | 26.000000 
0.640000 0.800000 | 24.333670 
0.680000 0.800000 | 22.270023 
0.720000 0.800000 | 19.942043 
0.760000 0.800000 | 17.499525 
0.800000 0.800000 | 15.099660 
0.840000 0.800000 | 12.897162 
0.880000 0.800000 | 11.034544 
0.920000 0.800000 | 9.633163 
0.960000 0.800000 | 8.785598 
1.000000 0.800000 | 8.549830 
1.040000 0.800000 | 8.945598 
1.080000 0.800000 | 9.953163 
1.120000 0.800000 | 11.514544 
1.160000 0.800000 | 13.537162 
1.200000 0.800000 | 15.899660 
1.240000 0.800000 | 18.459525 
1.280000 0.800000 | 21.062043 
1.320000 0.800000 | 23.550023 
1.360000 0.800000 | 25.773670 
1.400000 0.800000 | 27.600000 
1.440000 0.800000 | 28.921195 
1.480000 0.800000 | 29.661377 
1.520000 0.800000 | 29.781377 
1.560000 0.800000 | 29.281195 
1.600000 0.800000 | 28.200000 
1.640000 0.800000 | 26.613670 
1.680000 0.800000 | 24.630023 
1.720000 0.800000 | 22.382043 
1.760000 0.800000 | 20.019525 
-2.200000 0.840000 | 17.097162 
-2.160000 0.840000 | 14.654664 
-2.120000 0.840000 | 12.552046 
-2.080000 0.840000 | 10.910665 
-2.040000 0.840000 | 9.823100 
-2.000000 0.840000 | 9.347332 
-1.960000 0.840000 | 9.503100 
-1.920000 0.840000 | 10.270665 
-1.880000 0.840000 | 11.592046 
-1.840000 0.840000 | 13.374664 
-1.800000 0.840000 | 15.497162 
-1.760000 0.840000 | 17.817027 
-1.720000 0.840000 | 20.179545 
-1.680000 0.840000 | 22.427525 
-1.640000 0.840000 | 24.411172 
-1.600000 0.840000 | 25.997502 
-1.560000 0.840000 | 27.078697 
-1.520000 0.840000 | 27.578879 
-1.480000 0.840000 | 27.458879 
-1.440000 0.840000 | 26.718697 
-1.400000 0.840000 | 25.397502 
-1.360000 0.840000 | 23.571172 
-1.320000 0.840000 | 21.347525 
-1.280000 0.840000 | 18.859545 
-1.240000 0.840000 | 16.257027 
-1.200000 0.840000 | 13.697162 
-1.160000 0.840000 | 11.334664 
-1.120000 0.840000 | 9.312046 
-1.080000 0.840000 | 7.750665 
-1.040000 0.840000 | 6.743100 
-1.000000 0.840000 | 6.347332 
-0.960000 0.840000 | 6.583100 
-0.920000 0.840000 | 7.430665 
-0.880000 0.840000 | 8.832046 
-0.840000 0.840000 | 10.694664 
-0.800000 0.840000 | 12.897162 
-0.760000 0.840000 | 15.297027 
-0.720000 0.840000 | 17.739545 
-0.680000 0.840000 | 20.067525 
-0.640000 0.840000 | 22.131172 
-0.600000 0.840000 | 23.797502 
-0.560000 0.840000 | 24.958697 
-0.520000 0.840000 | 25.538879 
-0.480000 0.840000 | 25.498879 
-0.440000 0.840000 | 24.838697 
-0.400000 0.840000 | 23.597502 
-0.360000 0.840000 | 21.851172 
-0.320000 0.840000 | 19.707525 
-0.280000 0.840000 | 17.299545 
-0.240000 0.840000 | 14.777027 
-0.200000 0.840000 | 12.297162 
-0.160000 0.840000 | 10.014664 
-0.120000 0.840000 | 8.072046 
-0.080000 0.840000 | 6.590665 
-0.040000 0.840000 | 5.663100 
0.000000 0.840000 | 5.347332 
0.040000 0.840000 | 5.663100 
0.080000 0.840000 | 6.590665 
0.120000 0.840000 | 8.072046 
0.160000 0.840000 | 10.014664 
0.200000 0.840000 | 12.297162 
0.240000 0.840000 | 14.777027 
0.280000 0.840000 | 17.299545 
0.320000 0.840000 | 19.707525 
0.360000 0.840000 | 21.851172 
0.400000 0.840000 | 23.597502 
0.440000 0.840000 | 24.838697 
0.480000 0.840000 | 25.498879 
0.520000 0.840000 | 25.538879 
0.560000 0.840000 | 24.958697 
0.600000 0.840000 | 23.797502 
0.640000 0.840000 | 22.131172 
0.680000 0.840000 | 20.067525 
0.720000 0.840000 | 17.739545 
0.760000 0.840000 | 15.297027 
0.800000 0.840000 | 12.897162 
0.840000 0.840000 | 10.694664 
0.880000 0.840000 | 8.832046 
0.920000 0.840000 | 7.430665 
0.960000 0.840000 | 6.583100 
1.000000 0.840000 | 6.347332 
1.040000 0.840000 | 6.743100 
1.080000 0.840000 | 7.750665 
1.120000 0.840000 | 9.312046 
1.160000 0.840000 | 11.334664 
1.200000 0.840000 | 13.697162 
1.240000 0.840000 | 16.257027 
1.280000 0.840000 | 18.859545 
1.320000 0.840000 | 21.347525 
1.360000 0.840000 | 23.571172 
1.400000 0.840000 | 25.397502 
1.440000 0.840000 | 26.718697 
1.480000 0.840000 | 27.458879 
1.520000 0.840000 | 27.578879 
1.560000 0.840000 | 27.078697 
1.600000 0.840000 | 25.997502 
1.640000 0.840000 | 24.411172 
1.680000 0.840000 | 22.427525 
1.720000 0.840000 | 20.179545 
1.760000 0.840000 | 17.817027 
-2.200000 0.880000 | 15.234544 
-2.160000 0.880000 | 12.792046 
-2.120000 0.880000 | 10.689427 
-2.080000 0.880000 | 9.048047 
-2.040000 0.880000 | 7.960482 
-2.000000 0.880000 | 7.484714 
-1.960000 0.880000 | 7.640482 
-1.920000 0.880000 | 8.408047 
-1.880000 0.880000 | 9.729427 
-1.840000 0.880000 | 11.512046 
-1.800000 0.880000 | 13.634544 
-1.760000 0.880000 | 15.954409 
-1.720000 0.880000 | 18.316927 
-1.680000 0.880000 | 20.564907 
-1.640000 0.880000 | 22.548554 
-1.600000 0.880000 | 24.134884 
-1.560000 0.880000 | 25.216079 
-1.520000 0.880000 | 25.716261 
-1.480000 0.880000 | 25.596261 
-1.440000 0.880000 | 24.856079 
-1.400000 0.880000 | 23.534884 
-1.360000 0.880000 | 21.708554 
-1.320000 0.880000 | 19.484907 
-1.280000 0.880000 | 16.996927 
-1.240000 0.880000 | 14.394409 
-1.200000 0.880000 | 11.834544 
-1.160000 0.880000 | 9.472046 
-1.120000 0.880000 | 7.449427 
-1.080000 0.880000 | 5.888047 
-1.040000 0.880000 | 4.880482 
-1.000000 0.880000 | 4.484714 
-0.960000 0.880000 | 4.720482 
-0.920000 0.880000 | 5.568047 
-0.880000 0.880000 | 6.969427 
-0.840000 0.880000 | 8.832046 
-0.800000 0.880000 | 11.034544 
-0.760000 0.880000 | 13.434409 
-0.720000 0.880000 | 15.876927 
-0.680000 0.880000 | 18.204907 
-0.640000 0.880000 | 20.268554 
-0.600000 0.880000 | 21.934884 
-0.560000 0.880000 | 23.096079 
-0.520000 0.880000 | 23.676261 
-0.480000 0.880000 | 23.636261 
-0.440000 0.880000 | 22.976079 
-0.400000 0.880000 | 21.734884 
-0.360000 0.880000 | 19.988554 
-0.320000 0.880000 | 17.844907 
-0.280000 0.880000 | 15.436927 
-0.240000 0.880000 | 12.914409 
-0.200000 0.880000 | 10.434544 
-0.160000 0.880000 | 8.152046 
-0.120000 0.880000 | 6.209427 
-0.080000 0.880000 | 4.728047 
-0.040000 0.880000 | 3.800482 
0.000000 0.880000 | 3.484714 
0.040000 0.880000 | 3.800482 
0.080000 0.880000 | 4.728047 
0.120000 0.880000 | 6.209427 
0.160000 0.880000 | 8.152046 
0.200000 0.880000 | 10.434544 
0.240000 0.880000 | 12.914409 
0.280000 0.880000 | 15.436927 
0.320000 0.880000 | 17.844907 
0.360000 0.880000 | 19.988554 
0.400000 0.880000 | 21.734884 
0.440000 0.880000 | 22.976079 
0.480000 0.880000 | 23.636261 
0.520000 0.880000 | 23.676261 
0.560000 0.880000 | 23.096079 
0.600000 0.880000 | 21.934884 
0.640000 0.880000 | 20.268554 
0.680000 0.880000 | 18.204907 
0.720000 0.880000 | 15.876927 
0.760000 0.880000 | 13.434409 
0.800000 0.880000 | 11.034544 
0.840000 0.880000 | 8.832046 
0.880000 0.880000 | 6.969427 
0.920000 0.880000 | 5.568047 
0.960000 0.880000 | 4.720482 
1.000000 0.880000 | 4.484714 
1.040000 0.880000 | 4.880482 
1.080000 0.880000 | 5.888047 
1.120000 0.880000 | 7.449427 
1.160000 0.880000 | 9.472046 
1.200000 0.880000 | 11.834544 
1.240000 0.880000 | 14.394409 
1.280000 0.880000 | 16.996927 
1.320000 0.880000 | 19.484907 
1.360000 0.880000 | 21.708554 
1.400000 0.880000 | 23.534884 
1.440000 0.880000 | 24.856079 
1.480000 0.880000 | 25.596261 
1.520000 0.880000 | 25.716261 
1.560000 0.880000 | 25.216079 
1.600000 0.880000 | 24.134884 
1.640000 0.880000 | 22.548554 
1.680000 0.880000 | 20.564907 
1.720000 0.880000 | 18.316927 
1.760000 0.880000 | 15.954409 
-2.200000 0.920000 | 13.833163 
-2.160000 0.920000 | 11.390665 
-2.120000 0.920000 | 9.288047 
-2.080000 0.920000 | 7.646666 
-2.040000 0.920000 | 6.559102 
-2.000000 0.920000 | 6.083333 
-1.960000 0.920000 | 6.239102 
-1.920000 0.920000 | 7.006666 
-1.880000 0.920000 | 8.328047 
-1.840000 0.920000 | 10.110665 
-1.800000 0.920000 | 12.233163 
-1.760000 0.920000 | 14.553028 
-1.720000 0.920000 | 16.915546 
-1.680000 0.920000 | 19.163526 
-1.640000 0.920000 | 21.147173 
-1.600000 0.920000 | 22.733503 
-1.560000 0.920000 | 23.814698 
-1.520000 0.920000 | 24.314880 
-1.480000 0.920000 | 24.194880 
-1.440000 0.920000 | 23.454698 
-1.400000 0.920000 | 22.133503 
-1.360000 0.920000 | 20.307173 
-1.320000 0.920000 | 18.083526 
-1.280000 0.920000 | 15.595546 
-1.240000 0.920000 | 12.993028 
-1.200000 0.920000 | 10.433163 
-1.160000 0.920000 | 8.070665 
-1.120000 0.920000 | 6.048047 
-1.080000 0.920000 | 4.486666 
-1.040000 0.920000 | 3.479102 
-1.000000 0.920000 | 3.083333 
-0.960000 0.920000 | 3.319102 
-0.920000 0.920000 | 4.166666 
-0.880000 0.920000 | 5.568047 
-0.840000 0.920000 | 7.430665 
-0.800000 0.920000 | 9.633163 
-0.760000 0.920000 | 12.033028 
-0.720000 0.920000 | 14.475546 
-0.680000 0.920000 | 16.803526 
-0.640000 0.920000 | 18.867173 
-0.600000 0.920000 | 20.533503 
-0.560000 0.920000 | 21.694698 
-0.520000 0.920000 | 22.274880 
-0.480000 0.920000 | 22.234880 
-0.440000 0.920000 | 21.574698 
-0.400000 0.920000 | 20.333503 
-0.360000 0.920000 | 18.587173 
-0.320000 0.920000 | 16.443526 
-0.280000 0.920000 | 14.035546 
-0.240000 0.920000 | 11.513028 
-0.200000 0.920000 | 9.033163 
-0.160000 0.920000 | 6.750665 
-0.120000 0.920000 | 4.808047 
-0.080000 0.920000 | 3.326666 
-0.040000 0.920000 | 2.399102 
0.000000 0.920000 | 2.083333 
0.040000 0.920000 | 2.399102 
0.080000 0.920000 | 3.326666 
0.120000 0.920000 | 4.808047 
0.160000 0.920000 | 6.750665 
0.200000 0.920000 | 9.033163 
0.240000 0.920000 | 11.513028 
0.280000 0.920000 | 14.035546 
0.320000 0.920000 | 16.443526 
0.360000 0.920000 | 18.587173 
0.400000 0.920000 | 20.333503 
0.440000 0.920000 | 21.574698 
0.480000 0.920000 | 22.234880 
0.520000 0.920000 | 22.274880 
0.560000 0.920000 | 21.694698 
0.600000 0.920000 | 20.533503 
0.640000 0.920000 | 18.867173 
0.680000 0.920000 | 16.803526 
0.720000 0.920000 | 14.475546 
0.760000 0.920000 | 12.033028 
0.800000 0.920000 | 9.633163 
0.840000 0.920000 | 7.430665 
0.880000 0.920000 | 5.568047 
0.920000 0.920000 | 4.166666 
0.960000 0.920000 | 3.319102 
1.000000 0.920000 | 3.083333 
1.040000 0.920000 | 3.479102 
1.080000 0.920000 | 4.486666 
1.120000 0.920000 | 6.048047 
1.160000 0.920000 | 8.070665 
1.200000 0.920000 | 10.433163 
1.240000 0.920000 | 12.993028 
1.280000 0.920000 | 15.595546 
1.320000 0.920000 | 18.083526 
1.360000 0.920000 | 20.307173 
1.400000 0.920000 | 22.133503 
1.440000 0.920000 | 23.454698 
1.480000 0.920000 | 24.194880 
1.520000 0.920000 | 24.314880 
1.560000 0.920000 | 23.814698 
1.600000 0.920000 | 22.733503 
1.640000 0.920000 | 21.147173 
1.680000 0.920000 | 19.163526 
1.720000 0.920000 | 16.915546 
1.760000 0.920000 | 14.553028 
-2.200000 0.960000 | 12.985598 
-2.160000 0.960000 | 10.543100 
-2.120000 0.960000 | 8.440482 
-2.080000 0.960000 | 6.799102 
-2.040000 0.960000 | 5.711537 
-2.000000 0.960000 | 5.235768 
-1.960000 0.960000 | 5.391537 
-1.920000 0.960000 | 6.159102 
-1.880000 0.960000 | 7.480482 
-1.840000 0.960000 | 9.263100 
-1.800000 0.960000 | 11.385598 
-1.760000 0.960000 | 13.705463 
-1.720000 0.960000 | 16.067982 
-1.680000 0.960000 | 18.315961 
-1.640000 0.960000 | 20.299608 
-1.600000 0.960000 | 21.885938 
-1.560000 0.960000 | 22.967133 
-1.520000 0.960000 | 23.467315 
-1.480000 0.960000 | 23.347315 
-1.440000 0.960000 | 22.607133 
-1.400000 0.960000 | 21.285938 
-1.360000 0.960000 | 19.459608 
-1.320000 0.960000 | 17.235961 
-1.280000 0.960000 | 14.747982 
-1.240000 0.960000 | 12.145463 
-1.200000 0.960000 | 9.585598 
-1.160000 0.960000 | 7.223100 
-1.120000 0.960000 | 5.200482 
-1.080000 0.960000 | 3.639102 
-1.040000 0.960000 | 2.631537 
-1.000000 0.960000 | 2.235768 
-0.960000 0.960000 | 2.471537 
-0.920000 0.960000 | 3.319102 
-0.880000 0.960000 | 4.720482 
-0.840000 0.960000 | 6.583100 
-0.800000 0.960000 | 8.785598 
-0.760000 0.960000 | 11.185463 
-0.720000 0.960000 | 13.627982 
-0.680000 0.960000 | 15.955961 
-0.640000 0.960000 | 18.019608 
-0.600000 0.960000 | 19.685938 
-0.560000 0.960000 | 20.847133 
-0.520000 0.960000 | 21.427315 
-0.480000 0.960000 | 21.387315 
-0.440000 0.960000 | 20.727133 
-0.400000 0.960000 | 19.485938 
-0.360000 0.960000 | 17.739608 
-0.320000 0.960000 | 15.595961 
-0.280000 0.960000 | 13.187982 
-0.240000 0.960000 | 10.665463 
-0.200000 0.960000 | 8.185598 
-0.160000 0.960000 | 5.903100 
-0.120000 0.960000 | 3.960482 
-0.080000 0.960000 | 2.479102 
-0.040000 0.960000 | 1.551537 
0.000000 0.960000 | 1.235768 
0.040000 0.960000 | 1.551537 
0.080000 0.960000 | 2.479102 
0.120000 0.960000 | 3.960482 
0.160000 0.960000 | 5.903100 
0.200000 0.960000 | 8.185598 
0.240000 0.960000 | 10.665463 
0.280000 0.960000 | 13.187982 
0.320000 0.960000 | 15.595961 
0.360000 0.960000 | 17.739608 
0.400000 0.960000 | 19.485938 
0.440000 0.960000 | 20.727133 
0.480000 0.960000 | 21.387315 
0.520000 0.960000 | 21.427315 
0.560000 0.960000 | 20.847133 
0.600000 0.960000 | 19.685938 
0.640000 0.960000 | 18.019608 
0.680000 0.960000 | 15.955961 
0.720000 0.960000 | 13.627982 
0.760000 0.960000 | 11.185463 
0.800000 0.960000 | 8.785598 
0.840000 0.960000 | 6.583100 
0.880000 0.960000 | 4.720482 
0.920000 0.960000 | 3.319102 
0.960000 0.960000 | 2.471537 
1.000000 0.960000 | 2.235768 
1.040000 0.960000 | 2.631537 
1.080000 0.960000 | 3.639102 
1.120000 0.960000 | 5.200482 
1.160000 0.960000 | 7.223100 
1.200000 0.960000 | 9.585598 
1.240000 0.960000 | 12.145463 
1.280000 0.960000 | 14.747982 
1.320000 0.960000 | 17.235961 
1.360000 0.960000 | 19.459608 
1.400000 0.960000 | 21.285938 
1.440000 0.960000 | 22.607133 
1.480000 0.960000 | 23.347315 
1.520000 0.960000 | 23.467315 
1.560000 0.960000 | 22.967133 
1.600000 0.960000 | 21.885938 
1.640000 0.960000 | 20.299608 
1.680000 0.960000 | 18.315961 
1.720000 0.960000 | 16.067982 
1.760000 0.960000 | 13.705463 
-2.200000 1.000000 | 12.749830 
-2.160000 1.000000 | 10.307332 
-2.120000 1.000000 | 8.204714 
-2.080000 1.000000 | 6.563333 
-2.040000 1.000000 | 5.475768 
-2.000000 1.000000 | 5.000000 
-1.960000 1.000000 | 5.155768 
-1.920000 1.000000 | 5.923333 
-1.880000 1.000000 | 7.244714 
-1.840000 1.000000 | 9.027332 
-1.800000 1.000000 | 11.149830 
-1.760000 1.000000 | 13.469695 
-1.720000 1.000000 | 15.832213 
-1.680000 1.000000 | 18.080193 
-1.640000 1.000000 | 20.063840 
-1.600000 1.000000 | 21.650170 
-1.560000 1.000000 | 22.731365 
-1.520000 1.000000 | 23.231547 
-1.480000 1.000000 | 23.111547 
-1.440000 1.000000 | 22.371365 
-1.400000 1.000000 | 21.050170 
-1.360000 1.000000 | 19.223840 
-1.320000 1.000000 | 17.000193 
-1.280000 1.000000 | 14.512213 
-1.240000 1.000000 | 11.909695 
-1.200000 1.000000 | 9.349830 
-1.160000 1.000000 | 6.987332 
-1.120000 1.000000 | 4.964714 
-1.080000 1.000000 | 3.403333 
-1.040000 1.000000 | 2.395768 
-1.000000 1.000000 | 2.000000 
-0.960000 1.000000 | 2.235768 
-0.920000 1.000000 | 3.083333 
-0.880000 1.000000 | 4.484714 
-0.840000 1.000000 | 6.347332 
-0.800000 1.000000 | 8.549830 
-0.760000 1.000000 | 10.949695 
-0.720000 1.000000 | 13.392213 
-0.680000 1.000000 | 15.720193 
-0.640000 1.000000 | 17.783840 
-0.600000 1.000000 | 19.450170 
-0.560000 1.000000 | 20.611365 
-0.520000 1.000000 | 21.191547 
-0.480000 1.000000 | 21.151547 
-0.440000 1.000000 | 20.491365 
-0.400000 1.000000 | 19.250170 
-0.360000 1.000000 | 17.503840 
-0.320000 1.000000 | 15.360193 
-0.280000 1.000000 | 12.952213 
-0.240000 1.000000 | 10.429695 
-0.200000 1.000000 | 7.949830 
-0.160000 1.000000 | 5.667332 
-0.120000 1.000000 | 3.724714 
-0.080000 1.000000 | 2.243333 
-0.040000 1.000000 | 1.315768 
0.000000 1.000000 | 1.000000 
0.040000 1.000000 | 1.315768 
0.080000 1.000000 | 2.243333 
0.120000 1.000000 | 3.724714 
0.160000 1.000000 | 5.667332 
0.200000 1.000000 | 7.949830 
0.240000 1.000000 | 10.429695 
0.280000 1.000000 | 12.952213 
0.320000 1.000000 | 15.360193 
0.360000 1.000000 | 17.503840 
0.400000 1.000000 | 19.250170 
0.440000 1.000000 | 20.491365 
0.480000 1.000000 | 21.151547 
0.520000 1.000000 | 21.191547 
0.560000 1.000000 | 20.611365 
0.600000 1.000000 | 19.450170 
0.640000 1.000000 | 17.783840 
0.680000 1.000000 | 15.720193 
0.720000 1.000000 | 13.392213 
0.760000 1.000000 | 10.949695 
0.800000 1.000000 | 8.549830 
0.840000 1.000000 | 6.347332 
0.880000 1.000000 | 4.484714 
0.920000 1.000000 | 3.083333 
0.960000 1.000000 | 2.235768 
1.000000 1.000000 | 2.000000 
1.040000 1.000000 | 2.395768 
1.080000 1.000000 | 3.403333 
1.120000 1.000000 | 4.964714 
1.160000 1.000000 | 6.987332 
1.200000 1.000000 | 9.349830 
1.240000 1.000000 | 11.909695 
1.280000 1.000000 | 14.512213 
1.320000 1.000000 | 17.000193 
1.360000 1.000000 | 19.223840 
1.400000 1.000000 | 21.050170 
1.440000 1.000000 | 22.371365 
1.480000 1.000000 | 23.111547 
1.520000 1.000000 | 23.231547 
1.560000 1.000000 | 22.731365 
1.600000 1.000000 | 21.650170 
1.640000 1.000000 | 20.063840 
1.680000 1.000000 | 18.080193 
1.720000 1.000000 | 15.832213 
1.760000 1.000000 | 13.469695 
-2.200000 1.040000 | 13.145598 
-2.160000 1.040000 | 10.703100 
-2.120000 1.040000 | 8.600482 
-2.080000 1.040000 | 6.959102 
-2.040000 1.040000 | 5.871537 
-2.000000 1.040000 | 5.395768 
-1.960000 1.040000 | 5.551537 
-1.920000 1.040000 | 6.319102 
-1.880000 1.040000 | 7.640482 
-1.840000 1.040000 | 9.423100 
-1.800000 1.040000 | 11.545598 
-1.760000 1.040000 | 13.865463 
-1.720000 1.040000 | 16.227982 
-1.680000 1.040000 | 18.475961 
-1.640000 1.040000 | 20.459608 
-1.600000 1.040000 | 22.045938 
-1.560000 1.040000 | 23.127133 
-1.520000 1.040000 | 23.627315 
-1.480000 1.040000 | 23.507315 
-1.440000 1.040000 | 22.767133 
-1.400000 1.040000 | 21.445938 
-1.360000 1.040000 | 19.619608 
-1.320000 1.040000 | 17.395961 
-1.280000 1.040000 | 14.907982 
-1.240000 1.040000 | 12.305463 
-1.200000 1.040000 | 9.745598 
-1.160000 1.040000 | 7.383100 
-1.120000 1.040000 | 5.360482 
-1.080000 1.040000 | 3.799102 
-1.040000 1.040000 | 2.791537 
-1.000000 1.040000 | 2.395768 
-0.960000 1.040000 | 2.631537 
-0.920000 1.040000 | 3.479102 
-0.880000 1.040000 | 4.880482 
-0.840000 1.040000 | 6.743100 
-0.800000 1.040000 | 8.945598 
-0.760000 1.040000 | 11.345463 
-0.720000 1.040000 | 13.787982 
-0.680000 1.040000 | 16.115961 
-0.640000 1.040000 | 18.179608 
-0.600000 1.040000 | 19.845938 
-0.560000 1.040000 | 21.007133 
-0.520000 1.040000 | 21.587315 
-0.480000 1.040000 | 21.547315 
-0.440000 1.040000 | 20.887133 
-0.400000 1.040000 | 19.645938 
-0.360000 1.040000 | 17.899608 
-0.320000 1.040000 | 15.755961 
-0.280000 1.040000 | 13.347982 
-0.240000 1.040000 | 10.825463 
-0.200000 1.040000 | 8.345598 
-0.160000 1.040000 | 6.063100 
-0.120000 1.040000 | 4.120482 
-0.080000 1.040000 | 2.639102 
-0.040000 1.040000 | 1.711537 
0.000000 1.040000 | 1.395768 
0.040000 1.040000 | 1.711537 
0.080000 1.040000 | 2.639102 
0.120000 1.040000 | 4.120482 
0.160000 1.040000 | 6.063100 
0.200000 1.040000 | 8.345598 
0.240000 1.040000 | 10.825463 
0.280000 1.040000 | 13.347982 
0.320000 1.040000 | 15.755961 
0.360000 1.040000 | 17.899608 
0.400000 1.040000 | 19.645938 
0.440000 1.040000 | 20.887133 
0.480000 1.040000 | 21.547315 
0.520000 1.040000 | 21.587315 
0.560000 1.040000 | 21.007133 
0.600000 1.040000 | 19.845938 
0.640000 1.040000 | 18.179608 
0.680000 1.040000 | 16.115961 
0.720000 1.040000 | 13.787982 
0.760000 1.040000 | 11.345463 
0.800000 1.040000 | 8.945598 
0.840000 1.040000 | 6.743100 
0.880000 1.040000 | 4.880482 
0.920000 1.040000 | 3.479102 
0.960000 1.040000 | 2.631537 
1.000000 1.040000 | 2.395768 
1.040000 1.040000 | 2.791537 
1.080000 1.040000 | 3.799102 
1.120000 1.040000 | 5.360482 
1.160000 1.040000 | 7.383100 
1.200000 1.040000 | 9.745598 
1.240000 1.040000 | 12.305463 
1.280000 1.040000 | 14.907982 
1.320000 1.040000 | 17.395961 
1.360000 1.040000 | 19.619608 
1.400000 1.040000 | 21.445938 
1.440000 1.040000 | 22.767133 
1.480000 1.040000 | 23.507315 
1.520000 1.040000 | 23.627315 
1.560000 1.040000 | 23.127133 
1.600000 1.040000 | 22.045938 
1.640000 1.040000 | 20.459608 
1.680000 1.040000 | 18.475961 
1.720000 1.040000 | 16.227982 
1.760000 1.040000 | 13.865463 
-2.200000 1.080000 | 14.153163 
-2.160000 1.080000 | 11.710665 
-2.120000 1.080000 | 9.608047 
-2.080000 1.080000 | 7.966666 
-2.040000 1.080000 | 6.879102 
-2.000000 1.080000 | 6.403333 
-1.960000 1.080000 | 6.559102 
-1.920000 1.080000 | 7.326666 
-1.880000 1.080000 | 8.648047 
-1.840000 1.080000 | 10.430665 
-1.800000 1.080000 | 12.553163 
-1.760000 1.080000 | 14.873028 
-1.720000 1.080000 | 17.235546 
-1.680000 1.080000 | 19.483526 
-1.640000 1.080000 | 21.467173 
-1.600000 1.080000 | 23.053503 
-1.560000 1.080000 | 24.134698 
-1.520000 1.080000 | 24.634880 
-1.480000 1.080000 | 24.514880 
-1.440000 1.080000 | 23.774698 
-1.400000 1.080000 | 22.453503 
-1.360000 1.080000 | 20.627173 
-1.320000 1.080000 | 18.403526 
-1.280000 1.080000 | 15.915546 
-1.240000 1.080000 | 13.313028 
-1.200000 1.080000 | 10.753163 
-1.160000 1.080000 | 8.390665 
-1.120000 1.080000 | 6.368047 
-1.080000 1.080000 | 4.806666 
-1.040000 1.080000 | 3.799102 
-1.000000 1.080000 | 3.403333 
-0.960000 1.080000 | 3.639102 
-0.920000 1.080000 | 4.486666 
-0.880000 1.080000 | 5.888047 
-0.840000 1.080000 | 7.750665 
-0.800000 1.080000 | 9.953163 
-0.760000 1.080000 | 12.353028 
-0.720000 1.080000 | 14.795546 
-0.680000 1.080000 | 17.123526 
-0.640000 1.080000 | 19.187173 
-0.600000 1.080000 | 20.853503 
-0.560000 1.080000 | 22.014698 
-0.520000 1.080000 | 22.594880 
-0.480000 1.080000 | 22.554880 
-0.440000 1.080000 | 21.894698 
-0.400000 1.080000 | 20.653503 
-0.360000 1.080000 | 18.907173 
-0.320000 1.080000 | 16.763526 
-0.280000 1.080000 | 14.355546 
-0.240000 1.080000 | 11.833028 
-0.200000 1.080000 | 9.353163 
-0.160000 1.080000 | 7.070665 
-0.120000 1.080000 | 5.128047 
-0.080000 1.080000 | 3.646666 
-0.040000 1.080000 | 2.719102 
0.000000 1.080000 | 2.403333 
0.040000 1.080000 | 2.719102 
0.080000 1.080000 | 3.646666 
0.120000 1.080000 | 5.128047 
0.160000 1.080000 | 7.070665 
0.200000 1.080000 | 9.353163 
0.240000 1.080000 | 11.833028 
0.280000 1.080000 | 14.355546 
0.320000 1.080000 | 16.763526 
0.360000 1.080000 | 18.907173 
0.400000 1.080000 | 20.653503 
0.440000 1.080000 | 21.894698 
0.480000 1.080000 | 22.554880 
0.520000 1.080000 | 22.594880 
0.560000 1.080000 | 22.014698 
0.600000 1.080000 | 20.853503 
0.640000 1.080000 | 19.187173 
0.680000 1.080000 | 17.123526 
0.720000 1.080000 | 14.795546 
0.760000 1.080000 | 12.353028 
0.800000 1.080000 | 9.953163 
0.840000 1.080000 | 7.750665 
0.880000 1.080000 | 5.888047 
0.920000 1.080000 | 4.486666 
0.960000 1.080000 | 3.639102 
1.000000 1.080000 | 3.403333 
1.040000 1.080000 | 3.799102 
1.080000 1.080000 | 4.806666 
1.120000 1.080000 | 6.368047 
1.160000 1.080000 | 8.390665 
1.200000 1.080000 | 10.753163 
1.240000 1.080000 | 13.313028 
1.280000 1.080000 | 15.915546 
1.320000 1.080000 | 18.403526 
1.360000 1.080000 | 20.627173 
1.400000 1.080000 | 22.453503 
1.440000 1.080000 | 23.774698 
1.480000 1.080000 | 24.514880 
1.520000 1.080000 | 24.634880 
1.560000 1.080000 | 24.134698 
1.600000 1.080000 | 23.053503 
1.640000 1.080000 | 21.467173 
1.680000 1.080000 | 19.483526 
1.720000 1.080000 | 17.235546 
1.760000 1.080000 | 14.873028 
-2.200000 1.120000 | 15.714544 
-2.160000 1.120000 | 13.272046 
-2.120000 1.120000 | 11.169427 
-2.080000 1.120000 | 9.528047 
-2.040000 1.120000 | 8.440482 
-2.000000 1.120000 | 7.964714 
-1.960000 1.120000 | 8.120482 
-1.920000 1.120000 | 8.888047 
-1.880000 1.120000 | 10.209427 
-1.840000 1.120000 | 11.992046 
-1.800000 1.120000 | 14.114544 
-1.760000 1.120000 | 16.434409 
-1.720000 1.120000 | 18.796927 
-1.680000 1.120000 | 21.044907 
-1.640000 1.120000 | 23.028554 
-1.600000 1.120000 | 24.614884 
-1.560000 1.120000 | 25.696079 
-1.520000 1.120000 | 26.196261 
-1.480000 1.120000 | 26.076261 
-1.440000 1.120000 | 25.336079 
-1.400000 1.120000 | 24.014884 
-1.360000 1.120000 | 22.188554 
-1.320000 1.120000 | 19.964907 
-1.280000 1.120000 | 17.476927 
-1.240000 1.120000 | 14.874409 
-1.200000 1.120000 | 12.314544 
-1.160000 1.120000 | 9.952046 
-1.120000 1.120000 | 7.929427 
-1.080000 1.120000 | 6.368047 
-1.040000 1.120000 | 5.360482 
-1.000000 1.120000 | 4.964714 
-0.960000 1.120000 | 5.200482 
-0.920000 1.120000 | 6.048047 
-0.880000 1.120000 | 7.449427 
-0.840000 1.120000 | 9.312046 
-0.800000 1.120000 | 11.514544 
-0.760000 1.120000 | 13.914409 
-0.720000 1.120000 | 16.356927 
-0.680000 1.120000 | 18.684907 
-0.640000 1.120000 | 20.748554 
-0.600000 1.120000 | 22.414884 
-0.560000 1.120000 | 23.576079 
-0.520000 1.120000 | 24.156261 
-0.480000 1.120000 | 24.116261 
-0.440000 1.120000 | 23.456079 
-0.400000 1.120000 | 22.214884 
-0.360000 1.120000 | 20.468554 
-0.320000 1.120000 | 18.324907 
-0.280000 1.120000 | 15.916927 
-0.240000 1.120000 | 13.394409 
-0.200000 1.120000 | 10.914544 
-0.160000 1.120000 | 8.632046 
-0.120000 1.120000 | 6.689427 
-0.080000 1.120000 | 5.208047 
-0.040000 1.120000 | 4.280482 
0.000000 1.120000 | 3.964714 
0.040000 1.120000 | 4.280482 
0.080000 1.120000 | 5.208047 
0.120000 1.120000 | 6.689427 
0.160000 1.120000 | 8.632046 
0.200000 1.120000 | 10.914544 
0.240000 1.120000 | 13.394409 
0.280000 1.120000 | 15.916927 
0.320000 1.120000 | 18.324907 
0.360000 1.120000 | 20.468554 
0.400000 1.120000 | 22.214884 
0.440000 1.120000 | 23.456079 
0.480000 1.120000 | 24.116261 
0.520000 1.120000 | 24.156261 
0.560000 1.120000 | 23.576079 
0.600000 1.120000 | 22.414884 
0.640000 1.120000 | 20.748554 
0.680000 1.120000 | 18.684907 
0.720000 1.120000 | 16.356927 
0.760000 1.120000 | 13.914409 
0.800000 1.120000 | 11.514544 
0.840000 1.120000 | 9.312046 
0.880000 1.120000 | 7.449427 
0.920000 1.120000 | 6.048047 
0.960000 1.120000 | 5.200482 
1.000000 1.120000 | 4.964714 
1.040000 1.120000 | 5.360482 
1.080000 1.120000 | 6.368047 
1.120000 1.120000 | 7.929427 
1.160000 1.120000 | 9.952046 
1.200000 1.120000 | 12.314544 
1.240000 1.120000 | 14.874409 
1.280000 1.120000 | 17.476927 
1.320000 1.120000 | 19.964907 
1.360000 1.120000 | 22.188554 
1.400000 1.120000 | 24.014884 
1.440000 1.120000 | 25.336079 
1.480000 1.120000 | 26.076261 
1.520000 1.120000 | 26.196261 
1.560000 1.120000 | 25.696079 
1.600000 1.120000 | 24.614884 
1.640000 1.120000 | 23.028554 
1.680000 1.120000 | 21.044907 
1.720000 1.120000 | 18.796927 
1.760000 1.120000 | 16.434409 
-2.200000 1.160000 | 17.737162 
-2.160000 1.160000 | 15.294664 
-2.120000 1.160000 | 13.192046 
-2.080000 1.160000 | 11.550665 
-2.040000 1.160000 | 10.463100 
-2.000000 1.160000 | 9.987332 
-1.960000 1.160000 | 10.143100 
-1.920000 1.160000 | 10.910665 
-1.880000 1.160000 | 12.232046 
-1.840000 1.160000 | 14.014664 
-1.800000 1.160000 | 16.137162 
-1.760000 1.160000 | 18.457027 
-1.720000 1.160000 | 20.819545 
-1.680000 1.160000 | 23.067525 
-1.640000 1.160000 | 25.051172 
-1.600000 1.160000 | 26.637502 
-1.560000 1.160000 | 27.718697 
-1.520000 1.160000 | 28.218879 
-1.480000 1.160000 | 28.098879 
-1.440000 1.160000 | 27.358697 
-1.400000 1.160000 | 26.037502 
-1.360000 1.160000 | 24.211172 
-1.320000 1.160000 | 21.987525 
-1.280000 1.160000 | 19.499545 
-1.240000 1.160000 | 16.897027 
-1.200000 1.160000 | 14.337162 
-1.160000 1.160000 | 11.974664 
-1.120000 1.160000 | 9.952046 
-1.080000 1.160000 | 8.390665 
-1.040000 1.160000 | 7.383100 
-1.000000 1.160000 | 6.987332 
-0.960000 1.160000 | 7.223100 
-0.920000 1.160000 | 8.070665 
-0.880000 1.160000 | 9.472046 
-0.840000 1.160000 | 11.334664 
-0.800000 1.160000 | 13.537162 
-0.760000 1.160000 | 15.937027 
-0.720000 1.160000 | 18.379545 
-0.680000 1.160000 | 20.707525 
-0.640000 1.160000 | 22.771172 
-0.600000 1.160000 | 24.437502 
-0.560000 1.160000 | 25.598697 
-0.520000 1.160000 | 26.178879 
-0.480000 1.160000 | 26.138879 
-0.440000 1.160000 | 25.478697 
-0.400000 1.160000 | 24.237502 
-0.360000 1.160000 | 22.491172 
-0.320000 1.160000 | 20.347525 
-0.280000 1.160000 | 17.939545 
-0.240000 1.160000 | 15.417027 
-0.200000 1.160000 | 12.937162 
-0.160000 1.160000 | 10.654664 
-0.120000 1.160000 | 8.712046 
-0.080000 1.160000 | 7.230665 
-0.040000 1.160000 | 6.303100 
0.000000 1.160000 | 5.987332 
0.040000 1.160000 | 6.303100 
0.080000 1.160000 | 7.230665 
0.120000 1.160000 | 8.712046 
0.160000 1.160000 | 10.654664 
0.200000 1.160000 | 12.937162 
0.240000 1.160000 | 15.417027 
0.280000 1.160000 | 17.939545 
0.320000 1.160000 | 20.347525 
0.360000 1.160000 | 22.491172 
0.400000 1.160000 | 24.237502 
0.440000 1.160000 | 25.478697 
0.480000 1.160000 | 26.138879 
0.520000 1.160000 | 26.178879 
0.560000 1.160000 | 25.598697 
0.600000 1.160000 | 24.437502 
0.640000 1.160000 | 22.771172 
0.680000 1.160000 | 20.707525 
0.720000 1.160000 | 18.379545 
0.760000 1.160000 | 15.937027 
0.800000 1.160000 | 13.537162 
0.840000 1.160000 | 11.334664 
0.880000 1.160000 | 9.472046 
0.920000 1.160000 | 8.070665 
0.960000 1.160000 | 7.223100 
1.000000 1.160000 | 6.987332 
1.040000 1.160000 | 7.383100 
1.080000 1.160000 | 8.390665 
1.120000 1.160000 | 9.952046 
1.160000 1.160000 | 11.974664 
1.200000 1.160000 | 14.337162 
1.240000 1.160000 | 16.897027 
1.280000 1.160000 | 19.499545 
1.320000 1.160000 | 21.987525 
1.360000 1.160000 | 24.211172 
1.400000 1.160000 | 26.037502 
1.440000 1.160000 | 27.358697 
1.480000 1.160000 | 28.098879 
1.520000 1.160000 | 28.218879 
1.560000 1.160000 | 27.718697 
1.600000 1.160000 | 26.637502 
1.640000 1.160000 | 25.051172 
1.680000 1.160000 | 23.067525 
1.720000 1.160000 | 20.819545 
1.760000 1.160000 | 18.457027 
-2.200000 1.200000 | 20.099660 
-2.160000 1.200000 | 17.657162 
-2.120000 1.200000 | 15.554544 
-2.080000 1.200000 | 13.913163 
-2.040000 1.200000 | 12.825598 
-2.000000 1.200000 | 12.349830 
-1.960000 1.200000 | 12.505598 
-1.920000 1.200000 | 13.273163 
-1.880000 1.200000 | 14.594544 
-1.840000 1.200000 | 16.377162 
-1.800000 1.200000 | 18.499660 
-1.760000 1.200000 | 20.819525 
-1.720000 1.200000 | 23.182043 
-1.680000 1.200000 | 25.430023 
-1.640000 1.200000 | 27.413670 
-1.600000 1.200000 | 29.000000 
-1.560000 1.200000 | 30.081195 
-1.520000 1.200000 | 30.581377 
-1.480000 1.200000 | 30.461377 
-1.440000 1.200000 | 29.721195 
-1.400000 1.200000 | 28.400000 
-1.360000 1.200000 | 26.573670 
-1.320000 1.200000 | 24.350023 
-1.280000 1.200000 | 21.862043 
-1.240000 1.200000 | 19.259525 
-1.200000 1.200000 | 16.699660 
-1.160000 1.200000 | 14.337162 
-1.120000 1.200000 | 12.314544 
-1.080000 1.200000 | 10.753163 
-1.040000 1.200000 | 9.745598 
-1.000000 1.200000 | 9.349830 
-0.960000 1.200000 | 9.585598 
-0.920000 1.200000 | 10.433163 
-0.880000 1.200000 | 11.834544 
-0.840000 1.200000 | 13.697162 
-0.800000 1.200000 | 15.899660 
-0.760000 1.200000 | 18.299525 
-0.720000 1.200000 | 20.742043 
-0.680000 1.200000 | 23.070023 
-0.640000 1.200000 | 25.133670 
-0.600000 1.200000 | 26.800000 
-0.560000 1.200000 | 27.961195 
-0.520000 1.200000 | 28.541377 
-0.480000 1.200000 | 28.501377 
-0.440000 1.200000 | 27.841195 
-0.400000 1.200000 | 26.600000 
-0.360000 1.200000 | 24.853670 
-0.320000 1.200000 | 22.710023 
-0.280000 1.200000 | 20.302043 
-0.240000 1.200000 | 17.779525 
-0.200000 1.200000 | 15.299660 
-0.160000 1.200000 | 13.017162 
-0.120000 1.200000 | 11.074544 
-0.080000 1.200000 | 9.593163 
-0.040000 1.200000 | 8.665598 
0.000000 1.200000 | 8.349830 
0.040000 1.200000 | 8.665598 
0.080000 1.200000 | 9.593163 
0.120000 1.200000 | 11.074544 
0.160000 1.200000 | 13.017162 
0.200000 1.200000 | 15.299660 
0.240000 1.200000 | 17.779525 
0.280000 1.200000 | 20.302043 
0.320000 1.200000 | 22.710023 
0.360000 1.200000 | 24.853670 
0.400000 1.200000 | 26.600000 
0.440000 1.200000 | 27.841195 
0.480000 1.200000 | 28.501377 
0.520000 1.200000 | 28.541377 
0.560000 1.200000 | 27.961195 
0.600000 1.200000 | 26.800000 
0.640000 1.200000 | 25.133670 
0.680000 1.200000 | 23.070023 
0.720000 1.200000 | 20.742043 
0.760000 1.200000 | 18.299525 
0.800000 1.200000 | 15.899660 
0.840000 1.200000 | 13.697162 
0.880000 1.200000 | 11.834544 
0.920000 1.200000 | 10.433163 
0.960000 1.200000 | 9.585598 
1.000000 1.200000 | 9.349830 
1.040000 1.200000 | 9.745598 
1.080000 1.200000 | 10.753163 
1.120000 1.200000 | 12.314544 
1.160000 1.200000 | 14.337162 
1.200000 1.200000 | 16.699660 
1.240000 1.200000 | 19.259525 
1.280000 1.200000 | 21.862043 
1.320000 1.200000 | 24.350023 
1.360000 1.200000 | 26.573670 
1.400000 1.200000 | 28.400000 
1.440000 1.200000 | 29.721195 
1.480000 1.200000 | 30.461377 
1.520000 1.200000 | 30.581377 
1.560000 1.200000 | 30.081195 
1.600000 1.200000 | 29.000000 
1.640000 1.200000 | 27.413670 
1.680000 1.200000 | 25.430023 
1.720000 1.200000 | 23.182043 
1.760000 1.200000 | 20.819525 
-2.200000 1.240000 | 22.659525 
-2.160000 1.240000 | 20.217027 
-2.120000 1.240000 | 18.114409 
-2.080000 1.240000 | 16.473028 
-2.040000 1.240000 | 15.385463 
-2.000000 1.240000 | 14.909695 
-1.960000 1.240000 | 15.065463 
-1.920000 1.240000 | 15.833028 
-1.880000 1.240000 | 17.154409 
-1.840000 1.240000 | 18.937027 
-1.800000 1.240000 | 21.059525 
-1.760000 1.240000 | 23.379390 
-1.720000 1.240000 | 25.741908 
-1.680000 1.240000 | 27.989888 
-1.640000 1.240000 | 29.973535 
-1.600000 1.240000 | 31.559865 
-1.560000 1.240000 | 32.641060 
-1.520000 1.240000 | 33.141242 
-1.480000 1.240000 | 33.021242 
-1.440000 1.240000 | 32.281060 
-1.400000 1.240000 | 30.959865 
-1.360000 1.240000 | 29.133535 
-1.320000 1.240000 | 26.909888 
-1.280000 1.240000 | 24.421908 
-1.240000 1.240000 | 21.819390 
-1.200000 1.240000 | 19.259525 
-1.160000 1.240000 | 16.897027 
-1.120000 1.240000 | 14.874409 
-1.080000 1.240000 | 13.313028 
-1.040000 1.240000 | 12.305463 
-1.000000 1.240000 | 11.909695 
-0.960000 1.240000 | 12.145463 
-0.920000 1.240000 | 12.993028 
-0.880000 1.240000 | 14.394409 
-0.840000 1.240000 | 16.257027 
-0.800000 1.240000 | 18.459525 
-0.760000 1.240000 | 20.859390 
-0.720000 1.240000 | 23.301908 
-0.680000 1.240000 | 25.629888 
-0.640000 1.240000 | 27.693535 
-0.600000 1.240000 | 29.359865 
-0.560000 1.240000 | 30.521060 
-0.520000 1.240000 | 31.101242 
-0.480000 1.240000 | 31.061242 
-0.440000 1.240000 | 30.401060 
-0.400000 1.240000 | 29.159865 
-0.360000 1.240000 | 27.413535 
-0.320000 1.240000 | 25.269888 
-0.280000 1.240000 | 22.861908 
-0.240000 1.240000 | 20.339390 
-0.200000 1.240000 | 17.859525 
-0.160000 1.240000 | 15.577027 
-0.120000 1.240000 | 13.634409 
-0.080000 1.240000 | 12.153028 
-0.040000 1.240000 | 11.225463 
0.000000 1.240000 | 10.909695 
0.040000 1.240000 | 11.225463 
0.080000 1.240000 | 12.153028 
0.120000 1.240000 | 13.634409 
0.160000 1.240000 | 15.577027 
0.200000 1.240000 | 17.859525 
0.240000 1.240000 | 20.339390 
0.280000 1.240000 | 22.861908 
0.320000 1.240000 | 25.269888 
0.360000 1.240000 | 27.413535 
0.400000 1.240000 | 29.159865 
0.440000 1.240000 | 30.401060 
0.480000 1.240000 | 31.061242 
0.520000 1.240000 | 31.101242 
0.560000 1.240000 | 30.521060 
0.600000 1.240000 | 29.359865 
0.640000 1.240000 | 27.693535 
0.680000 1.240000 | 25.629888 
0.720000 1.240000 | 23.301908 
0.760000 1.240000 | 20.859390 
0.800000 1.240000 | 18.459525 
0.840000 1.240000 | 16.257027 
0.880000 1.240000 | 14.394409 
0.920000 1.240000 | 12.993028 
0.960000 1.240000 | 12.145463 
1.000000 1.240000 | 11.909695 
1.040000 1.240000 | 12.305463 
1.080000 1.240000 | 13.313028 
1.120000 1.240000 | 14.874409 
1.160000 1.240000 | 16.897027 
1.200000 1.240000 | 19.259525 
1.240000 1.240000 | 21.819390 
1.280000 1.240000 | 24.421908 
1.320000 1.240000 | 26.909888 
1.360000 1.240000 | 29.133535 
1.400000 1.240000 | 30.959865 
1.440000 1.240000 | 32.281060 
1.480000 1.240000 | 33.021242 
1.520000 1.240000 | 33.141242 
1.560000 1.240000 | 32.641060 
1.600000 1.240000 | 31.559865 
1.640000 1.240000 | 29.973535 
1.680000 1.240000 | 27.989888 
1.720000 1.240000 | 25.741908 
1.760000 1.240000 | 23.379390 
-2.200000 1.280000 | 25.262043 
-2.160000 1.280000 | 22.819545 
-2.120000 1.280000 | 20.716927 
-2.080000 1.280000 | 19.075546 
-2.040000 1.280000 | 17.987982 
-2.000000 1.280000 | 17.512213 
-1.960000 1.280000 | 17.667982 
-1.920000 1.280000 | 18.435546 
-1.880000 1.280000 | 19.756927 
-1.840000 1.280000 | 21.539545 
-1.800000 1.280000 | 23.662043 
-1.760000 1.280000 | 25.981908 
-1.720000 1.280000 | 28.344426 
-1.680000 1.280000 | 30.592406 
-1.640000 1.280000 | 32.576053 
-1.600000 1.280000 | 34.162383 
-1.560000 1.280000 | 35.243578 
-1.520000 1.280000 | 35.743760 
-1.480000 1.280000 | 35.623760 
-1.440000 1.280000 | 34.883578 
-1.400000 1.280000 | 33.562383 
-1.360000 1.280000 | 31.736053 
-1.320000 1.280000 | 29.512406 
-1.280000 1.280000 | 27.024426 
-1.240000 1.280000 | 24.421908 
-1.200000 1.280000 | 21.862043 
-1.160000 1.280000 | 19.499545 
-1.120000 1.280000 | 17.476927 
-1.080000 1.280000 | 15.915546 
-1.040000 1.280000 | 14.907982 
-1.000000 1.280000 | 14.512213 
-0.960000 1.280000 | 14.747982 
-0.920000 1.280000 | 15.595546 
-0.880000 1.280000 | 16.996927 
-0.840000 1.280000 | 18.859545 
-0.800000 1.280000 | 21.062043 
-0.760000 1.280000 | 23.461908 
-0.720000 1.280000 | 25.904426 
-0.680000 1.280000 | 28.232406 
-0.640000 1.280000 | 30.296053 
-0.600000 1.280000 | 31.962383 
-0.560000 1.280000 | 33.123578 
-0.520000 1.280000 | 33.703760 
-0.480000 1.280000 | 33.663760 
-0.440000 1.280000 | 33.003578 
-0.400000 1.280000 | 31.762383 
-0.360000 1.280000 | 30.016053 
-0.320000 1.280000 | 27.872406 
-0.280000 1.280000 | 25.464426 
-0.240000 1.280000 | 22.941908 
-0.200000 1.280000 | 20.462043 
-0.160000 1.280000 | 18.179545 
-0.120000 1.280000 | 16.236927 
-0.080000 1.280000 | 14.755546 
-0.040000 1.280000 | 13.827982 
0.000000 1.280000 | 13.512213 
0.040000 1.280000 | 13.827982 
0.080000 1.280000 | 14.755546 
0.120000 1.280000 | 16.236927 
0.160000 1.280000 | 18.179545 
0.200000 1.280000 | 20.462043 
0.240000 1.280000 | 22.941908 
0.280000 1.280000 | 25.464426 
0.320000 1.280000 | 27.872406 
0.360000 1.280000 | 30.016053 
0.400000 1.280000 | 31.762383 
0.440000 1.280000 | 33.003578 
0.480000 1.280000 | 33.663760 
0.520000 1.280000 | 33.703760 
0.560000 1.280000 | 33.123578 
0.600000 1.280000 | 31.962383 
0.640000 1.280000 | 30.296053 
0.680000 1.280000 | 28.232406 
0.720000 1.280000 | 25.904426 
0.760000 1.280000 | 23.461908 
0.800000 1.280000 | 21.062043 
0.840000 1.280000 | 18.859545 
0.880000 1.280000 | 16.996927 
0.920000 1.280000 | 15.595546 
0.960000 1.280000 | 14.747982 
1.000000 1.280000 | 14.512213 
1.040000 1.280000 | 14.907982 
1.080000 1.280000 | 15.915546 
1.120000 1.280000 | 17.476927 
1.160000 1.280000 | 19.499545 
1.200000 1.280000 | 21.862043 
1.240000 1.280000 | 24.421908 
1.280000 1.280000 | 27.024426 
1.320000 1.280000 | 29.512406 
1.360000 1.280000 | 31.736053 
1.400000 1.280000 | 33.562383 
1.440000 1.280000 | 34.883578 
1.480000 1.280000 | 35.623760 
1.520000 1.280000 | 35.743760 
1.560000 1.280000 | 35.243578 
1.600000 1.280000 | 34.162383 
1.640000 1.280000 | 32.576053 
1.680000 1.280000 | 30.592406 
1.720000 1.280000 | 28.344426 
1.760000 1.280000 | 25.981908 
-2.200000 1.320000 | 27.750023 
-2.160000 1.320000 | 25.307525 
-2.120000 1.320000 | 23.204907 
-2.080000 1.320000 | 21.563526 
-2.040000 1.320000 | 20.475961 
-2.000000 1.320000 | 20.000193 
-1.960000 1.320000 | 20.155961 
-1.920000 1.320000 | 20.923526 
-1.880000 1.320000 | 22.244907 
-1.840000 1.320000 | 24.027525 
-1.800000 1.320000 | 26.150023 
-1.760000 1.320000 | 28.469888 
-1.720000 1.320000 | 30.832406 
-1.680000 1.320000 | 33.080386 
-1.640000 1.320000 | 35.064033 
-1.600000 1.320000 | 36.650363 
-1.560000 1.320000 | 37.731558 
-1.520000 1.320000 | 38.231740 
-1.480000 1.320000 | 38.111740 
-1.440000 1.320000 | 37.371558 
-1.400000 1.320000 | 36.050363 
-1.360000 1.320000 | 34.224033 
-1.320000 1.320000 | 32.000386 
-1.280000 1.320000 | 29.512406 
-1.240000 1.320000 | 26.909888 
-1.200000 1.320000 | 24.350023 
-1.160000 1.320000 | 21.987525 
-1.120000 1.320000 | 19.964907 
-1.080000 1.320000 | 18.403526 
-1.040000 1.320000 | 17.395961 
-1.000000 1.320000 | 17.000193 
-0.960000 1.320000 | 17.235961 
-0.920000 1.320000 | 18.083526 
-0.880000 1.320000 | 19.484907 
-0.840000 1.320000 | 21.347525 
-0.800000 1.320000 | 23.550023 
-0.760000 1.320000 | 25.949888 
-0.720000 1.320000 | 28.392406 
-0.680000 1.320000 | 30.720386 
-0.640000 1.320000 | 32.784033 
-0.600000 1.320000 | 34.450363 
-0.560000 1.320000 | 35.611558 
-0.520000 1.320000 | 36.191740 
-0.480000 1.320000 | 36.151740 
-0.440000 1.320000 | 35.491558 
-0.400000 1.320000 | 34.250363 
-0.360000 1.320000 | 32.504033 
-0.320000 1.320000 | 30.360386 
-0.280000 1.320000 | 27.952406 
-0.240000 1.320000 | 25.429888 
-0.200000 1.320000 | 22.950023 
-0.160000 1.320000 | 20.667525 
-0.120000 1.320000 | 18.724907 
-0.080000 1.320000 | 17.243526 
-0.040000 1.320000 | 16.315961 
0.000000 1.320000 | 16.000193 
0.040000 1.320000 | 16.315961 
0.080000 1.320000 | 17.243526 
0.120000 1.320000 | 18.724907 
0.160000 1.320000 | 20.667525 
0.200000 1.320000 | 22.950023 
0.240000 1.320000 | 25.429888 
0.280000 1.320000 | 27.952406 
0.320000 1.320000 | 30.360386 
0.360000 1.320000 | 32.504033 
0.400000 1.320000 | 34.250363 
0.440000 1.320000 | 35.491558 
0.480000 1.320000 | 36.151740 
0.520000 1.320000 | 36.191740 
0.560000 1.320000 | 35.611558 
0.600000 1.320000 | 34.450363 
0.640000 1.320000 | 32.784033 
0.680000 1.320000 | 30.720386 
0.720000 1.320000 | 28.392406 
0.760000 1.320000 | 25.949888 
0.800000 1.320000 | 23.550023 
0.840000 1.320000 | 21.347525 
0.880000 1.320000 | 19.484907 
0.920000 1.320000 | 18.083526 
0.960000 1.320000 | 17.235961 
1.000000 1.320000 | 17.000193 
1.040000 1.320000 | 17.395961 
1.080000 1.320000 | 18.403526 
1.120000 1.320000 | 19.964907 
1.160000 1.320000 | 21.987525 
1.200000 1.320000 | 24.350023 
1.240000 1.320000 | 26.909888 
1.280000 1.320000 | 29.512406 
1.320000 1.320000 | 32.000386 
1.360000 1.320000 | 34.224033 
1.400000 1.320000 | 36.050363 
1.440000 1.320000 | 37.371558 
1.480000 1.320000 | 38.111740 
1.520000 1.320000 | 38.231740 
1.560000 1.320000 | 37.731558 
1.600000 1.320000 | 36.650363 
1.640000 1.320000 | 35.064033 
1.680000 1.320000 | 33.080386 
1.720000 1.320000 | 30.832406 
1.760000 1.320000 | 28.469888 
-2.200000 1.360000 | 29.973670 
-2.160000 1.360000 | 27.531172 
-2.120000 1.360000 | 25.428554 
-2.080000 1.360000 | 23.787173 
-2.040000 1.360000 | 22.699608 
-2.000000 1.360000 | 22.223840 
-1.960000 1.360000 | 22.379608 
-1.920000 1.360000 | 23.147173 
-1.880000 1.360000 | 24.468554 
-1.840000 1.360000 | 26.251172 
-1.800000 1.360000 | 28.373670 
-1.760000 1.360000 | 30.693535 
-1.720000 1.360000 | 33.056053 
-1.680000 1.360000 | 35.304033 
-1.640000 1.360000 | 37.287680 
-1.600000 1.360000 | 38.874010 
-1.560000 1.360000 | 39.955205 
-1.520000 1.360000 | 40.455387 
-1.480000 1.360000 | 40.335387 
-1.440000 1.360000 | 39.595205 
-1.400000 1.360000 | 38.274010 
-1.360000 1.360000 | 36.447680 
-1.320000 1.360000 | 34.224033 
-1.280000 1.360000 | 31.736053 
-1.240000 1.360000 | 29.133535 
-1.200000 1.360000 | 26.573670 
-1.160000 1.360000 | 24.211172 
-1.120000 1.360000 | 22.188554 
-1.080000 1.360000 | 20.627173 
-1.040000 1.360000 | 19.619608 
-1.000000 1.360000 | 19.223840 
-0.960000 1.360000 | 19.459608 
-0.920000 1.360000 | 20.307173 
-0.880000 1.360000 | 21.708554 
-0.840000 1.360000 | 23.571172 
-0.800000 1.360000 | 25.773670 
-0.760000 1.360000 | 28.173535 
-0.720000 1.360000 | 30.616053 
-0.680000 1.360000 | 32.944033 
-0.640000 1.360000 | 35.007680 
-0.600000 1.360000 | 36.674010 
-0.560000 1.360000 | 37.835205 
-0.520000 1.360000 | 38.415387 
-0.480000 1.360000 | 38.375387 
-0.440000 1.360000 | 37.715205 
-0.400000 1.360000 | 36.474010 
-0.360000 1.360000 | 34.727680 
-0.320000 1.360000 | 32.584033 
-0.280000 1.360000 | 30.176053 
-0.240000 1.360000 | 27.653535 
-0.200000 1.360000 | 25.173670 
-0.160000 1.360000 | 22.891172 
-0.120000 1.360000 | 20.948554 
-0.080000 1.360000 | 19.467173 
-0.040000 1.360000 | 18.539608 
0.000000 1.360000 | 18.223840 
0.040000 1.360000 | 18.539608 
0.080000 1.360000 | 19.467173 
0.120000 1.360000 | 20.948554 
0.160000 1.360000 | 22.891172 
0.200000 1.360000 | 25.173670 
0.240000 1.360000 | 27.653535 
0.280000 1.360000 | 30.176053 
0.320000 1.360000 | 32.584033 
0.360000 1.360000 | 34.727680 
0.400000 1.360000 | 36.474010 
0.440000 1.360000 | 37.715205 
0.480000 1.360000 | 38.375387 
0.520000 1.360000 | 38.415387 
0.560000 1.360000 | 37.835205 
0.600000 1.360000 | 36.674010 
0.640000 1.360000 | 35.007680 
0.680000 1.360000 | 32.944033 
0.720000 1.360000 | 30.616053 
0.760000 1.360000 | 28.173535 
0.800000 1.360000 | 25.773670 
0.840000 1.360000 | 23.571172 
0.880000 1.360000 | 21.708554 
0.920000 1.360000 | 20.307173 
0.960000 1.360000 | 19.459608 
1.000000 1.360000 | 19.223840 
1.040000 1.360000 | 19.619608 
1.080000 1.360000 | 20.627173 
1.120000 1.360000 | 22.188554 
1.160000 1.360000 | 24.211172 
1.200000 1.360000 | 26.573670 
1.240000 1.360000 | 29.133535 
1.280000 1.360000 | 31.736053 
1.320000 1.360000 | 34.224033 
1.360000 1.360000 | 36.447680 
1.400000 1.360000 | 38.274010 
1.440000 1.360000 | 39.595205 
1.480000 1.360000 | 40.335387 
1.520000 1.360000 | 40.455387 
1.560000 1.360000 | 39.955205 
1.600000 1.360000 | 38.874010 
1.640000 1.360000 | 37.287680 
1.680000 1.360000 | 35.304033 
1.720000 1.360000 | 33.056053 
1.760000 1.360000 | 30.693535 
-2.200000 1.400000 | 31.800000 
-2.160000 1.400000 | 29.357502 
-2.120000 1.400000 | 27.254884 
-2.080000 1.400000 | 25.613503 
-2.040000 1.400000 | 24.525938 
-2.000000 1.400000 | 24.050170 
-1.960000 1.400000 | 24.205938 
-1.920000 1.400000 | 24.973503 
-1.880000 1.400000 | 26.294884 
-1.840000 1.400000 | 28.077502 
-1.800000 1.400000 | 30.200000 
-1.760000 1.400000 | 32.519865 
-1.720000 1.400000 | 34.882383 
-1.680000 1.400000 | 37.130363 
-1.640000 1.400000 | 39.114010 
-1.600000 1.400000 | 40.700340 
-1.560000 1.400000 | 41.781535 
-1.520000 1.400000 | 42.281717 
-1.480000 1.400000 | 42.161717 
-1.440000 1.400000 | 41.421535 
-1.400000 1.400000 | 40.100340 
-1.360000 1.400000 | 38.274010 
-1.320000 1.400000 | 36.050363 
-1.280000 1.400000 | 33.562383 
-1.240000 1.400000 | 30.959865 
-1.200000 1.400000 | 28.400000 
-1.160000 1.400000 | 26.037502 
-1.120000 1.400000 | 24.014884 
-1.080000 1.400000 | 22.453503 
-1.040000 1.400000 | 21.445938 
-1.000000 1.400000 | 21.050170 
-0.960000 1.400000 | 21.285938 
-0.920000 1.400000 | 22.133503 
-0.880000 1.400000 | 23.534884 
-0.840000 1.400000 | 25.397502 
-0.800000 1.400000 | 27.600000 
-0.760000 1.400000 | 29.999865 
-0.720000 1.400000 | 32.442383 
-0.680000 1.400000 | 34.770363 
-0.640000 1.400000 | 36.834010 
-0.600000 1.400000 | 38.500340 
-0.560000 1.400000 | 39.661535 
-0.520000 1.400000 | 40.241717 
-0.480000 1.400000 | 40.201717 
-0.440000 1.400000 | 39.541535 
-0.400000 1.400000 | 38.300340 
-0.360000 1.400000 | 36.554010 
-0.320000 1.400000 | 34.410363 
-0.280000 1.400000 | 32.002383 
-0.240000 1.400000 | 29.479865 
-0.200000 1.400000 | 27.000000 
-0.160000 1.400000 | 24.717502 
-0.120000 1.400000 | 22.774884 
-0.080000 1.400000 | 21.293503 
-0.040000 1.400000 | 20.365938 
0.000000 1.400000 | 20.050170 
0.040000 1.400000 | 20.365938 
0.080000 1.400000 | 21.293503 
0.120000 1.400000 | 22.774884 
0.160000 1.400000 | 24.717502 
0.200000 1.400000 | 27.000000 
0.240000 1.400000 | 29.479865 
0.280000 1.400000 | 32.002383 
0.320000 1.400000 | 34.410363 
0.360000 1.400000 | 36.554010 
0.400000 1.400000 | 38.300340 
0.440000 1.400000 | 39.541535 
0.480000 1.400000 | 40.201717 
0.520000 1.400000 | 40.241717 
0.560000 1.400000 | 39.661535 
0.600000 1.400000 | 38.500340 
0.640000 1.400000 | 36.834010 
0.680000 1.400000 | 34.770363 
0.720000 1.400000 | 32.442383 
0.760000 1.400000 | 29.999865 
0.800000 1.400000 | 27.600000 
0.840000 1.400000 | 25.397502 
0.880000 1.400000 | 23.534884 
0.920000 1.400000 | 22.133503 
0.960000 1.400000 | 21.285938 
1.000000 1.400000 | 21.050170 
1.040000 1.400000 | 21.445938 
1.080000 1.400000 | 22.453503 
1.120000 1.400000 | 24.014884 
1.160000 1.400000 | 26.037502 
1.200000 1.400000 | 28.400000 
1.240000 1.400000 | 30.959865 
1.280000 1.400000 | 33.562383 
1.320000 1.400000 | 36.050363 
1.360000 1.400000 | 38.274010 
1.400000 1.400000 | 40.100340 
1.440000 1.400000 | 41.421535 
1.480000 1.400000 | 42.161717 
1.520000 1.400000 | 42.281717 
1.560000 1.400000 | 41.781535 
1.600000 1.400000 | 40.700340 
1.640000 1.400000 | 39.114010 
1.680000 1.400000 | 37.130363 
1.720000 1.400000 | 34.882383 
1.760000 1.400000 | 32.519865 
-2.200000 1.440000 | 33.121195 
-2.160000 1.440000 | 30.678697 
-2.120000 1.440000 | 28.576079 
-2.080000 1.440000 | 26.934698 
-2.040000 1.440000 | 25.847133 
-2.000000 1.440000 | 25.371365 
-1.960000 1.440000 | 25.527133 
-1.920000 1.440000 | 26.294698 
-1.880000 1.440000 | 27.616079 
-1.840000 1.440000 | 29.398697 
-1.800000 1.440000 | 31.521195 
-1.760000 1.440000 | 33.841060 
-1.720000 1.440000 | 36.203578 
-1.680000 1.440000 | 38.451558 
-1.640000 1.440000 | 40.435205 
-1.600000 1.440000 | 42.021535 
-1.560000 1.440000 | 43.102730 
-1.520000 1.440000 | 43.602912 
-1.480000 1.440000 | 43.482912 
-1.440000 1.440000 | 42.742730 
-1.400000 1.440000 | 41.421535 
-1.360000 1.440000 | 39.595205 
-1.320000 1.440000 | 37.371558 
-1.280000 1.440000 | 34.883578 
-1.240000 1.440000 | 32.281060 
-1.200000 1.440000 | 29.721195 
-1.160000 1.440000 | 27.358697 
-1.120000 1.440000 | 25.336079 
-1.080000 1.440000 | 23.774698 
-1.040000 1.440000 | 22.767133 
-1.000000 1.440000 | 22.371365 
-0.960000 1.440000 | 22.607133 
-0.920000 1.440000 | 23.454698 
-0.880000 1.440000 | 24.856079 
-0.840000 1.440000 | 26.718697 
-0.800000 1.440000 | 28.921195 
-0.760000 1.440000 | 31.321060 
-0.720000 1.440000 | 33.763578 
-0.680000 1.440000 | 36.091558 
-0.640000 1.440000 | 38.155205 
-0.600000 1.440000 | 39.821535 
-0.560000 1.440000 | 40.982730 
-0.520000 1.440000 | 41.562912 
-0.480000 1.440000 | 41.522912 
-0.440000 1.440000 | 40.862730 
-0.400000 1.440000 | 39.621535 
-0.360000 1.440000 | 37.875205 
-0.320000 1.440000 | 35.731558 
-0.280000 1.440000 | 33.323578 
-0.240000 1.440000 | 30.801060 
-0.200000 1.440000 | 28.321195 
-0.160000 1.440000 | 26.038697 
-0.120000 1.440000 | 24.096079 
-0.080000 1.440000 | 22.614698 
-0.040000 1.440000 | 21.687133 
0.000000 1.440000 | 21.371365 
0.040000 1.440000 | 21.687133 
0.080000 1.440000 | 22.614698 
0.120000 1.440000 | 24.096079 
0.160000 1.440000 | 26.038697 
0.200000 1.440000 | 28.321195 
0.240000 1.440000 | 30.801060 
0.280000 1.440000 | 33.323578 
0.320000 1.440000 | 35.731558 
0.360000 1.440000 | 37.875205 
0.400000 1.440000 | 39.621535 
0.440000 1.440000 | 40.862730 
0.480000 1.440000 | 41.522912 
0.520000 1.440000 | 41.562912 
0.560000 1.440000 | 40.982730 
0.600000 1.440000 | 39.821535 
0.640000 1.440000 | 38.155205 
0.680000 1.440000 | 36.091558 
0.720000 1.440000 | 33.763578 
0.760000 1.440000 | 31.321060 
0.800000 1.440000 | 28.921195 
0.840000 1.440000 | 26.718697 
0.880000 1.440000 | 24.856079 
0.920000 1.440000 | 23.454698 
0.960000 1.440000 | 22.607133 
1.000000 1.440000 | 22.371365 
1.040000 1.440000 | 22.767133 
1.080000 1.440000 | 23.774698 
1.120000 1.440000 | 25.336079 
1.160000 1.440000 | 27.358697 
1.200000 1.440000 | 29.721195 
1.240000 1.440000 | 32.281060 
1.280000 1.440000 | 34.883578 
1.320000 1.440000 | 37.371558 
1.360000 1.440000 | 39.595205 
1.400000 1.440000 | 41.421535 
1.440000 1.440000 | 42.742730 
1.480000 1.440000 | 43.482912 
1.520000 1.440000 | 43.602912 
1.560000 1.440000 | 43.102730 
1.600000 1.440000 | 42.021535 
1.640000 1.440000 | 40.435205 
1.680000 1.440000 | 38.451558 
1.720000 1.440000 | 36.203578 
1.760000 1.440000 | 33.841060 
-2.200000 1.480000 | 33.861377 
-2.160000 1.480000 | 31.418879 
-2.120000 1.480000 | 29.316261 
-2.080000 1.480000 | 27.674880 
-2.040000 1.480000 | 26.587315 
-2.000000 1.480000 | 26.111547 
-1.960000 1.480000 | 26.267315 
-1.920000 1.480000 | 27.034880 
-1.880000 1.480000 | 28.356261 
-1.840000 1.480000 | 30.138879 
-1.800000 1.480000 | 32.261377 
-1.760000 1.480000 | 34.581242 
-1.720000 1.480000 | 36.943760 
-1.680000 1.480000 | 39.191740 
-1.640000 1.480000 | 41.175387 
-1.600000 1.480000 | 42.761717 
-1.560000 1.480000 | 43.842912 
-1.520000 1.480000 | 44.343094 
-1.480000 1.480000 | 44.223094 
-1.440000 1.480000 | 43.482912 
-1.400000 1.480000 | 42.161717 
-1.360000 1.480000 | 40.335387 
-1.320000 1.480000 | 38.111740 
-1.280000 1.480000 | 35.623760 
-1.240000 1.480000 | 33.021242 
-1.200000 1.480000 | 30.461377 
-1.160000 1.480000 | 28.098879 
-1.120000 1.480000 | 26.076261 
-1.080000 1.480000 | 24.514880 
-1.040000 1.480000 | 23.507315 
-1.000000 1.480000 | 23.111547 
-0.960000 1.480000 | 23.347315 
-0.920000 1.480000 | 24.194880 
-0.880000 1.480000 | 25.596261 
-0.840000 1.480000 | 27.458879 
-0.800000 1.480000 | 29.661377 
-0.760000 1.480000 | 32.061242 
-0.720000 1.480000 | 34.503760 
-0.680000 1.480000 | 36.831740 
-0.640000 1.480000 | 38.895387 
-0.600000 1.480000 | 40.561717 
-0.560000 1.480000 | 41.722912 
-0.520000 1.480000 | 42.303094 
-0.480000 1.480000 | 42.263094 
-0.440000 1.480000 | 41.602912 
-0.400000 1.480000 | 40.361717 
-0.360000 1.480000 | 38.615387 
-0.320000 1.480000 | 36.471740 
-0.280000 1.480000 | 34.063760 
-0.240000 1.480000 | 31.541242 
-0.200000 1.480000 | 29.061377 
-0.160000 1.480000 | 26.778879 
-0.120000 1.480000 | 24.836261 
-0.080000 1.480000 | 23.354880 
-0.040000 1.480000 | 22.427315 
0.000000 1.480000 | 22.111547 
0.040000 1.480000 | 22.427315 
0.080000 1.480000 | 23.354880 
0.120000 1.480000 | 24.836261 
0.160000 1.480000 | 26.778879 
0.200000 1.480000 | 29.061377 
0.240000 1.480000 | 31.541242 
0.280000 1.480000 | 34.063760 
0.320000 1.480000 | 36.471740 
0.360000 1.480000 | 38.615387 
0.400000 1.480000 | 40.361717 
0.440000 1.480000 | 41.602912 
0.480000 1.480000 | 42.263094 
0.520000 1.480000 | 42.303094 
0.560000 1.480000 | 41.722912 
0.600000 1.480000 | 40.561717 
0.640000 1.480000 | 38.895387 
0.680000 1.480000 | 36.831740 
0.720000 1.480000 | 34.503760 
0.760000 1.480000 | 32.061242 
0.800000 1.480000 | 29.661377 
0.840000 1.480000 | 27.458879 
0.880000 1.480000 | 25.596261 
0.920000 1.480000 | 24.194880 
0.960000 1.480000 | 23.347315 
1.000000 1.480000 | 23.111547 
1.040000 1.480000 | 23.507315 
1.080000 1.480000 | 24.514880 
1.120000 1.480000 | 26.076261 
1.160000 1.480000 | 28.098879 
1.200000 1.480000 | 30.461377 
1.240000 1.480000 | 33.021242 
1.280000 1.480000 | 35.623760 
1.320000 1.480000 | 38.111740 
1.360000 1.480000 | 40.335387 
1.400000 1.480000 | 42.161717 
1.440000 1.480000 | 43.482912 
1.480000 1.480000 | 44.223094 
1.520000 1.480000 | 44.343094 
1.560000 1.480000 | 43.842912 
1.600000 1.480000 | 42.761717 
1.640000 1.480000 | 41.175387 
1.680000 1.480000 | 39.191740 
1.720000 1.480000 | 36.943760 
1.760000 1.480000 | 34.581242 
-2.200000 1.520000 | 33.981377 
-2.160000 1.520000 | 31.538879 
-2.120000 1.520000 | 29.436261 
-2.080000 1.520000 | 27.794880 
-2.040000 1.520000 | 26.707315 
-2.000000 1.520000 | 26.231547 
-1.960000 1.520000 | 26.387315 
-1.920000 1.520000 | 27.154880 
-1.880000 1.520000 | 28.476261 
-1.840000 1.520000 | 30.258879 
-1.800000 1.520000 | 32.381377 
-1.760000 1.520000 | 34.701242 
-1.720000 1.520000 | 37.063760 
-1.680000 1.520000 | 39.311740 
-1.640000 1.520000 | 41.295387 
-1.600000 1.520000 | 42.881717 
-1.560000 1.520000 | 43.962912 
-1.520000 1.520000 | 44.463094 
-1.480000 1.520000 | 44.343094 
-1.440000 1.520000 | 43.602912 
-1.400000 1.520000 | 42.281717 
-1.360000 1.520000 | 40.455387 
-1.320000 1.520000 | 38.231740 
-1.280000 1.520000 | 35.743760 
-1.240000 1.520000 | 33.141242 
-1.200000 1.520000 | 30.581377 
-1.160000 1.520000 | 28.218879 
-1.120000 1.520000 | 26.196261 
-1.080000 1.520000 | 24.634880 
-1.040000 1.520000 | 23.627315 
-1.000000 1.520000 | 23.231547 
-0.960000 1.520000 | 23.467315 
-0.920000 1.520000 | 24.314880 
-0.880000 1.520000 | 25.716261 
-0.840000 1.520000 | 27.578879 
-0.800000 1.520000 | 29.781377 
-0.760000 1.520000 | 32.181242 
-0.720000 1.520000 | 34.623760 
-0.680000 1.520000 | 36.951740 
-0.640000 1.520000 | 39.015387 
-0.600000 1.520000 | 40.681717 
-0.560000 1.520000 | 41.842912 
-0.520000 1.520000 | 42.423094 
-0.480000 1.520000 | 42.383094 
-0.440000 1.520000 | 41.722912 
-0.400000 1.520000 | 40.481717 
-0.360000 1.520000 | 38.735387 
-0.320000 1.520000 | 36.591740 
-0.280000 1.520000 | 34.183760 
-0.240000 1.520000 | 31.661242 
-0.200000 1.520000 | 29.181377 
-0.160000 1.520000 | 26.898879 
-0.120000 1.520000 | 24.956261 
-0.080000 1.520000 | 23.474880 
-0.040000 1.520000 | 22.547315 
0.000000 1.520000 | 22.231547 
0.040000 1.520000 | 22.547315 
0.080000 1.520000 | 23.474880 
0.120000 1.520000 | 24.956261 
0.160000 1.520000 | 26.898879 
0.200000 1.520000 | 29.181377 
0.240000 1.520000 | 31.661242 
0.280000 1.520000 | 34.183760 
0.320000 1.520000 | 36.591740 
0.360000 1.520000 | 38.735387 
0.400000 1.520000 | 40.481717 
0.440000 1.520000 | 41.722912 
0.480000 1.520000 | 42.383094 
0.520000 1.520000 | 42.423094 
0.560000 1.520000 | 41.842912 
0.600000 1.520000 | 40.681717 
0.640000 1.520000 | 39.015387 
0.680000 1.520000 | 36.951740 
0.720000 1.520000 | 34.623760 
0.760000 1.520000 | 32.181242 
0.800000 1.520000 | 29.781377 
0.840000 1.520000 | 27.578879 
0.880000 1.520000 | 25.716261 
0.920000 1.520000 | 24.314880 
0.960000 1.520000 | 23.467315 
1.000000 1.520000 | 23.231547 
1.040000 1.520000 | 23.627315 
1.080000 1.520000 | 24.634880 
1.120000 1.520000 | 26.196261 
1.160000 1.520000 | 28.218879 
1.200000 1.520000 | 30.581377 
1.240000 1.520000 | 33.141242 
1.280000 1.520000 | 35.743760 
1.320000 1.520000 | 38.231740 
1.360000 1.520000 | 40.455387 
1.400000 1.520000 | 42.281717 
1.440000 1.520000 | 43.602912 
1.480000 1.520000 | 44.343094 
1.520000 1.520000 | 44.463094 
1.560000 1.520000 | 43.962912 
1.600000 1.520000 | 42.881717 
1.640000 1.520000 | 41.295387 
1.680000 1.520000 | 39.311740 
1.720000 1.520000 | 37.063760 
1.760000 1.520000 | 34.701242 
-2.200000 1.560000 | 33.481195 
-2.160000 1.560000 | 31.038697 
-2.120000 1.560000 | 28.936079 
-2.080000 1.560000 | 27.294698 
-2.040000 1.560000 | 26.207133 
-2.000000 1.560000 | 25.731365 
-1.960000 1.560000 | 25.887133 
-1.920000 1.560000 | 26.654698 
-1.880000 1.560000 | 27.976079 
-1.840000 1.560000 | 29.758697 
-1.800000 1.560000 | 31.881195 
-1.760000 1.560000 | 34.201060 
-1.720000 1.560000 | 36.563578 
-1.680000 1.560000 | 38.811558 
-1.640000 1.560000 | 40.795205 
-1.600000 1.560000 | 42.381535 
-1.560000 1.560000 | 43.462730 
-1.520000 1.560000 | 43.962912 
-1.480000 1.560000 | 43.842912 
-1.440000 1.560000 | 43.102730 
-1.400000 1.560000 | 41.781535 
-1.360000 1.560000 | 39.955205 
-1.320000 1.560000 | 37.731558 
-1.280000 1.560000 | 35.243578 
-1.240000 1.560000 | 32.641060 
-1.200000 1.560000 | 30.081195 
-1.160000 1.560000 | 27.718697 
-1.120000 1.560000 | 25.696079 
-1.080000 1.560000 | 24.134698 
-1.040000 1.560000 | 23.127133 
-1.000000 1.560000 | 22.731365 
-0.960000 1.560000 | 22.967133 
-0.920000 1.560000 | 23.814698 
-0.880000 1.560000 | 25.216079 
-0.840000 1.560000 | 27.078697 
-0.800000 1.560000 | 29.281195 
-0.760000 1.560000 | 31.681060 
-0.720000 1.560000 | 34.123578 
-0.680000 1.560000 | 36.451558 
-0.640000 1.560000 | 38.515205 
-0.600000 1.560000 | 40.181535 
-0.560000 1.560000 | 41.342730 
-0.520000 1.560000 | 41.922912 
-0.480000 1.560000 | 41.882912 
-0.440000 1.560000 | 41.222730 
-0.400000 1.560000 | 39.981535 
-0.360000 1.560000 | 38.235205 
-0.320000 1.560000 | 36.091558 
-0.280000 1.560000 | 33.683578 
-0.240000 1.560000 | 31.161060 
-0.200000 1.560000 | 28.681195 
-0.160000 1.560000 | 26.398697 
-0.120000 1.560000 | 24.456079 
-0.080000 1.560000 | 22.974698 
-0.040000 1.560000 | 22.047133 
0.000000 1.560000 | 21.731365 
0.040000 1.560000 | 22.047133 
0.080000 1.560000 | 22.974698 
0.120000 1.560000 | 24.456079 
0.160000 1.560000 | 26.398697 
0.200000 1.560000 | 28.681195 
0.240000 1.560000 | 31.161060 
0.280000 1.560000 | 33.683578 
0.320000 1.560000 | 36.091558 
0.360000 1.560000 | 38.235205 
0.400000 1.560000 | 39.981535 
0.440000 1.560000 | 41.222730 
0.480000 1.560000 | 41.882912 
0.520000 1.560000 | 41.922912 
0.560000 1.560000 | 41.342730 
0.600000 1.560000 | 40.181535 
0.640000 1.560000 | 38.515205 
0.680000 1.560000 | 36.451558 
0.720000 1.560000 | 34.123578 
0.760000 1.560000 | 31.681060 
0.800000 1.560000 | 29.281195 
0.840000 1.560000 | 27.078697 
0.880000 1.560000 | 25.216079 
0.920000 1.560000 | 23.814698 
0.960000 1.560000 | 22.967133 
1.000000 1.560000 | 22.731365 
1.040000 1.560000 | 23.127133 
1.080000 1.560000 | 24.134698 
1.120000 1.560000 | 25.696079 
1.160000 1.560000 | 27.718697 
1.200000 1.560000 | 30.081195 
1.240000 1.560000 | 32.641060 
1.280000 1.560000 | 35.243578 
1.320000 1.560000 | 37.731558 
1.360000 1.560000 | 39.955205 
1.400000 1.560000 | 41.781535 
1.440000 1.560000 | 43.102730 
1.480000 1.560000 | 43.842912 
1.520000 1.560000 | 43.962912 
1.560000 1.560000 | 43.462730 
1.600000 1.560000 | 42.381535 
1.640000 1.560000 | 40.795205 
1.680000 1.560000 | 38.811558 
1.720000 1.560000 | 36.563578 
1.760000 1.560000 | 34.201060 
-2.200000 1.600000 | 32.400000 
-2.160000 1.600000 | 29.957502 
-2.120000 1.600000 | 27.854884 
-2.080000 1.600000 | 26.213503 
-2.040000 1.600000 | 25.125938 
-2.000000 1.600000 | 24.650170 
-1.960000 1.600000 | 24.805938 
-1.920000 1.600000 | 25.573503 
-1.880000 1.600000 | 26.894884 
-1.840000 1.600000 | 28.677502 
-1.800000 1.600000 | 30.800000 
-1.760000 1.600000 | 33.119865 
-1.720000 1.600000 | 35.482383 
-1.680000 1.600000 | 37.730363 
-1.640000 1.600000 | 39.714010 
-1.600000 1.600000 | 41.300340 
-1.560000 1.600000 | 42.381535 
-1.520000 1.600000 | 42.881717 
-1.480000 1.600000 | 42.761717 
-1.440000 1.600000 | 42.021535 
-1.400000 1.600000 | 40.700340 
-1.360000 1.600000 | 38.874010 
-1.320000 1.600000 | 36.650363 
-1.280000 1.600000 | 34.162383 
-1.240000 1.600000 | 31.559865 
-1.200000 1.600000 | 29.000000 
-1.160000 1.600000 | 26.637502 
-1.120000 1.600000 | 24.614884 
-1.080000 1.600000 | 23.053503 
-1.040000 1.600000 | 22.045938 
-1.000000 1.600000 | 21.650170 
-0.960000 1.600000 | 21.885938 
-0.920000 1.600000 | 22.733503 
-0.880000 1.600000 | 24.134884 
-0.840000 1.600000 | 25.997502 
-0.800000 1.600000 | 28.200000 
-0.760000 1.600000 | 30.599865 
-0.720000 1.600000 | 33.042383 
-0.680000 1.600000 | 35.370363 
-0.640000 1.600000 | 37.434010 
-0.600000 1.600000 | 39.100340 
-0.560000 1.600000 | 40.261535 
-0.520000 1.600000 | 40.841717 
-0.480000 1.600000 | 40.801717 
-0.440000 1.600000 | 40.141535 
-0.400000 1.600000 | 38.900340 
-0.360000 1.600000 | 37.154010 
-0.320000 1.600000 | 35.010363 
-0.280000 1.600000 | 32.602383 
-0.240000 1.600000 | 30.079865 
-0.200000 1.600000 | 27.600000 
-0.160000 1.600000 | 25.317502 
-0.120000 1.600000 | 23.374884 
-0.080000 1.600000 | 21.893503 
-0.040000 1.600000 | 20.965938 
0.000000 1.600000 | 20.650170 
0.040000 1.600000 | 20.965938 
0.080000 1.600000 | 21.893503 
0.120000 1.600000 | 23.374884 
0.160000 1.600000 | 25.317502 
0.200000 1.600000 | 27.600000 
0.240000 1.600000 | 30.079865 
0.280000 1.600000 | 32.602383 
0.320000 1.600000 | 35.010363 
0.360000 1.600000 | 37.154010 
0.400000 1.600000 | 38.900340 
0.440000 1.600000 | 40.141535 
0.480000 1.600000 | 40.801717 
0.520000 1.600000 | 40.841717 
0.560000 1.600000 | 40.261535 
0.600000 1.600000 | 39.100340 
0.640000 1.600000 | 37.434010 
0.680000 1.600000 | 35.370363 
0.720000 1.600000 | 33.042383 
0.760000 1.600000 | 30.599865 
0.800000 1.600000 | 28.200000 
0.840000 1.600000 | 25.997502 
0.880000 1.600000 | 24.134884 
0.920000 1.600000 | 22.733503 
0.960000 1.600000 | 21.885938 
1.000000 1.600000 | 21.650170 
1.040000 1.600000 | 22.045938 
1.080000 1.600000 | 23.053503 
1.120000 1.600000 | 24.614884 
1.160000 1.600000 | 26.637502 
1.200000 1.600000 | 29.000000 
1.240000 1.600000 | 31.559865 
1.280000 1.600000 | 34.162383 
1.320000 1.600000 | 36.650363 
1.360000 1.600000 | 38.874010 
1.400000 1.600000 | 40.700340 
1.440000 1.600000 | 42.021535 
1.480000 1.600000 | 42.761717 
1.520000 1.600000 | 42.881717 
1.560000 1.600000 | 42.381535 
1.600000 1.600000 | 41.300340 
1.640000 1.600000 | 39.714010 
1.680000 1.600000 | 37.730363 
1.720000 1.600000 | 35.482383 
1.760000 1.600000 | 33.119865 
-2.200000 1.640000 | 30.813670 
-2.160000 1.640000 | 28.371172 
-2.120000 1.640000 | 26.268554 
-2.080000 1.640000 | 24.627173 
-2.040000 1.640000 | 23.539608 
-2.000000 1.640000 | 23.063840 
-1.960000 1.640000 | 23.219608 
-1.920000 1.640000 | 23.987173 
-1.880000 1.640000 | 25.308554 
-1.840000 1.640000 | 27.091172 
-1.800000 1.640000 | 29.213670 
-1.760000 1.640000 | 31.533535 
-1.720000 1.640000 | 33.896053 
-1.680000 1.640000 | 36.144033 
-1.640000 1.640000 | 38.127680 
-1.600000 1.640000 | 39.714010 
-1.560000 1.640000 | 40.795205 
-1.520000 1.640000 | 41.295387 
-1.480000 1.640000 | 41.175387 
-1.440000 1.640000 | 40.435205 
-1.400000 1.640000 | 39.114010 
-1.360000 1.640000 | 37.287680 
-1.320000 1.640000 | 35.064033 
-1.280000 1.640000 | 32.576053 
-1.240000 1.640000 | 29.973535 
-1.200000 1.640000 | 27.413670 
-1.160000 1.640000 | 25.051172 
-1.120000 1.640000 | 23.028554 
-1.080000 1.640000 | 21.467173 
-1.040000 1.640000 | 20.459608 
-1.000000 1.640000 | 20.063840 
-0.960000 1.640000 | 20.299608 
-0.920000 1.640000 | 21.147173 
-0.880000 1.640000 | 22.548554 
-0.840000 1.640000 | 24.411172 
-0.800000 1.640000 | 26.613670 
-0.760000 1.640000 | 29.013535 
-0.720000 1.640000 | 31.456053 
-0.680000 1.640000 | 33.784033 
-0.640000 1.640000 | 35.847680 
-0.600000 1.640000 | 37.514010 
-0.560000 1.640000 | 38.675205 
-0.520000 1.640000 | 39.255387 
-0.480000 1.640000 | 39.215387 
-0.440000 1.640000 | 38.555205 
-0.400000 1.640000 | 37.314010 
-0.360000 1.640000 | 35.567680 
-0.320000 1.640000 | 33.424033 
-0.280000 1.640000 | 31.016053 
-0.240000 1.640000 | 28.493535 
-0.200000 1.640000 | 26.013670 
-0.160000 1.640000 | 23.731172 
-0.120000 1.640000 | 21.788554 
-0.080000 1.640000 | 20.307173 
-0.040000 1.640000 | 19.379608 
0.000000 1.640000 | 19.063840 
0.040000 1.640000 | 19.379608 
0.080000 1.640000 | 20.307173 
0.120000 1.640000 | 21.788554 
0.160000 1.640000 | 23.731172 
0.200000 1.640000 | 26.013670 
0.240000 1.640000 | 28.493535 
0.280000 1.640000 | 31.016053 
0.320000 1.640000 | 33.424033 
0.360000 1.640000 | 35.567680 
0.400000 1.640000 | 37.314010 
0.440000 1.640000 | 38.555205 
0.480000 1.640000 | 39.215387 
0.520000 1.640000 | 39.255387 
0.560000 1.640000 | 38.675205 
0.600000 1.640000 | 37.514010 
0.640000 1.640000 | 35.847680 
0.680000 1.640000 | 33.784033 
0.720000 1.640000 | 31.456053 
0.760000 1.640000 | 29.013535 
0.800000 1.640000 | 26.613670 
0.840000 1.640000 | 24.411172 
0.880000 1.640000 | 22.548554 
0.920000 1.640000 | 21.147173 
0.960000 1.640000 | 20.299608 
1.000000 1.640000 | 20.063840 
1.040000 1.640000 | 20.459608 
1.080000 1.640000 | 21.467173 
1.120000 1.640000 | 23.028554 
1.160000 1.640000 | 25.051172 
1.200000 1.640000 | 27.413670 
1.240000 1.640000 | 29.973535 
1.280000 1.640000 | 32.576053 
1.320000 1.640000 | 35.064033 
1.360000 1.640000 | 37.287680 
1.400000 1.640000 | 39.114010 
1.440000 1.640000 | 40.435205 
1.480000 1.640000 | 41.175387 
1.520000 1.640000 | 41.295387 
1.560000 1.640000 | 40.795205 
1.600000 1.640000 | 39.714010 
1.640000 1.640000 | 38.127680 
1.680000 1.640000 | 36.144033 
1.720000 1.640000 | 33.896053 
1.760000 1.640000 | 31.533535 
-2.200000 1.680000 | 28.830023 
-2.160000 1.680000 | 26.387525 
-2.120000 1.680000 | 24.284907 
-2.080000 1.680000 | 22.643526 
-2.040000 1.680000 | 21.555961 
-2.000000 1.680000 | 21.080193 
-1.960000 1.680000 | 21.235961 
-1.920000 1.680000 | 22.003526 
-1.880000 1.680000 | 23.324907 
-1.840000 1.680000 | 25.107525 
-1.800000 1.680000 | 27.230023 
-1.760000 1.680000 | 29.549888 
-1.720000 1.680000 | 31.912406 
-1.680000 1.680000 | 34.160386 
-1.640000 1.680000 | 36.144033 
-1.600000 1.680000 | 37.730363 
-1.560000 1.680000 | 38.811558 
-1.520000 1.680000 | 39.311740 
-1.480000 1.680000 | 39.191740 
-1.440000 1.680000 | 38.451558 
-1.400000 1.680000 | 37.130363 
-1.360000 1.680000 | 35.304033 
-1.320000 1.680000 | 33.080386 
-1.280000 1.680000 | 30.592406 
-1.240000 1.680000 | 27.989888 
-1.200000 1.680000 | 25.430023 
-1.160000 1.680000 | 23.067525 
-1.120000 1.680000 | 21.044907 
-1.080000 1.680000 | 19.483526 
-1.040000 1.680000 | 18.475961 
-1.000000 1.680000 | 18.080193 
-0.960000 1.680000 | 18.315961 
-0.920000 1.680000 | 19.163526 
-0.880000 1.680000 | 20.564907 
-0.840000 1.680000 | 22.427525 
-0.800000 1.680000 | 24.630023 
-0.760000 1.680000 | 27.029888 
-0.720000 1.680000 | 29.472406 
-0.680000 1.680000 | 31.800386 
-0.640000 1.680000 | 33.864033 
-0.600000 1.680000 | 35.530363 
-0.560000 1.680000 | 36.691558 
-0.520000 1.680000 | 37.271740 
-0.480000 1.680000 | 37.231740 
-0.440000 1.680000 | 36.571558 
-0.400000 1.680000 | 35.330363 
-0.360000 1.680000 | 33.584033 
-0.320000 1.680000 | 31.440386 
-0.280000 1.680000 | 29.032406 
-0.240000 1.680000 | 26.509888 
-0.200000 1.680000 | 24.030023 
-0.160000 1.680000 | 21.747525 
-0.120000 1.680000 | 19.804907 
-0.080000 1.680000 | 18.323526 
-0.040000 1.680000 | 17.395961 
0.000000 1.680000 | 17.080193 
0.040000 1.680000 | 17.395961 
0.080000 1.680000 | 18.323526 
0.120000 1.680000 | 19.804907 
0.160000 1.680000 | 21.747525 
0.200000 1.680000 | 24.030023 
0.240000 1.680000 | 26.509888 
0.280000 1.680000 | 29.032406 
0.320000 1.680000 | 31.440386 
0.360000 1.680000 | 33.584033 
0.400000 1.680000 | 35.330363 
0.440000 1.680000 | 36.571558 
0.480000 1.680000 | 37.231740 
0.520000 1.680000 | 37.271740 
0.560000 1.680000 | 36.691558 
0.600000 1.680000 | 35.530363 
0.640000 1.680000 | 33.864033 
0.680000 1.680000 | 31.800386 
0.720000 1.680000 | 29.472406 
0.760000 1.680000 | 27.029888 
0.800000 1.680000 | 24.630023 
0.840000 1.680000 | 22.427525 
0.880000 1.680000 | 20.564907 
0.920000 1.680000 | 19.163526 
0.960000 1.680000 | 18.315961 
1.000000 1.680000 | 18.080193 
1.040000 1.680000 | 18.475961 
1.080000 1.680000 | 19.483526 
1.120000 1.680000 | 21.044907 
1.160000 1.680000 | 23.067525 
1.200000 1.680000 | 25.430023 
1.240000 1.680000 | 27.989888 
1.280000 1.680000 | 30.592406 
1.320000 1.680000 | 33.080386 
1.360000 1.680000 | 35.304033 
1.400000 1.680000 | 37.130363 
1.440000 1.680000 | 38.451558 
1.480000 1.680000 | 39.191740 
1.520000 1.680000 | 39.311740 
1.560000 1.680000 | 38.811558 
1.600000 1.680000 | 37.730363 
1.640000 1.680000 | 36.144033 
1.680000 1.680000 | 34.160386 
1.720000 1.680000 | 31.912406 
1.760000 1.680000 | 29.549888 
-2.200000 1.720000 | 26.582043 
-2.160000 1.720000 | 24.139545 
-2.120000 1.720000 | 22.036927 
-2.080000 1.720000 | 20.395546 
-2.040000 1.720000 | 19.307982 
-2.000000 1.720000 | 18.832213 
-1.960000 1.720000 | 18.987982 
-1.920000 1.720000 | 19.755546 
-1.880000 1.720000 | 21.076927 
-1.840000 1.720000 | 22.859545 
-1.800000 1.720000 | 24.982043 
-1.760000 1.720000 | 27.301908 
-1.720000 1.720000 | 29.664426 
-1.680000 1.720000 | 31.912406 
-1.640000 1.720000 | 33.896053 
-1.600000 1.720000 | 35.482383 
-1.560000 1.720000 | 36.563578 
-1.520000 1.720000 | 37.063760 
-1.480000 1.720000 | 36.943760 
-1.440000 1.720000 | 36.203578 
-1.400000 1.720000 | 34.882383 
-1.360000 1.720000 | 33.056053 
-1.320000 1.720000 | 30.832406 
-1.280000 1.720000 | 28.344426 
-1.240000 1.720000 | 25.741908 
-1.200000 1.720000 | 23.182043 
-1.160000 1.720000 | 20.819545 
-1.120000 1.720000 | 18.796927 
-1.080000 1.720000 | 17.235546 
-1.040000 1.720000 | 16.227982 
-1.000000 1.720000 | 15.832213 
-0.960000 1.720000 | 16.067982 
-0.920000 1.720000 | 16.915546 
-0.880000 1.720000 | 18.316927 
-0.840000 1.720000 | 20.179545 
-0.800000 1.720000 | 22.382043 
-0.760000 1.720000 | 24.781908 
-0.720000 1.720000 | 27.224426 
-0.680000 1.720000 | 29.552406 
-0.640000 1.720000 | 31.616053 
-0.600000 1.720000 | 33.282383 
-0.560000 1.720000 | 34.443578 
-0.520000 1.720000 | 35.023760 
-0.480000 1.720000 | 34.983760 
-0.440000 1.720000 | 34.323578 
-0.400000 1.720000 | 33.082383 
-0.360000 1.720000 | 31.336053 
-0.320000 1.720000 | 29.192406 
-0.280000 1.720000 | 26.784426 
-0.240000 1.720000 | 24.261908 
-0.200000 1.720000 | 21.782043 
-0.160000 1.720000 | 19.499545 
-0.120000 1.720000 | 17.556927 
-0.080000 1.720000 | 16.075546 
-0.040000 1.720000 | 15.147982 
0.000000 1.720000 | 14.832213 
0.040000 1.720000 | 15.147982 
0.080000 1.720000 | 16.075546 
0.120000 1.720000 | 17.556927 
0.160000 1.720000 | 19.499545 
0.200000 1.720000 | 21.782043 
0.240000 1.720000 | 24.261908 
0.280000 1.720000 | 26.784426 
0.320000 1.720000 | 29.192406 
0.360000 1.720000 | 31.336053 
0.400000 1.720000 | 33.082383 
0.440000 1.720000 | 34.323578 
0.480000 1.720000 | 34.983760 
0.520000 1.720000 | 35.023760 
0.560000 1.720000 | 34.443578 
0.600000 1.720000 | 33.282383 
0.640000 1.720000 | 31.616053 
0.680000 1.720000 | 29.552406 
0.720000 1.720000 | 27.224426 
0.760000 1.720000 | 24.781908 
0.800000 1.720000 | 22.382043 
0.840000 1.720000 | 20.179545 
0.880000 1.720000 | 18.316927 
0.920000 1.720000 | 16.915546 
0.960000 1.720000 | 16.067982 
1.000000 1.720000 | 15.832213 
1.040000 1.720000 | 16.227982 
1.080000 1.720000 | 17.235546 
1.120000 1.720000 | 18.796927 
1.160000 1.720000 | 20.819545 
1.200000 1.720000 | 23.182043 
1.240000 1.720000 | 25.741908 
1.280000 1.720000 | 28.344426 
1.320000 1.720000 | 30.832406 
1.360000 1.720000 | 33.056053 
1.400000 1.720000 | 34.882383 
1.440000 1.720000 | 36.203578 
1.480000 1.720000 | 36.943760 
1.520000 1.720000 | 37.063760 
1.560000 1.720000 | 36.563578 
1.600000 1.720000 | 35.482383 
1.640000 1.720000 | 33.896053 
1.680000 1.720000 | 31.912406 
1.720000 1.720000 | 29.664426 
1.760000 1.720000 | 27.301908 
-2.200000 1.760000 | 24.219525 
-2.160000 1.760000 | 21.777027 
-2.120000 1.760000 | 19.674409 
-2.080000 1.760000 | 18.033028 
-2.040000 1.760000 | 16.945463 
-2.000000 1.760000 | 16.469695 
-1.960000 1.760000 | 16.625463 
-1.920000 1.760000 | 17.393028 
-1.880000 1.760000 | 18.714409 
-1.840000 1.760000 | 20.497027 
-1.800000 1.760000 | 22.619525 
-1.760000 1.760000 | 24.939390 
-1.720000 1.760000 | 27.301908 
-1.680000 1.760000 | 29.549888 
-1.640000 1.760000 | 31.533535 
-1.600000 1.760000 | 33.119865 
-1.560000 1.760000 | 34.201060 
-1.520000 1.760000 | 34.701242 
-1.480000 1.760000 | 34.581242 
-1.440000 1.760000 | 33.841060 
-1.400000 1.760000 | 32.519865 
-1.360000 1.760000 | 30.693535 
-1.320000 1.760000 | 28.469888 
-1.280000 1.760000 | 25.981908 
-1.240000 1.760000 | 23.379390 
-1.200000 1.760000 | 20.819525 
-1.160000 1.760000 | 18.457027 
-1.120000 1.760000 | 16.434409 
-1.080000 1.760000 | 14.873028 
-1.040000 1.760000 | 13.865463 
-1.000000 1.760000 | 13.469695 
-0.960000 1.760000 | 13.705463 
-0.920000 1.760000 | 14.553028 
-0.880000 1.760000 | 15.954409 
-0.840000 1.760000 | 17.817027 
-0.800000 1.760000 | 20.019525 
-0.760000 1.760000 | 22.419390 
-0.720000 1.760000 | 24.861908 
-0.680000 1.760000 | 27.189888 
-0.640000 1.760000 | 29.253535 
-0.600000 1.760000 | 30.919865 
-0.560000 1.760000 | 32.081060 
-0.520000 1.760000 | 32.661242 
-0.480000 1.760000 | 32.621242 
-0.440000 1.760000 | 31.961060 
-0.400000 1.760000 | 30.719865 
-0.360000 1.760000 | 28.973535 
-0.320000 1.760000 | 26.829888 
-0.280000 1.760000 | 24.421908 
-0.240000 1.760000 | 21.899390 
-0.200000 1.760000 | 19.419525 
-0.160000 1.760000 | 17.137027 
-0.120000 1.760000 | 15.194409 
-0.080000 1.760000 | 13.713028 
-0.040000 1.760000 | 12.785463 
0.000000 1.760000 | 12.469695 
0.040000 1.760000 | 12.785463 
0.080000 1.760000 | 13.713028 
0.120000 1.760000 | 15.194409 
0.160000 1.760000 | 17.137027 
0.200000 1.760000 | 19.419525 
0.240000 1.760000 | 21.899390 
0.280000 1.760000 | 24.421908 
0.320000 1.760000 | 26.829888 
0.360000 1.760000 | 28.973535 
0.400000 1.760000 | 30.719865 
0.440000 1.760000 | 31.961060 
0.480000 1.760000 | 32.621242 
0.520000 1.760000 | 32.661242 
0.560000 1.760000 | 32.081060 
0.600000 1.760000 | 30.919865 
0.640000 1.760000 | 29.253535 
0.680000 1.760000 | 27.189888 
0.720000 1.760000 | 24.861908 
0.760000 1.760000 | 22.419390 
0.800000 1.760000 | 20.019525 
0.840000 1.760000 | 17.817027 
0.880000 1.760000 | 15.954409 
0.920000 1.760000 | 14.553028 
0.960000 1.760000 | 13.705463 
1.000000 1.760000 | 13.469695 
1.040000 1.760000 | 13.865463 
1.080000 1.760000 | 14.873028 
1.120000 1.760000 | 16.434409 
1.160000 1.760000 | 18.457027 
1.200000 1.760000 | 20.819525 
1.240000 1.760000 | 23.379390 
1.280000 1.760000 | 25.981908 
1.320000 1.760000 | 28.469888 
1.360000 1.760000 | 30.693535 
1.400000 1.760000 | 32.519865 
1.440000 1.760000 | 33.841060 
1.480000 1.760000 | 34.581242 
1.520000 1.760000 | 34.701242 
1.560000 1.760000 | 34.201060 
1.600000 1.760000 | 33.119865 
1.640000 1.760000 | 31.533535 
1.680000 1.760000 | 29.549888 
1.720000 1.760000 | 27.301908 
1.760000 1.760000 | 24.939390 
