10621 1
-2.13555 -2.19805 -1 -1 | 19.603 | 0 
-2.13555 -2.13555 -1 -1 | 15.9515 | 0 
-2.19805 -2.07305 -1 -1 | 16.9622 | 0 
-2.07305 -2.07305 -1 -1 | 10.6698 | 0 
-2.01445 -1.99883 -1 -1 | 8.09981 | 0 
-1.95586 -2.06523 -1 -1 | 9.30603 | 0 
-2.02617 -2.1082 -1 -1 | 10.9132 | 0 
-1.94805 -2.19805 -1 -1 | 15.9527 | 0 
-1.81523 -2.19805 -1 -1 | 20.9398 | 0 
-1.80352 -2.06133 -1 -1 | 14.9405 | 0 
-1.84648 -1.96758 -1 -1 | 11.7949 | 0 
-1.91289 -2.01445 -1 -1 | 9.22418 | 0 
-1.94805 -1.94805 -1 -1 | 8.65092 | 0 
-1.89336 -1.82695 -1 -1 | 14.4407 | 0 
-1.87383 -1.89727 -1 -1 | 12.109 | 0 
-1.78789 -1.83867 -1 -1 | 18.9363 | 0 
-1.74492 -1.70195 -1 -1 | 29.2386 | 0 
-1.90508 -1.81133 -1 -1 | 14.883 | 0 
-2.06914 -1.81914 -1 -1 | 14.3156 | 0 
-1.96758 -1.87773 -1 -1 | 10.4175 | 0 
-2.04961 -1.91289 -1 -1 | 9.80773 | 0 
-2.09258 -1.87383 -1 -1 | 12.5209 | 0 
-2.17461 -1.90508 -1 -1 | 15.5279 | 0 
-2.19805 -1.69805 -1 -1 | 27.7198 | 0 
-2.19023 -1.45977 -1 -1 | 32.9477 | 0 
-2.06133 -1.31523 -1 -1 | 20.7022 | 0 
-1.9793 -1.44414 -1 -1 | 25.483 | 0 
-1.72148 -1.43242 -1 -1 | 35.9145 | 0 
-1.69805 -1.69805 -1 -1 | 32.185 | 0 
-1.68633 -1.4207 -1 -1 | 37.5461 | 0 
-1.40508 -1.40117 -1 -1 | 40.3493 | 0 
-1.22148 -1.53008 -1 -1 | 31.878 | 0 
-1.40898 -1.59648 -1 -1 | 41.1659 | 0 
-1.26836 -1.71758 -1 -1 | 27.7379 | 0 
-1.45977 -1.74883 -1 -1 | 34.9501 | 0 
-1.4793 -1.99102 -1 -1 | 26.0889 | 0 
-1.62773 -2.12383 -1 -1 | 26.9908 | 0 
-1.4207 -2.16289 -1 -1 | 30.2817 | 0 
-1.28008 -2.0457 -1 -1 | 18.1166 | 0 
-1.20977 -2.09258 -1 -1 | 14.9909 | 0 
-1.19805 -2.19805 -1 -1 | 19.8584 | 0 
-1.0418 -2.14336 -1 -1 | 9.817 | 0 
-0.971484 -2.09648 -1 -1 | 7.28608 | 0 
-1.03789 -2.1082 -1 -1 | 8.03219 | 0 
-1.04961 -2.02227 -1 -1 | 5.77582 | 0 
-0.955859 -2.0457 -1 -1 | 5.89519 | 0 
-0.951953 -1.98711 -1 -1 | 5.34483 | 0 
-1.03008 -2.01055 -1 -1 | 5.30836 | 0 
-1.13164 -1.9793 -1 -1 | 8.51775 | 0 
-1.15508 -2.05352 -1 -1 | 10.4994 | 0 
-1.15898 -1.91289 -1 -1 | 11.0562 | 0 
-1.15898 -1.81523 -1 -1 | 15.2463 | 0 
-1.06133 -1.81523 -1 -1 | 11.1748 | 0 
-1.0418 -1.74883 -1 -1 | 14.5652 | 0 
-0.979297 -1.82305 -1 -1 | 9.94179 | 0 
-1.07305 -1.8582 -1 -1 | 9.3574 | 0 
-0.998828 -1.90117 -1 -1 | 6.48415 | 0 
-0.924609 -1.93242 -1 -1 | 6.58325 | 0 
-0.916797 -1.94414 -1 -1 | 6.57048 | 0 
-0.830859 -1.83867 -1 -1 | 13.9236 | 0 
-0.830859 -1.70977 -1 -1 | 21.255 | 0 
-0.717578 -1.72148 -1 -1 | 27.2886 | 0 
-0.787891 -1.90117 -1 -1 | 13.7487 | 0 
-0.748828 -1.95586 -1 -1 | 14.8469 | 0 
-0.787891 -2.06133 -1 -1 | 13.2498 | 0 
-0.862109 -1.98711 -1 -1 | 8.25382 | 0 
-0.928516 -1.96758 -1 -1 | 5.93712 | 0 
-0.944141 -2.03008 -1 -1 | 5.80529 | 0 
-0.826953 -2.1043 -1 -1 | 12.5395 | 0 
-0.912891 -2.15117 -1 -1 | 11.1086 | 0 
-0.701953 -2.1043 -1 -1 | 19.9705 | 0 
-0.592578 -1.97539 -1 -1 | 22.733 | 0 
-0.541797 -2.19414 -1 -1 | 31.3318 | 0 
-0.248828 -2.10039 -1 -1 | 16.3292 | 0 
-0.237109 -1.95195 -1 -1 | 13.5145 | 0 
-0.428516 -2.03789 -1 -1 | 23.6319 | 0 
-0.260547 -1.82695 -1 -1 | 19.4239 | 0 
-0.393359 -1.75664 -1 -1 | 30.6663 | 0 
-0.678516 -1.69023 -1 -1 | 31.3318 | 0 
-0.412891 -1.64727 -1 -1 | 37.4441 | 0 
-0.428516 -1.33086 -1 -1 | 35.8328 | 0 
-0.526172 -1.2918 -1 -1 | 34.4118 | 0 
-0.651172 -1.44805 -1 -1 | 37.8159 | 0 
-0.764453 -1.29961 -1 -1 | 24.4383 | 0 
-0.897266 -1.38555 -1 -1 | 22.2656 | 0 
-0.780078 -1.4832 -1 -1 | 30.8791 | 0 
-0.881641 -1.67461 -1 -1 | 20.7885 | 0 
-1.05352 -1.47539 -1 -1 | 23.7324 | 0 
-1.09258 -1.64727 -1 -1 | 21.5728 | 0 
-1.1707 -1.4168 -1 -1 | 27.2684 | 0 
-1.02227 -1.27227 -1 -1 | 14.1608 | 0 
-1.11602 -1.20195 -1 -1 | 12.2632 | 0 
-1.19805 -1.19805 -1 -1 | 16.4623 | 0 
-1.1082 -1.08477 -1 -1 | 6.01832 | 0 
-1.1082 -1.16289 -1 -1 | 9.60478 | 0 
-1.0418 -1.15898 -1 -1 | 7.36441 | 0 
-0.971484 -1.15898 -1 -1 | 7.04007 | 0 
-0.979297 -1.11211 -1 -1 | 4.66532 | 0 
-1.0418 -1.12773 -1 -1 | 5.75644 | 0 
-1.06523 -1.01445 -1 -1 | 3.03836 | 0 
-1.03789 -1.05352 -1 -1 | 3.03418 | 0 
-0.955859 -1.06914 -1 -1 | 3.37274 | 0 
-0.987109 -1.0418 -1 -1 | 2.44037 | 0 
-0.959766 -1.01055 -1 -1 | 2.28715 | 0 
-0.987109 -0.967578 -1 -1 | 2.15515 | 0 
-1.01445 -0.991016 -1 -1 | 2.07336 | 0 
-1.06133 -0.971484 -1 -1 | 2.96856 | 0 
-1.13555 -0.955859 -1 -1 | 6.00297 | 0 
-1.08867 -1.06914 -1 -1 | 4.77444 | 0 
-1.15508 -1.06523 -1 -1 | 7.68547 | 0 
-1.17852 -0.916797 -1 -1 | 9.22808 | 0 
-1.08867 -0.920703 -1 -1 | 4.76594 | 0 
-1.07695 -0.873828 -1 -1 | 6.05591 | 0 
-1.16289 -0.811328 -1 -1 | 13.0528 | 0 
-1.12773 -0.737109 -1 -1 | 15.6806 | 0 
-1.06914 -0.807422 -1 -1 | 9.19871 | 0 
-1.03008 -0.756641 -1 -1 | 11.3995 | 0 
-0.971484 -0.811328 -1 -1 | 8.00841 | 0 
-1.00273 -0.862109 -1 -1 | 5.27939 | 0 
-1.06133 -0.877734 -1 -1 | 5.44361 | 0 
-1.0457 -0.932422 -1 -1 | 3.26538 | 0 
-1.02617 -0.940234 -1 -1 | 2.7738 | 0 
-0.991016 -0.893359 -1 -1 | 3.96318 | 0 
-0.936328 -0.920703 -1 -1 | 3.73477 | 0 
-0.889453 -0.936328 -1 -1 | 4.77929 | 0 
-0.842578 -0.838672 -1 -1 | 10.6364 | 0 
-0.838672 -0.721484 -1 -1 | 17.7234 | 0 
-0.709766 -0.713672 -1 -1 | 25.782 | 0 
-0.815234 -0.889453 -1 -1 | 9.79256 | 0 
-0.756641 -0.975391 -1 -1 | 11.2311 | 0 
-0.787891 -1.04961 -1 -1 | 9.85102 | 0 
-0.780078 -0.979297 -1 -1 | 9.7784 | 0 
-0.858203 -0.998828 -1 -1 | 5.4526 | 0 
-0.889453 -0.959766 -1 -1 | 4.35193 | 0 
-0.924609 -0.991016 -1 -1 | 2.95905 | 0 
-0.889453 -1.01445 -1 -1 | 4.18326 | 0 
-0.924609 -1.03008 -1 -1 | 3.20012 | 0 
-0.901172 -1.05352 -1 -1 | 4.35379 | 0 
-0.885547 -1.03008 -1 -1 | 4.50451 | 0 
-0.830859 -1.13555 -1 -1 | 10.5327 | 0 
-0.920703 -1.15117 -1 -1 | 7.5755 | 0 
-0.764453 -1.17852 -1 -1 | 16.7294 | 0 
-0.709766 -1.1082 -1 -1 | 16.4614 | 0 
-0.576953 -1.08086 -1 -1 | 21.6229 | 0 
-0.600391 -0.967578 -1 -1 | 19.5842 | 0 
-0.549609 -1.18633 -1 -1 | 27.3378 | 0 
-0.354297 -1.1668 -1 -1 | 22.5931 | 0 
-0.237109 -1.1043 -1 -1 | 12.5431 | 0 
-0.272266 -1.05742 -1 -1 | 13.2355 | 0 
-0.217578 -0.955859 -1 -1 | 9.32508 | 0 
-0.440234 -1.03789 -1 -1 | 20.8613 | 0 
-0.346484 -0.881641 -1 -1 | 19.2402 | 0 
-0.252734 -0.838672 -1 -1 | 15.6564 | 0 
-0.408984 -0.760547 -1 -1 | 28.4974 | 0 
-0.518359 -0.834766 -1 -1 | 25.8263 | 0 
-0.694141 -0.701953 -1 -1 | 27.3909 | 0 
-0.420703 -0.674609 -1 -1 | 33.9831 | 0 
-0.412891 -0.397266 -1 -1 | 36.8605 | 0 
-0.565234 -0.201953 -1 -1 | 26.5637 | 0 
-0.596484 -0.436328 -1 -1 | 37.9796 | 0 
-0.725391 -0.311328 -1 -1 | 25.9269 | 0 
-0.944141 -0.350391 -1 -1 | 17.5265 | 0 
-0.815234 -0.467578 -1 -1 | 26.6965 | 0 
-0.838672 -0.686328 -1 -1 | 19.7865 | 0 
-1.04961 -0.455859 -1 -1 | 21.4142 | 0 
-1.08086 -0.631641 -1 -1 | 19.6053 | 0 
-1.17461 -0.389453 -1 -1 | 24.6578 | 0 
-1.03789 -0.428516 -1 -1 | 20.5561 | 0 
-1.03008 -0.291797 -1 -1 | 13.9253 | 0 
-0.955859 -0.241016 -1 -1 | 10.7947 | 0 
-1.10039 -0.201953 -1 -1 | 10.2077 | 0 
-1.18633 -0.213672 -1 -1 | 15.3005 | 0 
-1.30742 -0.420703 -1 -1 | 34.2058 | 0 
-1.34258 -0.268359 -1 -1 | 28.5249 | 0 
-1.51836 -0.385547 -1 -1 | 39.9164 | 0 
-1.50273 -0.616016 -1 -1 | 40.1 | 0 
-1.27227 -0.647266 -1 -1 | 29.453 | 0 
-1.40508 -0.811328 -1 -1 | 27.1524 | 0 
-1.20586 -0.838672 -1 -1 | 14.1368 | 0 
-1.31523 -1.0457 -1 -1 | 17.2228 | 0 
-1.32305 -1.17461 -1 -1 | 23.0036 | 0 
-1.37383 -0.963672 -1 -1 | 20.0993 | 0 
-1.56133 -1.1082 -1 -1 | 25.161 | 0 
-1.63945 -0.979297 -1 -1 | 20.137 | 0 
-1.5418 -0.877734 -1 -1 | 25.6182 | 0 
-1.69023 -0.717578 -1 -1 | 29.0674 | 0 
-1.92461 -0.741016 -1 -1 | 15.9235 | 0 
-1.83086 -0.807422 -1 -1 | 15.614 | 0 
-1.90117 -0.858203 -1 -1 | 9.93589 | 0 
-1.74492 -0.834766 -1 -1 | 18.9879 | 0 
-1.76836 -1.06523 -1 -1 | 13.9441 | 0 
-1.78008 -1.1707 -1 -1 | 17.8868 | 0 
-1.88555 -1.14727 -1 -1 | 11.3367 | 0 
-1.90508 -1.08086 -1 -1 | 7.79209 | 0 
-1.82695 -1.0457 -1 -1 | 10.1968 | 0 
-1.91289 -0.959766 -1 -1 | 6.36394 | 0 
-1.92461 -0.963672 -1 -1 | 5.99826 | 0 
-2.00664 -0.998828 -1 -1 | 5.03824 | 0 
-2.07305 -0.983203 -1 -1 | 6.35975 | 0 
-2.04961 -1.03789 -1 -1 | 6.04705 | 0 
-1.99102 -1.01445 -1 -1 | 5.05539 | 0 
-1.99102 -1.07695 -1 -1 | 6.29122 | 0 
-2.03008 -1.15898 -1 -1 | 10.2355 | 0 
-2.06133 -1.08867 -1 -1 | 7.68486 | 0 
-2.12383 -1.16289 -1 -1 | 13.541 | 0 
-2.15898 -1.08086 -1 -1 | 11.6855 | 0 
-2.08086 -1.0418 -1 -1 | 7.02625 | 0 
-2.15508 -0.994922 -1 -1 | 10.0275 | 0 
-2.1668 -0.830859 -1 -1 | 15.5326 | 0 
-2.11602 -0.944141 -1 -1 | 8.52479 | 0 
-2.01836 -0.920703 -1 -1 | 6.20866 | 0 
-1.9832 -0.897266 -1 -1 | 6.81082 | 0 
-2.06133 -0.826953 -1 -1 | 11.0223 | 0 
-2.11211 -0.713672 -1 -1 | 19.6182 | 0 
-2.13555 -0.686328 -1 -1 | 22.3441 | 0 
-2.06914 -0.522266 -1 -1 | 25.3903 | 0 
-1.92461 -0.658984 -1 -1 | 20.6565 | 0 
-1.76445 -0.530078 -1 -1 | 32.3144 | 0 
-1.88945 -0.405078 -1 -1 | 24.3295 | 0 
-1.77617 -0.280078 -1 -1 | 23.4798 | 0 
-1.86602 -0.256641 -1 -1 | 17.3091 | 0 
-1.96367 -0.248828 -1 -1 | 14.1087 | 0 
-1.96758 -0.354297 -1 -1 | 20.3028 | 0 
-2.09258 -0.354297 -1 -1 | 22.2481 | 0 
-2.19805 -0.198047 -1 -1 | 18.4623 | 0 
-2.09648 -0.104297 -1 -1 | 8.26455 | 0 
-2.12383 -0.178516 -1 -1 | 13.0826 | 0 
-2.02227 -0.162891 -1 -1 | 9.01475 | 0 
-1.9793 -0.143359 -1 -1 | 7.81746 | 0 
-1.96758 -0.0808594 -1 -1 | 5.35275 | 0 
-2.06523 -0.131641 -1 -1 | 8.34587 | 0 
-2.03008 -0.0144531 -1 -1 | 4.34568 | 0 
-1.99883 -0.0496094 -1 -1 | 4.48493 | 0 
-1.95977 -0.0339844 -1 -1 | 4.39179 | 0 
-2.00273 0.00507812 -1 -1 | 4.02254 | 0 
-1.96367 0.0363281 -1 -1 | 4.38108 | 0 
-2.03008 0.0285156 -1 -1 | 4.46516 | 0 
-2.06133 -0.00273438 -1 -1 | 4.98883 | 0 
-2.12383 -0.0105469 -1 -1 | 7.41477 | 0 
-2.19023 -0.0339844 -1 -1 | 11.3628 | 0 
-2.16289 0.0558594 -1 -1 | 10.0918 | 0 
-2.15898 0.223828 -1 -1 | 17.6672 | 0 
-2.03008 0.219922 -1 -1 | 12.474 | 0 
-1.9793 0.274609 -1 -1 | 15.6226 | 0 
-1.96367 0.114453 -1 -1 | 6.60969 | 0 
-2.0418 0.173047 -1 -1 | 9.89784 | 0 
-2.03008 0.0910156 -1 -1 | 5.90363 | 0 
-2.00664 0.0636719 -1 -1 | 4.834 | 0 
-1.97539 0.0558594 -1 -1 | 4.63922 | 0 
-1.84258 0.0949219 -1 -1 | 9.64121 | 0 
-1.88945 0.137891 -1 -1 | 9.43506 | 0 
-1.9207 0.247266 -1 -1 | 14.7992 | 0 
-1.83477 0.219922 -1 -1 | 16.4634 | 0 
-1.71758 0.239453 -1 -1 | 24.3733 | 0 
-1.81523 0.0714844 -1 -1 | 10.312 | 0 
-1.73711 0.00117187 -1 -1 | 13.8319 | 0 
-1.79961 -0.0417969 -1 -1 | 10.5214 | 0 
-1.86992 0.0480469 -1 -1 | 7.11425 | 0 
-1.89727 -0.00664063 -1 -1 | 5.62537 | 0 
-1.88164 -0.0730469 -1 -1 | 7.22594 | 0 
-1.82695 -0.0691406 -1 -1 | 9.62751 | 0 
-1.88164 -0.0847656 -1 -1 | 7.57799 | 0 
-1.8582 -0.194141 -1 -1 | 13.7706 | 0 
-1.70977 -0.178516 -1 -1 | 21.1193 | 0 
-1.55742 -0.0535156 -1 -1 | 22.3496 | 0 
-1.4168 -0.174609 -1 -1 | 26.1454 | 0 
-1.28789 -0.198047 -1 -1 | 20.8546 | 0 
-1.27617 -0.0457031 -1 -1 | 13.6822 | 0 
-1.34648 -0.00664063 -1 -1 | 17.5245 | 0 
-1.43242 0.122266 -1 -1 | 23.9923 | 0 
-1.2332 0.227734 -1 -1 | 19.1298 | 0 
-1.56523 0.204297 -1 -1 | 28.8361 | 0 
-1.67852 0.481641 -1 -1 | 37.3299 | 0 
-1.31133 0.380078 -1 -1 | 32.9208 | 0 
-1.44805 0.594922 -1 -1 | 40.2013 | 0 
-1.24883 0.719922 -1 -1 | 23.8879 | 0 
-1.51445 0.692578 -1 -1 | 36.2672 | 0 
-1.6707 0.704297 -1 -1 | 30.9034 | 0 
-1.70586 0.684766 -1 -1 | 30.1069 | 0 
-1.93633 0.774609 -1 -1 | 13.6039 | 0 
-1.9207 0.641797 -1 -1 | 21.6086 | 0 
-1.70586 0.657422 -1 -1 | 31.5795 | 0 
-1.84648 0.497266 -1 -1 | 27.9626 | 0 
-2.02227 0.352734 -1 -1 | 20.3327 | 0 
-2.11602 0.481641 -1 -1 | 27.1893 | 0 
-2.0418 0.571484 -1 -1 | 23.8516 | 0 
-2.02617 0.762891 -1 -1 | 14.0182 | 0 
-2.15117 0.692578 -1 -1 | 22.8242 | 0 
-2.09648 0.801953 -1 -1 | 13.6187 | 0 
-2.15898 0.930859 -1 -1 | 11.0495 | 0 
-2.14336 1.0168 -1 -1 | 9.47831 | 0 
-2.1043 0.962109 -1 -1 | 7.71223 | 0 
-2.08477 0.934766 -1 -1 | 7.43844 | 0 
-2.0418 0.985547 -1 -1 | 5.52931 | 0 
-2.03008 1.02461 -1 -1 | 5.4734 | 0 
-2.01055 1.02852 -1 -1 | 5.28717 | 0 
-1.95195 0.958203 -1 -1 | 5.52837 | 0 
-1.96758 0.946484 -1 -1 | 5.53898 | 0 
-1.99883 0.868359 -1 -1 | 7.98467 | 0 
-2.05742 0.895703 -1 -1 | 7.75554 | 0 
-2.01445 0.801953 -1 -1 | 11.5407 | 0 
-1.89336 0.841016 -1 -1 | 11.0471 | 0 
-1.82695 0.805859 -1 -1 | 15.9051 | 0 
-1.77617 0.887891 -1 -1 | 14.6911 | 0 
-1.72148 1.02461 -1 -1 | 15.9198 | 0 
-1.87383 0.958203 -1 -1 | 7.75844 | 0 
-1.90117 0.989453 -1 -1 | 6.48719 | 0 
-1.92461 1.09102 -1 -1 | 7.59163 | 0 
-1.88555 1.16914 -1 -1 | 12.5386 | 0 
-1.84258 1.07148 -1 -1 | 10.0457 | 0 
-1.78789 1.1457 -1 -1 | 16.0618 | 0 
-1.72539 1.27852 -1 -1 | 27.9388 | 0 
-1.8582 1.22383 -1 -1 | 17.0318 | 0 
-2.06133 1.24727 -1 -1 | 16.3712 | 0 
-1.99102 1.21211 -1 -1 | 13.096 | 0 
-1.95586 1.10273 -1 -1 | 7.44055 | 0 
-2.05352 1.05977 -1 -1 | 6.60186 | 0 
-2.13555 1.16133 -1 -1 | 14.0393 | 0 
-2.17852 1.2043 -1 -1 | 19.027 | 0 
-2.14336 1.31367 -1 -1 | 24.0093 | 0 
-2.03789 1.35273 -1 -1 | 22.2859 | 0 
-2.07695 1.46602 -1 -1 | 27.3871 | 0 
-2.16289 1.75508 -1 -1 | 22.2403 | 0 
-2.04961 1.59102 -1 -1 | 25.628 | 0 
-1.88555 1.7043 -1 -1 | 21.7734 | 0 
-1.7293 1.47383 -1 -1 | 36.3299 | 0 
-1.55352 1.33711 -1 -1 | 38.8503 | 0 
-1.58867 1.7668 -1 -1 | 33.0847 | 0 
-1.46367 1.57539 -1 -1 | 43.2687 | 0 
-1.2918 1.72383 -1 -1 | 28.8784 | 0 
-1.41289 1.35273 -1 -1 | 38.3863 | 0 
-1.39727 1.16523 -1 -1 | 26.2254 | 0 
-1.56914 1.21602 -1 -1 | 30.8979 | 0 
-1.65117 1.1418 -1 -1 | 23.5663 | 0 
-1.45586 0.985547 -1 -1 | 22.7549 | 0 
-1.59648 0.915234 -1 -1 | 22.9945 | 0 
-1.47539 0.864453 -1 -1 | 26.2224 | 0 
-1.39727 1.02852 -1 -1 | 21.1633 | 0 
-1.31523 0.993359 -1 -1 | 16.7153 | 0 
-1.21758 0.923047 -1 -1 | 11.4628 | 0 
-1.27617 0.809766 -1 -1 | 20.2588 | 0 
-1.11992 0.833203 -1 -1 | 9.66749 | 0 
-1.19023 0.887891 -1 -1 | 10.9225 | 0 
-1.16289 1.04023 -1 -1 | 7.5532 | 0 
-1.11602 1.0207 -1 -1 | 4.91806 | 0 
-1.12383 0.973828 -1 -1 | 5.22829 | 0 
-1.04961 0.926953 -1 -1 | 3.4827 | 0 
-1.01445 0.981641 -1 -1 | 2.1054 | 0 
-1.04961 0.989453 -1 -1 | 2.58953 | 0 
-1.03789 1.0207 -1 -1 | 2.4906 | 0 
-1.02617 0.993359 -1 -1 | 2.1884 | 0 
-0.991016 1.04023 -1 -1 | 2.40297 | 0 
-0.967578 1.01289 -1 -1 | 2.20671 | 0 
-0.983203 0.985547 -1 -1 | 2.03984 | 0 
-0.998828 0.926953 -1 -1 | 2.89706 | 0 
-0.967578 0.911328 -1 -1 | 3.49081 | 0 
-0.983203 0.864453 -1 -1 | 5.1873 | 0 
-1.0457 0.903516 -1 -1 | 4.10629 | 0 
-1.06914 0.837109 -1 -1 | 7.57364 | 0 
-0.908984 0.801953 -1 -1 | 9.85882 | 0 
-0.862109 0.868359 -1 -1 | 8.25652 | 0 
-0.838672 0.821484 -1 -1 | 11.7536 | 0 
-0.713672 0.860547 -1 -1 | 17.117 | 0 
-0.783984 0.891797 -1 -1 | 11.5192 | 0 
-0.729297 0.934766 -1 -1 | 13.5361 | 0 
-0.776172 1.04023 -1 -1 | 10.3703 | 0 
-0.846484 0.997266 -1 -1 | 6.01982 | 0 
-0.866016 0.930859 -1 -1 | 5.8895 | 0 
-0.905078 0.926953 -1 -1 | 4.44474 | 0 
-0.924609 1.00508 -1 -1 | 2.97628 | 0 
-0.897266 1.02461 -1 -1 | 3.99122 | 0 
-0.936328 1.03633 -1 -1 | 3.00469 | 0 
-0.908984 1.09883 -1 -1 | 5.49653 | 0 
-0.905078 1.17305 -1 -1 | 9.27774 | 0 
-0.877734 1.11055 -1 -1 | 7.13404 | 0 
-0.756641 1.0793 -1 -1 | 12.541 | 0 
-0.772266 1.2082 -1 -1 | 18.0706 | 0 
-0.866016 1.2707 -1 -1 | 17.006 | 0 
-0.951953 1.28242 -1 -1 | 15.0311 | 0 
-1.01836 1.21992 -1 -1 | 10.7181 | 0 
-0.963672 1.19648 -1 -1 | 9.32513 | 0 
-0.971484 1.11836 -1 -1 | 4.99973 | 0 
-0.963672 1.09492 -1 -1 | 4.11833 | 0 
-0.994922 1.06367 -1 -1 | 2.92099 | 0 
-1.02617 1.11055 -1 -1 | 4.74306 | 0 
-1.0418 1.0793 -1 -1 | 3.81382 | 0 
-1.01836 1.13398 -1 -1 | 5.73359 | 0 
-1.11211 1.16523 -1 -1 | 9.90185 | 0 
-1.10039 1.09102 -1 -1 | 5.92154 | 0 
-1.19023 1.12227 -1 -1 | 11.8221 | 0 
-1.1043 1.29023 -1 -1 | 17.4618 | 0 
-1.08086 1.38398 -1 -1 | 21.8105 | 0 
-1.0418 1.54805 -1 -1 | 23.3774 | 0 
-1.14336 1.63398 -1 -1 | 24.4328 | 0 
-1.12773 1.7082 -1 -1 | 19.8423 | 0 
-0.979297 1.73164 -1 -1 | 15.1981 | 0 
-0.967578 1.59492 -1 -1 | 21.9653 | 0 
-0.920703 1.66914 -1 -1 | 19.7192 | 0 
-0.787891 1.64961 -1 -1 | 26.8864 | 0 
-0.916797 1.43477 -1 -1 | 23.4114 | 0 
-0.647266 1.36055 -1 -1 | 34.6917 | 0 
-0.639453 1.6457 -1 -1 | 35.617 | 0 
-0.491016 1.63008 -1 -1 | 39.7292 | 0 
-0.393359 1.78633 -1 -1 | 28.9259 | 0 
-0.393359 1.4582 -1 -1 | 39.7812 | 0 
-0.201953 1.34883 -1 -1 | 24.71 | 0 
-0.225391 1.08711 -1 -1 | 11.1583 | 0 
-0.326953 1.16523 -1 -1 | 21.0408 | 0 
-0.416797 1.13398 -1 -1 | 23.4681 | 0 
-0.530078 1.24336 -1 -1 | 31.2368 | 0 
-0.639453 1.05195 -1 -1 | 18.4493 | 0 
-0.533984 0.934766 -1 -1 | 21.7651 | 0 
-0.651172 0.883984 -1 -1 | 19.5698 | 0 
-0.330859 0.817578 -1 -1 | 21.5281 | 0 
-0.420703 1.01289 -1 -1 | 20.025 | 0 
-0.283984 0.985547 -1 -1 | 13.2173 | 0 
-0.229297 0.895703 -1 -1 | 11.6342 | 0 
-0.209766 0.852734 -1 -1 | 12.259 | 0 
-0.436328 0.766797 -1 -1 | 28.9403 | 0 
-0.291797 0.602734 -1 -1 | 31.0375 | 0 
-0.393359 0.481641 -1 -1 | 38.1632 | 0 
-0.616016 0.454297 -1 -1 | 37.6401 | 0 
-0.600391 0.704297 -1 -1 | 31.7695 | 0 
-0.815234 0.563672 -1 -1 | 26.2127 | 0 
-0.928516 0.591016 -1 -1 | 20.6172 | 0 
-0.850391 0.782422 -1 -1 | 13.4196 | 0 
-1.0418 0.696484 -1 -1 | 15.2178 | 0 
-1.19414 0.700391 -1 -1 | 21.5502 | 0 
-1.18633 0.551953 -1 -1 | 27.2942 | 0 
-0.959766 0.645703 -1 -1 | 17.755 | 0 
-1.14336 0.450391 -1 -1 | 24.823 | 0 
-0.951953 0.341016 -1 -1 | 16.8918 | 0 
-0.850391 0.481641 -1 -1 | 24.996 | 0 
-0.713672 0.321484 -1 -1 | 27.2225 | 0 
-0.737109 0.102734 -1 -1 | 13.3799 | 0 
-0.846484 0.145703 -1 -1 | 8.95094 | 0 
-0.854297 0.0832031 -1 -1 | 5.9833 | 0 
-0.905078 0.102734 -1 -1 | 4.57316 | 0 
-0.940234 0.141797 -1 -1 | 5.31913 | 0 
-0.932422 0.184766 -1 -1 | 7.81155 | 0 
-0.842578 0.286328 -1 -1 | 17.5654 | 0 
-1.02617 0.282422 -1 -1 | 13.2958 | 0 
-1.18242 0.258984 -1 -1 | 17.9148 | 0 
-1.11992 0.219922 -1 -1 | 12.1359 | 0 
-1.19023 0.169141 -1 -1 | 12.9179 | 0 
-1.13164 0.0636719 -1 -1 | 5.30933 | 0 
-1.09258 0.0753906 -1 -1 | 3.95014 | 0 
-1.04961 0.0636719 -1 -1 | 2.38225 | 0 
-1.01836 0.0832031 -1 -1 | 2.4511 | 0 
-1.06523 0.173047 -1 -1 | 7.34908 | 0 
-0.994922 0.130078 -1 -1 | 4.17499 | 0 
-0.975391 0.118359 -1 -1 | 3.72984 | 0 
-0.994922 0.0988281 -1 -1 | 2.8765 | 0 
-1.01055 0.0558594 -1 -1 | 1.66089 | 0 
-0.963672 0.0363281 -1 -1 | 1.45373 | 0 
-0.967578 0.0480469 -1 -1 | 1.60252 | 0 
-1.01055 0.0207031 -1 -1 | 1.13307 | 0 
-1.01055 0.00507812 -1 -1 | 1.05327 | 0 
-0.967578 0.00117187 -1 -1 | 1.14826 | 0 
-0.963672 -0.0105469 -1 -1 | 1.2151 | 0 
-0.975391 -0.0417969 -1 -1 | 1.4203 | 0 
-0.967578 -0.0652344 -1 -1 | 1.98055 | 0 
-0.994922 -0.0652344 -1 -1 | 1.83253 | 0 
-0.987109 -0.0417969 -1 -1 | 1.35678 | 0 
-1.02617 -0.0183594 -1 -1 | 1.25973 | 0 
-1.02227 -0.0457031 -1 -1 | 1.5593 | 0 
-1.03789 -0.0496094 -1 -1 | 1.84862 | 0 
-1.05742 -0.0183594 -1 -1 | 1.83376 | 0 
-1.05352 0.0128906 -1 -1 | 1.70785 | 0 
-1.02617 0.00507812 -1 -1 | 1.19805 | 0 
-1.01836 0.0285156 -1 -1 | 1.26941 | 0 
-1.04961 0.0324219 -1 -1 | 1.79639 | 0 
-1.08086 0.0167969 -1 -1 | 2.49225 | 0 
-1.12773 0.0167969 -1 -1 | 4.38416 | 0 
-1.18633 0.00117187 -1 -1 | 7.51789 | 0 
-1.17852 -0.0457031 -1 -1 | 7.46347 | 0 
-1.11602 -0.0417969 -1 -1 | 4.13634 | 0 
-1.09648 -0.135547 -1 -1 | 6.42032 | 0 
-1.17852 -0.143359 -1 -1 | 10.8623 | 0 
-1.05352 -0.190234 -1 -1 | 8.04354 | 0 
-1.06133 -0.119922 -1 -1 | 4.58603 | 0 
-1.01445 -0.0808594 -1 -1 | 2.34493 | 0 
-0.994922 -0.116016 -1 -1 | 3.55466 | 0 
-0.955859 -0.147266 -1 -1 | 5.30652 | 0 
-0.936328 -0.190234 -1 -1 | 8.03998 | 0 
-0.869922 -0.178516 -1 -1 | 9.60974 | 0 
-0.869922 -0.135547 -1 -1 | 7.35094 | 0 
-0.889453 -0.119922 -1 -1 | 5.83428 | 0 
-0.889453 -0.0652344 -1 -1 | 3.94551 | 0 
-0.940234 -0.0300781 -1 -1 | 1.76482 | 0 
-0.928516 0.00507812 -1 -1 | 1.86409 | 0 
-0.932422 0.0480469 -1 -1 | 2.21694 | 0 
-0.897266 0.0441406 -1 -1 | 3.20618 | 0 
-0.916797 -0.00664063 -1 -1 | 2.18992 | 0 
-0.862109 0.0285156 -1 -1 | 4.43333 | 0 
-0.826953 0.00117187 -1 -1 | 6.04022 | 0 
-0.862109 -0.0496094 -1 -1 | 4.75677 | 0 
-0.764453 -0.0144531 -1 -1 | 9.72393 | 0 
-0.721484 0.00507812 -1 -1 | 12.3128 | 0 
-0.764453 -0.0925781 -1 -1 | 11.3357 | 0 
-0.651172 -0.100391 -1 -1 | 18.1815 | 0 
-0.463672 -0.155078 -1 -1 | 24.3679 | 0 
-0.471484 -0.0300781 -1 -1 | 20.2462 | 0 
-0.584766 0.0636719 -1 -1 | 19.7555 | 0 
-0.557422 0.266797 -1 -1 | 30.7965 | 0 
-0.389453 0.0519531 -1 -1 | 18.3706 | 0 
-0.319141 0.216016 -1 -1 | 22.2433 | 0 
-0.264453 0.169141 -1 -1 | 16.1456 | 0 
-0.256641 0.00898437 -1 -1 | 10.504 | 0 
-0.334766 -0.0105469 -1 -1 | 15.2169 | 0 
-0.334766 -0.112109 -1 -1 | 17.5874 | 0 
-0.295703 -0.170703 -1 -1 | 18.1751 | 0 
-0.198047 -0.198047 -1 -1 | 13.6702 | 0 
-0.198047 -0.0964844 -1 -1 | 8.62886 | 0 
-0.135547 -0.0808594 -1 -1 | 4.70568 | 0 
-0.135547 -0.151172 -1 -1 | 7.6408 | 0 
-0.0535156 -0.151172 -1 -1 | 4.7726 | 0 
0.0441406 -0.198047 -1 -1 | 7.22166 | 0 
0.0207031 -0.123828 -1 -1 | 2.98231 | 0 
0.0207031 -0.0847656 -1 -1 | 1.48219 | 0 
0.00117187 -0.0847656 -1 -1 | 1.39755 | 0 
-0.0222656 -0.104297 -1 -1 | 2.18552 | 0 
-0.0652344 -0.135547 -1 -1 | 4.26864 | 0 
-0.0496094 -0.0613281 -1 -1 | 1.22638 | 0 
-0.0730469 -0.0144531 -1 -1 | 1.08664 | 0 
-0.0417969 -0.0300781 -1 -1 | 0.528563 | 0 
-0.0222656 -0.0574219 -1 -1 | 0.750318 | 0 
-0.00664063 -0.0730469 -1 -1 | 1.05398 | 0 
0.0128906 -0.0691406 -1 -1 | 0.9716 | 0 
0.0285156 -0.0574219 -1 -1 | 0.813015 | 0 
0.0324219 -0.0144531 -1 -1 | 0.254243 | 0 
-0.0105469 -0.0417969 -1 -1 | 0.37167 | 0 
0.00507812 0.0128906 -1 -1 | 0.0430641 | 0 
0.0246094 -0.0105469 -1 -1 | 0.146973 | 0 
0.0363281 -0.00273438 -1 -1 | 0.267179 | 0 
0.0441406 0.0246094 -1 -1 | 0.509 | 0 
0.0128906 0.0324219 -1 -1 | 0.245777 | 0 
-0.0261719 0.0402344 -1 -1 | 0.460048 | 0 
-0.0261719 0.0167969 -1 -1 | 0.196509 | 0 
-0.0417969 0.0167969 -1 -1 | 0.405531 | 0 
-0.0613281 0.0128906 -1 -1 | 0.774988 | 0 
-0.0613281 0.0480469 -1 -1 | 1.19658 | 0 
-0.100391 0.0207031 -1 -1 | 2.02427 | 0 
-0.123828 0.00898437 -1 -1 | 2.9134 | 0 
-0.100391 -0.0144531 -1 -1 | 1.98077 | 0 
-0.119922 -0.0574219 -1 -1 | 3.37346 | 0 
-0.135547 -0.0144531 -1 -1 | 3.47748 | 0 
-0.158984 -0.0535156 -1 -1 | 5.18111 | 0 
-0.143359 0.00507812 -1 -1 | 3.82047 | 0 
-0.194141 0.0714844 -1 -1 | 7.6015 | 0 
-0.127734 0.0636719 -1 -1 | 3.86646 | 0 
-0.119922 0.0949219 -1 -1 | 4.46178 | 0 
-0.108203 0.173047 -1 -1 | 7.62114 | 0 
-0.147266 0.208203 -1 -1 | 11.458 | 0 
-0.100391 0.282422 -1 -1 | 14.0422 | 0 
-0.00273438 0.286328 -1 -1 | 12.3513 | 0 
0.0324219 0.149609 -1 -1 | 4.33752 | 0 
-0.00273438 0.173047 -1 -1 | 5.38753 | 0 
-0.0535156 0.118359 -1 -1 | 3.22202 | 0 
-0.0261719 0.0910156 -1 -1 | 1.73996 | 0 
-0.0457031 0.0753906 -1 -1 | 1.52336 | 0 
-0.0535156 0.0636719 -1 -1 | 1.36156 | 0 
-0.0144531 0.0792969 -1 -1 | 1.26844 | 0 
-0.00664063 0.102734 -1 -1 | 2.03631 | 0 
0.0363281 0.0871094 -1 -1 | 1.73408 | 0 
0.0675781 0.0714844 -1 -1 | 1.8945 | 0 
0.0910156 0.0910156 -1 -1 | 3.20374 | 0 
0.0988281 0.0519531 -1 -1 | 2.41231 | 0 
0.161328 0.106641 -1 -1 | 6.91682 | 0 
0.153516 0.149609 -1 -1 | 8.45553 | 0 
0.0753906 0.180859 -1 -1 | 6.93562 | 0 
0.110547 0.243359 -1 -1 | 11.9761 | 0 
0.157422 0.180859 -1 -1 | 10.3593 | 0 
0.290234 0.200391 -1 -1 | 19.5637 | 0 
0.278516 0.0558594 -1 -1 | 12.4774 | 0 
0.251172 -0.0496094 -1 -1 | 10.6261 | 0 
0.216016 0.0128906 -1 -1 | 7.9655 | 0 
0.157422 -0.00664063 -1 -1 | 4.5442 | 0 
0.130078 0.0207031 -1 -1 | 3.26494 | 0 
0.0949219 0.0402344 -1 -1 | 2.05991 | 0 
0.0558594 0.0207031 -1 -1 | 0.702656 | 0 
0.0636719 0.00898437 -1 -1 | 0.814696 | 0 
0.0871094 0.00507812 -1 -1 | 1.4785 | 0 
0.0988281 -0.0183594 -1 -1 | 1.94834 | 0 
0.0949219 -0.0144531 -1 -1 | 1.78186 | 0 
0.0636719 -0.0378906 -1 -1 | 1.08218 | 0 
0.0597656 -0.0652344 -1 -1 | 1.53796 | 0 
0.0871094 -0.0457031 -1 -1 | 1.88496 | 0 
0.122266 -0.0535156 -1 -1 | 3.39132 | 0 
0.165234 -0.0261719 -1 -1 | 5.09016 | 0 
0.145703 -0.112109 -1 -1 | 6.32472 | 0 
0.0519531 -0.0886719 -1 -1 | 2.05594 | 0 
0.0832031 -0.131641 -1 -1 | 4.59495 | 0 
0.0949219 -0.151172 -1 -1 | 5.94517 | 0 
0.153516 -0.147266 -1 -1 | 8.33656 | 0 
0.192578 -0.131641 -1 -1 | 9.7593 | 0 
0.360547 -0.147266 -1 -1 | 20.5414 | 0 
0.434766 -0.0730469 -1 -1 | 20.4059 | 0 
0.489453 -0.166797 -1 -1 | 25.2575 | 0 
0.665234 -0.143359 -1 -1 | 19.3356 | 0 
0.766797 -0.108203 -1 -1 | 11.7747 | 0 
0.692578 -0.0691406 -1 -1 | 14.9485 | 0 
0.751172 -0.0222656 -1 -1 | 10.5938 | 0 
0.633984 -0.0339844 -1 -1 | 17.2961 | 0 
0.598828 0.137891 -1 -1 | 22.04 | 0 
0.778516 0.0871094 -1 -1 | 10.2974 | 0 
0.755078 0.188672 -1 -1 | 16.533 | 0 
0.645703 0.192578 -1 -1 | 23.023 | 0 
0.497266 0.106641 -1 -1 | 22.4242 | 0 
0.344922 0.462109 -1 -1 | 35.6722 | 0 
0.626172 0.329297 -1 -1 | 32.3031 | 0 
0.653516 0.673047 -1 -1 | 31.2317 | 0 
0.430859 0.762891 -1 -1 | 29.0347 | 0 
0.419141 0.583203 -1 -1 | 37.9221 | 0 
0.251172 0.758984 -1 -1 | 20.1536 | 0 
0.173047 0.676953 -1 -1 | 20.2745 | 0 
0.239453 0.563672 -1 -1 | 28.9282 | 0 
0.192578 0.380078 -1 -1 | 23.9494 | 0 
0.157422 0.528516 -1 -1 | 24.6547 | 0 
0.0167969 0.352734 -1 -1 | 16.2013 | 0 
-0.112109 0.325391 -1 -1 | 17.0652 | 0 
-0.119922 0.426953 -1 -1 | 21.8737 | 0 
-0.158984 0.649609 -1 -1 | 20.9379 | 0 
0.00507812 0.598828 -1 -1 | 18.5019 | 0 
0.00117187 0.751172 -1 -1 | 10.4959 | 0 
-0.151172 0.696484 -1 -1 | 17.9943 | 0 
-0.178516 0.852734 -1 -1 | 10.4061 | 0 
-0.131641 0.876172 -1 -1 | 6.8971 | 0 
-0.186328 0.883984 -1 -1 | 9.46763 | 0 
-0.182422 1.03633 -1 -1 | 7.25201 | 0 
-0.123828 1.00898 -1 -1 | 3.93137 | 0 
-0.104297 1.04414 -1 -1 | 3.5597 | 0 
-0.0886719 0.993359 -1 -1 | 2.52063 | 0 
-0.127734 0.930859 -1 -1 | 4.86814 | 0 
-0.0730469 0.934766 -1 -1 | 2.74733 | 0 
-0.0144531 0.946484 -1 -1 | 1.50226 | 0 
-0.0457031 0.981641 -1 -1 | 1.44665 | 0 
-0.0535156 1.00117 -1 -1 | 1.57049 | 0 
-0.0535156 1.02461 -1 -1 | 1.737 | 0 
-0.0339844 1.0168 -1 -1 | 1.32278 | 0 
-0.00664063 0.989453 -1 -1 | 1.01471 | 0 
0.00507812 1.0168 -1 -1 | 1.09963 | 0 
0.0324219 1.03242 -1 -1 | 1.4855 | 0 
0.0207031 0.997266 -1 -1 | 1.08593 | 0 
0.0480469 0.966016 -1 -1 | 1.61984 | 0 
0.0128906 0.985547 -1 -1 | 1.05046 | 0 
0.00117187 0.934766 -1 -1 | 1.70737 | 0 
0.0480469 0.919141 -1 -1 | 2.56743 | 0 
0.0324219 0.864453 -1 -1 | 4.3728 | 0 
-0.00664063 0.903516 -1 -1 | 2.61206 | 0 
-0.0417969 0.903516 -1 -1 | 2.94793 | 0 
-0.0652344 0.887891 -1 -1 | 4.00594 | 0 
-0.0691406 0.833203 -1 -1 | 6.63997 | 0 
0.0597656 0.809766 -1 -1 | 7.69357 | 0 
0.0714844 0.833203 -1 -1 | 6.70326 | 0 
0.0949219 0.911328 -1 -1 | 4.08327 | 0 
0.173047 0.844922 -1 -1 | 10.4832 | 0 
0.266797 0.809766 -1 -1 | 18.1178 | 0 
0.247266 0.926953 -1 -1 | 11.7885 | 0 
0.216016 1.02852 -1 -1 | 9.15047 | 0 
0.153516 1.0207 -1 -1 | 5.45716 | 0 
0.157422 0.977734 -1 -1 | 5.58912 | 0 
0.122266 0.938672 -1 -1 | 4.44283 | 0 
0.0832031 0.973828 -1 -1 | 2.43082 | 0 
0.0753906 0.938672 -1 -1 | 2.72617 | 0 
0.0597656 0.993359 -1 -1 | 1.70086 | 0 
0.0832031 1.0207 -1 -1 | 2.4739 | 0 
0.0597656 1.04414 -1 -1 | 2.17776 | 0 
0.0910156 1.0793 -1 -1 | 3.98499 | 0 
0.0519531 1.09102 -1 -1 | 3.31717 | 0 
0.110547 1.17305 -1 -1 | 9.06117 | 0 
0.161328 1.17305 -1 -1 | 11.4705 | 0 
0.212109 1.11055 -1 -1 | 11.2418 | 0 
0.282422 1.16523 -1 -1 | 18.3879 | 0 
0.216016 1.18867 -1 -1 | 15.5868 | 0 
0.126172 1.23945 -1 -1 | 13.8762 | 0 
0.0246094 1.25898 -1 -1 | 12.2742 | 0 
-0.0730469 1.22773 -1 -1 | 11.1581 | 0 
0.0402344 1.15352 -1 -1 | 5.95733 | 0 
0.0441406 1.11055 -1 -1 | 3.93922 | 0 
0.0207031 1.06367 -1 -1 | 2.01095 | 0 
0.00898437 1.09492 -1 -1 | 2.9463 | 0 
-0.0261719 1.06758 -1 -1 | 2.1683 | 0 
-0.0652344 1.07539 -1 -1 | 3.09514 | 0 
-0.0222656 1.15742 -1 -1 | 5.94849 | 0 
-0.116016 1.14961 -1 -1 | 7.98361 | 0 
-0.0808594 1.07539 -1 -1 | 3.53218 | 0 
-0.151172 1.10273 -1 -1 | 7.43776 | 0 
-0.186328 1.10664 -1 -1 | 9.53166 | 0 
-0.0847656 1.29023 -1 -1 | 15.5631 | 0 
-0.0925781 1.40352 -1 -1 | 21.8461 | 0 
0.0246094 1.39961 -1 -1 | 20.1595 | 0 
-0.123828 1.47773 -1 -1 | 24.9834 | 0 
-0.186328 1.79023 -1 -1 | 16.8487 | 0 
-0.0574219 1.73945 -1 -1 | 14.34 | 0 
-0.0105469 1.65742 -1 -1 | 18.2684 | 0 
0.0675781 1.5832 -1 -1 | 22.0684 | 0 
0.0792969 1.69258 -1 -1 | 17.622 | 0 
0.270703 1.77852 -1 -1 | 22.7564 | 0 
0.255078 1.43086 -1 -1 | 31.5076 | 0 
0.258984 1.33711 -1 -1 | 27.6282 | 0 
0.309766 1.50898 -1 -1 | 36.0296 | 0 
0.512891 1.5832 -1 -1 | 41.4061 | 0 
0.798047 1.56367 -1 -1 | 29.3241 | 0 
0.669141 1.44258 -1 -1 | 36.7547 | 0 
0.766797 1.31758 -1 -1 | 25.3952 | 0 
0.716016 1.05586 -1 -1 | 14.3612 | 0 
0.649609 1.18477 -1 -1 | 23.7434 | 0 
0.395703 1.28633 -1 -1 | 32.0076 | 0 
0.344922 1.06367 -1 -1 | 17.6618 | 0 
0.516797 1.10273 -1 -1 | 23.4445 | 0 
0.442578 1.04023 -1 -1 | 20.957 | 0 
0.426953 0.852734 -1 -1 | 23.8636 | 0 
0.673047 0.833203 -1 -1 | 20.8082 | 0 
0.630078 0.997266 -1 -1 | 18.2399 | 0 
0.708203 0.942578 -1 -1 | 14.6349 | 0 
0.782422 1.04414 -1 -1 | 10.0665 | 0 
0.739453 0.903516 -1 -1 | 13.8123 | 0 
0.762891 0.805859 -1 -1 | 16.9892 | 0 
0.899609 0.844922 -1 -1 | 7.8357 | 0 
0.923047 0.911328 -1 -1 | 4.34615 | 0 
0.805859 0.907422 -1 -1 | 9.68431 | 0 
0.825391 0.969922 -1 -1 | 7.24331 | 0 
0.837109 1.0168 -1 -1 | 6.59122 | 0 
0.911328 1.0168 -1 -1 | 3.43734 | 0 
0.880078 0.973828 -1 -1 | 4.56974 | 0 
0.907422 0.930859 -1 -1 | 4.26841 | 0 
0.966016 0.930859 -1 -1 | 2.96067 | 0 
0.950391 0.969922 -1 -1 | 2.50892 | 0 
0.926953 1.04805 -1 -1 | 3.44977 | 0 
0.958203 1.00898 -1 -1 | 2.29999 | 0 
0.997266 1.04023 -1 -1 | 2.40094 | 0 
1.03242 0.997266 -1 -1 | 2.27369 | 0 
1.03242 0.966016 -1 -1 | 2.43797 | 0 
0.989453 0.969922 -1 -1 | 2.12476 | 0 
1.04414 0.954297 -1 -1 | 2.79753 | 0 
1.0207 0.868359 -1 -1 | 5.11541 | 0 
1.00508 0.919141 -1 -1 | 3.12816 | 0 
0.942578 0.895703 -1 -1 | 4.41101 | 0 
0.973828 0.872266 -1 -1 | 4.90055 | 0 
0.989453 0.809766 -1 -1 | 7.99414 | 0 
1.06367 0.829297 -1 -1 | 7.83499 | 0 
1.05977 0.876172 -1 -1 | 5.46966 | 0 
1.10273 0.872266 -1 -1 | 7.04533 | 0 
1.17305 0.825391 -1 -1 | 12.8516 | 0 
1.25898 0.833203 -1 -1 | 17.8556 | 0 
1.18086 0.895703 -1 -1 | 10.0643 | 0 
1.29414 0.985547 -1 -1 | 15.4303 | 0 
1.2043 0.993359 -1 -1 | 9.61849 | 0 
1.15352 0.950391 -1 -1 | 7.02299 | 0 
1.09883 0.934766 -1 -1 | 4.78129 | 0 
1.07148 1.00117 -1 -1 | 3.14753 | 0 
1.09492 1.0207 -1 -1 | 4.05661 | 0 
1.05195 1.0207 -1 -1 | 2.766 | 0 
1.10273 1.11055 -1 -1 | 6.78316 | 0 
1.11445 1.17305 -1 -1 | 10.4504 | 0 
1.25898 1.13008 -1 -1 | 16.5894 | 0 
1.23945 1.2668 -1 -1 | 23.5372 | 0 
1.10664 1.23164 -1 -1 | 13.7576 | 0 
1.04023 1.27461 -1 -1 | 14.5697 | 0 
0.938672 1.22773 -1 -1 | 11.7323 | 0 
1.00508 1.1457 -1 -1 | 6.2388 | 0 
1.04023 1.05977 -1 -1 | 3.22486 | 0 
1.00508 1.0832 -1 -1 | 3.52926 | 0 
0.981641 1.07539 -1 -1 | 3.29265 | 0 
0.942578 1.1418 -1 -1 | 6.55414 | 0 
0.911328 1.15352 -1 -1 | 7.98069 | 0 
0.848828 1.10273 -1 -1 | 8.13541 | 0 
0.821484 1.20039 -1 -1 | 14.712 | 0 
0.903516 1.28242 -1 -1 | 16.271 | 0 
0.919141 1.34883 -1 -1 | 19.7504 | 0 
0.942578 1.37617 -1 -1 | 20.5541 | 0 
0.864453 1.57148 -1 -1 | 25.6427 | 0 
0.880078 1.74336 -1 -1 | 16.9429 | 0 
1.00898 1.77461 -1 -1 | 12.6481 | 0 
0.993359 1.55586 -1 -1 | 22.8115 | 0 
1.05586 1.64961 -1 -1 | 20.3484 | 0 
1.24727 1.67695 -1 -1 | 28.6313 | 0 
1.18477 1.52852 -1 -1 | 29.6 | 0 
1.5207 1.33711 -1 -1 | 39.225 | 0 
1.41133 1.7082 -1 -1 | 35.9986 | 0 
1.7082 1.69648 -1 -1 | 31.6966 | 0 
1.60273 1.37227 -1 -1 | 39.3934 | 0 
1.58711 1.11836 -1 -1 | 24.954 | 0 
1.45039 1.28633 -1 -1 | 35.5442 | 0 
1.48555 1.05195 -1 -1 | 23.8053 | 0 
1.38398 1.02852 -1 -1 | 20.5971 | 0 
1.44258 0.923047 -1 -1 | 23.4405 | 0 
1.60273 1.00508 -1 -1 | 21.577 | 0 
1.71602 0.833203 -1 -1 | 20.7701 | 0 
1.57539 0.716016 -1 -1 | 34.0175 | 0 
1.79414 0.610547 -1 -1 | 28.5419 | 0 
1.5207 0.508984 -1 -1 | 42.4762 | 0 
1.38398 0.633984 -1 -1 | 36.442 | 0 
1.26289 0.622266 -1 -1 | 29.9877 | 0 
1.17305 0.692578 -1 -1 | 20.742 | 0 
1.04414 0.688672 -1 -1 | 15.7103 | 0 
0.848828 0.786328 -1 -1 | 13.2629 | 0 
0.891797 0.649609 -1 -1 | 19.3434 | 0 
0.946484 0.598828 -1 -1 | 19.9527 | 0 
0.809766 0.548047 -1 -1 | 26.8413 | 0 
0.997266 0.387891 -1 -1 | 18.7715 | 0 
1.16914 0.469922 -1 -1 | 26.5499 | 0 
1.26289 0.391797 -1 -1 | 30.3391 | 0 
1.17695 0.251172 -1 -1 | 17.0967 | 0 
1.29414 0.169141 -1 -1 | 19.5816 | 0 
1.23164 0.0753906 -1 -1 | 11.4777 | 0 
1.12227 0.173047 -1 -1 | 9.45402 | 0 
1.16914 0.0597656 -1 -1 | 7.2075 | 0 
1.10664 0.0871094 -1 -1 | 4.86009 | 0 
1.05977 0.130078 -1 -1 | 4.99996 | 0 
1.05586 0.184766 -1 -1 | 7.77861 | 0 
1.1418 0.251172 -1 -1 | 15.1586 | 0 
1.0168 0.294141 -1 -1 | 13.9191 | 0 
0.977734 0.212109 -1 -1 | 8.74534 | 0 
0.895703 0.274609 -1 -1 | 14.4942 | 0 
0.844922 0.231641 -1 -1 | 14.0048 | 0 
0.919141 0.130078 -1 -1 | 5.28792 | 0 
0.825391 0.169141 -1 -1 | 11.2883 | 0 
0.833203 0.110547 -1 -1 | 8.03535 | 0 
0.880078 0.0988281 -1 -1 | 5.36303 | 0 
0.895703 0.0636719 -1 -1 | 3.67242 | 0 
0.973828 0.0714844 -1 -1 | 2.08519 | 0 
0.942578 0.0910156 -1 -1 | 3.13665 | 0 
0.954297 0.173047 -1 -1 | 6.70621 | 0 
1.00898 0.145703 -1 -1 | 4.96611 | 0 
1.03633 0.106641 -1 -1 | 3.51177 | 0 
1.00898 0.0675781 -1 -1 | 1.93153 | 0 
1.03242 0.0636719 -1 -1 | 2.07136 | 0 
1.03633 0.0363281 -1 -1 | 1.59905 | 0 
1.00508 0.0363281 -1 -1 | 1.28097 | 0 
1.00508 0.00507812 -1 -1 | 1.02539 | 0 
1.03242 0.00117187 -1 -1 | 1.27795 | 0 
1.03633 -0.0222656 -1 -1 | 1.43655 | 0 
1.04414 -0.0574219 -1 -1 | 2.12449 | 0 
1.01289 -0.0574219 -1 -1 | 1.71085 | 0 
0.997266 -0.0378906 -1 -1 | 1.28451 | 0 
0.977734 -0.0144531 -1 -1 | 1.10008 | 0 
0.985547 -0.0574219 -1 -1 | 1.66463 | 0 
0.954297 -0.0613281 -1 -1 | 2.0622 | 0 
0.934766 -0.0417969 -1 -1 | 2.05171 | 0 
0.930859 0.00117187 -1 -1 | 1.80064 | 0 
0.969922 -0.00273438 -1 -1 | 1.12528 | 0 
0.966016 0.0324219 -1 -1 | 1.37313 | 0 
0.942578 0.0441406 -1 -1 | 1.92137 | 0 
0.923047 0.0402344 -1 -1 | 2.32279 | 0 
0.887891 0.0167969 -1 -1 | 3.22929 | 0 
0.825391 0.0128906 -1 -1 | 6.15746 | 0 
0.801953 -0.0496094 -1 -1 | 7.92582 | 0 
0.876172 -0.0457031 -1 -1 | 4.06131 | 0 
0.919141 -0.0261719 -1 -1 | 2.24848 | 0 
0.915234 -0.100391 -1 -1 | 4.16211 | 0 
0.868359 -0.100391 -1 -1 | 5.92344 | 0 
0.833203 -0.119922 -1 -1 | 8.42765 | 0 
0.852734 -0.194141 -1 -1 | 11.3157 | 0 
0.954297 -0.186328 -1 -1 | 7.46513 | 0 
0.926953 -0.112109 -1 -1 | 4.29173 | 0 
0.981641 -0.119922 -1 -1 | 3.75641 | 0 
0.989453 -0.0964844 -1 -1 | 2.79725 | 0 
1.02461 -0.108203 -1 -1 | 3.40923 | 0 
0.997266 -0.158984 -1 -1 | 5.61425 | 0 
1.07148 -0.143359 -1 -1 | 5.95527 | 0 
1.14961 -0.166797 -1 -1 | 10.4638 | 0 
1.16133 -0.0964844 -1 -1 | 7.85734 | 0 
1.06758 -0.123828 -1 -1 | 4.9251 | 0 
1.06758 -0.0535156 -1 -1 | 2.59558 | 0 
1.11055 -0.0222656 -1 -1 | 3.65332 | 0 
1.0793 0.0128906 -1 -1 | 2.41857 | 0 
1.11055 0.0402344 -1 -1 | 3.87459 | 0 
1.17305 0.0285156 -1 -1 | 6.89303 | 0 
1.1418 -0.0613281 -1 -1 | 5.7589 | 0 
1.19258 -0.0144531 -1 -1 | 7.9385 | 0 
1.21211 0.00507812 -1 -1 | 9.12101 | 0 
1.27852 -0.123828 -1 -1 | 16.3141 | 0 
1.48555 -0.151172 -1 -1 | 26.3754 | 0 
1.40742 -0.0144531 -1 -1 | 20.3826 | 0 
1.34492 0.298047 -1 -1 | 30.4926 | 0 
1.46211 0.0949219 -1 -1 | 23.5962 | 0 
1.65742 0.255078 -1 -1 | 28.6305 | 0 
1.73945 0.0832031 -1 -1 | 15.0355 | 0 
1.73555 0.0128906 -1 -1 | 13.9569 | 0 
1.65352 -0.0222656 -1 -1 | 18.535 | 0 
1.66133 -0.170703 -1 -1 | 23.303 | 0 
1.79805 -0.201953 -1 -1 | 17.3323 | 0 
1.68477 -0.373828 -1 -1 | 33.987 | 0 
1.67305 -0.237109 -1 -1 | 26.7002 | 0 
1.54023 -0.408984 -1 -1 | 40.6357 | 0 
1.50508 -0.655078 -1 -1 | 38.3111 | 0 
1.75508 -0.698047 -1 -1 | 26.4602 | 0 
1.63008 -0.772266 -1 -1 | 28.706 | 0 
1.73945 -0.897266 -1 -1 | 16.51 | 0 
1.75117 -1.02227 -1 -1 | 14.1407 | 0 
1.72773 -1.11602 -1 -1 | 18.1712 | 0 
1.59102 -1.1082 -1 -1 | 24.3968 | 0 
1.5793 -0.994922 -1 -1 | 22.2784 | 0 
1.4582 -1.08086 -1 -1 | 24.2198 | 0 
1.31758 -1.09648 -1 -1 | 18.8449 | 0 
1.30586 -0.975391 -1 -1 | 16.2191 | 0 
1.42695 -0.869922 -1 -1 | 24.9212 | 0 
1.29805 -0.717578 -1 -1 | 27.2011 | 0 
1.10664 -0.752734 -1 -1 | 13.7865 | 0 
1.1457 -0.842578 -1 -1 | 10.4391 | 0 
1.0832 -0.846484 -1 -1 | 7.5328 | 0 
1.10273 -0.908984 -1 -1 | 5.65037 | 0 
1.12227 -0.944141 -1 -1 | 5.574 | 0 
1.18477 -0.940234 -1 -1 | 9.00454 | 0 
1.28633 -0.830859 -1 -1 | 19.748 | 0 
1.28242 -1.03398 -1 -1 | 14.9689 | 0 
1.23555 -1.11211 -1 -1 | 14.2415 | 0 
1.16914 -1.18633 -1 -1 | 14.0197 | 0 
1.05586 -1.13555 -1 -1 | 6.43162 | 0 
1.07539 -1.08477 -1 -1 | 4.82438 | 0 
1.08711 -1.02227 -1 -1 | 3.79033 | 0 
1.16914 -1.06914 -1 -1 | 8.57904 | 0 
1.13008 -0.994922 -1 -1 | 5.43514 | 0 
1.11836 -0.975391 -1 -1 | 4.96656 | 0 
1.05195 -1.01055 -1 -1 | 2.68283 | 0 
1.03633 -0.963672 -1 -1 | 2.52639 | 0 
1.0207 -1.01055 -1 -1 | 2.17448 | 0 
1.00117 -0.967578 -1 -1 | 2.1506 | 0 
0.958203 -0.979297 -1 -1 | 2.30952 | 0 
0.930859 -0.994922 -1 -1 | 2.79533 | 0 
0.981641 -1.02227 -1 -1 | 2.17781 | 0 
0.950391 -1.0418 -1 -1 | 2.81832 | 0 
0.985547 -1.05742 -1 -1 | 2.77947 | 0 
1.00898 -1.02617 -1 -1 | 2.22691 | 0 
1.02852 -1.0457 -1 -1 | 2.7259 | 0 
1.0168 -1.08867 -1 -1 | 3.79202 | 0 
1.0207 -1.13555 -1 -1 | 5.83348 | 0 
0.950391 -1.19805 -1 -1 | 9.61879 | 0 
0.872266 -1.10039 -1 -1 | 6.95244 | 0 
0.856641 -1.18633 -1 -1 | 12.0413 | 0 
0.805859 -1.05352 -1 -1 | 8.88618 | 0 
0.883984 -1.06133 -1 -1 | 5.18737 | 0 
0.876172 -0.994922 -1 -1 | 4.6447 | 0 
0.852734 -0.955859 -1 -1 | 6.01199 | 0 
0.813672 -0.944141 -1 -1 | 8.27333 | 0 
0.825391 -0.873828 -1 -1 | 9.86927 | 0 
0.880078 -0.858203 -1 -1 | 7.93616 | 0 
0.887891 -0.893359 -1 -1 | 6.13351 | 0 
0.934766 -0.908984 -1 -1 | 4.12444 | 0 
0.977734 -0.920703 -1 -1 | 3.12209 | 0 
1.04023 -0.944141 -1 -1 | 2.90595 | 0 
1.0168 -0.912891 -1 -1 | 3.38868 | 0 
1.04023 -0.873828 -1 -1 | 5.14969 | 0 
0.958203 -0.881641 -1 -1 | 4.68344 | 0 
0.962109 -0.783984 -1 -1 | 9.70823 | 0 
1.02852 -0.705859 -1 -1 | 14.4592 | 0 
0.911328 -0.737109 -1 -1 | 13.7002 | 0 
0.899609 -0.658984 -1 -1 | 18.5849 | 0 
0.934766 -0.451953 -1 -1 | 21.4591 | 0 
1.06758 -0.608203 -1 -1 | 20.1792 | 0 
1.25117 -0.573047 -1 -1 | 30.9376 | 0 
1.06758 -0.412891 -1 -1 | 20.7424 | 0 
1.21211 -0.315234 -1 -1 | 23.2003 | 0 
1.16914 -0.260547 -1 -1 | 17.2372 | 0 
1.0168 -0.252734 -1 -1 | 11.3302 | 0 
0.993359 -0.330859 -1 -1 | 15.9747 | 0 
0.891797 -0.334766 -1 -1 | 18.2135 | 0 
0.825391 -0.299609 -1 -1 | 19.2811 | 0 
0.794141 -0.201953 -1 -1 | 14.9652 | 0 
0.610547 -0.323047 -1 -1 | 32.5955 | 0 
0.755078 -0.334766 -1 -1 | 25.4459 | 0 
0.665234 -0.479297 -1 -1 | 35.6705 | 0 
0.383984 -0.451953 -1 -1 | 37.3632 | 0 
0.301953 -0.315234 -1 -1 | 27.3872 | 0 
0.208203 -0.350391 -1 -1 | 23.4727 | 0 
0.102734 -0.334766 -1 -1 | 17.2174 | 0 
0.102734 -0.229297 -1 -1 | 10.783 | 0 
0.0246094 -0.287891 -1 -1 | 12.5661 | 0 
-0.0574219 -0.244922 -1 -1 | 10.3931 | 0 
-0.143359 -0.229297 -1 -1 | 12.5708 | 0 
-0.112109 -0.303516 -1 -1 | 15.7892 | 0 
-0.135547 -0.424609 -1 -1 | 22.5153 | 0 
-0.0105469 -0.393359 -1 -1 | 18.0197 | 0 
-0.0183594 -0.498828 -1 -1 | 20.3204 | 0 
-0.108203 -0.533984 -1 -1 | 22.2981 | 0 
-0.100391 -0.651172 -1 -1 | 18.1815 | 0 
0.0167969 -0.674609 -1 -1 | 15.0778 | 0 
0.0949219 -0.631641 -1 -1 | 18.9094 | 0 
0.137891 -0.549609 -1 -1 | 23.3684 | 0 
0.294141 -0.698047 -1 -1 | 26.5235 | 0 
0.243359 -0.893359 -1 -1 | 12.6072 | 0 
0.153516 -0.834766 -1 -1 | 9.94994 | 0 
0.161328 -0.920703 -1 -1 | 6.80683 | 0 
0.110547 -0.908984 -1 -1 | 4.75137 | 0 
0.0675781 -0.877734 -1 -1 | 4.47647 | 0 
0.0558594 -0.795703 -1 -1 | 8.41858 | 0 
0.137891 -0.705859 -1 -1 | 16.7845 | 0 
0.0246094 -0.791797 -1 -1 | 8.15576 | 0 
-0.0300781 -0.744922 -1 -1 | 11.0579 | 0 
-0.166797 -0.701953 -1 -1 | 18.5059 | 0 
-0.127734 -0.815234 -1 -1 | 9.75239 | 0 
-0.123828 -0.854297 -1 -1 | 7.53311 | 0 
-0.198047 -0.924609 -1 -1 | 8.79358 | 0 
-0.108203 -0.912891 -1 -1 | 4.53427 | 0 
-0.0925781 -0.936328 -1 -1 | 3.32454 | 0 
-0.0496094 -0.944141 -1 -1 | 1.99036 | 0 
-0.0261719 -0.908984 -1 -1 | 2.55793 | 0 
-0.0691406 -0.873828 -1 -1 | 4.68342 | 0 
-0.0417969 -0.858203 -1 -1 | 4.79928 | 0 
0.0324219 -0.826953 -1 -1 | 6.24778 | 0 
-0.00273438 -0.901172 -1 -1 | 2.68536 | 0 
0.0167969 -0.940234 -1 -1 | 1.64179 | 0 
0.0402344 -0.979297 -1 -1 | 1.36797 | 0 
0.00898437 -0.959766 -1 -1 | 1.26 | 0 
0.00898437 -0.971484 -1 -1 | 1.12487 | 0 
-0.0105469 -1.00273 -1 -1 | 1.03401 | 0 
0.0207031 -0.983203 -1 -1 | 1.11224 | 0 
0.0402344 -1.01836 -1 -1 | 1.42798 | 0 
0.0363281 -1.04961 -1 -1 | 1.84925 | 0 
0.0207031 -1.04961 -1 -1 | 1.67347 | 0 
-0.00273438 -1.05352 -1 -1 | 1.67639 | 0 
0.00117187 -1.01445 -1 -1 | 1.07559 | 0 
-0.0417969 -1.03789 -1 -1 | 1.70889 | 0 
-0.0574219 -1.06914 -1 -1 | 2.72406 | 0 
-0.0730469 -0.998828 -1 -1 | 2.04316 | 0 
-0.0378906 -1.00273 -1 -1 | 1.29545 | 0 
-0.0417969 -0.979297 -1 -1 | 1.39312 | 0 
-0.0378906 -0.963672 -1 -1 | 1.47653 | 0 
-0.0691406 -0.959766 -1 -1 | 2.17764 | 0 
-0.0925781 -1.01055 -1 -1 | 2.70135 | 0 
-0.174609 -0.959766 -1 -1 | 6.71272 | 0 
-0.162891 -1.02227 -1 -1 | 5.97022 | 0 
-0.116016 -1.06133 -1 -1 | 4.4194 | 0 
-0.104297 -1.03008 -1 -1 | 3.32644 | 0 
-0.0808594 -1.07695 -1 -1 | 3.58076 | 0 
-0.119922 -1.09648 -1 -1 | 5.71059 | 0 
-0.166797 -1.11602 -1 -1 | 8.82664 | 0 
-0.0769531 -1.15898 -1 -1 | 7.08845 | 0 
-0.0144531 -1.15117 -1 -1 | 5.55349 | 0 
-0.0378906 -1.09258 -1 -1 | 3.12684 | 0 
-0.00664063 -1.13555 -1 -1 | 4.71591 | 0 
0.00507812 -1.09258 -1 -1 | 2.84846 | 0 
0.0207031 -1.13164 -1 -1 | 4.60056 | 0 
-0.0105469 -1.15898 -1 -1 | 5.95827 | 0 
0.0792969 -1.15508 -1 -1 | 6.94446 | 0 
0.145703 -1.15508 -1 -1 | 9.64956 | 0 
0.165234 -1.09648 -1 -1 | 7.93882 | 0 
0.0636719 -1.13555 -1 -1 | 5.50085 | 0 
0.0792969 -1.06523 -1 -1 | 3.19006 | 0 
0.0910156 -1.02617 -1 -1 | 2.7923 | 0 
0.0636719 -1.01445 -1 -1 | 1.86901 | 0 
0.0558594 -0.987109 -1 -1 | 1.62491 | 0 
0.110547 -0.991016 -1 -1 | 3.33208 | 0 
0.122266 -0.975391 -1 -1 | 3.89914 | 0 
0.161328 -0.983203 -1 -1 | 5.76573 | 0 
0.161328 -1.05352 -1 -1 | 6.41331 | 0 
0.184766 -1.03008 -1 -1 | 7.29326 | 0 
0.212109 -0.998828 -1 -1 | 8.68961 | 0 
0.290234 -1.10039 -1 -1 | 15.7255 | 0 
0.317578 -1.13164 -1 -1 | 18.7361 | 0 
0.469922 -1.07305 -1 -1 | 22.2341 | 0 
0.352734 -0.924609 -1 -1 | 18.1014 | 0 
0.485547 -0.768359 -1 -1 | 29.6389 | 0 
0.583203 -0.893359 -1 -1 | 21.9696 | 0 
0.712109 -0.772266 -1 -1 | 22.0724 | 0 
0.743359 -0.850391 -1 -1 | 15.8002 | 0 
0.747266 -0.975391 -1 -1 | 11.8059 | 0 
0.665234 -0.975391 -1 -1 | 16.596 | 0 
0.653516 -1.1043 -1 -1 | 19.4207 | 0 
0.688672 -1.17461 -1 -1 | 21.0559 | 0 
0.798047 -1.20195 -1 -1 | 16.1401 | 0 
0.583203 -1.31523 -1 -1 | 34.7243 | 0 
0.747266 -1.36211 -1 -1 | 29.0663 | 0 
0.645703 -1.47539 -1 -1 | 38.5735 | 0 
0.383984 -1.45195 -1 -1 | 39.2671 | 0 
0.305859 -1.31133 -1 -1 | 29.015 | 0 
0.223828 -1.3543 -1 -1 | 26.3463 | 0 
0.0832031 -1.32695 -1 -1 | 17.7573 | 0 
0.0949219 -1.22539 -1 -1 | 11.7019 | 0 
0.0324219 -1.28008 -1 -1 | 13.7301 | 0 
-0.0730469 -1.24102 -1 -1 | 12.0211 | 0 
-0.116016 -1.31133 -1 -1 | 18.038 | 0 
-0.123828 -1.42852 -1 -1 | 23.9462 | 0 
0.00507812 -1.38945 -1 -1 | 19.6239 | 0 
-0.116016 -1.51445 -1 -1 | 24.8121 | 0 
0.0167969 -1.65898 -1 -1 | 18.2252 | 0 
0.130078 -1.55742 -1 -1 | 24.9618 | 0 
0.270703 -1.69805 -1 -1 | 27.4654 | 0 
0.266797 -1.9207 -1 -1 | 16.0344 | 0 
0.196484 -1.83867 -1 -1 | 14.8372 | 0 
0.133984 -1.88945 -1 -1 | 9.24895 | 0 
0.0519531 -1.83086 -1 -1 | 9.02303 | 0 
0.157422 -1.75273 -1 -1 | 17.4357 | 0 
-0.00273438 -1.7332 -1 -1 | 14.0639 | 0 
-0.0730469 -1.81914 -1 -1 | 10.1456 | 0 
-0.155078 -1.7918 -1 -1 | 15.0267 | 0 
-0.194141 -1.87773 -1 -1 | 12.9389 | 0 
-0.119922 -1.90508 -1 -1 | 8.08209 | 0 
-0.0457031 -1.86992 -1 -1 | 7.07129 | 0 
0.0480469 -1.8543 -1 -1 | 7.80385 | 0 
0.00898437 -1.9207 -1 -1 | 4.92585 | 0 
-0.00273438 -1.95586 -1 -1 | 4.21401 | 0 
0.0363281 -2.03789 -1 -1 | 4.70075 | 0 
-0.0417969 -2.01445 -1 -1 | 4.44884 | 0 
-0.0652344 -2.02617 -1 -1 | 5.07784 | 0 
-0.0496094 -1.97539 -1 -1 | 4.51082 | 0 
-0.131641 -2.00664 -1 -1 | 7.28768 | 0 
-0.194141 -1.99492 -1 -1 | 10.5894 | 0 
-0.119922 -2.01836 -1 -1 | 6.86657 | 0 
-0.139453 -2.08477 -1 -1 | 9.35511 | 0 
-0.143359 -2.19023 -1 -1 | 14.9449 | 0 
-0.0574219 -2.1668 -1 -1 | 10.3542 | 0 
0.0207031 -2.10039 -1 -1 | 6.42584 | 0 
0.0128906 -2.17461 -1 -1 | 10.2051 | 0 
0.0871094 -2.15117 -1 -1 | 10.2828 | 0 
0.161328 -2.08086 -1 -1 | 10.3365 | 0 
0.0558594 -2.09648 -1 -1 | 6.79496 | 0 
0.0714844 -2.02227 -1 -1 | 5.1892 | 0 
0.0988281 -1.9832 -1 -1 | 5.87027 | 0 
0.157422 -1.99883 -1 -1 | 8.53104 | 0 
0.180859 -2.00664 -1 -1 | 9.86415 | 0 
0.258984 -2.02227 -1 -1 | 14.8235 | 0 
0.356641 -2.14336 -1 -1 | 24.7262 | 0 
0.473828 -2.01445 -1 -1 | 24.1938 | 0 
0.333203 -1.89727 -1 -1 | 20.7206 | 0 
0.462109 -1.7918 -1 -1 | 30.5509 | 0 
0.575391 -1.91289 -1 -1 | 24.3549 | 0 
0.727734 -1.78008 -1 -1 | 23.2191 | 0 
0.758984 -1.88555 -1 -1 | 16.0483 | 0 
0.758984 -1.95586 -1 -1 | 14.2244 | 0 
0.645703 -1.95586 -1 -1 | 20.7236 | 0 
0.645703 -2.08867 -1 -1 | 22.3909 | 0 
0.801953 -2.19805 -1 -1 | 19.0662 | 0 
0.856641 -2.05742 -1 -1 | 9.40545 | 0 
0.864453 -1.96758 -1 -1 | 8.24312 | 0 
0.887891 -2.01836 -1 -1 | 7.31361 | 0 
0.950391 -2.06523 -1 -1 | 6.48363 | 0 
0.942578 -1.98711 -1 -1 | 5.51867 | 0 
1.01289 -1.98711 -1 -1 | 5.04512 | 0 
1.02852 -2.03008 -1 -1 | 5.52219 | 0 
1.02852 -2.08477 -1 -1 | 6.95426 | 0 
0.973828 -2.15898 -1 -1 | 10.3374 | 0 
1.09492 -2.19805 -1 -1 | 14.5551 | 0 
1.19258 -2.18242 -1 -1 | 18.5404 | 0 
1.19258 -2.07695 -1 -1 | 13.3571 | 0 
1.2668 -2.03398 -1 -1 | 17.0274 | 0 
1.18477 -1.99492 -1 -1 | 11.4085 | 0 
1.13789 -2.05352 -1 -1 | 9.60093 | 0 
1.10664 -2.00664 -1 -1 | 7.42701 | 0 
1.07148 -1.88164 -1 -1 | 8.32562 | 0 
1.15742 -1.87773 -1 -1 | 12.1847 | 0 
1.24727 -1.85039 -1 -1 | 18.9151 | 0 
1.25898 -1.7293 -1 -1 | 26.4419 | 0 
1.07539 -1.81914 -1 -1 | 11.363 | 0 
1.00508 -1.75664 -1 -1 | 13.6889 | 0 
0.938672 -1.80352 -1 -1 | 11.5726 | 0 
1.00117 -1.87383 -1 -1 | 7.50004 | 0 
1.0168 -1.94805 -1 -1 | 5.41747 | 0 
0.942578 -1.92852 -1 -1 | 6.24828 | 0 
0.880078 -1.8543 -1 -1 | 10.8308 | 0 
0.848828 -1.93633 -1 -1 | 9.44638 | 0 
0.817578 -1.76445 -1 -1 | 18.7602 | 0 
0.923047 -1.7293 -1 -1 | 16.291 | 0 
0.880078 -1.58477 -1 -1 | 24.6129 | 0 
1.02461 -1.63555 -1 -1 | 20.4364 | 0 
0.856641 -1.55352 -1 -1 | 26.382 | 0 
0.919141 -1.35039 -1 -1 | 19.8341 | 0 
0.864453 -1.21758 -1 -1 | 13.6244 | 0 
0.954297 -1.31914 -1 -1 | 17.2742 | 0 
1.0168 -1.2332 -1 -1 | 11.5619 | 0 
0.969922 -1.39727 -1 -1 | 21.0641 | 0 
1.17305 -1.36211 -1 -1 | 25.0633 | 0 
1.13008 -1.20586 -1 -1 | 13.1563 | 0 
1.22383 -1.4207 -1 -1 | 30.6684 | 0 
1.13789 -1.53398 -1 -1 | 26.95 | 0 
1.30195 -1.69805 -1 -1 | 30.9967 | 0 
1.3293 -1.45977 -1 -1 | 38.3639 | 0 
1.5793 -1.43633 -1 -1 | 42.5568 | 0 
1.75898 -1.48711 -1 -1 | 34.7135 | 0 
1.79805 -1.70195 -1 -1 | 26.1346 | 0 
1.55195 -1.70195 -1 -1 | 37.7554 | 0 
1.54805 -1.95195 -1 -1 | 26.2116 | 0 
1.39961 -2.06914 -1 -1 | 25.2498 | 0 
1.55195 -2.19805 -1 -1 | 33.5102 | 0 
1.67695 -2.07305 -1 -1 | 22.5798 | 0 
1.79805 -2.07695 -1 -1 | 15.7248 | 0 
1.73555 -2.13945 -1 -1 | 22.1006 | 0 
-2.19805 -2.19805 0 -1 | | 0 
-2.13555 -2.19805 0 -1 | 19.6005 | 0 
-2.13555 -2.13555 0 -1 | 15.949 | 0 
-2.19805 -2.07305 0 -1 | 16.9597 | 0 
-2.07305 -2.07305 0 -1 | 10.6673 | 0 
-2.01445 -1.99883 0 -1 | 8.09731 | 0 
-1.95586 -2.06523 0 -1 | 9.30353 | 0 
-2.02617 -2.1082 0 -1 | 10.9107 | 0 
-1.94805 -2.19805 0 -1 | 15.9502 | 0 
-1.81523 -2.19805 0 -1 | 20.9373 | 0 
-1.80352 -2.06133 0 -1 | 14.938 | 0 
-1.84648 -1.96758 0 -1 | 11.7924 | 0 
-1.91289 -2.01445 0 -1 | 9.22168 | 0 
-1.94805 -1.94805 0 -1 | 8.64842 | 0 
-1.89336 -1.82695 0 -1 | 14.4382 | 0 
-1.87383 -1.89727 0 -1 | 12.1065 | 0 
-1.78789 -1.83867 0 -1 | 18.9338 | 0 
-1.74492 -1.70195 0 -1 | 29.2361 | 0 
-1.90508 -1.81133 0 -1 | 14.8805 | 0 
-2.06914 -1.81914 0 -1 | 14.3131 | 0 
-1.96758 -1.87773 0 -1 | 10.415 | 0 
-2.04961 -1.91289 0 -1 | 9.80523 | 0 
-2.09258 -1.87383 0 -1 | 12.5184 | 0 
-2.17461 -1.90508 0 -1 | 15.5254 | 0 
-2.19805 -1.69805 0 -1 | 27.7173 | 0 
-2.19023 -1.45977 0 -1 | 32.9452 | 0 
-2.06133 -1.31523 0 -1 | 20.6997 | 0 
-1.9793 -1.44414 0 -1 | 25.4805 | 0 
-1.72148 -1.43242 0 -1 | 35.912 | 0 
-1.69805 -1.69805 0 -1 | 32.1825 | 0 
-1.68633 -1.4207 0 -1 | 37.5436 | 0 
-1.40508 -1.40117 0 -1 | 40.3468 | 0 
-1.22148 -1.53008 0 -1 | 31.8755 | 0 
-1.40898 -1.59648 0 -1 | 41.1634 | 0 
-1.26836 -1.71758 0 -1 | 27.7354 | 0 
-1.45977 -1.74883 0 -1 | 34.9476 | 0 
-1.4793 -1.99102 0 -1 | 26.0864 | 0 
-1.62773 -2.12383 0 -1 | 26.9883 | 0 
-1.4207 -2.16289 0 -1 | 30.2792 | 0 
-1.28008 -2.0457 0 -1 | 18.1141 | 0 
-1.20977 -2.09258 0 -1 | 14.9884 | 0 
-1.19805 -2.19805 0 -1 | 19.8559 | 0 
-1.0418 -2.14336 0 -1 | 9.8145 | 0 
-0.971484 -2.09648 0 -1 | 7.28358 | 0 
-1.03789 -2.1082 0 -1 | 8.02969 | 0 
-1.04961 -2.02227 0 -1 | 5.77332 | 0 
-0.955859 -2.0457 0 -1 | 5.89269 | 0 
-0.951953 -1.98711 0 -1 | 5.34233 | 0 
-1.03008 -2.01055 0 -1 | 5.30586 | 0 
-1.13164 -1.9793 0 -1 | 8.51525 | 0 
-1.15508 -2.05352 0 -1 | 10.4969 | 0 
-1.15898 -1.91289 0 -1 | 11.0537 | 0 
-1.15898 -1.81523 0 -1 | 15.2438 | 0 
-1.06133 -1.81523 0 -1 | 11.1723 | 0 
-1.0418 -1.74883 0 -1 | 14.5627 | 0 
-0.979297 -1.82305 0 -1 | 9.93929 | 0 
-1.07305 -1.8582 0 -1 | 9.3549 | 0 
-0.998828 -1.90117 0 -1 | 6.48165 | 0 
-0.924609 -1.93242 0 -1 | 6.58075 | 0 
-0.916797 -1.94414 0 -1 | 6.56798 | 0 
-0.830859 -1.83867 0 -1 | 13.9211 | 0 
-0.830859 -1.70977 0 -1 | 21.2525 | 0 
-0.717578 -1.72148 0 -1 | 27.2861 | 0 
-0.787891 -1.90117 0 -1 | 13.7462 | 0 
-0.748828 -1.95586 0 -1 | 14.8444 | 0 
-0.787891 -2.06133 0 -1 | 13.2473 | 0 
-0.862109 -1.98711 0 -1 | 8.25132 | 0 
-0.928516 -1.96758 0 -1 | 5.93462 | 0 
-0.944141 -2.03008 0 -1 | 5.80279 | 0 
-0.826953 -2.1043 0 -1 | 12.537 | 0 
-0.912891 -2.15117 0 -1 | 11.1061 | 0 
-0.701953 -2.1043 0 -1 | 19.968 | 0 
-0.592578 -1.97539 0 -1 | 22.7305 | 0 
-0.541797 -2.19414 0 -1 | 31.3293 | 0 
-0.248828 -2.10039 0 -1 | 16.3267 | 0 
-0.237109 -1.95195 0 -1 | 13.512 | 0 
-0.428516 -2.03789 0 -1 | 23.6294 | 0 
-0.260547 -1.82695 0 -1 | 19.4214 | 0 
-0.393359 -1.75664 0 -1 | 30.6638 | 0 
-0.678516 -1.69023 0 -1 | 31.3293 | 0 
-0.412891 -1.64727 0 -1 | 37.4416 | 0 
-0.428516 -1.33086 0 -1 | 35.8303 | 0 
-0.526172 -1.2918 0 -1 | 34.4093 | 0 
-0.651172 -1.44805 0 -1 | 37.8134 | 0 
-0.764453 -1.29961 0 -1 | 24.4358 | 0 
-0.897266 -1.38555 0 -1 | 22.2631 | 0 
-0.780078 -1.4832 0 -1 | 30.8766 | 0 
-0.881641 -1.67461 0 -1 | 20.786 | 0 
-1.05352 -1.47539 0 -1 | 23.7299 | 0 
-1.09258 -1.64727 0 -1 | 21.5703 | 0 
-1.1707 -1.4168 0 -1 | 27.2659 | 0 
-1.02227 -1.27227 0 -1 | 14.1583 | 0 
-1.11602 -1.20195 0 -1 | 12.2607 | 0 
-1.19805 -1.19805 0 -1 | 16.4598 | 0 
-1.1082 -1.08477 0 -1 | 6.01582 | 0 
-1.1082 -1.16289 0 -1 | 9.60228 | 0 
-1.0418 -1.15898 0 -1 | 7.36191 | 0 
-0.971484 -1.15898 0 -1 | 7.03757 | 0 
-0.979297 -1.11211 0 -1 | 4.66282 | 0 
-1.0418 -1.12773 0 -1 | 5.75394 | 0 
-1.06523 -1.01445 0 -1 | 3.03586 | 0 
-1.03789 -1.05352 0 -1 | 3.03168 | 0 
-0.955859 -1.06914 0 -1 | 3.37024 | 0 
-0.987109 -1.0418 0 -1 | 2.43787 | 0 
-0.959766 -1.01055 0 -1 | 2.28465 | 0 
-0.987109 -0.967578 0 -1 | 2.15265 | 0 
-1.01445 -0.991016 0 -1 | 2.07086 | 0 
-1.06133 -0.971484 0 -1 | 2.96606 | 0 
-1.13555 -0.955859 0 -1 | 6.00047 | 0 
-1.08867 -1.06914 0 -1 | 4.77194 | 0 
-1.15508 -1.06523 0 -1 | 7.68297 | 0 
-1.17852 -0.916797 0 -1 | 9.22558 | 0 
-1.08867 -0.920703 0 -1 | 4.76344 | 0 
-1.07695 -0.873828 0 -1 | 6.05341 | 0 
-1.16289 -0.811328 0 -1 | 13.0503 | 0 
-1.12773 -0.737109 0 -1 | 15.6781 | 0 
-1.06914 -0.807422 0 -1 | 9.19621 | 0 
-1.03008 -0.756641 0 -1 | 11.397 | 0 
-0.971484 -0.811328 0 -1 | 8.00591 | 0 
-1.00273 -0.862109 0 -1 | 5.27689 | 0 
-1.06133 -0.877734 0 -1 | 5.44111 | 0 
-1.0457 -0.932422 0 -1 | 3.26288 | 0 
-1.02617 -0.940234 0 -1 | 2.7713 | 0 
-0.991016 -0.893359 0 -1 | 3.96068 | 0 
-0.936328 -0.920703 0 -1 | 3.73227 | 0 
-0.889453 -0.936328 0 -1 | 4.77679 | 0 
-0.842578 -0.838672 0 -1 | 10.6339 | 0 
-0.838672 -0.721484 0 -1 | 17.7209 | 0 
-0.709766 -0.713672 0 -1 | 25.7795 | 0 
-0.815234 -0.889453 0 -1 | 9.79006 | 0 
-0.756641 -0.975391 0 -1 | 11.2286 | 0 
-0.787891 -1.04961 0 -1 | 9.84852 | 0 
-0.780078 -0.979297 0 -1 | 9.7759 | 0 
-0.858203 -0.998828 0 -1 | 5.4501 | 0 
-0.889453 -0.959766 0 -1 | 4.34943 | 0 
-0.924609 -0.991016 0 -1 | 2.95655 | 0 
-0.889453 -1.01445 0 -1 | 4.18076 | 0 
-0.924609 -1.03008 0 -1 | 3.19762 | 0 
-0.901172 -1.05352 0 -1 | 4.35129 | 0 
-0.885547 -1.03008 0 -1 | 4.50201 | 0 
-0.830859 -1.13555 0 -1 | 10.5302 | 0 
-0.920703 -1.15117 0 -1 | 7.573 | 0 
-0.764453 -1.17852 0 -1 | 16.7269 | 0 
-0.709766 -1.1082 0 -1 | 16.4589 | 0 
-0.576953 -1.08086 0 -1 | 21.6204 | 0 
-0.600391 -0.967578 0 -1 | 19.5817 | 0 
-0.549609 -1.18633 0 -1 | 27.3353 | 0 
-0.354297 -1.1668 0 -1 | 22.5906 | 0 
-0.237109 -1.1043 0 -1 | 12.5406 | 0 
-0.272266 -1.05742 0 -1 | 13.233 | 0 
-0.217578 -0.955859 0 -1 | 9.32258 | 0 
-0.440234 -1.03789 0 -1 | 20.8588 | 0 
-0.346484 -0.881641 0 -1 | 19.2377 | 0 
-0.252734 -0.838672 0 -1 | 15.6539 | 0 
-0.408984 -0.760547 0 -1 | 28.4949 | 0 
-0.518359 -0.834766 0 -1 | 25.8238 | 0 
-0.694141 -0.701953 0 -1 | 27.3884 | 0 
-0.420703 -0.674609 0 -1 | 33.9806 | 0 
-0.412891 -0.397266 0 -1 | 36.858 | 0 
-0.565234 -0.201953 0 -1 | 26.5612 | 0 
-0.596484 -0.436328 0 -1 | 37.9771 | 0 
-0.725391 -0.311328 0 -1 | 25.9244 | 0 
-0.944141 -0.350391 0 -1 | 17.524 | 0 
-0.815234 -0.467578 0 -1 | 26.694 | 0 
-0.838672 -0.686328 0 -1 | 19.784 | 0 
-1.04961 -0.455859 0 -1 | 21.4117 | 0 
-1.08086 -0.631641 0 -1 | 19.6028 | 0 
-1.17461 -0.389453 0 -1 | 24.6553 | 0 
-1.03789 -0.428516 0 -1 | 20.5536 | 0 
-1.03008 -0.291797 0 -1 | 13.9228 | 0 
-0.955859 -0.241016 0 -1 | 10.7922 | 0 
-1.10039 -0.201953 0 -1 | 10.2052 | 0 
-1.18633 -0.213672 0 -1 | 15.298 | 0 
-1.30742 -0.420703 0 -1 | 34.2033 | 0 
-1.34258 -0.268359 0 -1 | 28.5224 | 0 
-1.51836 -0.385547 0 -1 | 39.9139 | 0 
-1.50273 -0.616016 0 -1 | 40.0975 | 0 
-1.27227 -0.647266 0 -1 | 29.4505 | 0 
-1.40508 -0.811328 0 -1 | 27.1499 | 0 
-1.20586 -0.838672 0 -1 | 14.1343 | 0 
-1.31523 -1.0457 0 -1 | 17.2203 | 0 
-1.32305 -1.17461 0 -1 | 23.0011 | 0 
-1.37383 -0.963672 0 -1 | 20.0968 | 0 
-1.56133 -1.1082 0 -1 | 25.1585 | 0 
-1.63945 -0.979297 0 -1 | 20.1345 | 0 
-1.5418 -0.877734 0 -1 | 25.6157 | 0 
-1.69023 -0.717578 0 -1 | 29.0649 | 0 
-1.92461 -0.741016 0 -1 | 15.921 | 0 
-1.83086 -0.807422 0 -1 | 15.6115 | 0 
-1.90117 -0.858203 0 -1 | 9.93339 | 0 
-1.74492 -0.834766 0 -1 | 18.9854 | 0 
-1.76836 -1.06523 0 -1 | 13.9416 | 0 
-1.78008 -1.1707 0 -1 | 17.8843 | 0 
-1.88555 -1.14727 0 -1 | 11.3342 | 0 
-1.90508 -1.08086 0 -1 | 7.78959 | 0 
-1.82695 -1.0457 0 -1 | 10.1943 | 0 
-1.91289 -0.959766 0 -1 | 6.36144 | 0 
-1.92461 -0.963672 0 -1 | 5.99576 | 0 
-2.00664 -0.998828 0 -1 | 5.03574 | 0 
-2.07305 -0.983203 0 -1 | 6.35725 | 0 
-2.04961 -1.03789 0 -1 | 6.04455 | 0 
-1.99102 -1.01445 0 -1 | 5.05289 | 0 
-1.99102 -1.07695 0 -1 | 6.28872 | 0 
-2.03008 -1.15898 0 -1 | 10.233 | 0 
-2.06133 -1.08867 0 -1 | 7.68236 | 0 
-2.12383 -1.16289 0 -1 | 13.5385 | 0 
-2.15898 -1.08086 0 -1 | 11.683 | 0 
-2.08086 -1.0418 0 -1 | 7.02375 | 0 
-2.15508 -0.994922 0 -1 | 10.025 | 0 
-2.1668 -0.830859 0 -1 | 15.5301 | 0 
-2.11602 -0.944141 0 -1 | 8.52229 | 0 
-2.01836 -0.920703 0 -1 | 6.20616 | 0 
-1.9832 -0.897266 0 -1 | 6.80832 | 0 
-2.06133 -0.826953 0 -1 | 11.0198 | 0 
-2.11211 -0.713672 0 -1 | 19.6157 | 0 
-2.13555 -0.686328 0 -1 | 22.3416 | 0 
-2.06914 -0.522266 0 -1 | 25.3878 | 0 
-1.92461 -0.658984 0 -1 | 20.654 | 0 
-1.76445 -0.530078 0 -1 | 32.3119 | 0 
-1.88945 -0.405078 0 -1 | 24.327 | 0 
-1.77617 -0.280078 0 -1 | 23.4773 | 0 
-1.86602 -0.256641 0 -1 | 17.3066 | 0 
-1.96367 -0.248828 0 -1 | 14.1062 | 0 
-1.96758 -0.354297 0 -1 | 20.3003 | 0 
-2.09258 -0.354297 0 -1 | 22.2456 | 0 
-2.19805 -0.198047 0 -1 | 18.4598 | 0 
-2.09648 -0.104297 0 -1 | 8.26205 | 0 
-2.12383 -0.178516 0 -1 | 13.0801 | 0 
-2.02227 -0.162891 0 -1 | 9.01225 | 0 
-1.9793 -0.143359 0 -1 | 7.81496 | 0 
-1.96758 -0.0808594 0 -1 | 5.35025 | 0 
-2.06523 -0.131641 0 -1 | 8.34337 | 0 
-2.03008 -0.0144531 0 -1 | 4.34318 | 0 
-1.99883 -0.0496094 0 -1 | 4.48243 | 0 
-1.95977 -0.0339844 0 -1 | 4.38929 | 0 
-2.00273 0.00507812 0 -1 | 4.02004 | 0 
-1.96367 0.0363281 0 -1 | 4.37858 | 0 
-2.03008 0.0285156 0 -1 | 4.46266 | 0 
-2.06133 -0.00273438 0 -1 | 4.98633 | 0 
-2.12383 -0.0105469 0 -1 | 7.41227 | 0 
-2.19023 -0.0339844 0 -1 | 11.3603 | 0 
-2.16289 0.0558594 0 -1 | 10.0893 | 0 
-2.15898 0.223828 0 -1 | 17.6647 | 0 
-2.03008 0.219922 0 -1 | 12.4715 | 0 
-1.9793 0.274609 0 -1 | 15.6201 | 0 
-1.96367 0.114453 0 -1 | 6.60719 | 0 
-2.0418 0.173047 0 -1 | 9.89534 | 0 
-2.03008 0.0910156 0 -1 | 5.90113 | 0 
-2.00664 0.0636719 0 -1 | 4.8315 | 0 
-1.97539 0.0558594 0 -1 | 4.63672 | 0 
-1.84258 0.0949219 0 -1 | 9.63871 | 0 
-1.88945 0.137891 0 -1 | 9.43256 | 0 
-1.9207 0.247266 0 -1 | 14.7967 | 0 
-1.83477 0.219922 0 -1 | 16.4609 | 0 
-1.71758 0.239453 0 -1 | 24.3708 | 0 
-1.81523 0.0714844 0 -1 | 10.3095 | 0 
-1.73711 0.00117187 0 -1 | 13.8294 | 0 
-1.79961 -0.0417969 0 -1 | 10.5189 | 0 
-1.86992 0.0480469 0 -1 | 7.11175 | 0 
-1.89727 -0.00664063 0 -1 | 5.62287 | 0 
-1.88164 -0.0730469 0 -1 | 7.22344 | 0 
-1.82695 -0.0691406 0 -1 | 9.62501 | 0 
-1.88164 -0.0847656 0 -1 | 7.57549 | 0 
-1.8582 -0.194141 0 -1 | 13.7681 | 0 
-1.70977 -0.178516 0 -1 | 21.1168 | 0 
-1.55742 -0.0535156 0 -1 | 22.3471 | 0 
-1.4168 -0.174609 0 -1 | 26.1429 | 0 
-1.28789 -0.198047 0 -1 | 20.8521 | 0 
-1.27617 -0.0457031 0 -1 | 13.6797 | 0 
-1.34648 -0.00664063 0 -1 | 17.522 | 0 
-1.43242 0.122266 0 -1 | 23.9898 | 0 
-1.2332 0.227734 0 -1 | 19.1273 | 0 
-1.56523 0.204297 0 -1 | 28.8336 | 0 
-1.67852 0.481641 0 -1 | 37.3274 | 0 
-1.31133 0.380078 0 -1 | 32.9183 | 0 
-1.44805 0.594922 0 -1 | 40.1988 | 0 
-1.24883 0.719922 0 -1 | 23.8854 | 0 
-1.51445 0.692578 0 -1 | 36.2647 | 0 
-1.6707 0.704297 0 -1 | 30.9009 | 0 
-1.70586 0.684766 0 -1 | 30.1044 | 0 
-1.93633 0.774609 0 -1 | 13.6014 | 0 
-1.9207 0.641797 0 -1 | 21.6061 | 0 
-1.70586 0.657422 0 -1 | 31.577 | 0 
-1.84648 0.497266 0 -1 | 27.9601 | 0 
-2.02227 0.352734 0 -1 | 20.3302 | 0 
-2.11602 0.481641 0 -1 | 27.1868 | 0 
-2.0418 0.571484 0 -1 | 23.8491 | 0 
-2.02617 0.762891 0 -1 | 14.0157 | 0 
-2.15117 0.692578 0 -1 | 22.8217 | 0 
-2.09648 0.801953 0 -1 | 13.6162 | 0 
-2.15898 0.930859 0 -1 | 11.047 | 0 
-2.14336 1.0168 0 -1 | 9.47581 | 0 
-2.1043 0.962109 0 -1 | 7.70973 | 0 
-2.08477 0.934766 0 -1 | 7.43594 | 0 
-2.0418 0.985547 0 -1 | 5.52681 | 0 
-2.03008 1.02461 0 -1 | 5.4709 | 0 
-2.01055 1.02852 0 -1 | 5.28467 | 0 
-1.95195 0.958203 0 -1 | 5.52587 | 0 
-1.96758 0.946484 0 -1 | 5.53648 | 0 
-1.99883 0.868359 0 -1 | 7.98217 | 0 
-2.05742 0.895703 0 -1 | 7.75304 | 0 
-2.01445 0.801953 0 -1 | 11.5382 | 0 
-1.89336 0.841016 0 -1 | 11.0446 | 0 
-1.82695 0.805859 0 -1 | 15.9026 | 0 
-1.77617 0.887891 0 -1 | 14.6886 | 0 
-1.72148 1.02461 0 -1 | 15.9173 | 0 
-1.87383 0.958203 0 -1 | 7.75594 | 0 
-1.90117 0.989453 0 -1 | 6.48469 | 0 
-1.92461 1.09102 0 -1 | 7.58913 | 0 
-1.88555 1.16914 0 -1 | 12.5361 | 0 
-1.84258 1.07148 0 -1 | 10.0432 | 0 
-1.78789 1.1457 0 -1 | 16.0593 | 0 
-1.72539 1.27852 0 -1 | 27.9363 | 0 
-1.8582 1.22383 0 -1 | 17.0293 | 0 
-2.06133 1.24727 0 -1 | 16.3687 | 0 
-1.99102 1.21211 0 -1 | 13.0935 | 0 
-1.95586 1.10273 0 -1 | 7.43805 | 0 
-2.05352 1.05977 0 -1 | 6.59936 | 0 
-2.13555 1.16133 0 -1 | 14.0368 | 0 
-2.17852 1.2043 0 -1 | 19.0245 | 0 
-2.14336 1.31367 0 -1 | 24.0068 | 0 
-2.03789 1.35273 0 -1 | 22.2834 | 0 
-2.07695 1.46602 0 -1 | 27.3846 | 0 
-2.16289 1.75508 0 -1 | 22.2378 | 0 
-2.04961 1.59102 0 -1 | 25.6255 | 0 
-1.88555 1.7043 0 -1 | 21.7709 | 0 
-1.7293 1.47383 0 -1 | 36.3274 | 0 
-1.55352 1.33711 0 -1 | 38.8478 | 0 
-1.58867 1.7668 0 -1 | 33.0822 | 0 
-1.46367 1.57539 0 -1 | 43.2662 | 0 
-1.2918 1.72383 0 -1 | 28.8759 | 0 
-1.41289 1.35273 0 -1 | 38.3838 | 0 
-1.39727 1.16523 0 -1 | 26.2229 | 0 
-1.56914 1.21602 0 -1 | 30.8954 | 0 
-1.65117 1.1418 0 -1 | 23.5638 | 0 
-1.45586 0.985547 0 -1 | 22.7524 | 0 
-1.59648 0.915234 0 -1 | 22.992 | 0 
-1.47539 0.864453 0 -1 | 26.2199 | 0 
-1.39727 1.02852 0 -1 | 21.1608 | 0 
-1.31523 0.993359 0 -1 | 16.7128 | 0 
-1.21758 0.923047 0 -1 | 11.4603 | 0 
-1.27617 0.809766 0 -1 | 20.2563 | 0 
-1.11992 0.833203 0 -1 | 9.66499 | 0 
-1.19023 0.887891 0 -1 | 10.92 | 0 
-1.16289 1.04023 0 -1 | 7.5507 | 0 
-1.11602 1.0207 0 -1 | 4.91556 | 0 
-1.12383 0.973828 0 -1 | 5.22579 | 0 
-1.04961 0.926953 0 -1 | 3.4802 | 0 
-1.01445 0.981641 0 -1 | 2.1029 | 0 
-1.04961 0.989453 0 -1 | 2.58703 | 0 
-1.03789 1.0207 0 -1 | 2.4881 | 0 
-1.02617 0.993359 0 -1 | 2.1859 | 0 
-0.991016 1.04023 0 -1 | 2.40047 | 0 
-0.967578 1.01289 0 -1 | 2.20421 | 0 
-0.983203 0.985547 0 -1 | 2.03734 | 0 
-0.998828 0.926953 0 -1 | 2.89456 | 0 
-0.967578 0.911328 0 -1 | 3.48831 | 0 
-0.983203 0.864453 0 -1 | 5.1848 | 0 
-1.0457 0.903516 0 -1 | 4.10379 | 0 
-1.06914 0.837109 0 -1 | 7.57114 | 0 
-0.908984 0.801953 0 -1 | 9.85632 | 0 
-0.862109 0.868359 0 -1 | 8.25402 | 0 
-0.838672 0.821484 0 -1 | 11.7511 | 0 
-0.713672 0.860547 0 -1 | 17.1145 | 0 
-0.783984 0.891797 0 -1 | 11.5167 | 0 
-0.729297 0.934766 0 -1 | 13.5336 | 0 
-0.776172 1.04023 0 -1 | 10.3678 | 0 
-0.846484 0.997266 0 -1 | 6.01732 | 0 
-0.866016 0.930859 0 -1 | 5.887 | 0 
-0.905078 0.926953 0 -1 | 4.44224 | 0 
-0.924609 1.00508 0 -1 | 2.97378 | 0 
-0.897266 1.02461 0 -1 | 3.98872 | 0 
-0.936328 1.03633 0 -1 | 3.00219 | 0 
-0.908984 1.09883 0 -1 | 5.49403 | 0 
-0.905078 1.17305 0 -1 | 9.27524 | 0 
-0.877734 1.11055 0 -1 | 7.13154 | 0 
-0.756641 1.0793 0 -1 | 12.5385 | 0 
-0.772266 1.2082 0 -1 | 18.0681 | 0 
-0.866016 1.2707 0 -1 | 17.0035 | 0 
-0.951953 1.28242 0 -1 | 15.0286 | 0 
-1.01836 1.21992 0 -1 | 10.7156 | 0 
-0.963672 1.19648 0 -1 | 9.32263 | 0 
-0.971484 1.11836 0 -1 | 4.99723 | 0 
-0.963672 1.09492 0 -1 | 4.11583 | 0 
-0.994922 1.06367 0 -1 | 2.91849 | 0 
-1.02617 1.11055 0 -1 | 4.74056 | 0 
-1.0418 1.0793 0 -1 | 3.81132 | 0 
-1.01836 1.13398 0 -1 | 5.73109 | 0 
-1.11211 1.16523 0 -1 | 9.89935 | 0 
-1.10039 1.09102 0 -1 | 5.91904 | 0 
-1.19023 1.12227 0 -1 | 11.8196 | 0 
-1.1043 1.29023 0 -1 | 17.4593 | 0 
-1.08086 1.38398 0 -1 | 21.808 | 0 
-1.0418 1.54805 0 -1 | 23.3749 | 0 
-1.14336 1.63398 0 -1 | 24.4303 | 0 
-1.12773 1.7082 0 -1 | 19.8398 | 0 
-0.979297 1.73164 0 -1 | 15.1956 | 0 
-0.967578 1.59492 0 -1 | 21.9628 | 0 
-0.920703 1.66914 0 -1 | 19.7167 | 0 
-0.787891 1.64961 0 -1 | 26.8839 | 0 
-0.916797 1.43477 0 -1 | 23.4089 | 0 
-0.647266 1.36055 0 -1 | 34.6892 | 0 
-0.639453 1.6457 0 -1 | 35.6145 | 0 
-0.491016 1.63008 0 -1 | 39.7267 | 0 
-0.393359 1.78633 0 -1 | 28.9234 | 0 
-0.393359 1.4582 0 -1 | 39.7787 | 0 
-0.201953 1.34883 0 -1 | 24.7075 | 0 
-0.225391 1.08711 0 -1 | 11.1558 | 0 
-0.334766 1.16914 0 -1 | 21.6944 | 0 
-0.408984 1.1418 0 -1 | 23.5955 | 0 
-0.541797 1.25117 0 -1 | 31.5922 | 0 
-0.639453 1.05195 0 -1 | 18.4468 | 0 
-0.533984 0.934766 0 -1 | 21.7626 | 0 
-0.651172 0.883984 0 -1 | 19.5673 | 0 
-0.330859 0.817578 0 -1 | 21.5256 | 0 
-0.420703 1.01289 0 -1 | 20.0225 | 0 
-0.283984 0.985547 0 -1 | 13.2148 | 0 
-0.229297 0.895703 0 -1 | 11.6317 | 0 
-0.209766 0.852734 0 -1 | 12.2565 | 0 
-0.436328 0.766797 0 -1 | 28.9378 | 0 
-0.291797 0.602734 0 -1 | 31.035 | 0 
-0.393359 0.481641 0 -1 | 38.1607 | 0 
-0.616016 0.454297 0 -1 | 37.6376 | 0 
-0.600391 0.704297 0 -1 | 31.767 | 0 
-0.815234 0.563672 0 -1 | 26.2102 | 0 
-0.928516 0.591016 0 -1 | 20.6147 | 0 
-0.850391 0.782422 0 -1 | 13.4171 | 0 
-1.0418 0.696484 0 -1 | 15.2153 | 0 
-1.19414 0.700391 0 -1 | 21.5477 | 0 
-1.18633 0.551953 0 -1 | 27.2917 | 0 
-0.959766 0.645703 0 -1 | 17.7525 | 0 
-1.14336 0.450391 0 -1 | 24.8205 | 0 
-0.951953 0.341016 0 -1 | 16.8893 | 0 
-0.850391 0.481641 0 -1 | 24.9935 | 0 
-0.713672 0.321484 0 -1 | 27.22 | 0 
-0.737109 0.102734 0 -1 | 13.3774 | 0 
-0.846484 0.145703 0 -1 | 8.94844 | 0 
-0.854297 0.0832031 0 -1 | 5.9808 | 0 
-0.905078 0.102734 0 -1 | 4.57066 | 0 
-0.940234 0.141797 0 -1 | 5.31663 | 0 
-0.932422 0.184766 0 -1 | 7.80905 | 0 
-0.842578 0.286328 0 -1 | 17.5629 | 0 
-1.02617 0.282422 0 -1 | 13.2933 | 0 
-1.18242 0.258984 0 -1 | 17.9123 | 0 
-1.11992 0.219922 0 -1 | 12.1334 | 0 
-1.19023 0.169141 0 -1 | 12.9154 | 0 
-1.13164 0.0636719 0 -1 | 5.30683 | 0 
-1.09258 0.0753906 0 -1 | 3.94764 | 0 
-1.04961 0.0636719 0 -1 | 2.37975 | 0 
-1.01836 0.0832031 0 -1 | 2.4486 | 0 
-1.06523 0.173047 0 -1 | 7.34658 | 0 
-0.994922 0.130078 0 -1 | 4.17249 | 0 
-0.975391 0.118359 0 -1 | 3.72734 | 0 
-0.994922 0.0988281 0 -1 | 2.874 | 0 
-1.01055 0.0558594 0 -1 | 1.65839 | 0 
-0.963672 0.0363281 0 -1 | 1.45123 | 0 
-0.967578 0.0480469 0 -1 | 1.60002 | 0 
-1.01055 0.0207031 0 -1 | 1.13057 | 0 
-1.01055 0.00507812 0 -1 | 1.05077 | 0 
-0.967578 0.00117187 0 -1 | 1.14576 | 0 
-0.963672 -0.0105469 0 -1 | 1.2126 | 0 
-0.975391 -0.0417969 0 -1 | 1.4178 | 0 
-0.967578 -0.0652344 0 -1 | 1.97805 | 0 
-0.994922 -0.0652344 0 -1 | 1.83003 | 0 
-0.987109 -0.0417969 0 -1 | 1.35428 | 0 
-1.02617 -0.0183594 0 -1 | 1.25723 | 0 
-1.02227 -0.0457031 0 -1 | 1.5568 | 0 
-1.03789 -0.0496094 0 -1 | 1.84612 | 0 
-1.05742 -0.0183594 0 -1 | 1.83126 | 0 
-1.05352 0.0128906 0 -1 | 1.70535 | 0 
-1.02617 0.00507812 0 -1 | 1.19555 | 0 
-1.01836 0.0285156 0 -1 | 1.26691 | 0 
-1.04961 0.0324219 0 -1 | 1.79389 | 0 
-1.08086 0.0167969 0 -1 | 2.48975 | 0 
-1.12773 0.0167969 0 -1 | 4.38166 | 0 
-1.18633 0.00117187 0 -1 | 7.51539 | 0 
-1.17852 -0.0457031 0 -1 | 7.46097 | 0 
-1.11602 -0.0417969 0 -1 | 4.13384 | 0 
-1.09648 -0.135547 0 -1 | 6.41782 | 0 
-1.17852 -0.143359 0 -1 | 10.8598 | 0 
-1.05352 -0.190234 0 -1 | 8.04104 | 0 
-1.06133 -0.119922 0 -1 | 4.58353 | 0 
-1.01445 -0.0808594 0 -1 | 2.34243 | 0 
-0.994922 -0.116016 0 -1 | 3.55216 | 0 
-0.955859 -0.147266 0 -1 | 5.30402 | 0 
-0.936328 -0.190234 0 -1 | 8.03748 | 0 
-0.869922 -0.178516 0 -1 | 9.60724 | 0 
-0.869922 -0.135547 0 -1 | 7.34844 | 0 
-0.889453 -0.119922 0 -1 | 5.83178 | 0 
-0.889453 -0.0652344 0 -1 | 3.94301 | 0 
-0.940234 -0.0300781 0 -1 | 1.76232 | 0 
-0.928516 0.00507812 0 -1 | 1.86159 | 0 
-0.932422 0.0480469 0 -1 | 2.21444 | 0 
-0.897266 0.0441406 0 -1 | 3.20368 | 0 
-0.916797 -0.00664063 0 -1 | 2.18742 | 0 
-0.862109 0.0285156 0 -1 | 4.43083 | 0 
-0.826953 0.00117187 0 -1 | 6.03772 | 0 
-0.862109 -0.0496094 0 -1 | 4.75427 | 0 
-0.764453 -0.0144531 0 -1 | 9.72143 | 0 
-0.721484 0.00507812 0 -1 | 12.3103 | 0 
-0.764453 -0.0925781 0 -1 | 11.3332 | 0 
-0.651172 -0.100391 0 -1 | 18.179 | 0 
-0.463672 -0.155078 0 -1 | 24.3654 | 0 
-0.471484 -0.0300781 0 -1 | 20.2437 | 0 
-0.584766 0.0636719 0 -1 | 19.753 | 0 
-0.557422 0.266797 0 -1 | 30.794 | 0 
-0.389453 0.0519531 0 -1 | 18.3681 | 0 
-0.319141 0.216016 0 -1 | 22.2408 | 0 
-0.264453 0.169141 0 -1 | 16.1431 | 0 
-0.256641 0.00898437 0 -1 | 10.5015 | 0 
-0.334766 -0.0105469 0 -1 | 15.2144 | 0 
-0.334766 -0.112109 0 -1 | 17.5849 | 0 
-0.295703 -0.170703 0 -1 | 18.1726 | 0 
-0.198047 -0.198047 0 -1 | 13.6677 | 0 
-0.198047 -0.0964844 0 -1 | 8.62636 | 0 
-0.135547 -0.0808594 0 -1 | 4.70318 | 0 
-0.135547 -0.151172 0 -1 | 7.6383 | 0 
-0.0535156 -0.151172 0 -1 | 4.7701 | 0 
0.0441406 -0.198047 0 -1 | 7.21916 | 0 
0.0207031 -0.123828 0 -1 | 2.97981 | 0 
0.0207031 -0.0847656 0 -1 | 1.47969 | 0 
0.00117187 -0.0847656 0 -1 | 1.39505 | 0 
-0.0222656 -0.104297 0 -1 | 2.18302 | 0 
-0.0652344 -0.135547 0 -1 | 4.26614 | 0 
-0.0496094 -0.0613281 0 -1 | 1.22388 | 0 
-0.0730469 -0.0144531 0 -1 | 1.08414 | 0 
-0.0417969 -0.0300781 0 -1 | 0.526063 | 0 
-0.0222656 -0.0574219 0 -1 | 0.747818 | 0 
-0.00664063 -0.0730469 0 -1 | 1.05148 | 0 
0.0128906 -0.0691406 0 -1 | 0.9691 | 0 
0.0285156 -0.0574219 0 -1 | 0.810515 | 0 
0.0324219 -0.0144531 0 -1 | 0.251743 | 0 
-0.0105469 -0.0417969 0 -1 | 0.36917 | 0 
0.00507812 0.0128906 0 -1 | 0.0405641 | 0 
0.0246094 -0.0105469 0 -1 | 0.144473 | 0 
0.0363281 -0.00273438 0 -1 | 0.264679 | 0 
0.0441406 0.0246094 0 -1 | 0.5065 | 0 
0.0128906 0.0324219 0 -1 | 0.243277 | 0 
-0.0261719 0.0402344 0 -1 | 0.457548 | 0 
-0.0261719 0.0167969 0 -1 | 0.194009 | 0 
-0.0417969 0.0167969 0 -1 | 0.403031 | 0 
-0.0613281 0.0128906 0 -1 | 0.772488 | 0 
-0.0613281 0.0480469 0 -1 | 1.19408 | 0 
-0.100391 0.0207031 0 -1 | 2.02177 | 0 
-0.123828 0.00898437 0 -1 | 2.9109 | 0 
-0.100391 -0.0144531 0 -1 | 1.97827 | 0 
-0.119922 -0.0574219 0 -1 | 3.37096 | 0 
-0.135547 -0.0144531 0 -1 | 3.47498 | 0 
-0.158984 -0.0535156 0 -1 | 5.17861 | 0 
-0.143359 0.00507812 0 -1 | 3.81797 | 0 
-0.194141 0.0714844 0 -1 | 7.599 | 0 
-0.127734 0.0636719 0 -1 | 3.86396 | 0 
-0.119922 0.0949219 0 -1 | 4.45928 | 0 
-0.108203 0.173047 0 -1 | 7.61864 | 0 
-0.147266 0.208203 0 -1 | 11.4555 | 0 
-0.100391 0.282422 0 -1 | 14.0397 | 0 
-0.00273438 0.286328 0 -1 | 12.3488 | 0 
0.0324219 0.149609 0 -1 | 4.33502 | 0 
-0.00273438 0.173047 0 -1 | 5.38503 | 0 
-0.0535156 0.118359 0 -1 | 3.21952 | 0 
-0.0261719 0.0910156 0 -1 | 1.73746 | 0 
-0.0457031 0.0753906 0 -1 | 1.52086 | 0 
-0.0535156 0.0636719 0 -1 | 1.35906 | 0 
-0.0144531 0.0792969 0 -1 | 1.26594 | 0 
-0.00664063 0.102734 0 -1 | 2.03381 | 0 
0.0363281 0.0871094 0 -1 | 1.73158 | 0 
0.0675781 0.0714844 0 -1 | 1.892 | 0 
0.0910156 0.0910156 0 -1 | 3.20124 | 0 
0.0988281 0.0519531 0 -1 | 2.40981 | 0 
0.161328 0.106641 0 -1 | 6.91432 | 0 
0.153516 0.149609 0 -1 | 8.45303 | 0 
0.0753906 0.180859 0 -1 | 6.93312 | 0 
0.110547 0.243359 0 -1 | 11.9736 | 0 
0.157422 0.180859 0 -1 | 10.3568 | 0 
0.290234 0.200391 0 -1 | 19.5612 | 0 
0.278516 0.0558594 0 -1 | 12.4749 | 0 
0.251172 -0.0496094 0 -1 | 10.6236 | 0 
0.216016 0.0128906 0 -1 | 7.963 | 0 
0.157422 -0.00664063 0 -1 | 4.5417 | 0 
0.130078 0.0207031 0 -1 | 3.26244 | 0 
0.0949219 0.0402344 0 -1 | 2.05741 | 0 
0.0558594 0.0207031 0 -1 | 0.700156 | 0 
0.0636719 0.00898437 0 -1 | 0.812196 | 0 
0.0871094 0.00507812 0 -1 | 1.476 | 0 
0.0988281 -0.0183594 0 -1 | 1.94584 | 0 
0.0949219 -0.0144531 0 -1 | 1.77936 | 0 
0.0636719 -0.0378906 0 -1 | 1.07968 | 0 
0.0597656 -0.0652344 0 -1 | 1.53546 | 0 
0.0871094 -0.0457031 0 -1 | 1.88246 | 0 
0.122266 -0.0535156 0 -1 | 3.38882 | 0 
0.165234 -0.0261719 0 -1 | 5.08766 | 0 
0.145703 -0.112109 0 -1 | 6.32222 | 0 
0.0519531 -0.0886719 0 -1 | 2.05344 | 0 
0.0832031 -0.131641 0 -1 | 4.59245 | 0 
0.0949219 -0.151172 0 -1 | 5.94267 | 0 
0.153516 -0.147266 0 -1 | 8.33406 | 0 
0.192578 -0.131641 0 -1 | 9.7568 | 0 
0.360547 -0.147266 0 -1 | 20.5389 | 0 
0.434766 -0.0730469 0 -1 | 20.4034 | 0 
0.489453 -0.166797 0 -1 | 25.255 | 0 
0.665234 -0.143359 0 -1 | 19.3331 | 0 
0.766797 -0.108203 0 -1 | 11.7722 | 0 
0.692578 -0.0691406 0 -1 | 14.946 | 0 
0.751172 -0.0222656 0 -1 | 10.5913 | 0 
0.633984 -0.0339844 0 -1 | 17.2936 | 0 
0.598828 0.137891 0 -1 | 22.0375 | 0 
0.778516 0.0871094 0 -1 | 10.2949 | 0 
0.755078 0.188672 0 -1 | 16.5305 | 0 
0.645703 0.192578 0 -1 | 23.0205 | 0 
0.497266 0.106641 0 -1 | 22.4217 | 0 
0.344922 0.462109 0 -1 | 35.6697 | 0 
0.626172 0.329297 0 -1 | 32.3006 | 0 
0.653516 0.673047 0 -1 | 31.2292 | 0 
0.430859 0.762891 0 -1 | 29.0322 | 0 
0.419141 0.583203 0 -1 | 37.9196 | 0 
0.251172 0.758984 0 -1 | 20.1511 | 0 
0.173047 0.676953 0 -1 | 20.272 | 0 
0.239453 0.563672 0 -1 | 28.9257 | 0 
0.192578 0.380078 0 -1 | 23.9469 | 0 
0.157422 0.528516 0 -1 | 24.6522 | 0 
0.0167969 0.352734 0 -1 | 16.1988 | 0 
-0.112109 0.325391 0 -1 | 17.0627 | 0 
-0.119922 0.426953 0 -1 | 21.8712 | 0 
-0.158984 0.649609 0 -1 | 20.9354 | 0 
0.00507812 0.598828 0 -1 | 18.4994 | 0 
0.00117187 0.751172 0 -1 | 10.4934 | 0 
-0.151172 0.696484 0 -1 | 17.9918 | 0 
-0.178516 0.852734 0 -1 | 10.4036 | 0 
-0.131641 0.876172 0 -1 | 6.8946 | 0 
-0.186328 0.883984 0 -1 | 9.46513 | 0 
-0.182422 1.03633 0 -1 | 7.24951 | 0 
-0.123828 1.00898 0 -1 | 3.92887 | 0 
-0.104297 1.04414 0 -1 | 3.5572 | 0 
-0.0886719 0.993359 0 -1 | 2.51813 | 0 
-0.127734 0.930859 0 -1 | 4.86564 | 0 
-0.0730469 0.934766 0 -1 | 2.74483 | 0 
-0.0144531 0.946484 0 -1 | 1.49976 | 0 
-0.0457031 0.981641 0 -1 | 1.44415 | 0 
-0.0535156 1.00117 0 -1 | 1.56799 | 0 
-0.0535156 1.02461 0 -1 | 1.7345 | 0 
-0.0339844 1.0168 0 -1 | 1.32028 | 0 
-0.00664063 0.989453 0 -1 | 1.01221 | 0 
0.00507812 1.0168 0 -1 | 1.09713 | 0 
0.0324219 1.03242 0 -1 | 1.483 | 0 
0.0207031 0.997266 0 -1 | 1.08343 | 0 
0.0480469 0.966016 0 -1 | 1.61734 | 0 
0.0128906 0.985547 0 -1 | 1.04796 | 0 
0.00117187 0.934766 0 -1 | 1.70487 | 0 
0.0480469 0.919141 0 -1 | 2.56493 | 0 
0.0324219 0.864453 0 -1 | 4.3703 | 0 
-0.00664063 0.903516 0 -1 | 2.60956 | 0 
-0.0417969 0.903516 0 -1 | 2.94543 | 0 
-0.0652344 0.887891 0 -1 | 4.00344 | 0 
-0.0691406 0.833203 0 -1 | 6.63747 | 0 
0.0597656 0.809766 0 -1 | 7.69107 | 0 
0.0714844 0.833203 0 -1 | 6.70076 | 0 
0.0949219 0.911328 0 -1 | 4.08077 | 0 
0.173047 0.844922 0 -1 | 10.4807 | 0 
0.266797 0.809766 0 -1 | 18.1153 | 0 
0.247266 0.926953 0 -1 | 11.786 | 0 
0.216016 1.02852 0 -1 | 9.14797 | 0 
0.153516 1.0207 0 -1 | 5.45466 | 0 
0.157422 0.977734 0 -1 | 5.58662 | 0 
0.122266 0.938672 0 -1 | 4.44033 | 0 
0.0832031 0.973828 0 -1 | 2.42832 | 0 
0.0753906 0.938672 0 -1 | 2.72367 | 0 
0.0597656 0.993359 0 -1 | 1.69836 | 0 
0.0832031 1.0207 0 -1 | 2.4714 | 0 
0.0597656 1.04414 0 -1 | 2.17526 | 0 
0.0910156 1.0793 0 -1 | 3.98249 | 0 
0.0519531 1.09102 0 -1 | 3.31467 | 0 
0.110547 1.17305 0 -1 | 9.05867 | 0 
0.161328 1.17305 0 -1 | 11.468 | 0 
0.212109 1.11055 0 -1 | 11.2393 | 0 
0.282422 1.16523 0 -1 | 18.3854 | 0 
0.216016 1.18867 0 -1 | 15.5843 | 0 
0.126172 1.23945 0 -1 | 13.8737 | 0 
0.0246094 1.25898 0 -1 | 12.2717 | 0 
-0.0730469 1.22773 0 -1 | 11.1556 | 0 
0.0402344 1.15352 0 -1 | 5.95483 | 0 
0.0441406 1.11055 0 -1 | 3.93672 | 0 
0.0207031 1.06367 0 -1 | 2.00845 | 0 
0.00898437 1.09492 0 -1 | 2.9438 | 0 
-0.0261719 1.06758 0 -1 | 2.1658 | 0 
-0.0652344 1.07539 0 -1 | 3.09264 | 0 
-0.0222656 1.15742 0 -1 | 5.94599 | 0 
-0.116016 1.14961 0 -1 | 7.98111 | 0 
-0.0808594 1.07539 0 -1 | 3.52968 | 0 
-0.151172 1.10273 0 -1 | 7.43526 | 0 
-0.186328 1.10664 0 -1 | 9.52916 | 0 
-0.0847656 1.29023 0 -1 | 15.5606 | 0 
-0.0925781 1.40352 0 -1 | 21.8436 | 0 
0.0246094 1.39961 0 -1 | 20.157 | 0 
-0.123828 1.47773 0 -1 | 24.9809 | 0 
-0.186328 1.79023 0 -1 | 16.8462 | 0 
-0.0574219 1.73945 0 -1 | 14.3375 | 0 
-0.0105469 1.65742 0 -1 | 18.2659 | 0 
0.0675781 1.5832 0 -1 | 22.0659 | 0 
0.0792969 1.69258 0 -1 | 17.6195 | 0 
0.270703 1.77852 0 -1 | 22.7539 | 0 
0.255078 1.43086 0 -1 | 31.5051 | 0 
0.258984 1.33711 0 -1 | 27.6257 | 0 
0.309766 1.50898 0 -1 | 36.0271 | 0 
0.512891 1.5832 0 -1 | 41.4036 | 0 
0.798047 1.56367 0 -1 | 29.3216 | 0 
0.669141 1.44258 0 -1 | 36.7522 | 0 
0.766797 1.31758 0 -1 | 25.3927 | 0 
0.716016 1.05586 0 -1 | 14.3587 | 0 
0.649609 1.18477 0 -1 | 23.7409 | 0 
0.395703 1.28633 0 -1 | 32.0051 | 0 
0.344922 1.06367 0 -1 | 17.6593 | 0 
0.516797 1.10273 0 -1 | 23.442 | 0 
0.442578 1.04023 0 -1 | 20.9545 | 0 
0.426953 0.852734 0 -1 | 23.8611 | 0 
0.673047 0.833203 0 -1 | 20.8057 | 0 
0.630078 0.997266 0 -1 | 18.2374 | 0 
0.708203 0.942578 0 -1 | 14.6324 | 0 
0.782422 1.04414 0 -1 | 10.064 | 0 
0.739453 0.903516 0 -1 | 13.8098 | 0 
0.762891 0.805859 0 -1 | 16.9867 | 0 
0.899609 0.844922 0 -1 | 7.8332 | 0 
0.923047 0.911328 0 -1 | 4.34365 | 0 
0.805859 0.907422 0 -1 | 9.68181 | 0 
0.825391 0.969922 0 -1 | 7.24081 | 0 
0.837109 1.0168 0 -1 | 6.58872 | 0 
0.911328 1.0168 0 -1 | 3.43484 | 0 
0.880078 0.973828 0 -1 | 4.56724 | 0 
0.907422 0.930859 0 -1 | 4.26591 | 0 
0.966016 0.930859 0 -1 | 2.95817 | 0 
0.950391 0.969922 0 -1 | 2.50642 | 0 
0.926953 1.04805 0 -1 | 3.44727 | 0 
0.958203 1.00898 0 -1 | 2.29749 | 0 
0.997266 1.04023 0 -1 | 2.39844 | 0 
1.03242 0.997266 0 -1 | 2.27119 | 0 
1.03242 0.966016 0 -1 | 2.43547 | 0 
0.989453 0.969922 0 -1 | 2.12226 | 0 
1.04414 0.954297 0 -1 | 2.79503 | 0 
1.0207 0.868359 0 -1 | 5.11291 | 0 
1.00508 0.919141 0 -1 | 3.12566 | 0 
0.942578 0.895703 0 -1 | 4.40851 | 0 
0.973828 0.872266 0 -1 | 4.89805 | 0 
0.989453 0.809766 0 -1 | 7.99164 | 0 
1.06367 0.829297 0 -1 | 7.83249 | 0 
1.05977 0.876172 0 -1 | 5.46716 | 0 
1.10273 0.872266 0 -1 | 7.04283 | 0 
1.17305 0.825391 0 -1 | 12.8491 | 0 
1.25898 0.833203 0 -1 | 17.8531 | 0 
1.18086 0.895703 0 -1 | 10.0618 | 0 
1.29414 0.985547 0 -1 | 15.4278 | 0 
1.2043 0.993359 0 -1 | 9.61599 | 0 
1.15352 0.950391 0 -1 | 7.02049 | 0 
1.09883 0.934766 0 -1 | 4.77879 | 0 
1.07148 1.00117 0 -1 | 3.14503 | 0 
1.09492 1.0207 0 -1 | 4.05411 | 0 
1.05195 1.0207 0 -1 | 2.7635 | 0 
1.10273 1.11055 0 -1 | 6.78066 | 0 
1.11445 1.17305 0 -1 | 10.4479 | 0 
1.25898 1.13008 0 -1 | 16.5869 | 0 
1.23945 1.2668 0 -1 | 23.5347 | 0 
1.10664 1.23164 0 -1 | 13.7551 | 0 
1.04023 1.27461 0 -1 | 14.5672 | 0 
0.938672 1.22773 0 -1 | 11.7298 | 0 
1.00508 1.1457 0 -1 | 6.2363 | 0 
1.04023 1.05977 0 -1 | 3.22236 | 0 
1.00508 1.0832 0 -1 | 3.52676 | 0 
0.981641 1.07539 0 -1 | 3.29015 | 0 
0.942578 1.1418 0 -1 | 6.55164 | 0 
0.911328 1.15352 0 -1 | 7.97819 | 0 
0.848828 1.10273 0 -1 | 8.13291 | 0 
0.821484 1.20039 0 -1 | 14.7095 | 0 
0.903516 1.28242 0 -1 | 16.2685 | 0 
0.919141 1.34883 0 -1 | 19.7479 | 0 
0.942578 1.37617 0 -1 | 20.5516 | 0 
0.864453 1.57148 0 -1 | 25.6402 | 0 
0.880078 1.74336 0 -1 | 16.9404 | 0 
1.00898 1.77461 0 -1 | 12.6456 | 0 
0.993359 1.55586 0 -1 | 22.809 | 0 
1.05586 1.64961 0 -1 | 20.3459 | 0 
1.24727 1.67695 0 -1 | 28.6288 | 0 
1.18477 1.52852 0 -1 | 29.5975 | 0 
1.5207 1.33711 0 -1 | 39.2225 | 0 
1.41133 1.7082 0 -1 | 35.9961 | 0 
1.7082 1.69648 0 -1 | 31.6941 | 0 
1.60273 1.37227 0 -1 | 39.3909 | 0 
1.58711 1.11836 0 -1 | 24.9515 | 0 
1.45039 1.28633 0 -1 | 35.5417 | 0 
1.48555 1.05195 0 -1 | 23.8028 | 0 
1.38398 1.02852 0 -1 | 20.5946 | 0 
1.44258 0.923047 0 -1 | 23.438 | 0 
1.60273 1.00508 0 -1 | 21.5745 | 0 
1.71602 0.833203 0 -1 | 20.7676 | 0 
1.57539 0.716016 0 -1 | 34.015 | 0 
1.79414 0.610547 0 -1 | 28.5394 | 0 
1.5207 0.508984 0 -1 | 42.4737 | 0 
1.38398 0.633984 0 -1 | 36.4395 | 0 
1.26289 0.622266 0 -1 | 29.9852 | 0 
1.17305 0.692578 0 -1 | 20.7395 | 0 
1.04414 0.688672 0 -1 | 15.7078 | 0 
0.848828 0.786328 0 -1 | 13.2604 | 0 
0.891797 0.649609 0 -1 | 19.3409 | 0 
0.946484 0.598828 0 -1 | 19.9502 | 0 
0.809766 0.548047 0 -1 | 26.8388 | 0 
0.997266 0.387891 0 -1 | 18.769 | 0 
1.16914 0.469922 0 -1 | 26.5474 | 0 
1.26289 0.391797 0 -1 | 30.3366 | 0 
1.17695 0.251172 0 -1 | 17.0942 | 0 
1.29414 0.169141 0 -1 | 19.5791 | 0 
1.23164 0.0753906 0 -1 | 11.4752 | 0 
1.12227 0.173047 0 -1 | 9.45152 | 0 
1.16914 0.0597656 0 -1 | 7.205 | 0 
1.10664 0.0871094 0 -1 | 4.85759 | 0 
1.05977 0.130078 0 -1 | 4.99746 | 0 
1.05586 0.184766 0 -1 | 7.77611 | 0 
1.1418 0.251172 0 -1 | 15.1561 | 0 
1.0168 0.294141 0 -1 | 13.9166 | 0 
0.977734 0.212109 0 -1 | 8.74284 | 0 
0.895703 0.274609 0 -1 | 14.4917 | 0 
0.844922 0.231641 0 -1 | 14.0023 | 0 
0.919141 0.130078 0 -1 | 5.28542 | 0 
0.825391 0.169141 0 -1 | 11.2858 | 0 
0.833203 0.110547 0 -1 | 8.03285 | 0 
0.880078 0.0988281 0 -1 | 5.36053 | 0 
0.895703 0.0636719 0 -1 | 3.66992 | 0 
0.973828 0.0714844 0 -1 | 2.08269 | 0 
0.942578 0.0910156 0 -1 | 3.13415 | 0 
0.954297 0.173047 0 -1 | 6.70371 | 0 
1.00898 0.145703 0 -1 | 4.96361 | 0 
1.03633 0.106641 0 -1 | 3.50927 | 0 
1.00898 0.0675781 0 -1 | 1.92903 | 0 
1.03242 0.0636719 0 -1 | 2.06886 | 0 
1.03633 0.0363281 0 -1 | 1.59655 | 0 
1.00508 0.0363281 0 -1 | 1.27847 | 0 
1.00508 0.00507812 0 -1 | 1.02289 | 0 
1.03242 0.00117187 0 -1 | 1.27545 | 0 
1.03633 -0.0222656 0 -1 | 1.43405 | 0 
1.04414 -0.0574219 0 -1 | 2.12199 | 0 
1.01289 -0.0574219 0 -1 | 1.70835 | 0 
0.997266 -0.0378906 0 -1 | 1.28201 | 0 
0.977734 -0.0144531 0 -1 | 1.09758 | 0 
0.985547 -0.0574219 0 -1 | 1.66213 | 0 
0.954297 -0.0613281 0 -1 | 2.0597 | 0 
0.934766 -0.0417969 0 -1 | 2.04921 | 0 
0.930859 0.00117187 0 -1 | 1.79814 | 0 
0.969922 -0.00273438 0 -1 | 1.12278 | 0 
0.966016 0.0324219 0 -1 | 1.37063 | 0 
0.942578 0.0441406 0 -1 | 1.91887 | 0 
0.923047 0.0402344 0 -1 | 2.32029 | 0 
0.887891 0.0167969 0 -1 | 3.22679 | 0 
0.825391 0.0128906 0 -1 | 6.15496 | 0 
0.801953 -0.0496094 0 -1 | 7.92332 | 0 
0.876172 -0.0457031 0 -1 | 4.05881 | 0 
0.919141 -0.0261719 0 -1 | 2.24598 | 0 
0.915234 -0.100391 0 -1 | 4.15961 | 0 
0.868359 -0.100391 0 -1 | 5.92094 | 0 
0.833203 -0.119922 0 -1 | 8.42515 | 0 
0.852734 -0.194141 0 -1 | 11.3132 | 0 
0.954297 -0.186328 0 -1 | 7.46263 | 0 
0.926953 -0.112109 0 -1 | 4.28923 | 0 
0.981641 -0.119922 0 -1 | 3.75391 | 0 
0.989453 -0.0964844 0 -1 | 2.79475 | 0 
1.02461 -0.108203 0 -1 | 3.40673 | 0 
0.997266 -0.158984 0 -1 | 5.61175 | 0 
1.07148 -0.143359 0 -1 | 5.95277 | 0 
1.14961 -0.166797 0 -1 | 10.4613 | 0 
1.16133 -0.0964844 0 -1 | 7.85484 | 0 
1.06758 -0.123828 0 -1 | 4.9226 | 0 
1.06758 -0.0535156 0 -1 | 2.59308 | 0 
1.11055 -0.0222656 0 -1 | 3.65082 | 0 
1.0793 0.0128906 0 -1 | 2.41607 | 0 
1.11055 0.0402344 0 -1 | 3.87209 | 0 
1.17305 0.0285156 0 -1 | 6.89053 | 0 
1.1418 -0.0613281 0 -1 | 5.7564 | 0 
1.19258 -0.0144531 0 -1 | 7.936 | 0 
1.21211 0.00507812 0 -1 | 9.11851 | 0 
1.27852 -0.123828 0 -1 | 16.3116 | 0 
1.48555 -0.151172 0 -1 | 26.3729 | 0 
1.40742 -0.0144531 0 -1 | 20.3801 | 0 
1.34492 0.298047 0 -1 | 30.4901 | 0 
1.46211 0.0949219 0 -1 | 23.5937 | 0 
1.65742 0.255078 0 -1 | 28.628 | 0 
1.73945 0.0832031 0 -1 | 15.033 | 0 
1.73555 0.0128906 0 -1 | 13.9544 | 0 
1.65352 -0.0222656 0 -1 | 18.5325 | 0 
1.66133 -0.170703 0 -1 | 23.3005 | 0 
1.79805 -0.201953 0 -1 | 17.3298 | 0 
1.68477 -0.373828 0 -1 | 33.9845 | 0 
1.67305 -0.237109 0 -1 | 26.6977 | 0 
1.54023 -0.408984 0 -1 | 40.6332 | 0 
1.50508 -0.655078 0 -1 | 38.3086 | 0 
1.75508 -0.698047 0 -1 | 26.4577 | 0 
1.63008 -0.772266 0 -1 | 28.7035 | 0 
1.73945 -0.897266 0 -1 | 16.5075 | 0 
1.75117 -1.02227 0 -1 | 14.1382 | 0 
1.72773 -1.11602 0 -1 | 18.1687 | 0 
1.59102 -1.1082 0 -1 | 24.3943 | 0 
1.5793 -0.994922 0 -1 | 22.2759 | 0 
1.4582 -1.08086 0 -1 | 24.2173 | 0 
1.31758 -1.09648 0 -1 | 18.8424 | 0 
1.30586 -0.975391 0 -1 | 16.2166 | 0 
1.42695 -0.869922 0 -1 | 24.9187 | 0 
1.29805 -0.717578 0 -1 | 27.1986 | 0 
1.10664 -0.752734 0 -1 | 13.784 | 0 
1.1457 -0.842578 0 -1 | 10.4366 | 0 
1.0832 -0.846484 0 -1 | 7.5303 | 0 
1.10273 -0.908984 0 -1 | 5.64787 | 0 
1.12227 -0.944141 0 -1 | 5.5715 | 0 
1.18477 -0.940234 0 -1 | 9.00204 | 0 
1.28633 -0.830859 0 -1 | 19.7455 | 0 
1.28242 -1.03398 0 -1 | 14.9664 | 0 
1.23555 -1.11211 0 -1 | 14.239 | 0 
1.16914 -1.18633 0 -1 | 14.0172 | 0 
1.05586 -1.13555 0 -1 | 6.42912 | 0 
1.07539 -1.08477 0 -1 | 4.82188 | 0 
1.08711 -1.02227 0 -1 | 3.78783 | 0 
1.16914 -1.06914 0 -1 | 8.57654 | 0 
1.13008 -0.994922 0 -1 | 5.43264 | 0 
1.11836 -0.975391 0 -1 | 4.96406 | 0 
1.05195 -1.01055 0 -1 | 2.68033 | 0 
1.03633 -0.963672 0 -1 | 2.52389 | 0 
1.0207 -1.01055 0 -1 | 2.17198 | 0 
1.00117 -0.967578 0 -1 | 2.1481 | 0 
0.958203 -0.979297 0 -1 | 2.30702 | 0 
0.930859 -0.994922 0 -1 | 2.79283 | 0 
0.981641 -1.02227 0 -1 | 2.17531 | 0 
0.950391 -1.0418 0 -1 | 2.81582 | 0 
0.985547 -1.05742 0 -1 | 2.77697 | 0 
1.00898 -1.02617 0 -1 | 2.22441 | 0 
1.02852 -1.0457 0 -1 | 2.7234 | 0 
1.0168 -1.08867 0 -1 | 3.78952 | 0 
1.0207 -1.13555 0 -1 | 5.83098 | 0 
0.950391 -1.19805 0 -1 | 9.61629 | 0 
0.872266 -1.10039 0 -1 | 6.94994 | 0 
0.856641 -1.18633 0 -1 | 12.0388 | 0 
0.805859 -1.05352 0 -1 | 8.88368 | 0 
0.883984 -1.06133 0 -1 | 5.18487 | 0 
0.876172 -0.994922 0 -1 | 4.6422 | 0 
0.852734 -0.955859 0 -1 | 6.00949 | 0 
0.813672 -0.944141 0 -1 | 8.27083 | 0 
0.825391 -0.873828 0 -1 | 9.86677 | 0 
0.880078 -0.858203 0 -1 | 7.93366 | 0 
0.887891 -0.893359 0 -1 | 6.13101 | 0 
0.934766 -0.908984 0 -1 | 4.12194 | 0 
0.977734 -0.920703 0 -1 | 3.11959 | 0 
1.04023 -0.944141 0 -1 | 2.90345 | 0 
1.0168 -0.912891 0 -1 | 3.38618 | 0 
1.04023 -0.873828 0 -1 | 5.14719 | 0 
0.958203 -0.881641 0 -1 | 4.68094 | 0 
0.962109 -0.783984 0 -1 | 9.70573 | 0 
1.02852 -0.705859 0 -1 | 14.4567 | 0 
0.911328 -0.737109 0 -1 | 13.6977 | 0 
0.899609 -0.658984 0 -1 | 18.5824 | 0 
0.934766 -0.451953 0 -1 | 21.4566 | 0 
1.06758 -0.608203 0 -1 | 20.1767 | 0 
1.25117 -0.573047 0 -1 | 30.9351 | 0 
1.06758 -0.412891 0 -1 | 20.7399 | 0 
1.21211 -0.315234 0 -1 | 23.1978 | 0 
1.16914 -0.260547 0 -1 | 17.2347 | 0 
1.0168 -0.252734 0 -1 | 11.3277 | 0 
0.993359 -0.330859 0 -1 | 15.9722 | 0 
0.891797 -0.334766 0 -1 | 18.211 | 0 
0.825391 -0.299609 0 -1 | 19.2786 | 0 
0.794141 -0.201953 0 -1 | 14.9627 | 0 
0.610547 -0.323047 0 -1 | 32.593 | 0 
0.755078 -0.334766 0 -1 | 25.4434 | 0 
0.665234 -0.479297 0 -1 | 35.668 | 0 
0.383984 -0.451953 0 -1 | 37.3607 | 0 
0.301953 -0.315234 0 -1 | 27.3847 | 0 
0.208203 -0.350391 0 -1 | 23.4702 | 0 
0.102734 -0.334766 0 -1 | 17.2149 | 0 
0.102734 -0.229297 0 -1 | 10.7805 | 0 
0.0246094 -0.287891 0 -1 | 12.5636 | 0 
-0.0574219 -0.244922 0 -1 | 10.3906 | 0 
-0.143359 -0.229297 0 -1 | 12.5683 | 0 
-0.112109 -0.303516 0 -1 | 15.7867 | 0 
-0.135547 -0.424609 0 -1 | 22.5128 | 0 
-0.0105469 -0.393359 0 -1 | 18.0172 | 0 
-0.0183594 -0.498828 0 -1 | 20.3179 | 0 
-0.108203 -0.533984 0 -1 | 22.2956 | 0 
-0.100391 -0.651172 0 -1 | 18.179 | 0 
0.0167969 -0.674609 0 -1 | 15.0753 | 0 
0.0949219 -0.631641 0 -1 | 18.9069 | 0 
0.137891 -0.549609 0 -1 | 23.3659 | 0 
0.294141 -0.698047 0 -1 | 26.521 | 0 
0.243359 -0.893359 0 -1 | 12.6047 | 0 
0.153516 -0.834766 0 -1 | 9.94744 | 0 
0.161328 -0.920703 0 -1 | 6.80433 | 0 
0.110547 -0.908984 0 -1 | 4.74887 | 0 
0.0675781 -0.877734 0 -1 | 4.47397 | 0 
0.0558594 -0.795703 0 -1 | 8.41608 | 0 
0.137891 -0.705859 0 -1 | 16.782 | 0 
0.0246094 -0.791797 0 -1 | 8.15326 | 0 
-0.0300781 -0.744922 0 -1 | 11.0554 | 0 
-0.166797 -0.701953 0 -1 | 18.5034 | 0 
-0.127734 -0.815234 0 -1 | 9.74989 | 0 
-0.123828 -0.854297 0 -1 | 7.53061 | 0 
-0.198047 -0.924609 0 -1 | 8.79108 | 0 
-0.108203 -0.912891 0 -1 | 4.53177 | 0 
-0.0925781 -0.936328 0 -1 | 3.32204 | 0 
-0.0496094 -0.944141 0 -1 | 1.98786 | 0 
-0.0261719 -0.908984 0 -1 | 2.55543 | 0 
-0.0691406 -0.873828 0 -1 | 4.68092 | 0 
-0.0417969 -0.858203 0 -1 | 4.79678 | 0 
0.0324219 -0.826953 0 -1 | 6.24528 | 0 
-0.00273438 -0.901172 0 -1 | 2.68286 | 0 
0.0167969 -0.940234 0 -1 | 1.63929 | 0 
0.0402344 -0.979297 0 -1 | 1.36547 | 0 
0.00898437 -0.959766 0 -1 | 1.2575 | 0 
0.00898437 -0.971484 0 -1 | 1.12237 | 0 
-0.0105469 -1.00273 0 -1 | 1.03151 | 0 
0.0207031 -0.983203 0 -1 | 1.10974 | 0 
0.0402344 -1.01836 0 -1 | 1.42548 | 0 
0.0363281 -1.04961 0 -1 | 1.84675 | 0 
0.0207031 -1.04961 0 -1 | 1.67097 | 0 
-0.00273438 -1.05352 0 -1 | 1.67389 | 0 
0.00117187 -1.01445 0 -1 | 1.07309 | 0 
-0.0417969 -1.03789 0 -1 | 1.70639 | 0 
-0.0574219 -1.06914 0 -1 | 2.72156 | 0 
-0.0730469 -0.998828 0 -1 | 2.04066 | 0 
-0.0378906 -1.00273 0 -1 | 1.29295 | 0 
-0.0417969 -0.979297 0 -1 | 1.39062 | 0 
-0.0378906 -0.963672 0 -1 | 1.47403 | 0 
-0.0691406 -0.959766 0 -1 | 2.17514 | 0 
-0.0925781 -1.01055 0 -1 | 2.69885 | 0 
-0.174609 -0.959766 0 -1 | 6.71022 | 0 
-0.162891 -1.02227 0 -1 | 5.96772 | 0 
-0.116016 -1.06133 0 -1 | 4.4169 | 0 
-0.104297 -1.03008 0 -1 | 3.32394 | 0 
-0.0808594 -1.07695 0 -1 | 3.57826 | 0 
-0.119922 -1.09648 0 -1 | 5.70809 | 0 
-0.166797 -1.11602 0 -1 | 8.82414 | 0 
-0.0769531 -1.15898 0 -1 | 7.08595 | 0 
-0.0144531 -1.15117 0 -1 | 5.55099 | 0 
-0.0378906 -1.09258 0 -1 | 3.12434 | 0 
-0.00664063 -1.13555 0 -1 | 4.71341 | 0 
0.00507812 -1.09258 0 -1 | 2.84596 | 0 
0.0207031 -1.13164 0 -1 | 4.59806 | 0 
-0.0105469 -1.15898 0 -1 | 5.95577 | 0 
0.0792969 -1.15508 0 -1 | 6.94196 | 0 
0.145703 -1.15508 0 -1 | 9.64706 | 0 
0.165234 -1.09648 0 -1 | 7.93632 | 0 
0.0636719 -1.13555 0 -1 | 5.49835 | 0 
0.0792969 -1.06523 0 -1 | 3.18756 | 0 
0.0910156 -1.02617 0 -1 | 2.7898 | 0 
0.0636719 -1.01445 0 -1 | 1.86651 | 0 
0.0558594 -0.987109 0 -1 | 1.62241 | 0 
0.110547 -0.991016 0 -1 | 3.32958 | 0 
0.122266 -0.975391 0 -1 | 3.89664 | 0 
0.161328 -0.983203 0 -1 | 5.76323 | 0 
0.161328 -1.05352 0 -1 | 6.41081 | 0 
0.184766 -1.03008 0 -1 | 7.29076 | 0 
0.212109 -0.998828 0 -1 | 8.68711 | 0 
0.290234 -1.10039 0 -1 | 15.723 | 0 
0.317578 -1.13164 0 -1 | 18.7336 | 0 
0.469922 -1.07305 0 -1 | 22.2316 | 0 
0.352734 -0.924609 0 -1 | 18.0989 | 0 
0.485547 -0.768359 0 -1 | 29.6364 | 0 
0.583203 -0.893359 0 -1 | 21.9671 | 0 
0.712109 -0.772266 0 -1 | 22.0699 | 0 
0.743359 -0.850391 0 -1 | 15.7977 | 0 
0.747266 -0.975391 0 -1 | 11.8034 | 0 
0.665234 -0.975391 0 -1 | 16.5935 | 0 
0.653516 -1.1043 0 -1 | 19.4182 | 0 
0.688672 -1.17461 0 -1 | 21.0534 | 0 
0.798047 -1.20195 0 -1 | 16.1376 | 0 
0.583203 -1.31523 0 -1 | 34.7218 | 0 
0.747266 -1.36211 0 -1 | 29.0638 | 0 
0.645703 -1.47539 0 -1 | 38.571 | 0 
0.383984 -1.45195 0 -1 | 39.2646 | 0 
0.305859 -1.31133 0 -1 | 29.0125 | 0 
0.223828 -1.3543 0 -1 | 26.3438 | 0 
0.0832031 -1.32695 0 -1 | 17.7548 | 0 
0.0949219 -1.22539 0 -1 | 11.6994 | 0 
0.0324219 -1.28008 0 -1 | 13.7276 | 0 
-0.0730469 -1.24102 0 -1 | 12.0186 | 0 
-0.116016 -1.31133 0 -1 | 18.0355 | 0 
-0.123828 -1.42852 0 -1 | 23.9437 | 0 
0.00507812 -1.38945 0 -1 | 19.6214 | 0 
-0.116016 -1.51445 0 -1 | 24.8096 | 0 
0.0167969 -1.65898 0 -1 | 18.2227 | 0 
0.130078 -1.55742 0 -1 | 24.9593 | 0 
0.270703 -1.69805 0 -1 | 27.4629 | 0 
0.266797 -1.9207 0 -1 | 16.0319 | 0 
0.196484 -1.83867 0 -1 | 14.8347 | 0 
0.133984 -1.88945 0 -1 | 9.24645 | 0 
0.0519531 -1.83086 0 -1 | 9.02053 | 0 
0.157422 -1.75273 0 -1 | 17.4332 | 0 
-0.00273438 -1.7332 0 -1 | 14.0614 | 0 
-0.0730469 -1.81914 0 -1 | 10.1431 | 0 
-0.155078 -1.7918 0 -1 | 15.0242 | 0 
-0.194141 -1.87773 0 -1 | 12.9364 | 0 
-0.119922 -1.90508 0 -1 | 8.07959 | 0 
-0.0457031 -1.86992 0 -1 | 7.06879 | 0 
0.0480469 -1.8543 0 -1 | 7.80135 | 0 
0.00898437 -1.9207 0 -1 | 4.92335 | 0 
-0.00273438 -1.95586 0 -1 | 4.21151 | 0 
0.0363281 -2.03789 0 -1 | 4.69825 | 0 
-0.0417969 -2.01445 0 -1 | 4.44634 | 0 
-0.0652344 -2.02617 0 -1 | 5.07534 | 0 
-0.0496094 -1.97539 0 -1 | 4.50832 | 0 
-0.131641 -2.00664 0 -1 | 7.28518 | 0 
-0.194141 -1.99492 0 -1 | 10.5869 | 0 
-0.119922 -2.01836 0 -1 | 6.86407 | 0 
-0.139453 -2.08477 0 -1 | 9.35261 | 0 
-0.143359 -2.19023 0 -1 | 14.9424 | 0 
-0.0574219 -2.1668 0 -1 | 10.3517 | 0 
0.0207031 -2.10039 0 -1 | 6.42334 | 0 
0.0128906 -2.17461 0 -1 | 10.2026 | 0 
0.0871094 -2.15117 0 -1 | 10.2803 | 0 
0.161328 -2.08086 0 -1 | 10.334 | 0 
0.0558594 -2.09648 0 -1 | 6.79246 | 0 
0.0714844 -2.02227 0 -1 | 5.1867 | 0 
0.0988281 -1.9832 0 -1 | 5.86777 | 0 
0.157422 -1.99883 0 -1 | 8.52854 | 0 
0.180859 -2.00664 0 -1 | 9.86165 | 0 
0.258984 -2.02227 0 -1 | 14.821 | 0 
0.356641 -2.14336 0 -1 | 24.7237 | 0 
0.473828 -2.01445 0 -1 | 24.1913 | 0 
0.333203 -1.89727 0 -1 | 20.7181 | 0 
0.462109 -1.7918 0 -1 | 30.5484 | 0 
0.575391 -1.91289 0 -1 | 24.3524 | 0 
0.727734 -1.78008 0 -1 | 23.2166 | 0 
0.758984 -1.88555 0 -1 | 16.0458 | 0 
0.758984 -1.95586 0 -1 | 14.2219 | 0 
0.645703 -1.95586 0 -1 | 20.7211 | 0 
0.645703 -2.08867 0 -1 | 22.3884 | 0 
0.801953 -2.19805 0 -1 | 19.0637 | 0 
0.856641 -2.05742 0 -1 | 9.40295 | 0 
0.864453 -1.96758 0 -1 | 8.24062 | 0 
0.887891 -2.01836 0 -1 | 7.31111 | 0 
0.950391 -2.06523 0 -1 | 6.48113 | 0 
0.942578 -1.98711 0 -1 | 5.51617 | 0 
1.01289 -1.98711 0 -1 | 5.04262 | 0 
1.02852 -2.03008 0 -1 | 5.51969 | 0 
1.02852 -2.08477 0 -1 | 6.95176 | 0 
0.973828 -2.15898 0 -1 | 10.3349 | 0 
1.09492 -2.19805 0 -1 | 14.5526 | 0 
1.19258 -2.18242 0 -1 | 18.5379 | 0 
1.19258 -2.07695 0 -1 | 13.3546 | 0 
1.2668 -2.03398 0 -1 | 17.0249 | 0 
1.18477 -1.99492 0 -1 | 11.406 | 0 
1.13789 -2.05352 0 -1 | 9.59843 | 0 
1.10664 -2.00664 0 -1 | 7.42451 | 0 
1.07148 -1.88164 0 -1 | 8.32312 | 0 
1.15742 -1.87773 0 -1 | 12.1822 | 0 
1.24727 -1.85039 0 -1 | 18.9126 | 0 
1.25898 -1.7293 0 -1 | 26.4394 | 0 
1.07539 -1.81914 0 -1 | 11.3605 | 0 
1.00508 -1.75664 0 -1 | 13.6864 | 0 
0.938672 -1.80352 0 -1 | 11.5701 | 0 
1.00117 -1.87383 0 -1 | 7.49754 | 0 
1.0168 -1.94805 0 -1 | 5.41497 | 0 
0.942578 -1.92852 0 -1 | 6.24578 | 0 
0.880078 -1.8543 0 -1 | 10.8283 | 0 
0.848828 -1.93633 0 -1 | 9.44388 | 0 
0.817578 -1.76445 0 -1 | 18.7577 | 0 
0.923047 -1.7293 0 -1 | 16.2885 | 0 
0.880078 -1.58477 0 -1 | 24.6104 | 0 
1.02461 -1.63555 0 -1 | 20.4339 | 0 
0.856641 -1.55352 0 -1 | 26.3795 | 0 
0.919141 -1.35039 0 -1 | 19.8316 | 0 
0.864453 -1.21758 0 -1 | 13.6219 | 0 
0.954297 -1.31914 0 -1 | 17.2717 | 0 
1.0168 -1.2332 0 -1 | 11.5594 | 0 
0.969922 -1.39727 0 -1 | 21.0616 | 0 
1.17305 -1.36211 0 -1 | 25.0608 | 0 
1.13008 -1.20586 0 -1 | 13.1538 | 0 
1.22383 -1.4207 0 -1 | 30.6659 | 0 
1.13789 -1.53398 0 -1 | 26.9475 | 0 
1.30195 -1.69805 0 -1 | 30.9942 | 0 
1.3293 -1.45977 0 -1 | 38.3614 | 0 
1.5793 -1.43633 0 -1 | 42.5543 | 0 
1.75898 -1.48711 0 -1 | 34.711 | 0 
1.79805 -1.70195 0 -1 | 26.1321 | 0 
1.55195 -1.70195 0 -1 | 37.7529 | 0 
1.54805 -1.95195 0 -1 | 26.2091 | 0 
1.39961 -2.06914 0 -1 | 25.2473 | 0 
1.55195 -2.19805 0 -1 | 33.5077 | 0 
1.67695 -2.07305 0 -1 | 22.5773 | 0 
1.79805 -2.07695 0 -1 | 15.7223 | 0 
1.73555 -2.13945 0 -1 | 22.0981 | 0 
-2.19805 -2.19805 1 -1 | | 0 
-2.13555 -2.19805 1 -1 | 19.603 | 0 
-2.13555 -2.13555 1 -1 | 15.9515 | 0 
-2.19805 -2.07305 1 -1 | 16.9622 | 0 
-2.07305 -2.07305 1 -1 | 10.6698 | 0 
-2.01445 -1.99883 1 -1 | 8.09981 | 0 
-1.95586 -2.06523 1 -1 | 9.30603 | 0 
-2.02617 -2.1082 1 -1 | 10.9132 | 0 
-1.94805 -2.19805 1 -1 | 15.9527 | 0 
-1.81523 -2.19805 1 -1 | 20.9398 | 0 
-1.80352 -2.06133 1 -1 | 14.9405 | 0 
-1.84648 -1.96758 1 -1 | 11.7949 | 0 
-1.91289 -2.01445 1 -1 | 9.22418 | 0 
-1.94805 -1.94805 1 -1 | 8.65092 | 0 
-1.89336 -1.82695 1 -1 | 14.4407 | 0 
-1.87383 -1.89727 1 -1 | 12.109 | 0 
-1.78789 -1.83867 1 -1 | 18.9363 | 0 
-1.74492 -1.70195 1 -1 | 29.2386 | 0 
-1.90508 -1.81133 1 -1 | 14.883 | 0 
-2.06914 -1.81914 1 -1 | 14.3156 | 0 
-1.96758 -1.87773 1 -1 | 10.4175 | 0 
-2.04961 -1.91289 1 -1 | 9.80773 | 0 
-2.09258 -1.87383 1 -1 | 12.5209 | 0 
-2.17461 -1.90508 1 -1 | 15.5279 | 0 
-2.19805 -1.69805 1 -1 | 27.7198 | 0 
-2.19023 -1.45977 1 -1 | 32.9477 | 0 
-2.06133 -1.31523 1 -1 | 20.7022 | 0 
-1.9793 -1.44414 1 -1 | 25.483 | 0 
-1.72148 -1.43242 1 -1 | 35.9145 | 0 
-1.69805 -1.69805 1 -1 | 32.185 | 0 
-1.68633 -1.4207 1 -1 | 37.5461 | 0 
-1.40508 -1.40117 1 -1 | 40.3493 | 0 
-1.22148 -1.53008 1 -1 | 31.878 | 0 
-1.40898 -1.59648 1 -1 | 41.1659 | 0 
-1.26836 -1.71758 1 -1 | 27.7379 | 0 
-1.45977 -1.74883 1 -1 | 34.9501 | 0 
-1.4793 -1.99102 1 -1 | 26.0889 | 0 
-1.62773 -2.12383 1 -1 | 26.9908 | 0 
-1.4207 -2.16289 1 -1 | 30.2817 | 0 
-1.28008 -2.0457 1 -1 | 18.1166 | 0 
-1.20977 -2.09258 1 -1 | 14.9909 | 0 
-1.19805 -2.19805 1 -1 | 19.8584 | 0 
-1.0418 -2.14336 1 -1 | 9.817 | 0 
-0.971484 -2.09648 1 -1 | 7.28608 | 0 
-1.03789 -2.1082 1 -1 | 8.03219 | 0 
-1.04961 -2.02227 1 -1 | 5.77582 | 0 
-0.955859 -2.0457 1 -1 | 5.89519 | 0 
-0.951953 -1.98711 1 -1 | 5.34483 | 0 
-1.03008 -2.01055 1 -1 | 5.30836 | 0 
-1.13164 -1.9793 1 -1 | 8.51775 | 0 
-1.15508 -2.05352 1 -1 | 10.4994 | 0 
-1.15898 -1.91289 1 -1 | 11.0562 | 0 
-1.15898 -1.81523 1 -1 | 15.2463 | 0 
-1.06133 -1.81523 1 -1 | 11.1748 | 0 
-1.0418 -1.74883 1 -1 | 14.5652 | 0 
-0.979297 -1.82305 1 -1 | 9.94179 | 0 
-1.07305 -1.8582 1 -1 | 9.3574 | 0 
-0.998828 -1.90117 1 -1 | 6.48415 | 0 
-0.924609 -1.93242 1 -1 | 6.58325 | 0 
-0.916797 -1.94414 1 -1 | 6.57048 | 0 
-0.830859 -1.83867 1 -1 | 13.9236 | 0 
-0.830859 -1.70977 1 -1 | 21.255 | 0 
-0.717578 -1.72148 1 -1 | 27.2886 | 0 
-0.787891 -1.90117 1 -1 | 13.7487 | 0 
-0.748828 -1.95586 1 -1 | 14.8469 | 0 
-0.787891 -2.06133 1 -1 | 13.2498 | 0 
-0.862109 -1.98711 1 -1 | 8.25382 | 0 
-0.928516 -1.96758 1 -1 | 5.93712 | 0 
-0.944141 -2.03008 1 -1 | 5.80529 | 0 
-0.826953 -2.1043 1 -1 | 12.5395 | 0 
-0.912891 -2.15117 1 -1 | 11.1086 | 0 
-0.701953 -2.1043 1 -1 | 19.9705 | 0 
-0.592578 -1.97539 1 -1 | 22.733 | 0 
-0.541797 -2.19414 1 -1 | 31.3318 | 0 
-0.248828 -2.10039 1 -1 | 16.3292 | 0 
-0.237109 -1.95195 1 -1 | 13.5145 | 0 
-0.428516 -2.03789 1 -1 | 23.6319 | 0 
-0.260547 -1.82695 1 -1 | 19.4239 | 0 
-0.393359 -1.75664 1 -1 | 30.6663 | 0 
-0.678516 -1.69023 1 -1 | 31.3318 | 0 
-0.412891 -1.64727 1 -1 | 37.4441 | 0 
-0.428516 -1.33086 1 -1 | 35.8328 | 0 
-0.526172 -1.2918 1 -1 | 34.4118 | 0 
-0.651172 -1.44805 1 -1 | 37.8159 | 0 
-0.764453 -1.29961 1 -1 | 24.4383 | 0 
-0.897266 -1.38555 1 -1 | 22.2656 | 0 
-0.780078 -1.4832 1 -1 | 30.8791 | 0 
-0.881641 -1.67461 1 -1 | 20.7885 | 0 
-1.05352 -1.47539 1 -1 | 23.7324 | 0 
-1.09258 -1.64727 1 -1 | 21.5728 | 0 
-1.1707 -1.4168 1 -1 | 27.2684 | 0 
-1.02227 -1.27227 1 -1 | 14.1608 | 0 
-1.11602 -1.20195 1 -1 | 12.2632 | 0 
-1.19805 -1.19805 1 -1 | 16.4623 | 0 
-1.1082 -1.08477 1 -1 | 6.01832 | 0 
-1.1082 -1.16289 1 -1 | 9.60478 | 0 
-1.0418 -1.15898 1 -1 | 7.36441 | 0 
-0.971484 -1.15898 1 -1 | 7.04007 | 0 
-0.979297 -1.11211 1 -1 | 4.66532 | 0 
-1.0418 -1.12773 1 -1 | 5.75644 | 0 
-1.06523 -1.01445 1 -1 | 3.03836 | 0 
-1.03789 -1.05352 1 -1 | 3.03418 | 0 
-0.955859 -1.06914 1 -1 | 3.37274 | 0 
-0.987109 -1.0418 1 -1 | 2.44037 | 0 
-0.959766 -1.01055 1 -1 | 2.28715 | 0 
-0.987109 -0.967578 1 -1 | 2.15515 | 0 
-1.01445 -0.991016 1 -1 | 2.07336 | 0 
-1.06133 -0.971484 1 -1 | 2.96856 | 0 
-1.13555 -0.955859 1 -1 | 6.00297 | 0 
-1.08867 -1.06914 1 -1 | 4.77444 | 0 
-1.15508 -1.06523 1 -1 | 7.68547 | 0 
-1.17852 -0.916797 1 -1 | 9.22808 | 0 
-1.08867 -0.920703 1 -1 | 4.76594 | 0 
-1.07695 -0.873828 1 -1 | 6.05591 | 0 
-1.16289 -0.811328 1 -1 | 13.0528 | 0 
-1.12773 -0.737109 1 -1 | 15.6806 | 0 
-1.06914 -0.807422 1 -1 | 9.19871 | 0 
-1.03008 -0.756641 1 -1 | 11.3995 | 0 
-0.971484 -0.811328 1 -1 | 8.00841 | 0 
-1.00273 -0.862109 1 -1 | 5.27939 | 0 
-1.06133 -0.877734 1 -1 | 5.44361 | 0 
-1.0457 -0.932422 1 -1 | 3.26538 | 0 
-1.02617 -0.940234 1 -1 | 2.7738 | 0 
-0.991016 -0.893359 1 -1 | 3.96318 | 0 
-0.936328 -0.920703 1 -1 | 3.73477 | 0 
-0.889453 -0.936328 1 -1 | 4.77929 | 0 
-0.842578 -0.838672 1 -1 | 10.6364 | 0 
-0.838672 -0.721484 1 -1 | 17.7234 | 0 
-0.709766 -0.713672 1 -1 | 25.782 | 0 
-0.815234 -0.889453 1 -1 | 9.79256 | 0 
-0.756641 -0.975391 1 -1 | 11.2311 | 0 
-0.787891 -1.04961 1 -1 | 9.85102 | 0 
-0.780078 -0.979297 1 -1 | 9.7784 | 0 
-0.858203 -0.998828 1 -1 | 5.4526 | 0 
-0.889453 -0.959766 1 -1 | 4.35193 | 0 
-0.924609 -0.991016 1 -1 | 2.95905 | 0 
-0.889453 -1.01445 1 -1 | 4.18326 | 0 
-0.924609 -1.03008 1 -1 | 3.20012 | 0 
-0.901172 -1.05352 1 -1 | 4.35379 | 0 
-0.885547 -1.03008 1 -1 | 4.50451 | 0 
-0.830859 -1.13555 1 -1 | 10.5327 | 0 
-0.920703 -1.15117 1 -1 | 7.5755 | 0 
-0.764453 -1.17852 1 -1 | 16.7294 | 0 
-0.709766 -1.1082 1 -1 | 16.4614 | 0 
-0.576953 -1.08086 1 -1 | 21.6229 | 0 
-0.600391 -0.967578 1 -1 | 19.5842 | 0 
-0.549609 -1.18633 1 -1 | 27.3378 | 0 
-0.354297 -1.1668 1 -1 | 22.5931 | 0 
-0.237109 -1.1043 1 -1 | 12.5431 | 0 
-0.272266 -1.05742 1 -1 | 13.2355 | 0 
-0.217578 -0.955859 1 -1 | 9.32508 | 0 
-0.440234 -1.03789 1 -1 | 20.8613 | 0 
-0.346484 -0.881641 1 -1 | 19.2402 | 0 
-0.252734 -0.838672 1 -1 | 15.6564 | 0 
-0.408984 -0.760547 1 -1 | 28.4974 | 0 
-0.518359 -0.834766 1 -1 | 25.8263 | 0 
-0.694141 -0.701953 1 -1 | 27.3909 | 0 
-0.420703 -0.674609 1 -1 | 33.9831 | 0 
-0.412891 -0.397266 1 -1 | 36.8605 | 0 
-0.565234 -0.201953 1 -1 | 26.5637 | 0 
-0.596484 -0.436328 1 -1 | 37.9796 | 0 
-0.725391 -0.311328 1 -1 | 25.9269 | 0 
-0.944141 -0.350391 1 -1 | 17.5265 | 0 
-0.815234 -0.467578 1 -1 | 26.6965 | 0 
-0.838672 -0.686328 1 -1 | 19.7865 | 0 
-1.04961 -0.455859 1 -1 | 21.4142 | 0 
-1.08086 -0.631641 1 -1 | 19.6053 | 0 
-1.17461 -0.389453 1 -1 | 24.6578 | 0 
-1.03789 -0.428516 1 -1 | 20.5561 | 0 
-1.03008 -0.291797 1 -1 | 13.9253 | 0 
-0.955859 -0.241016 1 -1 | 10.7947 | 0 
-1.10039 -0.201953 1 -1 | 10.2077 | 0 
-1.18633 -0.213672 1 -1 | 15.3005 | 0 
-1.30742 -0.420703 1 -1 | 34.2058 | 0 
-1.34258 -0.268359 1 -1 | 28.5249 | 0 
-1.51836 -0.385547 1 -1 | 39.9164 | 0 
-1.50273 -0.616016 1 -1 | 40.1 | 0 
-1.27227 -0.647266 1 -1 | 29.453 | 0 
-1.40508 -0.811328 1 -1 | 27.1524 | 0 
-1.20586 -0.838672 1 -1 | 14.1368 | 0 
-1.31523 -1.0457 1 -1 | 17.2228 | 0 
-1.32305 -1.17461 1 -1 | 23.0036 | 0 
-1.37383 -0.963672 1 -1 | 20.0993 | 0 
-1.56133 -1.1082 1 -1 | 25.161 | 0 
-1.63945 -0.979297 1 -1 | 20.137 | 0 
-1.5418 -0.877734 1 -1 | 25.6182 | 0 
-1.69023 -0.717578 1 -1 | 29.0674 | 0 
-1.92461 -0.741016 1 -1 | 15.9235 | 0 
-1.83086 -0.807422 1 -1 | 15.614 | 0 
-1.90117 -0.858203 1 -1 | 9.93589 | 0 
-1.74492 -0.834766 1 -1 | 18.9879 | 0 
-1.76836 -1.06523 1 -1 | 13.9441 | 0 
-1.78008 -1.1707 1 -1 | 17.8868 | 0 
-1.88555 -1.14727 1 -1 | 11.3367 | 0 
-1.90508 -1.08086 1 -1 | 7.79209 | 0 
-1.82695 -1.0457 1 -1 | 10.1968 | 0 
-1.91289 -0.959766 1 -1 | 6.36394 | 0 
-1.92461 -0.963672 1 -1 | 5.99826 | 0 
-2.00664 -0.998828 1 -1 | 5.03824 | 0 
-2.07305 -0.983203 1 -1 | 6.35975 | 0 
-2.04961 -1.03789 1 -1 | 6.04705 | 0 
-1.99102 -1.01445 1 -1 | 5.05539 | 0 
-1.99102 -1.07695 1 -1 | 6.29122 | 0 
-2.03008 -1.15898 1 -1 | 10.2355 | 0 
-2.06133 -1.08867 1 -1 | 7.68486 | 0 
-2.12383 -1.16289 1 -1 | 13.541 | 0 
-2.15898 -1.08086 1 -1 | 11.6855 | 0 
-2.08086 -1.0418 1 -1 | 7.02625 | 0 
-2.15508 -0.994922 1 -1 | 10.0275 | 0 
-2.1668 -0.830859 1 -1 | 15.5326 | 0 
-2.11602 -0.944141 1 -1 | 8.52479 | 0 
-2.01836 -0.920703 1 -1 | 6.20866 | 0 
-1.9832 -0.897266 1 -1 | 6.81082 | 0 
-2.06133 -0.826953 1 -1 | 11.0223 | 0 
-2.11211 -0.713672 1 -1 | 19.6182 | 0 
-2.13555 -0.686328 1 -1 | 22.3441 | 0 
-2.06914 -0.522266 1 -1 | 25.3903 | 0 
-1.92461 -0.658984 1 -1 | 20.6565 | 0 
-1.76445 -0.530078 1 -1 | 32.3144 | 0 
-1.88945 -0.405078 1 -1 | 24.3295 | 0 
-1.77617 -0.280078 1 -1 | 23.4798 | 0 
-1.86602 -0.256641 1 -1 | 17.3091 | 0 
-1.96367 -0.248828 1 -1 | 14.1087 | 0 
-1.96758 -0.354297 1 -1 | 20.3028 | 0 
-2.09258 -0.354297 1 -1 | 22.2481 | 0 
-2.19805 -0.198047 1 -1 | 18.4623 | 0 
-2.09648 -0.104297 1 -1 | 8.26455 | 0 
-2.12383 -0.178516 1 -1 | 13.0826 | 0 
-2.02227 -0.162891 1 -1 | 9.01475 | 0 
-1.9793 -0.143359 1 -1 | 7.81746 | 0 
-1.96758 -0.0808594 1 -1 | 5.35275 | 0 
-2.06523 -0.131641 1 -1 | 8.34587 | 0 
-2.03008 -0.0144531 1 -1 | 4.34568 | 0 
-1.99883 -0.0496094 1 -1 | 4.48493 | 0 
-1.95977 -0.0339844 1 -1 | 4.39179 | 0 
-2.00273 0.00507812 1 -1 | 4.02254 | 0 
-1.96367 0.0363281 1 -1 | 4.38108 | 0 
-2.03008 0.0285156 1 -1 | 4.46516 | 0 
-2.06133 -0.00273438 1 -1 | 4.98883 | 0 
-2.12383 -0.0105469 1 -1 | 7.41477 | 0 
-2.19023 -0.0339844 1 -1 | 11.3628 | 0 
-2.16289 0.0558594 1 -1 | 10.0918 | 0 
-2.15898 0.223828 1 -1 | 17.6672 | 0 
-2.03008 0.219922 1 -1 | 12.474 | 0 
-1.9793 0.274609 1 -1 | 15.6226 | 0 
-1.96367 0.114453 1 -1 | 6.60969 | 0 
-2.0418 0.173047 1 -1 | 9.89784 | 0 
-2.03008 0.0910156 1 -1 | 5.90363 | 0 
-2.00664 0.0636719 1 -1 | 4.834 | 0 
-1.97539 0.0558594 1 -1 | 4.63922 | 0 
-1.84258 0.0949219 1 -1 | 9.64121 | 0 
-1.88945 0.137891 1 -1 | 9.43506 | 0 
-1.9207 0.247266 1 -1 | 14.7992 | 0 
-1.83477 0.219922 1 -1 | 16.4634 | 0 
-1.71758 0.239453 1 -1 | 24.3733 | 0 
-1.81523 0.0714844 1 -1 | 10.312 | 0 
-1.73711 0.00117187 1 -1 | 13.8319 | 0 
-1.79961 -0.0417969 1 -1 | 10.5214 | 0 
-1.86992 0.0480469 1 -1 | 7.11425 | 0 
-1.89727 -0.00664063 1 -1 | 5.62537 | 0 
-1.88164 -0.0730469 1 -1 | 7.22594 | 0 
-1.82695 -0.0691406 1 -1 | 9.62751 | 0 
-1.88164 -0.0847656 1 -1 | 7.57799 | 0 
-1.8582 -0.194141 1 -1 | 13.7706 | 0 
-1.70977 -0.178516 1 -1 | 21.1193 | 0 
-1.55742 -0.0535156 1 -1 | 22.3496 | 0 
-1.4168 -0.174609 1 -1 | 26.1454 | 0 
-1.28789 -0.198047 1 -1 | 20.8546 | 0 
-1.27617 -0.0457031 1 -1 | 13.6822 | 0 
-1.34648 -0.00664063 1 -1 | 17.5245 | 0 
-1.43242 0.122266 1 -1 | 23.9923 | 0 
-1.2332 0.227734 1 -1 | 19.1298 | 0 
-1.56523 0.204297 1 -1 | 28.8361 | 0 
-1.67852 0.481641 1 -1 | 37.3299 | 0 
-1.31133 0.380078 1 -1 | 32.9208 | 0 
-1.44805 0.594922 1 -1 | 40.2013 | 0 
-1.24883 0.719922 1 -1 | 23.8879 | 0 
-1.51445 0.692578 1 -1 | 36.2672 | 0 
-1.6707 0.704297 1 -1 | 30.9034 | 0 
-1.70586 0.684766 1 -1 | 30.1069 | 0 
-1.93633 0.774609 1 -1 | 13.6039 | 0 
-1.9207 0.641797 1 -1 | 21.6086 | 0 
-1.70586 0.657422 1 -1 | 31.5795 | 0 
-1.84648 0.497266 1 -1 | 27.9626 | 0 
-2.02227 0.352734 1 -1 | 20.3327 | 0 
-2.11602 0.481641 1 -1 | 27.1893 | 0 
-2.0418 0.571484 1 -1 | 23.8516 | 0 
-2.02617 0.762891 1 -1 | 14.0182 | 0 
-2.15117 0.692578 1 -1 | 22.8242 | 0 
-2.09648 0.801953 1 -1 | 13.6187 | 0 
-2.15898 0.930859 1 -1 | 11.0495 | 0 
-2.14336 1.0168 1 -1 | 9.47831 | 0 
-2.1043 0.962109 1 -1 | 7.71223 | 0 
-2.08477 0.934766 1 -1 | 7.43844 | 0 
-2.0418 0.985547 1 -1 | 5.52931 | 0 
-2.03008 1.02461 1 -1 | 5.4734 | 0 
-2.01055 1.02852 1 -1 | 5.28717 | 0 
-1.95195 0.958203 1 -1 | 5.52837 | 0 
-1.96758 0.946484 1 -1 | 5.53898 | 0 
-1.99883 0.868359 1 -1 | 7.98467 | 0 
-2.05742 0.895703 1 -1 | 7.75554 | 0 
-2.01445 0.801953 1 -1 | 11.5407 | 0 
-1.89336 0.841016 1 -1 | 11.0471 | 0 
-1.82695 0.805859 1 -1 | 15.9051 | 0 
-1.77617 0.887891 1 -1 | 14.6911 | 0 
-1.72148 1.02461 1 -1 | 15.9198 | 0 
-1.87383 0.958203 1 -1 | 7.75844 | 0 
-1.90117 0.989453 1 -1 | 6.48719 | 0 
-1.92461 1.09102 1 -1 | 7.59163 | 0 
-1.88555 1.16914 1 -1 | 12.5386 | 0 
-1.84258 1.07148 1 -1 | 10.0457 | 0 
-1.78789 1.1457 1 -1 | 16.0618 | 0 
-1.72539 1.27852 1 -1 | 27.9388 | 0 
-1.8582 1.22383 1 -1 | 17.0318 | 0 
-2.06133 1.24727 1 -1 | 16.3712 | 0 
-1.99102 1.21211 1 -1 | 13.096 | 0 
-1.95586 1.10273 1 -1 | 7.44055 | 0 
-2.05352 1.05977 1 -1 | 6.60186 | 0 
-2.13555 1.16133 1 -1 | 14.0393 | 0 
-2.17852 1.2043 1 -1 | 19.027 | 0 
-2.14336 1.31367 1 -1 | 24.0093 | 0 
-2.03789 1.35273 1 -1 | 22.2859 | 0 
-2.07695 1.46602 1 -1 | 27.3871 | 0 
-2.16289 1.75508 1 -1 | 22.2403 | 0 
-2.04961 1.59102 1 -1 | 25.628 | 0 
-1.88555 1.7043 1 -1 | 21.7734 | 0 
-1.7293 1.47383 1 -1 | 36.3299 | 0 
-1.55352 1.33711 1 -1 | 38.8503 | 0 
-1.58867 1.7668 1 -1 | 33.0847 | 0 
-1.46367 1.57539 1 -1 | 43.2687 | 0 
-1.2918 1.72383 1 -1 | 28.8784 | 0 
-1.41289 1.35273 1 -1 | 38.3863 | 0 
-1.39727 1.16523 1 -1 | 26.2254 | 0 
-1.56914 1.21602 1 -1 | 30.8979 | 0 
-1.65117 1.1418 1 -1 | 23.5663 | 0 
-1.45586 0.985547 1 -1 | 22.7549 | 0 
-1.59648 0.915234 1 -1 | 22.9945 | 0 
-1.47539 0.864453 1 -1 | 26.2224 | 0 
-1.39727 1.02852 1 -1 | 21.1633 | 0 
-1.31523 0.993359 1 -1 | 16.7153 | 0 
-1.21758 0.923047 1 -1 | 11.4628 | 0 
-1.27617 0.809766 1 -1 | 20.2588 | 0 
-1.11992 0.833203 1 -1 | 9.66749 | 0 
-1.19023 0.887891 1 -1 | 10.9225 | 0 
-1.16289 1.04023 1 -1 | 7.5532 | 0 
-1.11602 1.0207 1 -1 | 4.91806 | 0 
-1.12383 0.973828 1 -1 | 5.22829 | 0 
-1.04961 0.926953 1 -1 | 3.4827 | 0 
-1.01445 0.981641 1 -1 | 2.1054 | 0 
-1.04961 0.989453 1 -1 | 2.58953 | 0 
-1.03789 1.0207 1 -1 | 2.4906 | 0 
-1.02617 0.993359 1 -1 | 2.1884 | 0 
-0.991016 1.04023 1 -1 | 2.40297 | 0 
-0.967578 1.01289 1 -1 | 2.20671 | 0 
-0.983203 0.985547 1 -1 | 2.03984 | 0 
-0.998828 0.926953 1 -1 | 2.89706 | 0 
-0.967578 0.911328 1 -1 | 3.49081 | 0 
-0.983203 0.864453 1 -1 | 5.1873 | 0 
-1.0457 0.903516 1 -1 | 4.10629 | 0 
-1.06914 0.837109 1 -1 | 7.57364 | 0 
-0.908984 0.801953 1 -1 | 9.85882 | 0 
-0.862109 0.868359 1 -1 | 8.25652 | 0 
-0.838672 0.821484 1 -1 | 11.7536 | 0 
-0.713672 0.860547 1 -1 | 17.117 | 0 
-0.783984 0.891797 1 -1 | 11.5192 | 0 
-0.729297 0.934766 1 -1 | 13.5361 | 0 
-0.776172 1.04023 1 -1 | 10.3703 | 0 
-0.846484 0.997266 1 -1 | 6.01982 | 0 
-0.866016 0.930859 1 -1 | 5.8895 | 0 
-0.905078 0.926953 1 -1 | 4.44474 | 0 
-0.924609 1.00508 1 -1 | 2.97628 | 0 
-0.897266 1.02461 1 -1 | 3.99122 | 0 
-0.936328 1.03633 1 -1 | 3.00469 | 0 
-0.908984 1.09883 1 -1 | 5.49653 | 0 
-0.905078 1.17305 1 -1 | 9.27774 | 0 
-0.877734 1.11055 1 -1 | 7.13404 | 0 
-0.756641 1.0793 1 -1 | 12.541 | 0 
-0.772266 1.2082 1 -1 | 18.0706 | 0 
-0.866016 1.2707 1 -1 | 17.006 | 0 
-0.951953 1.28242 1 -1 | 15.0311 | 0 
-1.01836 1.21992 1 -1 | 10.7181 | 0 
-0.963672 1.19648 1 -1 | 9.32513 | 0 
-0.971484 1.11836 1 -1 | 4.99973 | 0 
-0.963672 1.09492 1 -1 | 4.11833 | 0 
-0.994922 1.06367 1 -1 | 2.92099 | 0 
-1.02617 1.11055 1 -1 | 4.74306 | 0 
-1.0418 1.0793 1 -1 | 3.81382 | 0 
-1.01836 1.13398 1 -1 | 5.73359 | 0 
-1.11211 1.16523 1 -1 | 9.90185 | 0 
-1.10039 1.09102 1 -1 | 5.92154 | 0 
-1.19023 1.12227 1 -1 | 11.8221 | 0 
-1.1043 1.29023 1 -1 | 17.4618 | 0 
-1.08086 1.38398 1 -1 | 21.8105 | 0 
-1.0418 1.54805 1 -1 | 23.3774 | 0 
-1.14336 1.63398 1 -1 | 24.4328 | 0 
-1.12773 1.7082 1 -1 | 19.8423 | 0 
-0.979297 1.73164 1 -1 | 15.1981 | 0 
-0.967578 1.59492 1 -1 | 21.9653 | 0 
-0.920703 1.66914 1 -1 | 19.7192 | 0 
-0.787891 1.64961 1 -1 | 26.8864 | 0 
-0.916797 1.43477 1 -1 | 23.4114 | 0 
-0.647266 1.36055 1 -1 | 34.6917 | 0 
-0.639453 1.6457 1 -1 | 35.617 | 0 
-0.491016 1.63008 1 -1 | 39.7292 | 0 
-0.393359 1.78633 1 -1 | 28.9259 | 0 
-0.393359 1.4582 1 -1 | 39.7812 | 0 
-0.201953 1.34883 1 -1 | 24.71 | 0 
-0.225391 1.08711 1 -1 | 11.1583 | 0 
-0.326953 1.16523 1 -1 | 21.0408 | 0 
-0.416797 1.13398 1 -1 | 23.4681 | 0 
-0.530078 1.24336 1 -1 | 31.2368 | 0 
-0.639453 1.05195 1 -1 | 18.4493 | 0 
-0.533984 0.934766 1 -1 | 21.7651 | 0 
-0.651172 0.883984 1 -1 | 19.5698 | 0 
-0.330859 0.817578 1 -1 | 21.5281 | 0 
-0.420703 1.01289 1 -1 | 20.025 | 0 
-0.283984 0.985547 1 -1 | 13.2173 | 0 
-0.229297 0.895703 1 -1 | 11.6342 | 0 
-0.209766 0.852734 1 -1 | 12.259 | 0 
-0.436328 0.766797 1 -1 | 28.9403 | 0 
-0.291797 0.602734 1 -1 | 31.0375 | 0 
-0.393359 0.481641 1 -1 | 38.1632 | 0 
-0.616016 0.454297 1 -1 | 37.6401 | 0 
-0.600391 0.704297 1 -1 | 31.7695 | 0 
-0.815234 0.563672 1 -1 | 26.2127 | 0 
-0.928516 0.591016 1 -1 | 20.6172 | 0 
-0.850391 0.782422 1 -1 | 13.4196 | 0 
-1.0418 0.696484 1 -1 | 15.2178 | 0 
-1.19414 0.700391 1 -1 | 21.5502 | 0 
-1.18633 0.551953 1 -1 | 27.2942 | 0 
-0.959766 0.645703 1 -1 | 17.755 | 0 
-1.14336 0.450391 1 -1 | 24.823 | 0 
-0.951953 0.341016 1 -1 | 16.8918 | 0 
-0.850391 0.481641 1 -1 | 24.996 | 0 
-0.713672 0.321484 1 -1 | 27.2225 | 0 
-0.737109 0.102734 1 -1 | 13.3799 | 0 
-0.846484 0.145703 1 -1 | 8.95094 | 0 
-0.854297 0.0832031 1 -1 | 5.9833 | 0 
-0.905078 0.102734 1 -1 | 4.57316 | 0 
-0.940234 0.141797 1 -1 | 5.31913 | 0 
-0.932422 0.184766 1 -1 | 7.81155 | 0 
-0.842578 0.286328 1 -1 | 17.5654 | 0 
-1.02617 0.282422 1 -1 | 13.2958 | 0 
-1.18242 0.258984 1 -1 | 17.9148 | 0 
-1.11992 0.219922 1 -1 | 12.1359 | 0 
-1.19023 0.169141 1 -1 | 12.9179 | 0 
-1.13164 0.0636719 1 -1 | 5.30933 | 0 
-1.09258 0.0753906 1 -1 | 3.95014 | 0 
-1.04961 0.0636719 1 -1 | 2.38225 | 0 
-1.01836 0.0832031 1 -1 | 2.4511 | 0 
-1.06523 0.173047 1 -1 | 7.34908 | 0 
-0.994922 0.130078 1 -1 | 4.17499 | 0 
-0.975391 0.118359 1 -1 | 3.72984 | 0 
-0.994922 0.0988281 1 -1 | 2.8765 | 0 
-1.01055 0.0558594 1 -1 | 1.66089 | 0 
-0.963672 0.0363281 1 -1 | 1.45373 | 0 
-0.967578 0.0480469 1 -1 | 1.60252 | 0 
-1.01055 0.0207031 1 -1 | 1.13307 | 0 
-1.01055 0.00507812 1 -1 | 1.05327 | 0 
-0.967578 0.00117187 1 -1 | 1.14826 | 0 
-0.963672 -0.0105469 1 -1 | 1.2151 | 0 
-0.975391 -0.0417969 1 -1 | 1.4203 | 0 
-0.967578 -0.0652344 1 -1 | 1.98055 | 0 
-0.994922 -0.0652344 1 -1 | 1.83253 | 0 
-0.987109 -0.0417969 1 -1 | 1.35678 | 0 
-1.02617 -0.0183594 1 -1 | 1.25973 | 0 
-1.02227 -0.0457031 1 -1 | 1.5593 | 0 
-1.03789 -0.0496094 1 -1 | 1.84862 | 0 
-1.05742 -0.0183594 1 -1 | 1.83376 | 0 
-1.05352 0.0128906 1 -1 | 1.70785 | 0 
-1.02617 0.00507812 1 -1 | 1.19805 | 0 
-1.01836 0.0285156 1 -1 | 1.26941 | 0 
-1.04961 0.0324219 1 -1 | 1.79639 | 0 
-1.08086 0.0167969 1 -1 | 2.49225 | 0 
-1.12773 0.0167969 1 -1 | 4.38416 | 0 
-1.18633 0.00117187 1 -1 | 7.51789 | 0 
-1.17852 -0.0457031 1 -1 | 7.46347 | 0 
-1.11602 -0.0417969 1 -1 | 4.13634 | 0 
-1.09648 -0.135547 1 -1 | 6.42032 | 0 
-1.17852 -0.143359 1 -1 | 10.8623 | 0 
-1.05352 -0.190234 1 -1 | 8.04354 | 0 
-1.06133 -0.119922 1 -1 | 4.58603 | 0 
-1.01445 -0.0808594 1 -1 | 2.34493 | 0 
-0.994922 -0.116016 1 -1 | 3.55466 | 0 
-0.955859 -0.147266 1 -1 | 5.30652 | 0 
-0.936328 -0.190234 1 -1 | 8.03998 | 0 
-0.869922 -0.178516 1 -1 | 9.60974 | 0 
-0.869922 -0.135547 1 -1 | 7.35094 | 0 
-0.889453 -0.119922 1 -1 | 5.83428 | 0 
-0.889453 -0.0652344 1 -1 | 3.94551 | 0 
-0.940234 -0.0300781 1 -1 | 1.76482 | 0 
-0.928516 0.00507812 1 -1 | 1.86409 | 0 
-0.932422 0.0480469 1 -1 | 2.21694 | 0 
-0.897266 0.0441406 1 -1 | 3.20618 | 0 
-0.916797 -0.00664063 1 -1 | 2.18992 | 0 
-0.862109 0.0285156 1 -1 | 4.43333 | 0 
-0.826953 0.00117187 1 -1 | 6.04022 | 0 
-0.862109 -0.0496094 1 -1 | 4.75677 | 0 
-0.764453 -0.0144531 1 -1 | 9.72393 | 0 
-0.721484 0.00507812 1 -1 | 12.3128 | 0 
-0.764453 -0.0925781 1 -1 | 11.3357 | 0 
-0.651172 -0.100391 1 -1 | 18.1815 | 0 
-0.463672 -0.155078 1 -1 | 24.3679 | 0 
-0.471484 -0.0300781 1 -1 | 20.2462 | 0 
-0.584766 0.0636719 1 -1 | 19.7555 | 0 
-0.557422 0.266797 1 -1 | 30.7965 | 0 
-0.389453 0.0519531 1 -1 | 18.3706 | 0 
-0.319141 0.216016 1 -1 | 22.2433 | 0 
-0.264453 0.169141 1 -1 | 16.1456 | 0 
-0.256641 0.00898437 1 -1 | 10.504 | 0 
-0.334766 -0.0105469 1 -1 | 15.2169 | 0 
-0.334766 -0.112109 1 -1 | 17.5874 | 0 
-0.295703 -0.170703 1 -1 | 18.1751 | 0 
-0.198047 -0.198047 1 -1 | 13.6702 | 0 
-0.198047 -0.0964844 1 -1 | 8.62886 | 0 
-0.135547 -0.0808594 1 -1 | 4.70568 | 0 
-0.135547 -0.151172 1 -1 | 7.6408 | 0 
-0.0535156 -0.151172 1 -1 | 4.7726 | 0 
0.0441406 -0.198047 1 -1 | 7.22166 | 0 
0.0207031 -0.123828 1 -1 | 2.98231 | 0 
0.0207031 -0.0847656 1 -1 | 1.48219 | 0 
0.00117187 -0.0847656 1 -1 | 1.39755 | 0 
-0.0222656 -0.104297 1 -1 | 2.18552 | 0 
-0.0652344 -0.135547 1 -1 | 4.26864 | 0 
-0.0496094 -0.0613281 1 -1 | 1.22638 | 0 
-0.0730469 -0.0144531 1 -1 | 1.08664 | 0 
-0.0417969 -0.0300781 1 -1 | 0.528563 | 0 
-0.0222656 -0.0574219 1 -1 | 0.750318 | 0 
-0.00664063 -0.0730469 1 -1 | 1.05398 | 0 
0.0128906 -0.0691406 1 -1 | 0.9716 | 0 
0.0285156 -0.0574219 1 -1 | 0.813015 | 0 
0.0324219 -0.0144531 1 -1 | 0.254243 | 0 
-0.0105469 -0.0417969 1 -1 | 0.37167 | 0 
0.00507812 0.0128906 1 -1 | 0.0430641 | 0 
0.0246094 -0.0105469 1 -1 | 0.146973 | 0 
0.0363281 -0.00273438 1 -1 | 0.267179 | 0 
0.0441406 0.0246094 1 -1 | 0.509 | 0 
0.0128906 0.0324219 1 -1 | 0.245777 | 0 
-0.0261719 0.0402344 1 -1 | 0.460048 | 0 
-0.0261719 0.0167969 1 -1 | 0.196509 | 0 
-0.0417969 0.0167969 1 -1 | 0.405531 | 0 
-0.0613281 0.0128906 1 -1 | 0.774988 | 0 
-0.0613281 0.0480469 1 -1 | 1.19658 | 0 
-0.100391 0.0207031 1 -1 | 2.02427 | 0 
-0.123828 0.00898437 1 -1 | 2.9134 | 0 
-0.100391 -0.0144531 1 -1 | 1.98077 | 0 
-0.119922 -0.0574219 1 -1 | 3.37346 | 0 
-0.135547 -0.0144531 1 -1 | 3.47748 | 0 
-0.158984 -0.0535156 1 -1 | 5.18111 | 0 
-0.143359 0.00507812 1 -1 | 3.82047 | 0 
-0.194141 0.0714844 1 -1 | 7.6015 | 0 
-0.127734 0.0636719 1 -1 | 3.86646 | 0 
-0.119922 0.0949219 1 -1 | 4.46178 | 0 
-0.108203 0.173047 1 -1 | 7.62114 | 0 
-0.147266 0.208203 1 -1 | 11.458 | 0 
-0.100391 0.282422 1 -1 | 14.0422 | 0 
-0.00273438 0.286328 1 -1 | 12.3513 | 0 
0.0324219 0.149609 1 -1 | 4.33752 | 0 
-0.00273438 0.173047 1 -1 | 5.38753 | 0 
-0.0535156 0.118359 1 -1 | 3.22202 | 0 
-0.0261719 0.0910156 1 -1 | 1.73996 | 0 
-0.0457031 0.0753906 1 -1 | 1.52336 | 0 
-0.0535156 0.0636719 1 -1 | 1.36156 | 0 
-0.0144531 0.0792969 1 -1 | 1.26844 | 0 
-0.00664063 0.102734 1 -1 | 2.03631 | 0 
0.0363281 0.0871094 1 -1 | 1.73408 | 0 
0.0675781 0.0714844 1 -1 | 1.8945 | 0 
0.0910156 0.0910156 1 -1 | 3.20374 | 0 
0.0988281 0.0519531 1 -1 | 2.41231 | 0 
0.161328 0.106641 1 -1 | 6.91682 | 0 
0.153516 0.149609 1 -1 | 8.45553 | 0 
0.0753906 0.180859 1 -1 | 6.93562 | 0 
0.110547 0.243359 1 -1 | 11.9761 | 0 
0.157422 0.180859 1 -1 | 10.3593 | 0 
0.290234 0.200391 1 -1 | 19.5637 | 0 
0.278516 0.0558594 1 -1 | 12.4774 | 0 
0.251172 -0.0496094 1 -1 | 10.6261 | 0 
0.216016 0.0128906 1 -1 | 7.9655 | 0 
0.157422 -0.00664063 1 -1 | 4.5442 | 0 
0.130078 0.0207031 1 -1 | 3.26494 | 0 
0.0949219 0.0402344 1 -1 | 2.05991 | 0 
0.0558594 0.0207031 1 -1 | 0.702656 | 0 
0.0636719 0.00898437 1 -1 | 0.814696 | 0 
0.0871094 0.00507812 1 -1 | 1.4785 | 0 
0.0988281 -0.0183594 1 -1 | 1.94834 | 0 
0.0949219 -0.0144531 1 -1 | 1.78186 | 0 
0.0636719 -0.0378906 1 -1 | 1.08218 | 0 
0.0597656 -0.0652344 1 -1 | 1.53796 | 0 
0.0871094 -0.0457031 1 -1 | 1.88496 | 0 
0.122266 -0.0535156 1 -1 | 3.39132 | 0 
0.165234 -0.0261719 1 -1 | 5.09016 | 0 
0.145703 -0.112109 1 -1 | 6.32472 | 0 
0.0519531 -0.0886719 1 -1 | 2.05594 | 0 
0.0832031 -0.131641 1 -1 | 4.59495 | 0 
0.0949219 -0.151172 1 -1 | 5.94517 | 0 
0.153516 -0.147266 1 -1 | 8.33656 | 0 
0.192578 -0.131641 1 -1 | 9.7593 | 0 
0.360547 -0.147266 1 -1 | 20.5414 | 0 
0.434766 -0.0730469 1 -1 | 20.4059 | 0 
0.489453 -0.166797 1 -1 | 25.2575 | 0 
0.665234 -0.143359 1 -1 | 19.3356 | 0 
0.766797 -0.108203 1 -1 | 11.7747 | 0 
0.692578 -0.0691406 1 -1 | 14.9485 | 0 
0.751172 -0.0222656 1 -1 | 10.5938 | 0 
0.633984 -0.0339844 1 -1 | 17.2961 | 0 
0.598828 0.137891 1 -1 | 22.04 | 0 
0.778516 0.0871094 1 -1 | 10.2974 | 0 
0.755078 0.188672 1 -1 | 16.533 | 0 
0.645703 0.192578 1 -1 | 23.023 | 0 
0.497266 0.106641 1 -1 | 22.4242 | 0 
0.344922 0.462109 1 -1 | 35.6722 | 0 
0.626172 0.329297 1 -1 | 32.3031 | 0 
0.653516 0.673047 1 -1 | 31.2317 | 0 
0.430859 0.762891 1 -1 | 29.0347 | 0 
0.419141 0.583203 1 -1 | 37.9221 | 0 
0.251172 0.758984 1 -1 | 20.1536 | 0 
0.173047 0.676953 1 -1 | 20.2745 | 0 
0.239453 0.563672 1 -1 | 28.9282 | 0 
0.192578 0.380078 1 -1 | 23.9494 | 0 
0.157422 0.528516 1 -1 | 24.6547 | 0 
0.0167969 0.352734 1 -1 | 16.2013 | 0 
-0.112109 0.325391 1 -1 | 17.0652 | 0 
-0.119922 0.426953 1 -1 | 21.8737 | 0 
-0.158984 0.649609 1 -1 | 20.9379 | 0 
0.00507812 0.598828 1 -1 | 18.5019 | 0 
0.00117187 0.751172 1 -1 | 10.4959 | 0 
-0.151172 0.696484 1 -1 | 17.9943 | 0 
-0.178516 0.852734 1 -1 | 10.4061 | 0 
-0.131641 0.876172 1 -1 | 6.8971 | 0 
-0.186328 0.883984 1 -1 | 9.46763 | 0 
-0.182422 1.03633 1 -1 | 7.25201 | 0 
-0.123828 1.00898 1 -1 | 3.93137 | 0 
-0.104297 1.04414 1 -1 | 3.5597 | 0 
-0.0886719 0.993359 1 -1 | 2.52063 | 0 
-0.127734 0.930859 1 -1 | 4.86814 | 0 
-0.0730469 0.934766 1 -1 | 2.74733 | 0 
-0.0144531 0.946484 1 -1 | 1.50226 | 0 
-0.0457031 0.981641 1 -1 | 1.44665 | 0 
-0.0535156 1.00117 1 -1 | 1.57049 | 0 
-0.0535156 1.02461 1 -1 | 1.737 | 0 
-0.0339844 1.0168 1 -1 | 1.32278 | 0 
-0.00664063 0.989453 1 -1 | 1.01471 | 0 
0.00507812 1.0168 1 -1 | 1.09963 | 0 
0.0324219 1.03242 1 -1 | 1.4855 | 0 
0.0207031 0.997266 1 -1 | 1.08593 | 0 
0.0480469 0.966016 1 -1 | 1.61984 | 0 
0.0128906 0.985547 1 -1 | 1.05046 | 0 
0.00117187 0.934766 1 -1 | 1.70737 | 0 
0.0480469 0.919141 1 -1 | 2.56743 | 0 
0.0324219 0.864453 1 -1 | 4.3728 | 0 
-0.00664063 0.903516 1 -1 | 2.61206 | 0 
-0.0417969 0.903516 1 -1 | 2.94793 | 0 
-0.0652344 0.887891 1 -1 | 4.00594 | 0 
-0.0691406 0.833203 1 -1 | 6.63997 | 0 
0.0597656 0.809766 1 -1 | 7.69357 | 0 
0.0714844 0.833203 1 -1 | 6.70326 | 0 
0.0949219 0.911328 1 -1 | 4.08327 | 0 
0.173047 0.844922 1 -1 | 10.4832 | 0 
0.266797 0.809766 1 -1 | 18.1178 | 0 
0.247266 0.926953 1 -1 | 11.7885 | 0 
0.216016 1.02852 1 -1 | 9.15047 | 0 
0.153516 1.0207 1 -1 | 5.45716 | 0 
0.157422 0.977734 1 -1 | 5.58912 | 0 
0.122266 0.938672 1 -1 | 4.44283 | 0 
0.0832031 0.973828 1 -1 | 2.43082 | 0 
0.0753906 0.938672 1 -1 | 2.72617 | 0 
0.0597656 0.993359 1 -1 | 1.70086 | 0 
0.0832031 1.0207 1 -1 | 2.4739 | 0 
0.0597656 1.04414 1 -1 | 2.17776 | 0 
0.0910156 1.0793 1 -1 | 3.98499 | 0 
0.0519531 1.09102 1 -1 | 3.31717 | 0 
0.110547 1.17305 1 -1 | 9.06117 | 0 
0.161328 1.17305 1 -1 | 11.4705 | 0 
0.212109 1.11055 1 -1 | 11.2418 | 0 
0.282422 1.16523 1 -1 | 18.3879 | 0 
0.216016 1.18867 1 -1 | 15.5868 | 0 
0.126172 1.23945 1 -1 | 13.8762 | 0 
0.0246094 1.25898 1 -1 | 12.2742 | 0 
-0.0730469 1.22773 1 -1 | 11.1581 | 0 
0.0402344 1.15352 1 -1 | 5.95733 | 0 
0.0441406 1.11055 1 -1 | 3.93922 | 0 
0.0207031 1.06367 1 -1 | 2.01095 | 0 
0.00898437 1.09492 1 -1 | 2.9463 | 0 
-0.0261719 1.06758 1 -1 | 2.1683 | 0 
-0.0652344 1.07539 1 -1 | 3.09514 | 0 
-0.0222656 1.15742 1 -1 | 5.94849 | 0 
-0.116016 1.14961 1 -1 | 7.98361 | 0 
-0.0808594 1.07539 1 -1 | 3.53218 | 0 
-0.151172 1.10273 1 -1 | 7.43776 | 0 
-0.186328 1.10664 1 -1 | 9.53166 | 0 
-0.0847656 1.29023 1 -1 | 15.5631 | 0 
-0.0925781 1.40352 1 -1 | 21.8461 | 0 
0.0246094 1.39961 1 -1 | 20.1595 | 0 
-0.123828 1.47773 1 -1 | 24.9834 | 0 
-0.186328 1.79023 1 -1 | 16.8487 | 0 
-0.0574219 1.73945 1 -1 | 14.34 | 0 
-0.0105469 1.65742 1 -1 | 18.2684 | 0 
0.0675781 1.5832 1 -1 | 22.0684 | 0 
0.0792969 1.69258 1 -1 | 17.622 | 0 
0.270703 1.77852 1 -1 | 22.7564 | 0 
0.255078 1.43086 1 -1 | 31.5076 | 0 
0.258984 1.33711 1 -1 | 27.6282 | 0 
0.309766 1.50898 1 -1 | 36.0296 | 0 
0.512891 1.5832 1 -1 | 41.4061 | 0 
0.798047 1.56367 1 -1 | 29.3241 | 0 
0.669141 1.44258 1 -1 | 36.7547 | 0 
0.766797 1.31758 1 -1 | 25.3952 | 0 
0.716016 1.05586 1 -1 | 14.3612 | 0 
0.649609 1.18477 1 -1 | 23.7434 | 0 
0.395703 1.28633 1 -1 | 32.0076 | 0 
0.344922 1.06367 1 -1 | 17.6618 | 0 
0.516797 1.10273 1 -1 | 23.4445 | 0 
0.442578 1.04023 1 -1 | 20.957 | 0 
0.426953 0.852734 1 -1 | 23.8636 | 0 
0.673047 0.833203 1 -1 | 20.8082 | 0 
0.630078 0.997266 1 -1 | 18.2399 | 0 
0.708203 0.942578 1 -1 | 14.6349 | 0 
0.782422 1.04414 1 -1 | 10.0665 | 0 
0.739453 0.903516 1 -1 | 13.8123 | 0 
0.762891 0.805859 1 -1 | 16.9892 | 0 
0.899609 0.844922 1 -1 | 7.8357 | 0 
0.923047 0.911328 1 -1 | 4.34615 | 0 
0.805859 0.907422 1 -1 | 9.68431 | 0 
0.825391 0.969922 1 -1 | 7.24331 | 0 
0.837109 1.0168 1 -1 | 6.59122 | 0 
0.911328 1.0168 1 -1 | 3.43734 | 0 
0.880078 0.973828 1 -1 | 4.56974 | 0 
0.907422 0.930859 1 -1 | 4.26841 | 0 
0.966016 0.930859 1 -1 | 2.96067 | 0 
0.950391 0.969922 1 -1 | 2.50892 | 0 
0.926953 1.04805 1 -1 | 3.44977 | 0 
0.958203 1.00898 1 -1 | 2.29999 | 0 
0.997266 1.04023 1 -1 | 2.40094 | 0 
1.03242 0.997266 1 -1 | 2.27369 | 0 
1.03242 0.966016 1 -1 | 2.43797 | 0 
0.989453 0.969922 1 -1 | 2.12476 | 0 
1.04414 0.954297 1 -1 | 2.79753 | 0 
1.0207 0.868359 1 -1 | 5.11541 | 0 
1.00508 0.919141 1 -1 | 3.12816 | 0 
0.942578 0.895703 1 -1 | 4.41101 | 0 
0.973828 0.872266 1 -1 | 4.90055 | 0 
0.989453 0.809766 1 -1 | 7.99414 | 0 
1.06367 0.829297 1 -1 | 7.83499 | 0 
1.05977 0.876172 1 -1 | 5.46966 | 0 
1.10273 0.872266 1 -1 | 7.04533 | 0 
1.17305 0.825391 1 -1 | 12.8516 | 0 
1.25898 0.833203 1 -1 | 17.8556 | 0 
1.18086 0.895703 1 -1 | 10.0643 | 0 
1.29414 0.985547 1 -1 | 15.4303 | 0 
1.2043 0.993359 1 -1 | 9.61849 | 0 
1.15352 0.950391 1 -1 | 7.02299 | 0 
1.09883 0.934766 1 -1 | 4.78129 | 0 
1.07148 1.00117 1 -1 | 3.14753 | 0 
1.09492 1.0207 1 -1 | 4.05661 | 0 
1.05195 1.0207 1 -1 | 2.766 | 0 
1.10273 1.11055 1 -1 | 6.78316 | 0 
1.11445 1.17305 1 -1 | 10.4504 | 0 
1.25898 1.13008 1 -1 | 16.5894 | 0 
1.23945 1.2668 1 -1 | 23.5372 | 0 
1.10664 1.23164 1 -1 | 13.7576 | 0 
1.04023 1.27461 1 -1 | 14.5697 | 0 
0.938672 1.22773 1 -1 | 11.7323 | 0 
1.00508 1.1457 1 -1 | 6.2388 | 0 
1.04023 1.05977 1 -1 | 3.22486 | 0 
1.00508 1.0832 1 -1 | 3.52926 | 0 
0.981641 1.07539 1 -1 | 3.29265 | 0 
0.942578 1.1418 1 -1 | 6.55414 | 0 
0.911328 1.15352 1 -1 | 7.98069 | 0 
0.848828 1.10273 1 -1 | 8.13541 | 0 
0.821484 1.20039 1 -1 | 14.712 | 0 
0.903516 1.28242 1 -1 | 16.271 | 0 
0.919141 1.34883 1 -1 | 19.7504 | 0 
0.942578 1.37617 1 -1 | 20.5541 | 0 
0.864453 1.57148 1 -1 | 25.6427 | 0 
0.880078 1.74336 1 -1 | 16.9429 | 0 
1.00898 1.77461 1 -1 | 12.6481 | 0 
0.993359 1.55586 1 -1 | 22.8115 | 0 
1.05586 1.64961 1 -1 | 20.3484 | 0 
1.24727 1.67695 1 -1 | 28.6313 | 0 
1.18477 1.52852 1 -1 | 29.6 | 0 
1.5207 1.33711 1 -1 | 39.225 | 0 
1.41133 1.7082 1 -1 | 35.9986 | 0 
1.7082 1.69648 1 -1 | 31.6966 | 0 
1.60273 1.37227 1 -1 | 39.3934 | 0 
1.58711 1.11836 1 -1 | 24.954 | 0 
1.45039 1.28633 1 -1 | 35.5442 | 0 
1.48555 1.05195 1 -1 | 23.8053 | 0 
1.38398 1.02852 1 -1 | 20.5971 | 0 
1.44258 0.923047 1 -1 | 23.4405 | 0 
1.60273 1.00508 1 -1 | 21.577 | 0 
1.71602 0.833203 1 -1 | 20.7701 | 0 
1.57539 0.716016 1 -1 | 34.0175 | 0 
1.79414 0.610547 1 -1 | 28.5419 | 0 
1.5207 0.508984 1 -1 | 42.4762 | 0 
1.38398 0.633984 1 -1 | 36.442 | 0 
1.26289 0.622266 1 -1 | 29.9877 | 0 
1.17305 0.692578 1 -1 | 20.742 | 0 
1.04414 0.688672 1 -1 | 15.7103 | 0 
0.848828 0.786328 1 -1 | 13.2629 | 0 
0.891797 0.649609 1 -1 | 19.3434 | 0 
0.946484 0.598828 1 -1 | 19.9527 | 0 
0.809766 0.548047 1 -1 | 26.8413 | 0 
0.997266 0.387891 1 -1 | 18.7715 | 0 
1.16914 0.469922 1 -1 | 26.5499 | 0 
1.26289 0.391797 1 -1 | 30.3391 | 0 
1.17695 0.251172 1 -1 | 17.0967 | 0 
1.29414 0.169141 1 -1 | 19.5816 | 0 
1.23164 0.0753906 1 -1 | 11.4777 | 0 
1.12227 0.173047 1 -1 | 9.45402 | 0 
1.16914 0.0597656 1 -1 | 7.2075 | 0 
1.10664 0.0871094 1 -1 | 4.86009 | 0 
1.05977 0.130078 1 -1 | 4.99996 | 0 
1.05586 0.184766 1 -1 | 7.77861 | 0 
1.1418 0.251172 1 -1 | 15.1586 | 0 
1.0168 0.294141 1 -1 | 13.9191 | 0 
0.977734 0.212109 1 -1 | 8.74534 | 0 
0.895703 0.274609 1 -1 | 14.4942 | 0 
0.844922 0.231641 1 -1 | 14.0048 | 0 
0.919141 0.130078 1 -1 | 5.28792 | 0 
0.825391 0.169141 1 -1 | 11.2883 | 0 
0.833203 0.110547 1 -1 | 8.03535 | 0 
0.880078 0.0988281 1 -1 | 5.36303 | 0 
0.895703 0.0636719 1 -1 | 3.67242 | 0 
0.973828 0.0714844 1 -1 | 2.08519 | 0 
0.942578 0.0910156 1 -1 | 3.13665 | 0 
0.954297 0.173047 1 -1 | 6.70621 | 0 
1.00898 0.145703 1 -1 | 4.96611 | 0 
1.03633 0.106641 1 -1 | 3.51177 | 0 
1.00898 0.0675781 1 -1 | 1.93153 | 0 
1.03242 0.0636719 1 -1 | 2.07136 | 0 
1.03633 0.0363281 1 -1 | 1.59905 | 0 
1.00508 0.0363281 1 -1 | 1.28097 | 0 
1.00508 0.00507812 1 -1 | 1.02539 | 0 
1.03242 0.00117187 1 -1 | 1.27795 | 0 
1.03633 -0.0222656 1 -1 | 1.43655 | 0 
1.04414 -0.0574219 1 -1 | 2.12449 | 0 
1.01289 -0.0574219 1 -1 | 1.71085 | 0 
0.997266 -0.0378906 1 -1 | 1.28451 | 0 
0.977734 -0.0144531 1 -1 | 1.10008 | 0 
0.985547 -0.0574219 1 -1 | 1.66463 | 0 
0.954297 -0.0613281 1 -1 | 2.0622 | 0 
0.934766 -0.0417969 1 -1 | 2.05171 | 0 
0.930859 0.00117187 1 -1 | 1.80064 | 0 
0.969922 -0.00273438 1 -1 | 1.12528 | 0 
0.966016 0.0324219 1 -1 | 1.37313 | 0 
0.942578 0.0441406 1 -1 | 1.92137 | 0 
0.923047 0.0402344 1 -1 | 2.32279 | 0 
0.887891 0.0167969 1 -1 | 3.22929 | 0 
0.825391 0.0128906 1 -1 | 6.15746 | 0 
0.801953 -0.0496094 1 -1 | 7.92582 | 0 
0.876172 -0.0457031 1 -1 | 4.06131 | 0 
0.919141 -0.0261719 1 -1 | 2.24848 | 0 
0.915234 -0.100391 1 -1 | 4.16211 | 0 
0.868359 -0.100391 1 -1 | 5.92344 | 0 
0.833203 -0.119922 1 -1 | 8.42765 | 0 
0.852734 -0.194141 1 -1 | 11.3157 | 0 
0.954297 -0.186328 1 -1 | 7.46513 | 0 
0.926953 -0.112109 1 -1 | 4.29173 | 0 
0.981641 -0.119922 1 -1 | 3.75641 | 0 
0.989453 -0.0964844 1 -1 | 2.79725 | 0 
1.02461 -0.108203 1 -1 | 3.40923 | 0 
0.997266 -0.158984 1 -1 | 5.61425 | 0 
1.07148 -0.143359 1 -1 | 5.95527 | 0 
1.14961 -0.166797 1 -1 | 10.4638 | 0 
1.16133 -0.0964844 1 -1 | 7.85734 | 0 
1.06758 -0.123828 1 -1 | 4.9251 | 0 
1.06758 -0.0535156 1 -1 | 2.59558 | 0 
1.11055 -0.0222656 1 -1 | 3.65332 | 0 
1.0793 0.0128906 1 -1 | 2.41857 | 0 
1.11055 0.0402344 1 -1 | 3.87459 | 0 
1.17305 0.0285156 1 -1 | 6.89303 | 0 
1.1418 -0.0613281 1 -1 | 5.7589 | 0 
1.19258 -0.0144531 1 -1 | 7.9385 | 0 
1.21211 0.00507812 1 -1 | 9.12101 | 0 
1.27852 -0.123828 1 -1 | 16.3141 | 0 
1.48555 -0.151172 1 -1 | 26.3754 | 0 
1.40742 -0.0144531 1 -1 | 20.3826 | 0 
1.34492 0.298047 1 -1 | 30.4926 | 0 
1.46211 0.0949219 1 -1 | 23.5962 | 0 
1.65742 0.255078 1 -1 | 28.6305 | 0 
1.73945 0.0832031 1 -1 | 15.0355 | 0 
1.73555 0.0128906 1 -1 | 13.9569 | 0 
1.65352 -0.0222656 1 -1 | 18.535 | 0 
1.66133 -0.170703 1 -1 | 23.303 | 0 
1.79805 -0.201953 1 -1 | 17.3323 | 0 
1.68477 -0.373828 1 -1 | 33.987 | 0 
1.67305 -0.237109 1 -1 | 26.7002 | 0 
1.54023 -0.408984 1 -1 | 40.6357 | 0 
1.50508 -0.655078 1 -1 | 38.3111 | 0 
1.75508 -0.698047 1 -1 | 26.4602 | 0 
1.63008 -0.772266 1 -1 | 28.706 | 0 
1.73945 -0.897266 1 -1 | 16.51 | 0 
1.75117 -1.02227 1 -1 | 14.1407 | 0 
1.72773 -1.11602 1 -1 | 18.1712 | 0 
1.59102 -1.1082 1 -1 | 24.3968 | 0 
1.5793 -0.994922 1 -1 | 22.2784 | 0 
1.4582 -1.08086 1 -1 | 24.2198 | 0 
1.31758 -1.09648 1 -1 | 18.8449 | 0 
1.30586 -0.975391 1 -1 | 16.2191 | 0 
1.42695 -0.869922 1 -1 | 24.9212 | 0 
1.29805 -0.717578 1 -1 | 27.2011 | 0 
1.10664 -0.752734 1 -1 | 13.7865 | 0 
1.1457 -0.842578 1 -1 | 10.4391 | 0 
1.0832 -0.846484 1 -1 | 7.5328 | 0 
1.10273 -0.908984 1 -1 | 5.65037 | 0 
1.12227 -0.944141 1 -1 | 5.574 | 0 
1.18477 -0.940234 1 -1 | 9.00454 | 0 
1.28633 -0.830859 1 -1 | 19.748 | 0 
1.28242 -1.03398 1 -1 | 14.9689 | 0 
1.23555 -1.11211 1 -1 | 14.2415 | 0 
1.16914 -1.18633 1 -1 | 14.0197 | 0 
1.05586 -1.13555 1 -1 | 6.43162 | 0 
1.07539 -1.08477 1 -1 | 4.82438 | 0 
1.08711 -1.02227 1 -1 | 3.79033 | 0 
1.16914 -1.06914 1 -1 | 8.57904 | 0 
1.13008 -0.994922 1 -1 | 5.43514 | 0 
1.11836 -0.975391 1 -1 | 4.96656 | 0 
1.05195 -1.01055 1 -1 | 2.68283 | 0 
1.03633 -0.963672 1 -1 | 2.52639 | 0 
1.0207 -1.01055 1 -1 | 2.17448 | 0 
1.00117 -0.967578 1 -1 | 2.1506 | 0 
0.958203 -0.979297 1 -1 | 2.30952 | 0 
0.930859 -0.994922 1 -1 | 2.79533 | 0 
0.981641 -1.02227 1 -1 | 2.17781 | 0 
0.950391 -1.0418 1 -1 | 2.81832 | 0 
0.985547 -1.05742 1 -1 | 2.77947 | 0 
1.00898 -1.02617 1 -1 | 2.22691 | 0 
1.02852 -1.0457 1 -1 | 2.7259 | 0 
1.0168 -1.08867 1 -1 | 3.79202 | 0 
1.0207 -1.13555 1 -1 | 5.83348 | 0 
0.950391 -1.19805 1 -1 | 9.61879 | 0 
0.872266 -1.10039 1 -1 | 6.95244 | 0 
0.856641 -1.18633 1 -1 | 12.0413 | 0 
0.805859 -1.05352 1 -1 | 8.88618 | 0 
0.883984 -1.06133 1 -1 | 5.18737 | 0 
0.876172 -0.994922 1 -1 | 4.6447 | 0 
0.852734 -0.955859 1 -1 | 6.01199 | 0 
0.813672 -0.944141 1 -1 | 8.27333 | 0 
0.825391 -0.873828 1 -1 | 9.86927 | 0 
0.880078 -0.858203 1 -1 | 7.93616 | 0 
0.887891 -0.893359 1 -1 | 6.13351 | 0 
0.934766 -0.908984 1 -1 | 4.12444 | 0 
0.977734 -0.920703 1 -1 | 3.12209 | 0 
1.04023 -0.944141 1 -1 | 2.90595 | 0 
1.0168 -0.912891 1 -1 | 3.38868 | 0 
1.04023 -0.873828 1 -1 | 5.14969 | 0 
0.958203 -0.881641 1 -1 | 4.68344 | 0 
0.962109 -0.783984 1 -1 | 9.70823 | 0 
1.02852 -0.705859 1 -1 | 14.4592 | 0 
0.911328 -0.737109 1 -1 | 13.7002 | 0 
0.899609 -0.658984 1 -1 | 18.5849 | 0 
0.934766 -0.451953 1 -1 | 21.4591 | 0 
1.06758 -0.608203 1 -1 | 20.1792 | 0 
1.25117 -0.573047 1 -1 | 30.9376 | 0 
1.06758 -0.412891 1 -1 | 20.7424 | 0 
1.21211 -0.315234 1 -1 | 23.2003 | 0 
1.16914 -0.260547 1 -1 | 17.2372 | 0 
1.0168 -0.252734 1 -1 | 11.3302 | 0 
0.993359 -0.330859 1 -1 | 15.9747 | 0 
0.891797 -0.334766 1 -1 | 18.2135 | 0 
0.825391 -0.299609 1 -1 | 19.2811 | 0 
0.794141 -0.201953 1 -1 | 14.9652 | 0 
0.610547 -0.323047 1 -1 | 32.5955 | 0 
0.755078 -0.334766 1 -1 | 25.4459 | 0 
0.665234 -0.479297 1 -1 | 35.6705 | 0 
0.383984 -0.451953 1 -1 | 37.3632 | 0 
0.301953 -0.315234 1 -1 | 27.3872 | 0 
0.208203 -0.350391 1 -1 | 23.4727 | 0 
0.102734 -0.334766 1 -1 | 17.2174 | 0 
0.102734 -0.229297 1 -1 | 10.783 | 0 
0.0246094 -0.287891 1 -1 | 12.5661 | 0 
-0.0574219 -0.244922 1 -1 | 10.3931 | 0 
-0.143359 -0.229297 1 -1 | 12.5708 | 0 
-0.112109 -0.303516 1 -1 | 15.7892 | 0 
-0.135547 -0.424609 1 -1 | 22.5153 | 0 
-0.0105469 -0.393359 1 -1 | 18.0197 | 0 
-0.0183594 -0.498828 1 -1 | 20.3204 | 0 
-0.108203 -0.533984 1 -1 | 22.2981 | 0 
-0.100391 -0.651172 1 -1 | 18.1815 | 0 
0.0167969 -0.674609 1 -1 | 15.0778 | 0 
0.0949219 -0.631641 1 -1 | 18.9094 | 0 
0.137891 -0.549609 1 -1 | 23.3684 | 0 
0.294141 -0.698047 1 -1 | 26.5235 | 0 
0.243359 -0.893359 1 -1 | 12.6072 | 0 
0.153516 -0.834766 1 -1 | 9.94994 | 0 
0.161328 -0.920703 1 -1 | 6.80683 | 0 
0.110547 -0.908984 1 -1 | 4.75137 | 0 
0.0675781 -0.877734 1 -1 | 4.47647 | 0 
0.0558594 -0.795703 1 -1 | 8.41858 | 0 
0.137891 -0.705859 1 -1 | 16.7845 | 0 
0.0246094 -0.791797 1 -1 | 8.15576 | 0 
-0.0300781 -0.744922 1 -1 | 11.0579 | 0 
-0.166797 -0.701953 1 -1 | 18.5059 | 0 
-0.127734 -0.815234 1 -1 | 9.75239 | 0 
-0.123828 -0.854297 1 -1 | 7.53311 | 0 
-0.198047 -0.924609 1 -1 | 8.79358 | 0 
-0.108203 -0.912891 1 -1 | 4.53427 | 0 
-0.0925781 -0.936328 1 -1 | 3.32454 | 0 
-0.0496094 -0.944141 1 -1 | 1.99036 | 0 
-0.0261719 -0.908984 1 -1 | 2.55793 | 0 
-0.0691406 -0.873828 1 -1 | 4.68342 | 0 
-0.0417969 -0.858203 1 -1 | 4.79928 | 0 
0.0324219 -0.826953 1 -1 | 6.24778 | 0 
-0.00273438 -0.901172 1 -1 | 2.68536 | 0 
0.0167969 -0.940234 1 -1 | 1.64179 | 0 
0.0402344 -0.979297 1 -1 | 1.36797 | 0 
0.00898437 -0.959766 1 -1 | 1.26 | 0 
0.00898437 -0.971484 1 -1 | 1.12487 | 0 
-0.0105469 -1.00273 1 -1 | 1.03401 | 0 
0.0207031 -0.983203 1 -1 | 1.11224 | 0 
0.0402344 -1.01836 1 -1 | 1.42798 | 0 
0.0363281 -1.04961 1 -1 | 1.84925 | 0 
0.0207031 -1.04961 1 -1 | 1.67347 | 0 
-0.00273438 -1.05352 1 -1 | 1.67639 | 0 
0.00117187 -1.01445 1 -1 | 1.07559 | 0 
-0.0417969 -1.03789 1 -1 | 1.70889 | 0 
-0.0574219 -1.06914 1 -1 | 2.72406 | 0 
-0.0730469 -0.998828 1 -1 | 2.04316 | 0 
-0.0378906 -1.00273 1 -1 | 1.29545 | 0 
-0.0417969 -0.979297 1 -1 | 1.39312 | 0 
-0.0378906 -0.963672 1 -1 | 1.47653 | 0 
-0.0691406 -0.959766 1 -1 | 2.17764 | 0 
-0.0925781 -1.01055 1 -1 | 2.70135 | 0 
-0.174609 -0.959766 1 -1 | 6.71272 | 0 
-0.162891 -1.02227 1 -1 | 5.97022 | 0 
-0.116016 -1.06133 1 -1 | 4.4194 | 0 
-0.104297 -1.03008 1 -1 | 3.32644 | 0 
-0.0808594 -1.07695 1 -1 | 3.58076 | 0 
-0.119922 -1.09648 1 -1 | 5.71059 | 0 
-0.166797 -1.11602 1 -1 | 8.82664 | 0 
-0.0769531 -1.15898 1 -1 | 7.08845 | 0 
-0.0144531 -1.15117 1 -1 | 5.55349 | 0 
-0.0378906 -1.09258 1 -1 | 3.12684 | 0 
-0.00664063 -1.13555 1 -1 | 4.71591 | 0 
0.00507812 -1.09258 1 -1 | 2.84846 | 0 
0.0207031 -1.13164 1 -1 | 4.60056 | 0 
-0.0105469 -1.15898 1 -1 | 5.95827 | 0 
0.0792969 -1.15508 1 -1 | 6.94446 | 0 
0.145703 -1.15508 1 -1 | 9.64956 | 0 
0.165234 -1.09648 1 -1 | 7.93882 | 0 
0.0636719 -1.13555 1 -1 | 5.50085 | 0 
0.0792969 -1.06523 1 -1 | 3.19006 | 0 
0.0910156 -1.02617 1 -1 | 2.7923 | 0 
0.0636719 -1.01445 1 -1 | 1.86901 | 0 
0.0558594 -0.987109 1 -1 | 1.62491 | 0 
0.110547 -0.991016 1 -1 | 3.33208 | 0 
0.122266 -0.975391 1 -1 | 3.89914 | 0 
0.161328 -0.983203 1 -1 | 5.76573 | 0 
0.161328 -1.05352 1 -1 | 6.41331 | 0 
0.184766 -1.03008 1 -1 | 7.29326 | 0 
0.212109 -0.998828 1 -1 | 8.68961 | 0 
0.290234 -1.10039 1 -1 | 15.7255 | 0 
0.317578 -1.13164 1 -1 | 18.7361 | 0 
0.469922 -1.07305 1 -1 | 22.2341 | 0 
0.352734 -0.924609 1 -1 | 18.1014 | 0 
0.485547 -0.768359 1 -1 | 29.6389 | 0 
0.583203 -0.893359 1 -1 | 21.9696 | 0 
0.712109 -0.772266 1 -1 | 22.0724 | 0 
0.743359 -0.850391 1 -1 | 15.8002 | 0 
0.747266 -0.975391 1 -1 | 11.8059 | 0 
0.665234 -0.975391 1 -1 | 16.596 | 0 
0.653516 -1.1043 1 -1 | 19.4207 | 0 
0.688672 -1.17461 1 -1 | 21.0559 | 0 
0.798047 -1.20195 1 -1 | 16.1401 | 0 
0.583203 -1.31523 1 -1 | 34.7243 | 0 
0.747266 -1.36211 1 -1 | 29.0663 | 0 
0.645703 -1.47539 1 -1 | 38.5735 | 0 
0.383984 -1.45195 1 -1 | 39.2671 | 0 
0.305859 -1.31133 1 -1 | 29.015 | 0 
0.223828 -1.3543 1 -1 | 26.3463 | 0 
0.0832031 -1.32695 1 -1 | 17.7573 | 0 
0.0949219 -1.22539 1 -1 | 11.7019 | 0 
0.0324219 -1.28008 1 -1 | 13.7301 | 0 
-0.0730469 -1.24102 1 -1 | 12.0211 | 0 
-0.116016 -1.31133 1 -1 | 18.038 | 0 
-0.123828 -1.42852 1 -1 | 23.9462 | 0 
0.00507812 -1.38945 1 -1 | 19.6239 | 0 
-0.116016 -1.51445 1 -1 | 24.8121 | 0 
0.0167969 -1.65898 1 -1 | 18.2252 | 0 
0.130078 -1.55742 1 -1 | 24.9618 | 0 
0.270703 -1.69805 1 -1 | 27.4654 | 0 
0.266797 -1.9207 1 -1 | 16.0344 | 0 
0.196484 -1.83867 1 -1 | 14.8372 | 0 
0.133984 -1.88945 1 -1 | 9.24895 | 0 
0.0519531 -1.83086 1 -1 | 9.02303 | 0 
0.157422 -1.75273 1 -1 | 17.4357 | 0 
-0.00273438 -1.7332 1 -1 | 14.0639 | 0 
-0.0730469 -1.81914 1 -1 | 10.1456 | 0 
-0.155078 -1.7918 1 -1 | 15.0267 | 0 
-0.194141 -1.87773 1 -1 | 12.9389 | 0 
-0.119922 -1.90508 1 -1 | 8.08209 | 0 
-0.0457031 -1.86992 1 -1 | 7.07129 | 0 
0.0480469 -1.8543 1 -1 | 7.80385 | 0 
0.00898437 -1.9207 1 -1 | 4.92585 | 0 
-0.00273438 -1.95586 1 -1 | 4.21401 | 0 
0.0363281 -2.03789 1 -1 | 4.70075 | 0 
-0.0417969 -2.01445 1 -1 | 4.44884 | 0 
-0.0652344 -2.02617 1 -1 | 5.07784 | 0 
-0.0496094 -1.97539 1 -1 | 4.51082 | 0 
-0.131641 -2.00664 1 -1 | 7.28768 | 0 
-0.194141 -1.99492 1 -1 | 10.5894 | 0 
-0.119922 -2.01836 1 -1 | 6.86657 | 0 
-0.139453 -2.08477 1 -1 | 9.35511 | 0 
-0.143359 -2.19023 1 -1 | 14.9449 | 0 
-0.0574219 -2.1668 1 -1 | 10.3542 | 0 
0.0207031 -2.10039 1 -1 | 6.42584 | 0 
0.0128906 -2.17461 1 -1 | 10.2051 | 0 
0.0871094 -2.15117 1 -1 | 10.2828 | 0 
0.161328 -2.08086 1 -1 | 10.3365 | 0 
0.0558594 -2.09648 1 -1 | 6.79496 | 0 
0.0714844 -2.02227 1 -1 | 5.1892 | 0 
0.0988281 -1.9832 1 -1 | 5.87027 | 0 
0.157422 -1.99883 1 -1 | 8.53104 | 0 
0.180859 -2.00664 1 -1 | 9.86415 | 0 
0.258984 -2.02227 1 -1 | 14.8235 | 0 
0.356641 -2.14336 1 -1 | 24.7262 | 0 
0.473828 -2.01445 1 -1 | 24.1938 | 0 
0.333203 -1.89727 1 -1 | 20.7206 | 0 
0.462109 -1.7918 1 -1 | 30.5509 | 0 
0.575391 -1.91289 1 -1 | 24.3549 | 0 
0.727734 -1.78008 1 -1 | 23.2191 | 0 
0.758984 -1.88555 1 -1 | 16.0483 | 0 
0.758984 -1.95586 1 -1 | 14.2244 | 0 
0.645703 -1.95586 1 -1 | 20.7236 | 0 
0.645703 -2.08867 1 -1 | 22.3909 | 0 
0.801953 -2.19805 1 -1 | 19.0662 | 0 
0.856641 -2.05742 1 -1 | 9.40545 | 0 
0.864453 -1.96758 1 -1 | 8.24312 | 0 
0.887891 -2.01836 1 -1 | 7.31361 | 0 
0.950391 -2.06523 1 -1 | 6.48363 | 0 
0.942578 -1.98711 1 -1 | 5.51867 | 0 
1.01289 -1.98711 1 -1 | 5.04512 | 0 
1.02852 -2.03008 1 -1 | 5.52219 | 0 
1.02852 -2.08477 1 -1 | 6.95426 | 0 
0.973828 -2.15898 1 -1 | 10.3374 | 0 
1.09492 -2.19805 1 -1 | 14.5551 | 0 
1.19258 -2.18242 1 -1 | 18.5404 | 0 
1.19258 -2.07695 1 -1 | 13.3571 | 0 
1.2668 -2.03398 1 -1 | 17.0274 | 0 
1.18477 -1.99492 1 -1 | 11.4085 | 0 
1.13789 -2.05352 1 -1 | 9.60093 | 0 
1.10664 -2.00664 1 -1 | 7.42701 | 0 
1.07148 -1.88164 1 -1 | 8.32562 | 0 
1.15742 -1.87773 1 -1 | 12.1847 | 0 
1.24727 -1.85039 1 -1 | 18.9151 | 0 
1.25898 -1.7293 1 -1 | 26.4419 | 0 
1.07539 -1.81914 1 -1 | 11.363 | 0 
1.00508 -1.75664 1 -1 | 13.6889 | 0 
0.938672 -1.80352 1 -1 | 11.5726 | 0 
1.00117 -1.87383 1 -1 | 7.50004 | 0 
1.0168 -1.94805 1 -1 | 5.41747 | 0 
0.942578 -1.92852 1 -1 | 6.24828 | 0 
0.880078 -1.8543 1 -1 | 10.8308 | 0 
0.848828 -1.93633 1 -1 | 9.44638 | 0 
0.817578 -1.76445 1 -1 | 18.7602 | 0 
0.923047 -1.7293 1 -1 | 16.291 | 0 
0.880078 -1.58477 1 -1 | 24.6129 | 0 
1.02461 -1.63555 1 -1 | 20.4364 | 0 
0.856641 -1.55352 1 -1 | 26.382 | 0 
0.919141 -1.35039 1 -1 | 19.8341 | 0 
0.864453 -1.21758 1 -1 | 13.6244 | 0 
0.954297 -1.31914 1 -1 | 17.2742 | 0 
1.0168 -1.2332 1 -1 | 11.5619 | 0 
0.969922 -1.39727 1 -1 | 21.0641 | 0 
1.17305 -1.36211 1 -1 | 25.0633 | 0 
1.13008 -1.20586 1 -1 | 13.1563 | 0 
1.22383 -1.4207 1 -1 | 30.6684 | 0 
1.13789 -1.53398 1 -1 | 26.95 | 0 
1.30195 -1.69805 1 -1 | 30.9967 | 0 
1.3293 -1.45977 1 -1 | 38.3639 | 0 
1.5793 -1.43633 1 -1 | 42.5568 | 0 
1.75898 -1.48711 1 -1 | 34.7135 | 0 
1.79805 -1.70195 1 -1 | 26.1346 | 0 
1.55195 -1.70195 1 -1 | 37.7554 | 0 
1.54805 -1.95195 1 -1 | 26.2116 | 0 
1.39961 -2.06914 1 -1 | 25.2498 | 0 
1.55195 -2.19805 1 -1 | 33.5102 | 0 
1.67695 -2.07305 1 -1 | 22.5798 | 0 
1.79805 -2.07695 1 -1 | 15.7248 | 0 
1.73555 -2.13945 1 -1 | 22.1006 | 0 
-2.19805 -2.19805 -1 0 | | 0 
-2.13555 -2.19805 -1 0 | 19.6005 | 0 
-2.13555 -2.13555 -1 0 | 15.949 | 0 
-2.19805 -2.07305 -1 0 | 16.9597 | 0 
-2.07305 -2.07305 -1 0 | 10.6673 | 0 
-2.01445 -1.99883 -1 0 | 8.09731 | 0 
-1.95586 -2.06523 -1 0 | 9.30353 | 0 
-2.02617 -2.1082 -1 0 | 10.9107 | 0 
-1.94805 -2.19805 -1 0 | 15.9502 | 0 
-1.81523 -2.19805 -1 0 | 20.9373 | 0 
-1.80352 -2.06133 -1 0 | 14.938 | 0 
-1.84648 -1.96758 -1 0 | 11.7924 | 0 
-1.91289 -2.01445 -1 0 | 9.22168 | 0 
-1.94805 -1.94805 -1 0 | 8.64842 | 0 
-1.89336 -1.82695 -1 0 | 14.4382 | 0 
-1.87383 -1.89727 -1 0 | 12.1065 | 0 
-1.78789 -1.83867 -1 0 | 18.9338 | 0 
-1.74492 -1.70195 -1 0 | 29.2361 | 0 
-1.90508 -1.81133 -1 0 | 14.8805 | 0 
-2.06914 -1.81914 -1 0 | 14.3131 | 0 
-1.96758 -1.87773 -1 0 | 10.415 | 0 
-2.04961 -1.91289 -1 0 | 9.80523 | 0 
-2.09258 -1.87383 -1 0 | 12.5184 | 0 
-2.17461 -1.90508 -1 0 | 15.5254 | 0 
-2.19805 -1.69805 -1 0 | 27.7173 | 0 
-2.19023 -1.45977 -1 0 | 32.9452 | 0 
-2.06133 -1.31523 -1 0 | 20.6997 | 0 
-1.9793 -1.44414 -1 0 | 25.4805 | 0 
-1.72148 -1.43242 -1 0 | 35.912 | 0 
-1.69805 -1.69805 -1 0 | 32.1825 | 0 
-1.68633 -1.4207 -1 0 | 37.5436 | 0 
-1.40508 -1.40117 -1 0 | 40.3468 | 0 
-1.22148 -1.53008 -1 0 | 31.8755 | 0 
-1.40898 -1.59648 -1 0 | 41.1634 | 0 
-1.26836 -1.71758 -1 0 | 27.7354 | 0 
-1.45977 -1.74883 -1 0 | 34.9476 | 0 
-1.4793 -1.99102 -1 0 | 26.0864 | 0 
-1.62773 -2.12383 -1 0 | 26.9883 | 0 
-1.4207 -2.16289 -1 0 | 30.2792 | 0 
-1.28008 -2.0457 -1 0 | 18.1141 | 0 
-1.20977 -2.09258 -1 0 | 14.9884 | 0 
-1.19805 -2.19805 -1 0 | 19.8559 | 0 
-1.0418 -2.14336 -1 0 | 9.8145 | 0 
-0.971484 -2.09648 -1 0 | 7.28358 | 0 
-1.03789 -2.1082 -1 0 | 8.02969 | 0 
-1.04961 -2.02227 -1 0 | 5.77332 | 0 
-0.955859 -2.0457 -1 0 | 5.89269 | 0 
-0.951953 -1.98711 -1 0 | 5.34233 | 0 
-1.03008 -2.01055 -1 0 | 5.30586 | 0 
-1.13164 -1.9793 -1 0 | 8.51525 | 0 
-1.15508 -2.05352 -1 0 | 10.4969 | 0 
-1.15898 -1.91289 -1 0 | 11.0537 | 0 
-1.15898 -1.81523 -1 0 | 15.2438 | 0 
-1.06133 -1.81523 -1 0 | 11.1723 | 0 
-1.0418 -1.74883 -1 0 | 14.5627 | 0 
-0.979297 -1.82305 -1 0 | 9.93929 | 0 
-1.07305 -1.8582 -1 0 | 9.3549 | 0 
-0.998828 -1.90117 -1 0 | 6.48165 | 0 
-0.924609 -1.93242 -1 0 | 6.58075 | 0 
-0.916797 -1.94414 -1 0 | 6.56798 | 0 
-0.830859 -1.83867 -1 0 | 13.9211 | 0 
-0.830859 -1.70977 -1 0 | 21.2525 | 0 
-0.717578 -1.72148 -1 0 | 27.2861 | 0 
-0.787891 -1.90117 -1 0 | 13.7462 | 0 
-0.748828 -1.95586 -1 0 | 14.8444 | 0 
-0.787891 -2.06133 -1 0 | 13.2473 | 0 
-0.862109 -1.98711 -1 0 | 8.25132 | 0 
-0.928516 -1.96758 -1 0 | 5.93462 | 0 
-0.944141 -2.03008 -1 0 | 5.80279 | 0 
-0.826953 -2.1043 -1 0 | 12.537 | 0 
-0.912891 -2.15117 -1 0 | 11.1061 | 0 
-0.701953 -2.1043 -1 0 | 19.968 | 0 
-0.592578 -1.97539 -1 0 | 22.7305 | 0 
-0.541797 -2.19414 -1 0 | 31.3293 | 0 
-0.248828 -2.10039 -1 0 | 16.3267 | 0 
-0.237109 -1.95195 -1 0 | 13.512 | 0 
-0.428516 -2.03789 -1 0 | 23.6294 | 0 
-0.260547 -1.82695 -1 0 | 19.4214 | 0 
-0.393359 -1.75664 -1 0 | 30.6638 | 0 
-0.678516 -1.69023 -1 0 | 31.3293 | 0 
-0.412891 -1.64727 -1 0 | 37.4416 | 0 
-0.428516 -1.33086 -1 0 | 35.8303 | 0 
-0.526172 -1.2918 -1 0 | 34.4093 | 0 
-0.651172 -1.44805 -1 0 | 37.8134 | 0 
-0.764453 -1.29961 -1 0 | 24.4358 | 0 
-0.897266 -1.38555 -1 0 | 22.2631 | 0 
-0.780078 -1.4832 -1 0 | 30.8766 | 0 
-0.881641 -1.67461 -1 0 | 20.786 | 0 
-1.05352 -1.47539 -1 0 | 23.7299 | 0 
-1.09258 -1.64727 -1 0 | 21.5703 | 0 
-1.1707 -1.4168 -1 0 | 27.2659 | 0 
-1.02227 -1.27227 -1 0 | 14.1583 | 0 
-1.11602 -1.20195 -1 0 | 12.2607 | 0 
-1.19805 -1.19805 -1 0 | 16.4598 | 0 
-1.1082 -1.08477 -1 0 | 6.01582 | 0 
-1.1082 -1.16289 -1 0 | 9.60228 | 0 
-1.0418 -1.15898 -1 0 | 7.36191 | 0 
-0.971484 -1.15898 -1 0 | 7.03757 | 0 
-0.979297 -1.11211 -1 0 | 4.66282 | 0 
-1.0418 -1.12773 -1 0 | 5.75394 | 0 
-1.06523 -1.01445 -1 0 | 3.03586 | 0 
-1.03789 -1.05352 -1 0 | 3.03168 | 0 
-0.955859 -1.06914 -1 0 | 3.37024 | 0 
-0.987109 -1.0418 -1 0 | 2.43787 | 0 
-0.959766 -1.01055 -1 0 | 2.28465 | 0 
-0.987109 -0.967578 -1 0 | 2.15265 | 0 
-1.01445 -0.991016 -1 0 | 2.07086 | 0 
-1.06133 -0.971484 -1 0 | 2.96606 | 0 
-1.13555 -0.955859 -1 0 | 6.00047 | 0 
-1.08867 -1.06914 -1 0 | 4.77194 | 0 
-1.15508 -1.06523 -1 0 | 7.68297 | 0 
-1.17852 -0.916797 -1 0 | 9.22558 | 0 
-1.08867 -0.920703 -1 0 | 4.76344 | 0 
-1.07695 -0.873828 -1 0 | 6.05341 | 0 
-1.16289 -0.811328 -1 0 | 13.0503 | 0 
-1.12773 -0.737109 -1 0 | 15.6781 | 0 
-1.06914 -0.807422 -1 0 | 9.19621 | 0 
-1.03008 -0.756641 -1 0 | 11.397 | 0 
-0.971484 -0.811328 -1 0 | 8.00591 | 0 
-1.00273 -0.862109 -1 0 | 5.27689 | 0 
-1.06133 -0.877734 -1 0 | 5.44111 | 0 
-1.0457 -0.932422 -1 0 | 3.26288 | 0 
-1.02617 -0.940234 -1 0 | 2.7713 | 0 
-0.991016 -0.893359 -1 0 | 3.96068 | 0 
-0.936328 -0.920703 -1 0 | 3.73227 | 0 
-0.889453 -0.936328 -1 0 | 4.77679 | 0 
-0.842578 -0.838672 -1 0 | 10.6339 | 0 
-0.838672 -0.721484 -1 0 | 17.7209 | 0 
-0.709766 -0.713672 -1 0 | 25.7795 | 0 
-0.815234 -0.889453 -1 0 | 9.79006 | 0 
-0.756641 -0.975391 -1 0 | 11.2286 | 0 
-0.787891 -1.04961 -1 0 | 9.84852 | 0 
-0.780078 -0.979297 -1 0 | 9.7759 | 0 
-0.858203 -0.998828 -1 0 | 5.4501 | 0 
-0.889453 -0.959766 -1 0 | 4.34943 | 0 
-0.924609 -0.991016 -1 0 | 2.95655 | 0 
-0.889453 -1.01445 -1 0 | 4.18076 | 0 
-0.924609 -1.03008 -1 0 | 3.19762 | 0 
-0.901172 -1.05352 -1 0 | 4.35129 | 0 
-0.885547 -1.03008 -1 0 | 4.50201 | 0 
-0.830859 -1.13555 -1 0 | 10.5302 | 0 
-0.920703 -1.15117 -1 0 | 7.573 | 0 
-0.764453 -1.17852 -1 0 | 16.7269 | 0 
-0.709766 -1.1082 -1 0 | 16.4589 | 0 
-0.576953 -1.08086 -1 0 | 21.6204 | 0 
-0.600391 -0.967578 -1 0 | 19.5817 | 0 
-0.549609 -1.18633 -1 0 | 27.3353 | 0 
-0.354297 -1.1668 -1 0 | 22.5906 | 0 
-0.237109 -1.1043 -1 0 | 12.5406 | 0 
-0.272266 -1.05742 -1 0 | 13.233 | 0 
-0.217578 -0.955859 -1 0 | 9.32258 | 0 
-0.440234 -1.03789 -1 0 | 20.8588 | 0 
-0.346484 -0.881641 -1 0 | 19.2377 | 0 
-0.252734 -0.838672 -1 0 | 15.6539 | 0 
-0.408984 -0.760547 -1 0 | 28.4949 | 0 
-0.518359 -0.834766 -1 0 | 25.8238 | 0 
-0.694141 -0.701953 -1 0 | 27.3884 | 0 
-0.420703 -0.674609 -1 0 | 33.9806 | 0 
-0.412891 -0.397266 -1 0 | 36.858 | 0 
-0.565234 -0.201953 -1 0 | 26.5612 | 0 
-0.596484 -0.436328 -1 0 | 37.9771 | 0 
-0.725391 -0.311328 -1 0 | 25.9244 | 0 
-0.944141 -0.350391 -1 0 | 17.524 | 0 
-0.815234 -0.467578 -1 0 | 26.694 | 0 
-0.838672 -0.686328 -1 0 | 19.784 | 0 
-1.04961 -0.455859 -1 0 | 21.4117 | 0 
-1.08086 -0.631641 -1 0 | 19.6028 | 0 
-1.17461 -0.389453 -1 0 | 24.6553 | 0 
-1.03789 -0.428516 -1 0 | 20.5536 | 0 
-1.03008 -0.291797 -1 0 | 13.9228 | 0 
-0.955859 -0.241016 -1 0 | 10.7922 | 0 
-1.10039 -0.201953 -1 0 | 10.2052 | 0 
-1.18633 -0.213672 -1 0 | 15.298 | 0 
-1.30742 -0.420703 -1 0 | 34.2033 | 0 
-1.34258 -0.268359 -1 0 | 28.5224 | 0 
-1.51836 -0.385547 -1 0 | 39.9139 | 0 
-1.50273 -0.616016 -1 0 | 40.0975 | 0 
-1.27227 -0.647266 -1 0 | 29.4505 | 0 
-1.40508 -0.811328 -1 0 | 27.1499 | 0 
-1.20586 -0.838672 -1 0 | 14.1343 | 0 
-1.31523 -1.0457 -1 0 | 17.2203 | 0 
-1.32305 -1.17461 -1 0 | 23.0011 | 0 
-1.37383 -0.963672 -1 0 | 20.0968 | 0 
-1.56133 -1.1082 -1 0 | 25.1585 | 0 
-1.63945 -0.979297 -1 0 | 20.1345 | 0 
-1.5418 -0.877734 -1 0 | 25.6157 | 0 
-1.69023 -0.717578 -1 0 | 29.0649 | 0 
-1.92461 -0.741016 -1 0 | 15.921 | 0 
-1.83086 -0.807422 -1 0 | 15.6115 | 0 
-1.90117 -0.858203 -1 0 | 9.93339 | 0 
-1.74492 -0.834766 -1 0 | 18.9854 | 0 
-1.76836 -1.06523 -1 0 | 13.9416 | 0 
-1.78008 -1.1707 -1 0 | 17.8843 | 0 
-1.88555 -1.14727 -1 0 | 11.3342 | 0 
-1.90508 -1.08086 -1 0 | 7.78959 | 0 
-1.82695 -1.0457 -1 0 | 10.1943 | 0 
-1.91289 -0.959766 -1 0 | 6.36144 | 0 
-1.92461 -0.963672 -1 0 | 5.99576 | 0 
-2.00664 -0.998828 -1 0 | 5.03574 | 0 
-2.07305 -0.983203 -1 0 | 6.35725 | 0 
-2.04961 -1.03789 -1 0 | 6.04455 | 0 
-1.99102 -1.01445 -1 0 | 5.05289 | 0 
-1.99102 -1.07695 -1 0 | 6.28872 | 0 
-2.03008 -1.15898 -1 0 | 10.233 | 0 
-2.06133 -1.08867 -1 0 | 7.68236 | 0 
-2.12383 -1.16289 -1 0 | 13.5385 | 0 
-2.15898 -1.08086 -1 0 | 11.683 | 0 
-2.08086 -1.0418 -1 0 | 7.02375 | 0 
-2.15508 -0.994922 -1 0 | 10.025 | 0 
-2.1668 -0.830859 -1 0 | 15.5301 | 0 
-2.11602 -0.944141 -1 0 | 8.52229 | 0 
-2.01836 -0.920703 -1 0 | 6.20616 | 0 
-1.9832 -0.897266 -1 0 | 6.80832 | 0 
-2.06133 -0.826953 -1 0 | 11.0198 | 0 
-2.11211 -0.713672 -1 0 | 19.6157 | 0 
-2.13555 -0.686328 -1 0 | 22.3416 | 0 
-2.06914 -0.522266 -1 0 | 25.3878 | 0 
-1.92461 -0.658984 -1 0 | 20.654 | 0 
-1.76445 -0.530078 -1 0 | 32.3119 | 0 
-1.88945 -0.405078 -1 0 | 24.327 | 0 
-1.77617 -0.280078 -1 0 | 23.4773 | 0 
-1.86602 -0.256641 -1 0 | 17.3066 | 0 
-1.96367 -0.248828 -1 0 | 14.1062 | 0 
-1.96758 -0.354297 -1 0 | 20.3003 | 0 
-2.09258 -0.354297 -1 0 | 22.2456 | 0 
-2.19805 -0.198047 -1 0 | 18.4598 | 0 
-2.09648 -0.104297 -1 0 | 8.26205 | 0 
-2.12383 -0.178516 -1 0 | 13.0801 | 0 
-2.02227 -0.162891 -1 0 | 9.01225 | 0 
-1.9793 -0.143359 -1 0 | 7.81496 | 0 
-1.96758 -0.0808594 -1 0 | 5.35025 | 0 
-2.06523 -0.131641 -1 0 | 8.34337 | 0 
-2.03008 -0.0144531 -1 0 | 4.34318 | 0 
-1.99883 -0.0496094 -1 0 | 4.48243 | 0 
-1.95977 -0.0339844 -1 0 | 4.38929 | 0 
-2.00273 0.00507812 -1 0 | 4.02004 | 0 
-1.96367 0.0363281 -1 0 | 4.37858 | 0 
-2.03008 0.0285156 -1 0 | 4.46266 | 0 
-2.06133 -0.00273438 -1 0 | 4.98633 | 0 
-2.12383 -0.0105469 -1 0 | 7.41227 | 0 
-2.19023 -0.0339844 -1 0 | 11.3603 | 0 
-2.16289 0.0558594 -1 0 | 10.0893 | 0 
-2.15898 0.223828 -1 0 | 17.6647 | 0 
-2.03008 0.219922 -1 0 | 12.4715 | 0 
-1.9793 0.274609 -1 0 | 15.6201 | 0 
-1.96367 0.114453 -1 0 | 6.60719 | 0 
-2.0418 0.173047 -1 0 | 9.89534 | 0 
-2.03008 0.0910156 -1 0 | 5.90113 | 0 
-2.00664 0.0636719 -1 0 | 4.8315 | 0 
-1.97539 0.0558594 -1 0 | 4.63672 | 0 
-1.84258 0.0949219 -1 0 | 9.63871 | 0 
-1.88945 0.137891 -1 0 | 9.43256 | 0 
-1.9207 0.247266 -1 0 | 14.7967 | 0 
-1.83477 0.219922 -1 0 | 16.4609 | 0 
-1.71758 0.239453 -1 0 | 24.3708 | 0 
-1.81523 0.0714844 -1 0 | 10.3095 | 0 
-1.73711 0.00117187 -1 0 | 13.8294 | 0 
-1.79961 -0.0417969 -1 0 | 10.5189 | 0 
-1.86992 0.0480469 -1 0 | 7.11175 | 0 
-1.89727 -0.00664063 -1 0 | 5.62287 | 0 
-1.88164 -0.0730469 -1 0 | 7.22344 | 0 
-1.82695 -0.0691406 -1 0 | 9.62501 | 0 
-1.88164 -0.0847656 -1 0 | 7.57549 | 0 
-1.8582 -0.194141 -1 0 | 13.7681 | 0 
-1.70977 -0.178516 -1 0 | 21.1168 | 0 
-1.55742 -0.0535156 -1 0 | 22.3471 | 0 
-1.4168 -0.174609 -1 0 | 26.1429 | 0 
-1.28789 -0.198047 -1 0 | 20.8521 | 0 
-1.27617 -0.0457031 -1 0 | 13.6797 | 0 
-1.34648 -0.00664063 -1 0 | 17.522 | 0 
-1.43242 0.122266 -1 0 | 23.9898 | 0 
-1.2332 0.227734 -1 0 | 19.1273 | 0 
-1.56523 0.204297 -1 0 | 28.8336 | 0 
-1.67852 0.481641 -1 0 | 37.3274 | 0 
-1.31133 0.380078 -1 0 | 32.9183 | 0 
-1.44805 0.594922 -1 0 | 40.1988 | 0 
-1.24883 0.719922 -1 0 | 23.8854 | 0 
-1.51445 0.692578 -1 0 | 36.2647 | 0 
-1.6707 0.704297 -1 0 | 30.9009 | 0 
-1.70586 0.684766 -1 0 | 30.1044 | 0 
-1.93633 0.774609 -1 0 | 13.6014 | 0 
-1.9207 0.641797 -1 0 | 21.6061 | 0 
-1.70586 0.657422 -1 0 | 31.577 | 0 
-1.84648 0.497266 -1 0 | 27.9601 | 0 
-2.02227 0.352734 -1 0 | 20.3302 | 0 
-2.11602 0.481641 -1 0 | 27.1868 | 0 
-2.0418 0.571484 -1 0 | 23.8491 | 0 
-2.02617 0.762891 -1 0 | 14.0157 | 0 
-2.15117 0.692578 -1 0 | 22.8217 | 0 
-2.09648 0.801953 -1 0 | 13.6162 | 0 
-2.15898 0.930859 -1 0 | 11.047 | 0 
-2.14336 1.0168 -1 0 | 9.47581 | 0 
-2.1043 0.962109 -1 0 | 7.70973 | 0 
-2.08477 0.934766 -1 0 | 7.43594 | 0 
-2.0418 0.985547 -1 0 | 5.52681 | 0 
-2.03008 1.02461 -1 0 | 5.4709 | 0 
-2.01055 1.02852 -1 0 | 5.28467 | 0 
-1.95195 0.958203 -1 0 | 5.52587 | 0 
-1.96758 0.946484 -1 0 | 5.53648 | 0 
-1.99883 0.868359 -1 0 | 7.98217 | 0 
-2.05742 0.895703 -1 0 | 7.75304 | 0 
-2.01445 0.801953 -1 0 | 11.5382 | 0 
-1.89336 0.841016 -1 0 | 11.0446 | 0 
-1.82695 0.805859 -1 0 | 15.9026 | 0 
-1.77617 0.887891 -1 0 | 14.6886 | 0 
-1.72148 1.02461 -1 0 | 15.9173 | 0 
-1.87383 0.958203 -1 0 | 7.75594 | 0 
-1.90117 0.989453 -1 0 | 6.48469 | 0 
-1.92461 1.09102 -1 0 | 7.58913 | 0 
-1.88555 1.16914 -1 0 | 12.5361 | 0 
-1.84258 1.07148 -1 0 | 10.0432 | 0 
-1.78789 1.1457 -1 0 | 16.0593 | 0 
-1.72539 1.27852 -1 0 | 27.9363 | 0 
-1.8582 1.22383 -1 0 | 17.0293 | 0 
-2.06133 1.24727 -1 0 | 16.3687 | 0 
-1.99102 1.21211 -1 0 | 13.0935 | 0 
-1.95586 1.10273 -1 0 | 7.43805 | 0 
-2.05352 1.05977 -1 0 | 6.59936 | 0 
-2.13555 1.16133 -1 0 | 14.0368 | 0 
-2.17852 1.2043 -1 0 | 19.0245 | 0 
-2.14336 1.31367 -1 0 | 24.0068 | 0 
-2.03789 1.35273 -1 0 | 22.2834 | 0 
-2.07695 1.46602 -1 0 | 27.3846 | 0 
-2.16289 1.75508 -1 0 | 22.2378 | 0 
-2.04961 1.59102 -1 0 | 25.6255 | 0 
-1.88555 1.7043 -1 0 | 21.7709 | 0 
-1.7293 1.47383 -1 0 | 36.3274 | 0 
-1.55352 1.33711 -1 0 | 38.8478 | 0 
-1.58867 1.7668 -1 0 | 33.0822 | 0 
-1.46367 1.57539 -1 0 | 43.2662 | 0 
-1.2918 1.72383 -1 0 | 28.8759 | 0 
-1.41289 1.35273 -1 0 | 38.3838 | 0 
-1.39727 1.16523 -1 0 | 26.2229 | 0 
-1.56914 1.21602 -1 0 | 30.8954 | 0 
-1.65117 1.1418 -1 0 | 23.5638 | 0 
-1.45586 0.985547 -1 0 | 22.7524 | 0 
-1.59648 0.915234 -1 0 | 22.992 | 0 
-1.47539 0.864453 -1 0 | 26.2199 | 0 
-1.39727 1.02852 -1 0 | 21.1608 | 0 
-1.31523 0.993359 -1 0 | 16.7128 | 0 
-1.21758 0.923047 -1 0 | 11.4603 | 0 
-1.27617 0.809766 -1 0 | 20.2563 | 0 
-1.11992 0.833203 -1 0 | 9.66499 | 0 
-1.19023 0.887891 -1 0 | 10.92 | 0 
-1.16289 1.04023 -1 0 | 7.5507 | 0 
-1.11602 1.0207 -1 0 | 4.91556 | 0 
-1.12383 0.973828 -1 0 | 5.22579 | 0 
-1.04961 0.926953 -1 0 | 3.4802 | 0 
-1.01445 0.981641 -1 0 | 2.1029 | 0 
-1.04961 0.989453 -1 0 | 2.58703 | 0 
-1.03789 1.0207 -1 0 | 2.4881 | 0 
-1.02617 0.993359 -1 0 | 2.1859 | 0 
-0.991016 1.04023 -1 0 | 2.40047 | 0 
-0.967578 1.01289 -1 0 | 2.20421 | 0 
-0.983203 0.985547 -1 0 | 2.03734 | 0 
-0.998828 0.926953 -1 0 | 2.89456 | 0 
-0.967578 0.911328 -1 0 | 3.48831 | 0 
-0.983203 0.864453 -1 0 | 5.1848 | 0 
-1.0457 0.903516 -1 0 | 4.10379 | 0 
-1.06914 0.837109 -1 0 | 7.57114 | 0 
-0.908984 0.801953 -1 0 | 9.85632 | 0 
-0.862109 0.868359 -1 0 | 8.25402 | 0 
-0.838672 0.821484 -1 0 | 11.7511 | 0 
-0.713672 0.860547 -1 0 | 17.1145 | 0 
-0.783984 0.891797 -1 0 | 11.5167 | 0 
-0.729297 0.934766 -1 0 | 13.5336 | 0 
-0.776172 1.04023 -1 0 | 10.3678 | 0 
-0.846484 0.997266 -1 0 | 6.01732 | 0 
-0.866016 0.930859 -1 0 | 5.887 | 0 
-0.905078 0.926953 -1 0 | 4.44224 | 0 
-0.924609 1.00508 -1 0 | 2.97378 | 0 
-0.897266 1.02461 -1 0 | 3.98872 | 0 
-0.936328 1.03633 -1 0 | 3.00219 | 0 
-0.908984 1.09883 -1 0 | 5.49403 | 0 
-0.905078 1.17305 -1 0 | 9.27524 | 0 
-0.877734 1.11055 -1 0 | 7.13154 | 0 
-0.756641 1.0793 -1 0 | 12.5385 | 0 
-0.772266 1.2082 -1 0 | 18.0681 | 0 
-0.866016 1.2707 -1 0 | 17.0035 | 0 
-0.951953 1.28242 -1 0 | 15.0286 | 0 
-1.01836 1.21992 -1 0 | 10.7156 | 0 
-0.963672 1.19648 -1 0 | 9.32263 | 0 
-0.971484 1.11836 -1 0 | 4.99723 | 0 
-0.963672 1.09492 -1 0 | 4.11583 | 0 
-0.994922 1.06367 -1 0 | 2.91849 | 0 
-1.02617 1.11055 -1 0 | 4.74056 | 0 
-1.0418 1.0793 -1 0 | 3.81132 | 0 
-1.01836 1.13398 -1 0 | 5.73109 | 0 
-1.11211 1.16523 -1 0 | 9.89935 | 0 
-1.10039 1.09102 -1 0 | 5.91904 | 0 
-1.19023 1.12227 -1 0 | 11.8196 | 0 
-1.1043 1.29023 -1 0 | 17.4593 | 0 
-1.08086 1.38398 -1 0 | 21.808 | 0 
-1.0418 1.54805 -1 0 | 23.3749 | 0 
-1.14336 1.63398 -1 0 | 24.4303 | 0 
-1.12773 1.7082 -1 0 | 19.8398 | 0 
-0.979297 1.73164 -1 0 | 15.1956 | 0 
-0.967578 1.59492 -1 0 | 21.9628 | 0 
-0.920703 1.66914 -1 0 | 19.7167 | 0 
-0.787891 1.64961 -1 0 | 26.8839 | 0 
-0.916797 1.43477 -1 0 | 23.4089 | 0 
-0.647266 1.36055 -1 0 | 34.6892 | 0 
-0.639453 1.6457 -1 0 | 35.6145 | 0 
-0.491016 1.63008 -1 0 | 39.7267 | 0 
-0.393359 1.78633 -1 0 | 28.9234 | 0 
-0.432422 1.43086 -1 0 | 40.42 | 0 
-0.248828 1.33711 -1 0 | 26.9827 | 0 
-0.225391 1.08711 -1 0 | 11.1558 | 0 
-0.326953 1.16523 -1 0 | 21.0383 | 0 
-0.416797 1.13398 -1 0 | 23.4656 | 0 
-0.530078 1.24336 -1 0 | 31.2343 | 0 
-0.639453 1.05195 -1 0 | 18.4468 | 0 
-0.533984 0.934766 -1 0 | 21.7626 | 0 
-0.651172 0.883984 -1 0 | 19.5673 | 0 
-0.330859 0.817578 -1 0 | 21.5256 | 0 
-0.420703 1.01289 -1 0 | 20.0225 | 0 
-0.283984 0.985547 -1 0 | 13.2148 | 0 
-0.229297 0.895703 -1 0 | 11.6317 | 0 
-0.209766 0.852734 -1 0 | 12.2565 | 0 
-0.436328 0.766797 -1 0 | 28.9378 | 0 
-0.291797 0.602734 -1 0 | 31.035 | 0 
-0.393359 0.481641 -1 0 | 38.1607 | 0 
-0.616016 0.454297 -1 0 | 37.6376 | 0 
-0.600391 0.704297 -1 0 | 31.767 | 0 
-0.815234 0.563672 -1 0 | 26.2102 | 0 
-0.928516 0.591016 -1 0 | 20.6147 | 0 
-0.850391 0.782422 -1 0 | 13.4171 | 0 
-1.0418 0.696484 -1 0 | 15.2153 | 0 
-1.19414 0.700391 -1 0 | 21.5477 | 0 
-1.18633 0.551953 -1 0 | 27.2917 | 0 
-0.959766 0.645703 -1 0 | 17.7525 | 0 
-1.14336 0.450391 -1 0 | 24.8205 | 0 
-0.951953 0.341016 -1 0 | 16.8893 | 0 
-0.850391 0.481641 -1 0 | 24.9935 | 0 
-0.713672 0.321484 -1 0 | 27.22 | 0 
-0.737109 0.102734 -1 0 | 13.3774 | 0 
-0.846484 0.145703 -1 0 | 8.94844 | 0 
-0.854297 0.0832031 -1 0 | 5.9808 | 0 
-0.905078 0.102734 -1 0 | 4.57066 | 0 
-0.940234 0.141797 -1 0 | 5.31663 | 0 
-0.932422 0.184766 -1 0 | 7.80905 | 0 
-0.842578 0.286328 -1 0 | 17.5629 | 0 
-1.02617 0.282422 -1 0 | 13.2933 | 0 
-1.18242 0.258984 -1 0 | 17.9123 | 0 
-1.11992 0.219922 -1 0 | 12.1334 | 0 
-1.19023 0.169141 -1 0 | 12.9154 | 0 
-1.13164 0.0636719 -1 0 | 5.30683 | 0 
-1.09258 0.0753906 -1 0 | 3.94764 | 0 
-1.04961 0.0636719 -1 0 | 2.37975 | 0 
-1.01836 0.0832031 -1 0 | 2.4486 | 0 
-1.06523 0.173047 -1 0 | 7.34658 | 0 
-0.994922 0.130078 -1 0 | 4.17249 | 0 
-0.975391 0.118359 -1 0 | 3.72734 | 0 
-0.994922 0.0988281 -1 0 | 2.874 | 0 
-1.01055 0.0558594 -1 0 | 1.65839 | 0 
-0.963672 0.0363281 -1 0 | 1.45123 | 0 
-0.967578 0.0480469 -1 0 | 1.60002 | 0 
-1.01055 0.0207031 -1 0 | 1.13057 | 0 
-1.01055 0.00507812 -1 0 | 1.05077 | 0 
-0.967578 0.00117187 -1 0 | 1.14576 | 0 
-0.963672 -0.0105469 -1 0 | 1.2126 | 0 
-0.975391 -0.0417969 -1 0 | 1.4178 | 0 
-0.967578 -0.0652344 -1 0 | 1.97805 | 0 
-0.994922 -0.0652344 -1 0 | 1.83003 | 0 
-0.987109 -0.0417969 -1 0 | 1.35428 | 0 
-1.02617 -0.0183594 -1 0 | 1.25723 | 0 
-1.02227 -0.0457031 -1 0 | 1.5568 | 0 
-1.03789 -0.0496094 -1 0 | 1.84612 | 0 
-1.05742 -0.0183594 -1 0 | 1.83126 | 0 
-1.05352 0.0128906 -1 0 | 1.70535 | 0 
-1.02617 0.00507812 -1 0 | 1.19555 | 0 
-1.01836 0.0285156 -1 0 | 1.26691 | 0 
-1.04961 0.0324219 -1 0 | 1.79389 | 0 
-1.08086 0.0167969 -1 0 | 2.48975 | 0 
-1.12773 0.0167969 -1 0 | 4.38166 | 0 
-1.18633 0.00117187 -1 0 | 7.51539 | 0 
-1.17852 -0.0457031 -1 0 | 7.46097 | 0 
-1.11602 -0.0417969 -1 0 | 4.13384 | 0 
-1.09648 -0.135547 -1 0 | 6.41782 | 0 
-1.17852 -0.143359 -1 0 | 10.8598 | 0 
-1.05352 -0.190234 -1 0 | 8.04104 | 0 
-1.06133 -0.119922 -1 0 | 4.58353 | 0 
-1.01445 -0.0808594 -1 0 | 2.34243 | 0 
-0.994922 -0.116016 -1 0 | 3.55216 | 0 
-0.955859 -0.147266 -1 0 | 5.30402 | 0 
-0.936328 -0.190234 -1 0 | 8.03748 | 0 
-0.869922 -0.178516 -1 0 | 9.60724 | 0 
-0.869922 -0.135547 -1 0 | 7.34844 | 0 
-0.889453 -0.119922 -1 0 | 5.83178 | 0 
-0.889453 -0.0652344 -1 0 | 3.94301 | 0 
-0.940234 -0.0300781 -1 0 | 1.76232 | 0 
-0.928516 0.00507812 -1 0 | 1.86159 | 0 
-0.932422 0.0480469 -1 0 | 2.21444 | 0 
-0.897266 0.0441406 -1 0 | 3.20368 | 0 
-0.916797 -0.00664063 -1 0 | 2.18742 | 0 
-0.862109 0.0285156 -1 0 | 4.43083 | 0 
-0.826953 0.00117187 -1 0 | 6.03772 | 0 
-0.862109 -0.0496094 -1 0 | 4.75427 | 0 
-0.764453 -0.0144531 -1 0 | 9.72143 | 0 
-0.721484 0.00507812 -1 0 | 12.3103 | 0 
-0.764453 -0.0925781 -1 0 | 11.3332 | 0 
-0.651172 -0.100391 -1 0 | 18.179 | 0 
-0.463672 -0.155078 -1 0 | 24.3654 | 0 
-0.471484 -0.0300781 -1 0 | 20.2437 | 0 
-0.584766 0.0636719 -1 0 | 19.753 | 0 
-0.557422 0.266797 -1 0 | 30.794 | 0 
-0.389453 0.0519531 -1 0 | 18.3681 | 0 
-0.319141 0.216016 -1 0 | 22.2408 | 0 
-0.264453 0.169141 -1 0 | 16.1431 | 0 
-0.256641 0.00898437 -1 0 | 10.5015 | 0 
-0.334766 -0.0105469 -1 0 | 15.2144 | 0 
-0.334766 -0.112109 -1 0 | 17.5849 | 0 
-0.295703 -0.170703 -1 0 | 18.1726 | 0 
-0.198047 -0.198047 -1 0 | 13.6677 | 0 
-0.198047 -0.0964844 -1 0 | 8.62636 | 0 
-0.135547 -0.0808594 -1 0 | 4.70318 | 0 
-0.135547 -0.151172 -1 0 | 7.6383 | 0 
-0.0535156 -0.151172 -1 0 | 4.7701 | 0 
0.0441406 -0.198047 -1 0 | 7.21916 | 0 
0.0207031 -0.123828 -1 0 | 2.97981 | 0 
0.0207031 -0.0847656 -1 0 | 1.47969 | 0 
0.00117187 -0.0847656 -1 0 | 1.39505 | 0 
-0.0222656 -0.104297 -1 0 | 2.18302 | 0 
-0.0652344 -0.135547 -1 0 | 4.26614 | 0 
-0.0496094 -0.0613281 -1 0 | 1.22388 | 0 
-0.0730469 -0.0144531 -1 0 | 1.08414 | 0 
-0.0417969 -0.0300781 -1 0 | 0.526063 | 0 
-0.0222656 -0.0574219 -1 0 | 0.747818 | 0 
-0.00664063 -0.0730469 -1 0 | 1.05148 | 0 
0.0128906 -0.0691406 -1 0 | 0.9691 | 0 
0.0285156 -0.0574219 -1 0 | 0.810515 | 0 
0.0324219 -0.0144531 -1 0 | 0.251743 | 0 
-0.0105469 -0.0417969 -1 0 | 0.36917 | 0 
0.00507812 0.0128906 -1 0 | 0.0405641 | 0 
0.0246094 -0.0105469 -1 0 | 0.144473 | 0 
0.0363281 -0.00273438 -1 0 | 0.264679 | 0 
0.0441406 0.0246094 -1 0 | 0.5065 | 0 
0.0128906 0.0324219 -1 0 | 0.243277 | 0 
-0.0261719 0.0402344 -1 0 | 0.457548 | 0 
-0.0261719 0.0167969 -1 0 | 0.194009 | 0 
-0.0417969 0.0167969 -1 0 | 0.403031 | 0 
-0.0613281 0.0128906 -1 0 | 0.772488 | 0 
-0.0613281 0.0480469 -1 0 | 1.19408 | 0 
-0.100391 0.0207031 -1 0 | 2.02177 | 0 
-0.123828 0.00898437 -1 0 | 2.9109 | 0 
-0.100391 -0.0144531 -1 0 | 1.97827 | 0 
-0.119922 -0.0574219 -1 0 | 3.37096 | 0 
-0.135547 -0.0144531 -1 0 | 3.47498 | 0 
-0.158984 -0.0535156 -1 0 | 5.17861 | 0 
-0.143359 0.00507812 -1 0 | 3.81797 | 0 
-0.194141 0.0714844 -1 0 | 7.599 | 0 
-0.127734 0.0636719 -1 0 | 3.86396 | 0 
-0.119922 0.0949219 -1 0 | 4.45928 | 0 
-0.108203 0.173047 -1 0 | 7.61864 | 0 
-0.147266 0.208203 -1 0 | 11.4555 | 0 
-0.100391 0.282422 -1 0 | 14.0397 | 0 
-0.00273438 0.286328 -1 0 | 12.3488 | 0 
0.0324219 0.149609 -1 0 | 4.33502 | 0 
-0.00273438 0.173047 -1 0 | 5.38503 | 0 
-0.0535156 0.118359 -1 0 | 3.21952 | 0 
-0.0261719 0.0910156 -1 0 | 1.73746 | 0 
-0.0457031 0.0753906 -1 0 | 1.52086 | 0 
-0.0535156 0.0636719 -1 0 | 1.35906 | 0 
-0.0144531 0.0792969 -1 0 | 1.26594 | 0 
-0.00664063 0.102734 -1 0 | 2.03381 | 0 
0.0363281 0.0871094 -1 0 | 1.73158 | 0 
0.0675781 0.0714844 -1 0 | 1.892 | 0 
0.0949219 0.0910156 -1 0 | 3.33732 | 0 
0.102734 0.0519531 -1 0 | 2.55583 | 0 
0.153516 0.110547 -1 0 | 6.65738 | 0 
0.153516 0.145703 -1 0 | 8.25547 | 0 
0.0753906 0.176953 -1 0 | 6.71038 | 0 
0.110547 0.243359 -1 0 | 11.9736 | 0 
0.149609 0.176953 -1 0 | 9.72828 | 0 
0.290234 0.200391 -1 0 | 19.5612 | 0 
0.278516 0.0519531 -1 0 | 12.393 | 0 
0.247266 -0.0496094 -1 0 | 10.3762 | 0 
0.216016 0.0128906 -1 0 | 7.963 | 0 
0.157422 -0.00664063 -1 0 | 4.5417 | 0 
0.130078 0.0207031 -1 0 | 3.26244 | 0 
0.0949219 0.0363281 -1 0 | 1.99864 | 0 
0.0519531 0.0207031 -1 0 | 0.618187 | 0 
0.0636719 0.00898437 -1 0 | 0.812196 | 0 
0.0871094 0.00507812 -1 0 | 1.476 | 0 
0.0988281 -0.0183594 -1 0 | 1.94584 | 0 
0.0949219 -0.0144531 -1 0 | 1.77936 | 0 
0.0636719 -0.0378906 -1 0 | 1.07968 | 0 
0.0597656 -0.0652344 -1 0 | 1.53546 | 0 
0.0871094 -0.0457031 -1 0 | 1.88246 | 0 
0.122266 -0.0535156 -1 0 | 3.38882 | 0 
0.165234 -0.0261719 -1 0 | 5.08766 | 0 
0.145703 -0.112109 -1 0 | 6.32222 | 0 
0.0519531 -0.0886719 -1 0 | 2.05344 | 0 
0.0832031 -0.131641 -1 0 | 4.59245 | 0 
0.0949219 -0.151172 -1 0 | 5.94267 | 0 
0.153516 -0.147266 -1 0 | 8.33406 | 0 
0.192578 -0.131641 -1 0 | 9.7568 | 0 
0.360547 -0.147266 -1 0 | 20.5389 | 0 
0.434766 -0.0730469 -1 0 | 20.4034 | 0 
0.489453 -0.166797 -1 0 | 25.255 | 0 
0.665234 -0.143359 -1 0 | 19.3331 | 0 
0.766797 -0.108203 -1 0 | 11.7722 | 0 
0.692578 -0.0691406 -1 0 | 14.946 | 0 
0.751172 -0.0222656 -1 0 | 10.5913 | 0 
0.633984 -0.0339844 -1 0 | 17.2936 | 0 
0.598828 0.137891 -1 0 | 22.0375 | 0 
0.778516 0.0871094 -1 0 | 10.2949 | 0 
0.755078 0.188672 -1 0 | 16.5305 | 0 
0.645703 0.192578 -1 0 | 23.0205 | 0 
0.497266 0.106641 -1 0 | 22.4217 | 0 
0.344922 0.462109 -1 0 | 35.6697 | 0 
0.626172 0.329297 -1 0 | 32.3006 | 0 
0.653516 0.673047 -1 0 | 31.2292 | 0 
0.430859 0.762891 -1 0 | 29.0322 | 0 
0.419141 0.583203 -1 0 | 37.9196 | 0 
0.251172 0.758984 -1 0 | 20.1511 | 0 
0.173047 0.676953 -1 0 | 20.272 | 0 
0.239453 0.563672 -1 0 | 28.9257 | 0 
0.192578 0.380078 -1 0 | 23.9469 | 0 
0.157422 0.528516 -1 0 | 24.6522 | 0 
0.0167969 0.352734 -1 0 | 16.1988 | 0 
-0.112109 0.325391 -1 0 | 17.0627 | 0 
-0.119922 0.426953 -1 0 | 21.8712 | 0 
-0.158984 0.649609 -1 0 | 20.9354 | 0 
0.00507812 0.598828 -1 0 | 18.4994 | 0 
0.00117187 0.751172 -1 0 | 10.4934 | 0 
-0.151172 0.696484 -1 0 | 17.9918 | 0 
-0.178516 0.852734 -1 0 | 10.4036 | 0 
-0.131641 0.876172 -1 0 | 6.8946 | 0 
-0.186328 0.883984 -1 0 | 9.46513 | 0 
-0.182422 1.03633 -1 0 | 7.24951 | 0 
-0.123828 1.00898 -1 0 | 3.92887 | 0 
-0.104297 1.04414 -1 0 | 3.5572 | 0 
-0.0886719 0.993359 -1 0 | 2.51813 | 0 
-0.127734 0.930859 -1 0 | 4.86564 | 0 
-0.0730469 0.934766 -1 0 | 2.74483 | 0 
-0.0144531 0.946484 -1 0 | 1.49976 | 0 
-0.0457031 0.981641 -1 0 | 1.44415 | 0 
-0.0535156 1.00117 -1 0 | 1.56799 | 0 
-0.0535156 1.02461 -1 0 | 1.7345 | 0 
-0.0339844 1.0168 -1 0 | 1.32028 | 0 
-0.00664063 0.989453 -1 0 | 1.01221 | 0 
0.00507812 1.0168 -1 0 | 1.09713 | 0 
0.0324219 1.03242 -1 0 | 1.483 | 0 
0.0207031 0.997266 -1 0 | 1.08343 | 0 
0.0480469 0.966016 -1 0 | 1.61734 | 0 
0.0128906 0.985547 -1 0 | 1.04796 | 0 
0.00117187 0.934766 -1 0 | 1.70487 | 0 
0.0480469 0.919141 -1 0 | 2.56493 | 0 
0.0324219 0.864453 -1 0 | 4.3703 | 0 
-0.00664063 0.903516 -1 0 | 2.60956 | 0 
-0.0417969 0.903516 -1 0 | 2.94543 | 0 
-0.0652344 0.887891 -1 0 | 4.00344 | 0 
-0.0691406 0.833203 -1 0 | 6.63747 | 0 
0.0597656 0.809766 -1 0 | 7.69107 | 0 
0.0714844 0.833203 -1 0 | 6.70076 | 0 
0.0949219 0.911328 -1 0 | 4.08077 | 0 
0.173047 0.844922 -1 0 | 10.4807 | 0 
0.266797 0.809766 -1 0 | 18.1153 | 0 
0.247266 0.926953 -1 0 | 11.786 | 0 
0.216016 1.02852 -1 0 | 9.14797 | 0 
0.153516 1.0207 -1 0 | 5.45466 | 0 
0.157422 0.977734 -1 0 | 5.58662 | 0 
0.122266 0.938672 -1 0 | 4.44033 | 0 
0.0832031 0.973828 -1 0 | 2.42832 | 0 
0.0753906 0.938672 -1 0 | 2.72367 | 0 
0.0597656 0.993359 -1 0 | 1.69836 | 0 
0.0832031 1.0207 -1 0 | 2.4714 | 0 
0.0597656 1.04414 -1 0 | 2.17526 | 0 
0.0910156 1.0793 -1 0 | 3.98249 | 0 
0.0519531 1.09102 -1 0 | 3.31467 | 0 
0.110547 1.17305 -1 0 | 9.05867 | 0 
0.161328 1.17305 -1 0 | 11.468 | 0 
0.212109 1.11055 -1 0 | 11.2393 | 0 
0.282422 1.16523 -1 0 | 18.3854 | 0 
0.216016 1.18867 -1 0 | 15.5843 | 0 
0.126172 1.23945 -1 0 | 13.8737 | 0 
0.0246094 1.25898 -1 0 | 12.2717 | 0 
-0.0730469 1.22773 -1 0 | 11.1556 | 0 
0.0402344 1.15352 -1 0 | 5.95483 | 0 
0.0441406 1.11055 -1 0 | 3.93672 | 0 
0.0207031 1.06367 -1 0 | 2.00845 | 0 
0.00898437 1.09492 -1 0 | 2.9438 | 0 
-0.0261719 1.06758 -1 0 | 2.1658 | 0 
-0.0652344 1.07539 -1 0 | 3.09264 | 0 
-0.0222656 1.15742 -1 0 | 5.94599 | 0 
-0.116016 1.14961 -1 0 | 7.98111 | 0 
-0.0808594 1.07539 -1 0 | 3.52968 | 0 
-0.151172 1.10273 -1 0 | 7.43526 | 0 
-0.186328 1.10664 -1 0 | 9.52916 | 0 
-0.0847656 1.29023 -1 0 | 15.5606 | 0 
-0.0925781 1.40352 -1 0 | 21.8436 | 0 
0.0246094 1.39961 -1 0 | 20.157 | 0 
-0.123828 1.47773 -1 0 | 24.9809 | 0 
-0.186328 1.79023 -1 0 | 16.8462 | 0 
-0.0574219 1.73945 -1 0 | 14.3375 | 0 
-0.0105469 1.65742 -1 0 | 18.2659 | 0 
0.0675781 1.5832 -1 0 | 22.0659 | 0 
0.0792969 1.69258 -1 0 | 17.6195 | 0 
0.270703 1.77852 -1 0 | 22.7539 | 0 
0.255078 1.43086 -1 0 | 31.5051 | 0 
0.258984 1.33711 -1 0 | 27.6257 | 0 
0.309766 1.50898 -1 0 | 36.0271 | 0 
0.512891 1.5832 -1 0 | 41.4036 | 0 
0.798047 1.56367 -1 0 | 29.3216 | 0 
0.669141 1.44258 -1 0 | 36.7522 | 0 
0.766797 1.31758 -1 0 | 25.3927 | 0 
0.716016 1.05586 -1 0 | 14.3587 | 0 
0.649609 1.18477 -1 0 | 23.7409 | 0 
0.395703 1.28633 -1 0 | 32.0051 | 0 
0.344922 1.06367 -1 0 | 17.6593 | 0 
0.516797 1.10273 -1 0 | 23.442 | 0 
0.442578 1.04023 -1 0 | 20.9545 | 0 
0.426953 0.852734 -1 0 | 23.8611 | 0 
0.673047 0.833203 -1 0 | 20.8057 | 0 
0.630078 0.997266 -1 0 | 18.2374 | 0 
0.708203 0.942578 -1 0 | 14.6324 | 0 
0.782422 1.04414 -1 0 | 10.064 | 0 
0.739453 0.903516 -1 0 | 13.8098 | 0 
0.762891 0.805859 -1 0 | 16.9867 | 0 
0.899609 0.844922 -1 0 | 7.8332 | 0 
0.923047 0.911328 -1 0 | 4.34365 | 0 
0.805859 0.907422 -1 0 | 9.68181 | 0 
0.825391 0.969922 -1 0 | 7.24081 | 0 
0.837109 1.0168 -1 0 | 6.58872 | 0 
0.911328 1.0168 -1 0 | 3.43484 | 0 
0.880078 0.973828 -1 0 | 4.56724 | 0 
0.907422 0.930859 -1 0 | 4.26591 | 0 
0.966016 0.930859 -1 0 | 2.95817 | 0 
0.950391 0.969922 -1 0 | 2.50642 | 0 
0.926953 1.04805 -1 0 | 3.44727 | 0 
0.958203 1.00898 -1 0 | 2.29749 | 0 
0.997266 1.04023 -1 0 | 2.39844 | 0 
1.03242 0.997266 -1 0 | 2.27119 | 0 
1.03242 0.966016 -1 0 | 2.43547 | 0 
0.989453 0.969922 -1 0 | 2.12226 | 0 
1.04414 0.954297 -1 0 | 2.79503 | 0 
1.0207 0.868359 -1 0 | 5.11291 | 0 
1.00508 0.919141 -1 0 | 3.12566 | 0 
0.942578 0.895703 -1 0 | 4.40851 | 0 
0.973828 0.872266 -1 0 | 4.89805 | 0 
0.989453 0.809766 -1 0 | 7.99164 | 0 
1.06367 0.829297 -1 0 | 7.83249 | 0 
1.05977 0.876172 -1 0 | 5.46716 | 0 
1.10273 0.872266 -1 0 | 7.04283 | 0 
1.17305 0.825391 -1 0 | 12.8491 | 0 
1.25898 0.833203 -1 0 | 17.8531 | 0 
1.18086 0.895703 -1 0 | 10.0618 | 0 
1.29414 0.985547 -1 0 | 15.4278 | 0 
1.2043 0.993359 -1 0 | 9.61599 | 0 
1.15352 0.950391 -1 0 | 7.02049 | 0 
1.09883 0.934766 -1 0 | 4.77879 | 0 
1.07148 1.00117 -1 0 | 3.14503 | 0 
1.09492 1.0207 -1 0 | 4.05411 | 0 
1.05195 1.0207 -1 0 | 2.7635 | 0 
1.10273 1.11055 -1 0 | 6.78066 | 0 
1.11445 1.17305 -1 0 | 10.4479 | 0 
1.25898 1.13008 -1 0 | 16.5869 | 0 
1.23945 1.2668 -1 0 | 23.5347 | 0 
1.10664 1.23164 -1 0 | 13.7551 | 0 
1.04023 1.27461 -1 0 | 14.5672 | 0 
0.938672 1.22773 -1 0 | 11.7298 | 0 
1.00508 1.1457 -1 0 | 6.2363 | 0 
1.04023 1.05977 -1 0 | 3.22236 | 0 
1.00508 1.0832 -1 0 | 3.52676 | 0 
0.981641 1.07539 -1 0 | 3.29015 | 0 
0.942578 1.1418 -1 0 | 6.55164 | 0 
0.911328 1.15352 -1 0 | 7.97819 | 0 
0.848828 1.10273 -1 0 | 8.13291 | 0 
0.821484 1.20039 -1 0 | 14.7095 | 0 
0.903516 1.28242 -1 0 | 16.2685 | 0 
0.919141 1.34883 -1 0 | 19.7479 | 0 
0.942578 1.37617 -1 0 | 20.5516 | 0 
0.864453 1.57148 -1 0 | 25.6402 | 0 
0.880078 1.74336 -1 0 | 16.9404 | 0 
1.00898 1.77461 -1 0 | 12.6456 | 0 
0.993359 1.55586 -1 0 | 22.809 | 0 
1.05586 1.64961 -1 0 | 20.3459 | 0 
1.24727 1.67695 -1 0 | 28.6288 | 0 
1.18477 1.52852 -1 0 | 29.5975 | 0 
1.5207 1.33711 -1 0 | 39.2225 | 0 
1.41133 1.7082 -1 0 | 35.9961 | 0 
1.7082 1.69648 -1 0 | 31.6941 | 0 
1.60273 1.37227 -1 0 | 39.3909 | 0 
1.58711 1.11836 -1 0 | 24.9515 | 0 
1.45039 1.28633 -1 0 | 35.5417 | 0 
1.48555 1.05195 -1 0 | 23.8028 | 0 
1.38398 1.02852 -1 0 | 20.5946 | 0 
1.44258 0.923047 -1 0 | 23.438 | 0 
1.60273 1.00508 -1 0 | 21.5745 | 0 
1.71602 0.833203 -1 0 | 20.7676 | 0 
1.57539 0.716016 -1 0 | 34.015 | 0 
1.79414 0.610547 -1 0 | 28.5394 | 0 
1.5207 0.508984 -1 0 | 42.4737 | 0 
1.38398 0.633984 -1 0 | 36.4395 | 0 
1.26289 0.622266 -1 0 | 29.9852 | 0 
1.17305 0.692578 -1 0 | 20.7395 | 0 
1.04414 0.688672 -1 0 | 15.7078 | 0 
0.848828 0.786328 -1 0 | 13.2604 | 0 
0.891797 0.649609 -1 0 | 19.3409 | 0 
0.946484 0.598828 -1 0 | 19.9502 | 0 
0.809766 0.548047 -1 0 | 26.8388 | 0 
0.997266 0.387891 -1 0 | 18.769 | 0 
1.16914 0.469922 -1 0 | 26.5474 | 0 
1.26289 0.391797 -1 0 | 30.3366 | 0 
1.17695 0.251172 -1 0 | 17.0942 | 0 
1.29414 0.169141 -1 0 | 19.5791 | 0 
1.23164 0.0753906 -1 0 | 11.4752 | 0 
1.12227 0.173047 -1 0 | 9.45152 | 0 
1.16914 0.0597656 -1 0 | 7.205 | 0 
1.10664 0.0871094 -1 0 | 4.85759 | 0 
1.05977 0.130078 -1 0 | 4.99746 | 0 
1.05586 0.184766 -1 0 | 7.77611 | 0 
1.1418 0.251172 -1 0 | 15.1561 | 0 
1.0168 0.294141 -1 0 | 13.9166 | 0 
0.977734 0.212109 -1 0 | 8.74284 | 0 
0.895703 0.274609 -1 0 | 14.4917 | 0 
0.844922 0.231641 -1 0 | 14.0023 | 0 
0.919141 0.130078 -1 0 | 5.28542 | 0 
0.825391 0.169141 -1 0 | 11.2858 | 0 
0.833203 0.110547 -1 0 | 8.03285 | 0 
0.880078 0.0988281 -1 0 | 5.36053 | 0 
0.895703 0.0636719 -1 0 | 3.66992 | 0 
0.973828 0.0714844 -1 0 | 2.08269 | 0 
0.942578 0.0910156 -1 0 | 3.13415 | 0 
0.954297 0.173047 -1 0 | 6.70371 | 0 
1.00898 0.145703 -1 0 | 4.96361 | 0 
1.03633 0.106641 -1 0 | 3.50927 | 0 
1.00898 0.0675781 -1 0 | 1.92903 | 0 
1.03242 0.0636719 -1 0 | 2.06886 | 0 
1.03633 0.0363281 -1 0 | 1.59655 | 0 
1.00508 0.0363281 -1 0 | 1.27847 | 0 
1.00508 0.00507812 -1 0 | 1.02289 | 0 
1.03242 0.00117187 -1 0 | 1.27545 | 0 
1.03633 -0.0222656 -1 0 | 1.43405 | 0 
1.04414 -0.0574219 -1 0 | 2.12199 | 0 
1.01289 -0.0574219 -1 0 | 1.70835 | 0 
0.997266 -0.0378906 -1 0 | 1.28201 | 0 
0.977734 -0.0144531 -1 0 | 1.09758 | 0 
0.985547 -0.0574219 -1 0 | 1.66213 | 0 
0.954297 -0.0613281 -1 0 | 2.0597 | 0 
0.934766 -0.0417969 -1 0 | 2.04921 | 0 
0.930859 0.00117187 -1 0 | 1.79814 | 0 
0.969922 -0.00273438 -1 0 | 1.12278 | 0 
0.966016 0.0324219 -1 0 | 1.37063 | 0 
0.942578 0.0441406 -1 0 | 1.91887 | 0 
0.923047 0.0402344 -1 0 | 2.32029 | 0 
0.887891 0.0167969 -1 0 | 3.22679 | 0 
0.825391 0.0128906 -1 0 | 6.15496 | 0 
0.801953 -0.0496094 -1 0 | 7.92332 | 0 
0.876172 -0.0457031 -1 0 | 4.05881 | 0 
0.919141 -0.0261719 -1 0 | 2.24598 | 0 
0.915234 -0.100391 -1 0 | 4.15961 | 0 
0.868359 -0.100391 -1 0 | 5.92094 | 0 
0.833203 -0.119922 -1 0 | 8.42515 | 0 
0.852734 -0.194141 -1 0 | 11.3132 | 0 
0.954297 -0.186328 -1 0 | 7.46263 | 0 
0.926953 -0.112109 -1 0 | 4.28923 | 0 
0.981641 -0.119922 -1 0 | 3.75391 | 0 
0.989453 -0.0964844 -1 0 | 2.79475 | 0 
1.02461 -0.108203 -1 0 | 3.40673 | 0 
0.997266 -0.158984 -1 0 | 5.61175 | 0 
1.07148 -0.143359 -1 0 | 5.95277 | 0 
1.14961 -0.166797 -1 0 | 10.4613 | 0 
1.16133 -0.0964844 -1 0 | 7.85484 | 0 
1.06758 -0.123828 -1 0 | 4.9226 | 0 
1.06758 -0.0535156 -1 0 | 2.59308 | 0 
1.11055 -0.0222656 -1 0 | 3.65082 | 0 
1.0793 0.0128906 -1 0 | 2.41607 | 0 
1.11055 0.0402344 -1 0 | 3.87209 | 0 
1.17305 0.0285156 -1 0 | 6.89053 | 0 
1.1418 -0.0613281 -1 0 | 5.7564 | 0 
1.19258 -0.0144531 -1 0 | 7.936 | 0 
1.21211 0.00507812 -1 0 | 9.11851 | 0 
1.27852 -0.123828 -1 0 | 16.3116 | 0 
1.48555 -0.151172 -1 0 | 26.3729 | 0 
1.40742 -0.0144531 -1 0 | 20.3801 | 0 
1.34492 0.298047 -1 0 | 30.4901 | 0 
1.46211 0.0949219 -1 0 | 23.5937 | 0 
1.65742 0.255078 -1 0 | 28.628 | 0 
1.73945 0.0832031 -1 0 | 15.033 | 0 
1.73555 0.0128906 -1 0 | 13.9544 | 0 
1.65352 -0.0222656 -1 0 | 18.5325 | 0 
1.66133 -0.170703 -1 0 | 23.3005 | 0 
1.79805 -0.201953 -1 0 | 17.3298 | 0 
1.68477 -0.373828 -1 0 | 33.9845 | 0 
1.67305 -0.237109 -1 0 | 26.6977 | 0 
1.54023 -0.408984 -1 0 | 40.6332 | 0 
1.50508 -0.655078 -1 0 | 38.3086 | 0 
1.75508 -0.698047 -1 0 | 26.4577 | 0 
1.63008 -0.772266 -1 0 | 28.7035 | 0 
1.73945 -0.897266 -1 0 | 16.5075 | 0 
1.75117 -1.02227 -1 0 | 14.1382 | 0 
1.72773 -1.11602 -1 0 | 18.1687 | 0 
1.59102 -1.1082 -1 0 | 24.3943 | 0 
1.5793 -0.994922 -1 0 | 22.2759 | 0 
1.4582 -1.08086 -1 0 | 24.2173 | 0 
1.31758 -1.09648 -1 0 | 18.8424 | 0 
1.30586 -0.975391 -1 0 | 16.2166 | 0 
1.42695 -0.869922 -1 0 | 24.9187 | 0 
1.29805 -0.717578 -1 0 | 27.1986 | 0 
1.10664 -0.752734 -1 0 | 13.784 | 0 
1.1457 -0.842578 -1 0 | 10.4366 | 0 
1.0832 -0.846484 -1 0 | 7.5303 | 0 
1.10273 -0.908984 -1 0 | 5.64787 | 0 
1.12227 -0.944141 -1 0 | 5.5715 | 0 
1.18477 -0.940234 -1 0 | 9.00204 | 0 
1.28633 -0.830859 -1 0 | 19.7455 | 0 
1.28242 -1.03398 -1 0 | 14.9664 | 0 
1.23555 -1.11211 -1 0 | 14.239 | 0 
1.16914 -1.18633 -1 0 | 14.0172 | 0 
1.05586 -1.13555 -1 0 | 6.42912 | 0 
1.07539 -1.08477 -1 0 | 4.82188 | 0 
1.08711 -1.02227 -1 0 | 3.78783 | 0 
1.16914 -1.06914 -1 0 | 8.57654 | 0 
1.13008 -0.994922 -1 0 | 5.43264 | 0 
1.11836 -0.975391 -1 0 | 4.96406 | 0 
1.05195 -1.01055 -1 0 | 2.68033 | 0 
1.03633 -0.963672 -1 0 | 2.52389 | 0 
1.0207 -1.01055 -1 0 | 2.17198 | 0 
1.00117 -0.967578 -1 0 | 2.1481 | 0 
0.958203 -0.979297 -1 0 | 2.30702 | 0 
0.930859 -0.994922 -1 0 | 2.79283 | 0 
0.981641 -1.02227 -1 0 | 2.17531 | 0 
0.950391 -1.0418 -1 0 | 2.81582 | 0 
0.985547 -1.05742 -1 0 | 2.77697 | 0 
1.00898 -1.02617 -1 0 | 2.22441 | 0 
1.02852 -1.0457 -1 0 | 2.7234 | 0 
1.0168 -1.08867 -1 0 | 3.78952 | 0 
1.0207 -1.13555 -1 0 | 5.83098 | 0 
0.950391 -1.19805 -1 0 | 9.61629 | 0 
0.872266 -1.10039 -1 0 | 6.94994 | 0 
0.856641 -1.18633 -1 0 | 12.0388 | 0 
0.805859 -1.05352 -1 0 | 8.88368 | 0 
0.883984 -1.06133 -1 0 | 5.18487 | 0 
0.876172 -0.994922 -1 0 | 4.6422 | 0 
0.852734 -0.955859 -1 0 | 6.00949 | 0 
0.813672 -0.944141 -1 0 | 8.27083 | 0 
0.825391 -0.873828 -1 0 | 9.86677 | 0 
0.880078 -0.858203 -1 0 | 7.93366 | 0 
0.887891 -0.893359 -1 0 | 6.13101 | 0 
0.934766 -0.908984 -1 0 | 4.12194 | 0 
0.977734 -0.920703 -1 0 | 3.11959 | 0 
1.04023 -0.944141 -1 0 | 2.90345 | 0 
1.0168 -0.912891 -1 0 | 3.38618 | 0 
1.04023 -0.873828 -1 0 | 5.14719 | 0 
0.958203 -0.881641 -1 0 | 4.68094 | 0 
0.962109 -0.783984 -1 0 | 9.70573 | 0 
1.02852 -0.705859 -1 0 | 14.4567 | 0 
0.911328 -0.737109 -1 0 | 13.6977 | 0 
0.899609 -0.658984 -1 0 | 18.5824 | 0 
0.934766 -0.451953 -1 0 | 21.4566 | 0 
1.06758 -0.608203 -1 0 | 20.1767 | 0 
1.25117 -0.573047 -1 0 | 30.9351 | 0 
1.06758 -0.412891 -1 0 | 20.7399 | 0 
1.21211 -0.315234 -1 0 | 23.1978 | 0 
1.16914 -0.260547 -1 0 | 17.2347 | 0 
1.0168 -0.252734 -1 0 | 11.3277 | 0 
0.993359 -0.330859 -1 0 | 15.9722 | 0 
0.891797 -0.334766 -1 0 | 18.211 | 0 
0.825391 -0.299609 -1 0 | 19.2786 | 0 
0.794141 -0.201953 -1 0 | 14.9627 | 0 
0.610547 -0.323047 -1 0 | 32.593 | 0 
0.755078 -0.334766 -1 0 | 25.4434 | 0 
0.665234 -0.479297 -1 0 | 35.668 | 0 
0.383984 -0.451953 -1 0 | 37.3607 | 0 
0.301953 -0.315234 -1 0 | 27.3847 | 0 
0.208203 -0.350391 -1 0 | 23.4702 | 0 
0.102734 -0.334766 -1 0 | 17.2149 | 0 
0.102734 -0.229297 -1 0 | 10.7805 | 0 
0.0246094 -0.287891 -1 0 | 12.5636 | 0 
-0.0574219 -0.244922 -1 0 | 10.3906 | 0 
-0.143359 -0.229297 -1 0 | 12.5683 | 0 
-0.112109 -0.303516 -1 0 | 15.7867 | 0 
-0.135547 -0.424609 -1 0 | 22.5128 | 0 
-0.0105469 -0.393359 -1 0 | 18.0172 | 0 
-0.0183594 -0.498828 -1 0 | 20.3179 | 0 
-0.108203 -0.533984 -1 0 | 22.2956 | 0 
-0.100391 -0.651172 -1 0 | 18.179 | 0 
0.0167969 -0.674609 -1 0 | 15.0753 | 0 
0.0949219 -0.631641 -1 0 | 18.9069 | 0 
0.137891 -0.549609 -1 0 | 23.3659 | 0 
0.294141 -0.698047 -1 0 | 26.521 | 0 
0.243359 -0.893359 -1 0 | 12.6047 | 0 
0.153516 -0.834766 -1 0 | 9.94744 | 0 
0.161328 -0.920703 -1 0 | 6.80433 | 0 
0.110547 -0.908984 -1 0 | 4.74887 | 0 
0.0675781 -0.877734 -1 0 | 4.47397 | 0 
0.0558594 -0.795703 -1 0 | 8.41608 | 0 
0.137891 -0.705859 -1 0 | 16.782 | 0 
0.0246094 -0.791797 -1 0 | 8.15326 | 0 
-0.0300781 -0.744922 -1 0 | 11.0554 | 0 
-0.166797 -0.701953 -1 0 | 18.5034 | 0 
-0.127734 -0.815234 -1 0 | 9.74989 | 0 
-0.123828 -0.854297 -1 0 | 7.53061 | 0 
-0.198047 -0.924609 -1 0 | 8.79108 | 0 
-0.108203 -0.912891 -1 0 | 4.53177 | 0 
-0.0925781 -0.936328 -1 0 | 3.32204 | 0 
-0.0496094 -0.944141 -1 0 | 1.98786 | 0 
-0.0261719 -0.908984 -1 0 | 2.55543 | 0 
-0.0691406 -0.873828 -1 0 | 4.68092 | 0 
-0.0417969 -0.858203 -1 0 | 4.79678 | 0 
0.0324219 -0.826953 -1 0 | 6.24528 | 0 
-0.00273438 -0.901172 -1 0 | 2.68286 | 0 
0.0167969 -0.940234 -1 0 | 1.63929 | 0 
0.0402344 -0.979297 -1 0 | 1.36547 | 0 
0.00898437 -0.959766 -1 0 | 1.2575 | 0 
0.00898437 -0.971484 -1 0 | 1.12237 | 0 
-0.0105469 -1.00273 -1 0 | 1.03151 | 0 
0.0207031 -0.983203 -1 0 | 1.10974 | 0 
0.0402344 -1.01836 -1 0 | 1.42548 | 0 
0.0363281 -1.04961 -1 0 | 1.84675 | 0 
0.0207031 -1.04961 -1 0 | 1.67097 | 0 
-0.00273438 -1.05352 -1 0 | 1.67389 | 0 
0.00117187 -1.01445 -1 0 | 1.07309 | 0 
-0.0417969 -1.03789 -1 0 | 1.70639 | 0 
-0.0574219 -1.06914 -1 0 | 2.72156 | 0 
-0.0730469 -0.998828 -1 0 | 2.04066 | 0 
-0.0378906 -1.00273 -1 0 | 1.29295 | 0 
-0.0417969 -0.979297 -1 0 | 1.39062 | 0 
-0.0378906 -0.963672 -1 0 | 1.47403 | 0 
-0.0691406 -0.959766 -1 0 | 2.17514 | 0 
-0.0925781 -1.01055 -1 0 | 2.69885 | 0 
-0.174609 -0.959766 -1 0 | 6.71022 | 0 
-0.162891 -1.02227 -1 0 | 5.96772 | 0 
-0.116016 -1.06133 -1 0 | 4.4169 | 0 
-0.104297 -1.03008 -1 0 | 3.32394 | 0 
-0.0808594 -1.07695 -1 0 | 3.57826 | 0 
-0.119922 -1.09648 -1 0 | 5.70809 | 0 
-0.166797 -1.11602 -1 0 | 8.82414 | 0 
-0.0769531 -1.15898 -1 0 | 7.08595 | 0 
-0.0144531 -1.15117 -1 0 | 5.55099 | 0 
-0.0378906 -1.09258 -1 0 | 3.12434 | 0 
-0.00664063 -1.13555 -1 0 | 4.71341 | 0 
0.00507812 -1.09258 -1 0 | 2.84596 | 0 
0.0207031 -1.13164 -1 0 | 4.59806 | 0 
-0.0105469 -1.15898 -1 0 | 5.95577 | 0 
0.0792969 -1.15508 -1 0 | 6.94196 | 0 
0.145703 -1.15508 -1 0 | 9.64706 | 0 
0.165234 -1.09648 -1 0 | 7.93632 | 0 
0.0636719 -1.13555 -1 0 | 5.49835 | 0 
0.0792969 -1.06523 -1 0 | 3.18756 | 0 
0.0910156 -1.02617 -1 0 | 2.7898 | 0 
0.0636719 -1.01445 -1 0 | 1.86651 | 0 
0.0558594 -0.987109 -1 0 | 1.62241 | 0 
0.110547 -0.991016 -1 0 | 3.32958 | 0 
0.122266 -0.975391 -1 0 | 3.89664 | 0 
0.161328 -0.983203 -1 0 | 5.76323 | 0 
0.161328 -1.05352 -1 0 | 6.41081 | 0 
0.184766 -1.03008 -1 0 | 7.29076 | 0 
0.212109 -0.998828 -1 0 | 8.68711 | 0 
0.290234 -1.10039 -1 0 | 15.723 | 0 
0.317578 -1.13164 -1 0 | 18.7336 | 0 
0.469922 -1.07305 -1 0 | 22.2316 | 0 
0.352734 -0.924609 -1 0 | 18.0989 | 0 
0.485547 -0.768359 -1 0 | 29.6364 | 0 
0.583203 -0.893359 -1 0 | 21.9671 | 0 
0.712109 -0.772266 -1 0 | 22.0699 | 0 
0.743359 -0.850391 -1 0 | 15.7977 | 0 
0.747266 -0.975391 -1 0 | 11.8034 | 0 
0.665234 -0.975391 -1 0 | 16.5935 | 0 
0.653516 -1.1043 -1 0 | 19.4182 | 0 
0.688672 -1.17461 -1 0 | 21.0534 | 0 
0.798047 -1.20195 -1 0 | 16.1376 | 0 
0.583203 -1.31523 -1 0 | 34.7218 | 0 
0.747266 -1.36211 -1 0 | 29.0638 | 0 
0.645703 -1.47539 -1 0 | 38.571 | 0 
0.383984 -1.45195 -1 0 | 39.2646 | 0 
0.305859 -1.31133 -1 0 | 29.0125 | 0 
0.223828 -1.3543 -1 0 | 26.3438 | 0 
0.0832031 -1.32695 -1 0 | 17.7548 | 0 
0.0949219 -1.22539 -1 0 | 11.6994 | 0 
0.0324219 -1.28008 -1 0 | 13.7276 | 0 
-0.0730469 -1.24102 -1 0 | 12.0186 | 0 
-0.116016 -1.31133 -1 0 | 18.0355 | 0 
-0.123828 -1.42852 -1 0 | 23.9437 | 0 
0.00507812 -1.38945 -1 0 | 19.6214 | 0 
-0.116016 -1.51445 -1 0 | 24.8096 | 0 
0.0167969 -1.65898 -1 0 | 18.2227 | 0 
0.130078 -1.55742 -1 0 | 24.9593 | 0 
0.270703 -1.69805 -1 0 | 27.4629 | 0 
0.266797 -1.9207 -1 0 | 16.0319 | 0 
0.196484 -1.83867 -1 0 | 14.8347 | 0 
0.133984 -1.88945 -1 0 | 9.24645 | 0 
0.0519531 -1.83086 -1 0 | 9.02053 | 0 
0.157422 -1.75273 -1 0 | 17.4332 | 0 
-0.00273438 -1.7332 -1 0 | 14.0614 | 0 
-0.0730469 -1.81914 -1 0 | 10.1431 | 0 
-0.155078 -1.7918 -1 0 | 15.0242 | 0 
-0.194141 -1.87773 -1 0 | 12.9364 | 0 
-0.119922 -1.90508 -1 0 | 8.07959 | 0 
-0.0457031 -1.86992 -1 0 | 7.06879 | 0 
0.0480469 -1.8543 -1 0 | 7.80135 | 0 
0.00898437 -1.9207 -1 0 | 4.92335 | 0 
-0.00273438 -1.95586 -1 0 | 4.21151 | 0 
0.0363281 -2.03789 -1 0 | 4.69825 | 0 
-0.0417969 -2.01445 -1 0 | 4.44634 | 0 
-0.0652344 -2.02617 -1 0 | 5.07534 | 0 
-0.0496094 -1.97539 -1 0 | 4.50832 | 0 
-0.131641 -2.00664 -1 0 | 7.28518 | 0 
-0.194141 -1.99492 -1 0 | 10.5869 | 0 
-0.119922 -2.01836 -1 0 | 6.86407 | 0 
-0.139453 -2.08477 -1 0 | 9.35261 | 0 
-0.143359 -2.19023 -1 0 | 14.9424 | 0 
-0.0574219 -2.1668 -1 0 | 10.3517 | 0 
0.0207031 -2.10039 -1 0 | 6.42334 | 0 
0.0128906 -2.17461 -1 0 | 10.2026 | 0 
0.0871094 -2.15117 -1 0 | 10.2803 | 0 
0.161328 -2.08086 -1 0 | 10.334 | 0 
0.0558594 -2.09648 -1 0 | 6.79246 | 0 
0.0714844 -2.02227 -1 0 | 5.1867 | 0 
0.0988281 -1.9832 -1 0 | 5.86777 | 0 
0.157422 -1.99883 -1 0 | 8.52854 | 0 
0.180859 -2.00664 -1 0 | 9.86165 | 0 
0.258984 -2.02227 -1 0 | 14.821 | 0 
0.356641 -2.14336 -1 0 | 24.7237 | 0 
0.473828 -2.01445 -1 0 | 24.1913 | 0 
0.333203 -1.89727 -1 0 | 20.7181 | 0 
0.462109 -1.7918 -1 0 | 30.5484 | 0 
0.575391 -1.91289 -1 0 | 24.3524 | 0 
0.727734 -1.78008 -1 0 | 23.2166 | 0 
0.758984 -1.88555 -1 0 | 16.0458 | 0 
0.758984 -1.95586 -1 0 | 14.2219 | 0 
0.645703 -1.95586 -1 0 | 20.7211 | 0 
0.645703 -2.08867 -1 0 | 22.3884 | 0 
0.801953 -2.19805 -1 0 | 19.0637 | 0 
0.856641 -2.05742 -1 0 | 9.40295 | 0 
0.864453 -1.96758 -1 0 | 8.24062 | 0 
0.887891 -2.01836 -1 0 | 7.31111 | 0 
0.950391 -2.06523 -1 0 | 6.48113 | 0 
0.942578 -1.98711 -1 0 | 5.51617 | 0 
1.01289 -1.98711 -1 0 | 5.04262 | 0 
1.02852 -2.03008 -1 0 | 5.51969 | 0 
1.02852 -2.08477 -1 0 | 6.95176 | 0 
0.973828 -2.15898 -1 0 | 10.3349 | 0 
1.09492 -2.19805 -1 0 | 14.5526 | 0 
1.19258 -2.18242 -1 0 | 18.5379 | 0 
1.19258 -2.07695 -1 0 | 13.3546 | 0 
1.2668 -2.03398 -1 0 | 17.0249 | 0 
1.18477 -1.99492 -1 0 | 11.406 | 0 
1.13789 -2.05352 -1 0 | 9.59843 | 0 
1.10664 -2.00664 -1 0 | 7.42451 | 0 
1.07148 -1.88164 -1 0 | 8.32312 | 0 
1.15742 -1.87773 -1 0 | 12.1822 | 0 
1.24727 -1.85039 -1 0 | 18.9126 | 0 
1.25898 -1.7293 -1 0 | 26.4394 | 0 
1.07539 -1.81914 -1 0 | 11.3605 | 0 
1.00508 -1.75664 -1 0 | 13.6864 | 0 
0.938672 -1.80352 -1 0 | 11.5701 | 0 
1.00117 -1.87383 -1 0 | 7.49754 | 0 
1.0168 -1.94805 -1 0 | 5.41497 | 0 
0.942578 -1.92852 -1 0 | 6.24578 | 0 
0.880078 -1.8543 -1 0 | 10.8283 | 0 
0.848828 -1.93633 -1 0 | 9.44388 | 0 
0.817578 -1.76445 -1 0 | 18.7577 | 0 
0.923047 -1.7293 -1 0 | 16.2885 | 0 
0.880078 -1.58477 -1 0 | 24.6104 | 0 
1.02461 -1.63555 -1 0 | 20.4339 | 0 
0.856641 -1.55352 -1 0 | 26.3795 | 0 
0.919141 -1.35039 -1 0 | 19.8316 | 0 
0.864453 -1.21758 -1 0 | 13.6219 | 0 
0.954297 -1.31914 -1 0 | 17.2717 | 0 
1.0168 -1.2332 -1 0 | 11.5594 | 0 
0.969922 -1.39727 -1 0 | 21.0616 | 0 
1.17305 -1.36211 -1 0 | 25.0608 | 0 
1.13008 -1.20586 -1 0 | 13.1538 | 0 
1.22383 -1.4207 -1 0 | 30.6659 | 0 
1.13789 -1.53398 -1 0 | 26.9475 | 0 
1.30195 -1.69805 -1 0 | 30.9942 | 0 
1.3293 -1.45977 -1 0 | 38.3614 | 0 
1.5793 -1.43633 -1 0 | 42.5543 | 0 
1.75898 -1.48711 -1 0 | 34.711 | 0 
1.79805 -1.70195 -1 0 | 26.1321 | 0 
1.55195 -1.70195 -1 0 | 37.7529 | 0 
1.54805 -1.95195 -1 0 | 26.2091 | 0 
1.39961 -2.06914 -1 0 | 25.2473 | 0 
1.55195 -2.19805 -1 0 | 33.5077 | 0 
1.67695 -2.07305 -1 0 | 22.5773 | 0 
1.79805 -2.07695 -1 0 | 15.7223 | 0 
1.73555 -2.13945 -1 0 | 22.0981 | 0 
-2.19805 -2.19805 0 0 | | 0 
-2.13555 -2.19805 0 0 | 19.598 | 0 
-2.13555 -2.13555 0 0 | 15.9465 | 0 
-2.19805 -2.07305 0 0 | 16.9572 | 0 
-2.07305 -2.07305 0 0 | 10.6648 | 0 
-2.01445 -1.99883 0 0 | 8.09481 | 0 
-1.95586 -2.06523 0 0 | 9.30103 | 0 
-2.02617 -2.1082 0 0 | 10.9082 | 0 
-1.94805 -2.19805 0 0 | 15.9477 | 0 
-1.81523 -2.19805 0 0 | 20.9348 | 0 
-1.80352 -2.06133 0 0 | 14.9355 | 0 
-1.84648 -1.96758 0 0 | 11.7899 | 0 
-1.91289 -2.01445 0 0 | 9.21918 | 0 
-1.94805 -1.94805 0 0 | 8.64592 | 0 
-1.89336 -1.82695 0 0 | 14.4357 | 0 
-1.87383 -1.89727 0 0 | 12.104 | 0 
-1.78789 -1.83867 0 0 | 18.9313 | 0 
-1.74492 -1.70195 0 0 | 29.2336 | 0 
-1.90508 -1.81133 0 0 | 14.878 | 0 
-2.06914 -1.81914 0 0 | 14.3106 | 0 
-1.96758 -1.87773 0 0 | 10.4125 | 0 
-2.04961 -1.91289 0 0 | 9.80273 | 0 
-2.09258 -1.87383 0 0 | 12.5159 | 0 
-2.17461 -1.90508 0 0 | 15.5229 | 0 
-2.19805 -1.69805 0 0 | 27.7148 | 0 
-2.19023 -1.45977 0 0 | 32.9427 | 0 
-2.06133 -1.31523 0 0 | 20.6972 | 0 
-1.9793 -1.44414 0 0 | 25.478 | 0 
-1.72148 -1.43242 0 0 | 35.9095 | 0 
-1.69805 -1.69805 0 0 | 32.18 | 0 
-1.68633 -1.4207 0 0 | 37.5411 | 0 
-1.40508 -1.40117 0 0 | 40.3443 | 0 
-1.22148 -1.53008 0 0 | 31.873 | 0 
-1.40898 -1.59648 0 0 | 41.1609 | 0 
-1.26836 -1.71758 0 0 | 27.7329 | 0 
-1.45977 -1.74883 0 0 | 34.9451 | 0 
-1.4793 -1.99102 0 0 | 26.0839 | 0 
-1.62773 -2.12383 0 0 | 26.9858 | 0 
-1.4207 -2.16289 0 0 | 30.2767 | 0 
-1.28008 -2.0457 0 0 | 18.1116 | 0 
-1.20977 -2.09258 0 0 | 14.9859 | 0 
-1.19805 -2.19805 0 0 | 19.8534 | 0 
-1.0418 -2.14336 0 0 | 9.812 | 0 
-0.971484 -2.09648 0 0 | 7.28108 | 0 
-1.03789 -2.1082 0 0 | 8.02719 | 0 
-1.04961 -2.02227 0 0 | 5.77082 | 0 
-0.955859 -2.0457 0 0 | 5.89019 | 0 
-0.951953 -1.98711 0 0 | 5.33983 | 0 
-1.03008 -2.01055 0 0 | 5.30336 | 0 
-1.13164 -1.9793 0 0 | 8.51275 | 0 
-1.15508 -2.05352 0 0 | 10.4944 | 0 
-1.15898 -1.91289 0 0 | 11.0512 | 0 
-1.15898 -1.81523 0 0 | 15.2413 | 0 
-1.06133 -1.81523 0 0 | 11.1698 | 0 
-1.0418 -1.74883 0 0 | 14.5602 | 0 
-0.979297 -1.82305 0 0 | 9.93679 | 0 
-1.07305 -1.8582 0 0 | 9.3524 | 0 
-0.998828 -1.90117 0 0 | 6.47915 | 0 
-0.924609 -1.93242 0 0 | 6.57825 | 0 
-0.916797 -1.94414 0 0 | 6.56548 | 0 
-0.830859 -1.83867 0 0 | 13.9186 | 0 
-0.830859 -1.70977 0 0 | 21.25 | 0 
-0.717578 -1.72148 0 0 | 27.2836 | 0 
-0.787891 -1.90117 0 0 | 13.7437 | 0 
-0.748828 -1.95586 0 0 | 14.8419 | 0 
-0.787891 -2.06133 0 0 | 13.2448 | 0 
-0.862109 -1.98711 0 0 | 8.24882 | 0 
-0.928516 -1.96758 0 0 | 5.93212 | 0 
-0.944141 -2.03008 0 0 | 5.80029 | 0 
-0.826953 -2.1043 0 0 | 12.5345 | 0 
-0.912891 -2.15117 0 0 | 11.1036 | 0 
-0.701953 -2.1043 0 0 | 19.9655 | 0 
-0.592578 -1.97539 0 0 | 22.728 | 0 
-0.541797 -2.19414 0 0 | 31.3268 | 0 
-0.248828 -2.10039 0 0 | 16.3242 | 0 
-0.237109 -1.95195 0 0 | 13.5095 | 0 
-0.428516 -2.03789 0 0 | 23.6269 | 0 
-0.260547 -1.82695 0 0 | 19.4189 | 0 
-0.393359 -1.75664 0 0 | 30.6613 | 0 
-0.678516 -1.69023 0 0 | 31.3268 | 0 
-0.412891 -1.64727 0 0 | 37.4391 | 0 
-0.428516 -1.33086 0 0 | 35.8278 | 0 
-0.526172 -1.2918 0 0 | 34.4068 | 0 
-0.651172 -1.44805 0 0 | 37.8109 | 0 
-0.764453 -1.29961 0 0 | 24.4333 | 0 
-0.897266 -1.38555 0 0 | 22.2606 | 0 
-0.780078 -1.4832 0 0 | 30.8741 | 0 
-0.881641 -1.67461 0 0 | 20.7835 | 0 
-1.05352 -1.47539 0 0 | 23.7274 | 0 
-1.09258 -1.64727 0 0 | 21.5678 | 0 
-1.1707 -1.4168 0 0 | 27.2634 | 0 
-1.02227 -1.27227 0 0 | 14.1558 | 0 
-1.11602 -1.20195 0 0 | 12.2582 | 0 
-1.19805 -1.19805 0 0 | 16.4573 | 0 
-1.1082 -1.08477 0 0 | 6.01332 | 0 
-1.1082 -1.16289 0 0 | 9.59978 | 0 
-1.0418 -1.15898 0 0 | 7.35941 | 0 
-0.971484 -1.15898 0 0 | 7.03507 | 0 
-0.979297 -1.11211 0 0 | 4.66032 | 0 
-1.0418 -1.12773 0 0 | 5.75144 | 0 
-1.06523 -1.01445 0 0 | 3.03336 | 0 
-1.03789 -1.05352 0 0 | 3.02918 | 0 
-0.955859 -1.06914 0 0 | 3.36774 | 0 
-0.987109 -1.0418 0 0 | 2.43537 | 0 
-0.959766 -1.01055 0 0 | 2.28215 | 0 
-0.987109 -0.967578 0 0 | 2.15015 | 0 
-1.01445 -0.991016 0 0 | 2.06836 | 0 
-1.06133 -0.971484 0 0 | 2.96356 | 0 
-1.13555 -0.955859 0 0 | 5.99797 | 0 
-1.08867 -1.06914 0 0 | 4.76944 | 0 
-1.15508 -1.06523 0 0 | 7.68047 | 0 
-1.17852 -0.916797 0 0 | 9.22308 | 0 
-1.08867 -0.920703 0 0 | 4.76094 | 0 
-1.07695 -0.873828 0 0 | 6.05091 | 0 
-1.16289 -0.811328 0 0 | 13.0478 | 0 
-1.12773 -0.737109 0 0 | 15.6756 | 0 
-1.06914 -0.807422 0 0 | 9.19371 | 0 
-1.03008 -0.756641 0 0 | 11.3945 | 0 
-0.971484 -0.811328 0 0 | 8.00341 | 0 
-1.00273 -0.862109 0 0 | 5.27439 | 0 
-1.06133 -0.877734 0 0 | 5.43861 | 0 
-1.0457 -0.932422 0 0 | 3.26038 | 0 
-1.02617 -0.940234 0 0 | 2.7688 | 0 
-0.991016 -0.893359 0 0 | 3.95818 | 0 
-0.936328 -0.920703 0 0 | 3.72977 | 0 
-0.889453 -0.936328 0 0 | 4.77429 | 0 
-0.842578 -0.838672 0 0 | 10.6314 | 0 
-0.838672 -0.721484 0 0 | 17.7184 | 0 
-0.709766 -0.709766 0 0 | 26.0099 | 0 
-0.815234 -0.889453 0 0 | 9.78756 | 0 
-0.756641 -0.975391 0 0 | 11.2261 | 0 
-0.787891 -1.04961 0 0 | 9.84602 | 0 
-0.780078 -0.979297 0 0 | 9.7734 | 0 
-0.858203 -0.998828 0 0 | 5.4476 | 0 
-0.889453 -0.959766 0 0 | 4.34693 | 0 
-0.924609 -0.991016 0 0 | 2.95405 | 0 
-0.889453 -1.01445 0 0 | 4.17826 | 0 
-0.924609 -1.03008 0 0 | 3.19512 | 0 
-0.901172 -1.05352 0 0 | 4.34879 | 0 
-0.885547 -1.03008 0 0 | 4.49951 | 0 
-0.830859 -1.13555 0 0 | 10.5277 | 0 
-0.920703 -1.15117 0 0 | 7.5705 | 0 
-0.764453 -1.17852 0 0 | 16.7244 | 0 
-0.709766 -1.1082 0 0 | 16.4564 | 0 
-0.576953 -1.08086 0 0 | 21.6179 | 0 
-0.600391 -0.967578 0 0 | 19.5792 | 0 
-0.549609 -1.18633 0 0 | 27.3328 | 0 
-0.354297 -1.1668 0 0 | 22.5881 | 0 
-0.237109 -1.1043 0 0 | 12.5381 | 0 
-0.272266 -1.05742 0 0 | 13.2305 | 0 
-0.217578 -0.955859 0 0 | 9.32008 | 0 
-0.440234 -1.03789 0 0 | 20.8563 | 0 
-0.346484 -0.881641 0 0 | 19.2352 | 0 
-0.252734 -0.838672 0 0 | 15.6514 | 0 
-0.408984 -0.760547 0 0 | 28.4924 | 0 
-0.518359 -0.834766 0 0 | 25.8213 | 0 
-0.694141 -0.701953 0 0 | 27.3859 | 0 
-0.420703 -0.674609 0 0 | 33.9781 | 0 
-0.412891 -0.397266 0 0 | 36.8555 | 0 
-0.565234 -0.201953 0 0 | 26.5587 | 0 
-0.596484 -0.436328 0 0 | 37.9746 | 0 
-0.725391 -0.311328 0 0 | 25.9219 | 0 
-0.944141 -0.350391 0 0 | 17.5215 | 0 
-0.815234 -0.467578 0 0 | 26.6915 | 0 
-0.838672 -0.686328 0 0 | 19.7815 | 0 
-1.04961 -0.455859 0 0 | 21.4092 | 0 
-1.08086 -0.631641 0 0 | 19.6003 | 0 
-1.17461 -0.389453 0 0 | 24.6528 | 0 
-1.03789 -0.428516 0 0 | 20.5511 | 0 
-1.03008 -0.291797 0 0 | 13.9203 | 0 
-0.955859 -0.241016 0 0 | 10.7897 | 0 
-1.10039 -0.201953 0 0 | 10.2027 | 0 
-1.18633 -0.213672 0 0 | 15.2955 | 0 
-1.30742 -0.420703 0 0 | 34.2008 | 0 
-1.34258 -0.268359 0 0 | 28.5199 | 0 
-1.51836 -0.385547 0 0 | 39.9114 | 0 
-1.50273 -0.616016 0 0 | 40.095 | 0 
-1.27227 -0.647266 0 0 | 29.448 | 0 
-1.40508 -0.811328 0 0 | 27.1474 | 0 
-1.20586 -0.838672 0 0 | 14.1318 | 0 
-1.31523 -1.0457 0 0 | 17.2178 | 0 
-1.32305 -1.17461 0 0 | 22.9986 | 0 
-1.37383 -0.963672 0 0 | 20.0943 | 0 
-1.56133 -1.1082 0 0 | 25.156 | 0 
-1.63945 -0.979297 0 0 | 20.132 | 0 
-1.5418 -0.877734 0 0 | 25.6132 | 0 
-1.69023 -0.717578 0 0 | 29.0624 | 0 
-1.92461 -0.741016 0 0 | 15.9185 | 0 
-1.83086 -0.807422 0 0 | 15.609 | 0 
-1.90117 -0.858203 0 0 | 9.93089 | 0 
-1.74492 -0.834766 0 0 | 18.9829 | 0 
-1.76836 -1.06523 0 0 | 13.9391 | 0 
-1.78008 -1.1707 0 0 | 17.8818 | 0 
-1.88555 -1.14727 0 0 | 11.3317 | 0 
-1.90508 -1.08086 0 0 | 7.78709 | 0 
-1.82695 -1.0457 0 0 | 10.1918 | 0 
-1.91289 -0.959766 0 0 | 6.35894 | 0 
-1.92461 -0.963672 0 0 | 5.99326 | 0 
-2.00664 -0.998828 0 0 | 5.03324 | 0 
-2.07305 -0.983203 0 0 | 6.35475 | 0 
-2.04961 -1.03789 0 0 | 6.04205 | 0 
-1.99102 -1.01445 0 0 | 5.05039 | 0 
-1.99102 -1.07695 0 0 | 6.28622 | 0 
-2.03008 -1.15898 0 0 | 10.2305 | 0 
-2.06133 -1.08867 0 0 | 7.67986 | 0 
-2.12383 -1.16289 0 0 | 13.536 | 0 
-2.15898 -1.08086 0 0 | 11.6805 | 0 
-2.08086 -1.0418 0 0 | 7.02125 | 0 
-2.15508 -0.994922 0 0 | 10.0225 | 0 
-2.1668 -0.830859 0 0 | 15.5276 | 0 
-2.11602 -0.944141 0 0 | 8.51979 | 0 
-2.01836 -0.920703 0 0 | 6.20366 | 0 
-1.9832 -0.897266 0 0 | 6.80582 | 0 
-2.06133 -0.826953 0 0 | 11.0173 | 0 
-2.11211 -0.713672 0 0 | 19.6132 | 0 
-2.13555 -0.686328 0 0 | 22.3391 | 0 
-2.06914 -0.522266 0 0 | 25.3853 | 0 
-1.92461 -0.658984 0 0 | 20.6515 | 0 
-1.76445 -0.530078 0 0 | 32.3094 | 0 
-1.88945 -0.405078 0 0 | 24.3245 | 0 
-1.77617 -0.280078 0 0 | 23.4748 | 0 
-1.86602 -0.256641 0 0 | 17.3041 | 0 
-1.96367 -0.248828 0 0 | 14.1037 | 0 
-1.96758 -0.354297 0 0 | 20.2978 | 0 
-2.09258 -0.354297 0 0 | 22.2431 | 0 
-2.19805 -0.198047 0 0 | 18.4573 | 0 
-2.1043 -0.0964844 0 0 | 8.2908 | 0 
-2.03008 -0.182422 0 0 | 10.2129 | 0 
-1.99883 -0.143359 0 0 | 7.80594 | 0 
-2.00273 -0.0769531 0 0 | 5.16466 | 0 
-2.06914 -0.0808594 0 0 | 6.47983 | 0 
-2.01445 -0.0730469 0 0 | 5.13946 | 0 
-1.97539 -0.0339844 0 0 | 4.24974 | 0 
-2.00664 -0.00273438 0 0 | 4.03679 | 0 
-1.95977 0.0207031 0 0 | 4.24344 | 0 
-2.0418 0.0363281 0 0 | 4.77249 | 0 
-2.09648 0.0246094 0 0 | 6.29714 | 0 
-2.08867 -0.0300781 0 0 | 6.0538 | 0 
-2.13945 -0.0417969 0 0 | 8.52119 | 0 
-2.15117 -0.00664063 0 0 | 8.81816 | 0 
-2.17852 0.0988281 0 0 | 12.2805 | 0 
-2.08477 0.0753906 0 0 | 6.83813 | 0 
-2.18242 0.274609 0 0 | 22.2589 | 0 
-2.02227 0.262891 0 0 | 15.0654 | 0 
-1.97148 0.161328 0 0 | 8.78523 | 0 
-2.02617 0.157422 0 0 | 8.77073 | 0 
-2.02227 0.0832031 0 0 | 5.52984 | 0 
-1.99492 0.0714844 0 0 | 4.98175 | 0 
-1.9207 0.0753906 0 0 | 6.01162 | 0 
-1.86602 0.0636719 0 0 | 7.61485 | 0 
-1.83086 0.114453 0 0 | 10.9766 | 0 
-1.86992 0.251172 0 0 | 16.7914 | 0 
-1.70586 0.262891 0 0 | 26.5261 | 0 
-1.73711 0.102734 0 0 | 15.8492 | 0 
-1.7957 0.00507812 0 0 | 10.3974 | 0 
-1.82695 0.00117187 0 0 | 8.68913 | 0 
-1.94805 0.0480469 0 0 | 4.7775 | 0 
-1.90508 0.0128906 0 0 | 5.38871 | 0 
-1.93633 -0.0339844 0 0 | 4.76726 | 0 
-1.86211 -0.0339844 0 0 | 7.21992 | 0 
-1.85039 -0.108203 0 0 | 9.76136 | 0 
-1.9207 -0.119922 0 0 | 7.62617 | 0 
-1.82695 -0.174609 0 0 | 14.1576 | 0 
-1.67852 -0.170703 0 0 | 22.4098 | 0 
-1.63945 -0.0144531 0 0 | 19.1299 | 0 
-1.57305 0.00898437 0 0 | 21.4556 | 0 
-1.52227 -0.108203 0 0 | 24.4547 | 0 
-1.33477 -0.0769531 0 0 | 18.0116 | 0 
-1.26836 -0.0847656 0 0 | 14.152 | 0 
-1.2293 -0.0730469 0 0 | 11.2543 | 0 
-1.28008 0.0128906 0 0 | 13.5502 | 0 
-1.42852 0.0792969 0 0 | 22.2708 | 0 
-1.27617 0.0675781 0 0 | 14.1582 | 0 
-1.22148 0.184766 0 0 | 15.7591 | 0 
-1.38164 0.188672 0 0 | 25.5457 | 0 
-1.56133 0.192578 0 0 | 28.2114 | 0 
-1.69023 0.219922 0 0 | 24.6942 | 0 
-1.60039 0.540234 0 0 | 40.611 | 0 
-1.40508 0.407422 0 0 | 38.7692 | 0 
-1.38555 0.540234 0 0 | 39.4175 | 0 
-1.21758 0.653516 0 0 | 25.5842 | 0 
-1.49102 0.778516 0 0 | 31.0312 | 0 
-1.6668 0.633984 0 0 | 34.8339 | 0 
-1.94414 0.762891 0 0 | 14.1622 | 0 
-1.89336 0.606641 0 0 | 23.9528 | 0 
-1.74492 0.551953 0 0 | 33.1403 | 0 
-1.88555 0.321484 0 0 | 20.4768 | 0 
-1.84648 0.528516 0 0 | 27.831 | 0 
-1.9832 0.485547 0 0 | 24.1833 | 0 
-2.18242 0.415234 0 0 | 29.4307 | 0 
-2.04961 0.571484 0 0 | 24.0175 | 0 
-2.06523 0.735547 0 0 | 16.5414 | 0 
-2.11992 0.786328 0 0 | 15.5565 | 0 
-2.17852 0.817578 0 0 | 16.9528 | 0 
-2.19414 0.915234 0 0 | 13.5989 | 0 
-2.15898 1.00508 0 0 | 10.2644 | 0 
-2.12383 0.930859 0 0 | 9.18308 | 0 
-2.0457 1.04414 0 0 | 6.06675 | 0 
-2.00664 1.0207 0 0 | 5.16163 | 0 
-1.96367 0.962109 0 0 | 5.3231 | 0 
-1.95195 0.934766 0 0 | 5.96445 | 0 
-2.00273 0.903516 0 0 | 6.61074 | 0 
-2.07305 0.821484 0 0 | 11.6653 | 0 
-1.88945 0.817578 0 0 | 12.4357 | 0 
-1.86992 0.887891 0 0 | 9.82309 | 0 
-1.70586 0.837109 0 0 | 21.1447 | 0 
-1.75664 0.946484 0 0 | 14.1245 | 0 
-1.75664 1.02461 0 0 | 13.8378 | 0 
-1.88164 1.0168 0 0 | 7.27022 | 0 
-1.89727 0.969922 0 0 | 6.73042 | 0 
-1.93633 0.993359 0 0 | 5.53447 | 0 
-1.92461 1.0207 0 0 | 5.93155 | 0 
-1.93633 1.13008 0 0 | 8.97418 | 0 
-1.82695 1.13398 0 0 | 13.3139 | 0 
-1.70977 1.12617 0 0 | 19.6739 | 0 
-1.74102 1.21602 0 0 | 22.9549 | 0 
-1.82695 1.18477 0 0 | 16.1075 | 0 
-2.03398 1.29414 0 0 | 18.777 | 0 
-1.95195 1.13398 0 0 | 8.88742 | 0 
-2.06523 1.07539 0 0 | 7.35107 | 0 
-2.11992 1.13789 0 0 | 12.02 | 0 
-2.16289 1.22773 0 0 | 19.587 | 0 
-2.17852 1.36055 0 0 | 28.6557 | 0 
-2.02617 1.31367 0 0 | 19.8608 | 0 
-2.13164 1.43867 0 0 | 29.1104 | 0 
-2.13164 1.79805 0 0 | 18.0337 | 0 
-2.02617 1.55977 0 0 | 25.9763 | 0 
-1.77617 1.69648 0 0 | 27.6953 | 0 
-1.76836 1.47773 0 0 | 34.0621 | 0 
-1.51055 1.37227 0 0 | 41.0915 | 0 
-1.51055 1.73945 0 0 | 35.9477 | 0 
-1.28789 1.61836 0 0 | 33.9959 | 0 
-1.33477 1.47383 0 0 | 38.8966 | 0 
-1.32305 1.2707 0 0 | 29.0925 | 0 
-1.42852 1.11836 0 0 | 24.9397 | 0 
-1.64336 1.28242 0 0 | 32.5785 | 0 
-1.47539 1.1457 0 0 | 27.276 | 0 
-1.60039 0.966016 0 0 | 21.7973 | 0 
-1.44805 0.825391 0 0 | 27.6883 | 0 
-1.28398 0.973828 0 0 | 14.851 | 0 
-1.29961 0.872266 0 0 | 18.5681 | 0 
-1.19805 0.860547 0 0 | 12.5685 | 0 
-1.08477 0.883984 0 0 | 5.88448 | 0 
-1.16289 0.876172 0 0 | 9.79301 | 0 
-1.16289 0.950391 0 0 | 7.53339 | 0 
-1.16289 1.02852 0 0 | 7.36619 | 0 
-1.10039 1.04805 0 0 | 4.68577 | 0 
-1.12383 0.934766 0 0 | 5.84215 | 0 
-1.0457 0.954297 0 0 | 2.82314 | 0 
-1.01836 0.977734 0 0 | 2.15718 | 0 
-1.0457 1.01289 0 0 | 2.56171 | 0 
-1.01445 1.04023 0 0 | 2.47025 | 0 
-0.994922 1.0168 0 0 | 2.08447 | 0 
-0.955859 1.02852 0 0 | 2.51373 | 0 
-0.967578 0.977734 0 0 | 2.19665 | 0 
-0.983203 0.938672 0 0 | 2.63671 | 0 
-0.955859 0.895703 0 0 | 4.16954 | 0 
-1.00664 0.899609 0 0 | 3.75561 | 0 
-1.05352 0.915234 0 0 | 3.89265 | 0 
-1.0418 0.876172 0 0 | 5.07294 | 0 
-1.02227 0.829297 0 0 | 7.05168 | 0 
-0.955859 0.801953 0 0 | 8.73229 | 0 
-0.920703 0.864453 0 0 | 6.2234 | 0 
-0.862109 0.891797 0 0 | 7.28613 | 0 
-0.862109 0.852734 0 0 | 8.97862 | 0 
-0.725391 0.821484 0 0 | 18.3991 | 0 
-0.823047 0.868359 0 0 | 10.2313 | 0 
-0.744922 0.969922 0 0 | 11.9927 | 0 
-0.838672 1.04023 0 0 | 6.81567 | 0 
-0.850391 0.981641 0 0 | 5.85555 | 0 
-0.869922 0.930859 0 0 | 5.71024 | 0 
-0.916797 0.977734 0 0 | 3.22984 | 0 
-0.932422 0.930859 0 0 | 3.55277 | 0 
-0.940234 1.00898 0 0 | 2.61484 | 0 
-0.901172 1.02852 0 0 | 3.8968 | 0 
-0.928516 1.06758 0 0 | 3.88169 | 0 
-0.924609 1.12227 0 0 | 6.02398 | 0 
-0.862109 1.13008 0 0 | 8.70262 | 0 
-0.819141 1.07539 0 0 | 8.71969 | 0 
-0.729297 1.11445 0 0 | 15.5472 | 0 
-0.787891 1.22383 0 0 | 18.1232 | 0 
-0.842578 1.23164 0 0 | 15.5815 | 0 
-0.893359 1.27852 0 0 | 16.3769 | 0 
-1.01445 1.22773 0 0 | 11.1832 | 0 
-1.01055 1.17305 0 0 | 7.77029 | 0 
-0.967578 1.05977 0 0 | 2.96291 | 0 
-0.994922 1.09102 0 0 | 3.77636 | 0 
-1.02617 1.05195 0 0 | 2.82261 | 0 
-1.05352 1.11836 0 0 | 5.56077 | 0 
-1.13555 1.16914 0 0 | 11.2043 | 0 
-1.1668 1.05586 0 0 | 8.09296 | 0 
-1.15898 1.2043 0 0 | 14.5492 | 0 
-1.19023 1.25898 0 0 | 19.8984 | 0 
-0.971484 1.40742 0 0 | 21.4401 | 0 
-1.1043 1.44648 0 0 | 24.8232 | 0 
-1.14336 1.68086 0 0 | 22.1312 | 0 
-1.13555 1.67695 0 0 | 21.9446 | 0 
-0.971484 1.79023 0 0 | 11.8076 | 0 
-0.881641 1.57148 0 0 | 24.8952 | 0 
-0.854297 1.7043 0 0 | 20.3727 | 0 
-0.799609 1.56367 0 0 | 29.228 | 0 
-0.944141 1.49727 0 0 | 23.7413 | 0 
-0.592578 1.38398 0 0 | 38.0807 | 0 
-0.651172 1.57539 0 0 | 37.6229 | 0 
-0.557422 1.56367 0 0 | 41.3223 | 0 
-0.205859 1.68477 0 0 | 24.1278 | 0 
-0.412891 1.35664 0 0 | 36.7603 | 0 
-0.358203 1.1418 0 0 | 21.432 | 0 
-0.424609 1.24336 0 0 | 30.208 | 0 
-0.690234 1.18086 0 0 | 21.3295 | 0 
-0.514453 1.13789 0 0 | 25.0425 | 0 
-0.608203 1.02461 0 0 | 19.3156 | 0 
-0.588672 0.829297 0 0 | 24.7432 | 0 
-0.366016 0.915234 0 0 | 19.0176 | 0 
-0.377734 1.04805 0 0 | 18.8848 | 0 
-0.268359 1.0168 0 0 | 12.3125 | 0 
-0.280078 0.895703 0 0 | 14.8308 | 0 
-0.233203 0.747266 0 0 | 19.7312 | 0 
-0.330859 0.669141 0 0 | 30.2868 | 0 
-0.248828 0.563672 0 0 | 29.5164 | 0 
-0.455859 0.512891 0 0 | 40.0559 | 0 
-0.608203 0.669141 0 0 | 33.459 | 0 
-0.530078 0.778516 0 0 | 28.9269 | 0 
-0.729297 0.716016 0 0 | 24.4608 | 0 
-0.834766 0.665234 0 0 | 21.1394 | 0 
-0.940234 0.704297 0 0 | 14.9092 | 0 
-0.858203 0.739453 0 0 | 15.6587 | 0 
-0.975391 0.786328 0 0 | 9.42621 | 0 
-1.03398 0.712109 0 0 | 14.1616 | 0 
-1.09648 0.774609 0 0 | 12.0442 | 0 
-1.08867 0.661328 0 0 | 18.4225 | 0 
-1.0457 0.579297 0 0 | 20.6228 | 0 
-1.12773 0.524609 0 0 | 24.4791 | 0 
-1.1082 0.356641 0 0 | 19.7889 | 0 
-0.881641 0.333203 0 0 | 18.5214 | 0 
-0.768359 0.454297 0 0 | 29.2363 | 0 
-0.760547 0.305859 0 0 | 23.4479 | 0 
-0.815234 0.196484 0 0 | 13.4187 | 0 
-0.733203 0.0871094 0 0 | 13.0594 | 0 
-0.768359 0.118359 0 0 | 12.0935 | 0 
-0.866016 0.122266 0 0 | 6.91258 | 0 
-0.846484 0.0558594 0 0 | 5.63155 | 0 
-0.908984 0.110547 0 0 | 4.74637 | 0 
-0.948047 0.0792969 0 0 | 2.64889 | 0 
-0.901172 0.141797 0 0 | 6.41214 | 0 
-0.893359 0.204297 0 0 | 10.1696 | 0 
-0.842578 0.239453 0 0 | 14.6108 | 0 
-0.955859 0.219922 0 0 | 9.46554 | 0 
-1.10039 0.282422 0 0 | 15.238 | 0 
-1.12383 0.176953 0 0 | 9.74114 | 0 
-1.13555 0.141797 0 0 | 8.43542 | 0 
-1.18633 0.0871094 0 0 | 8.98101 | 0 
-1.13164 0.102734 0 0 | 6.5332 | 0 
-1.06523 0.0792969 0 0 | 3.18506 | 0 
-1.0418 0.0832031 0 0 | 2.77078 | 0 
-1.06523 0.0832031 0 0 | 3.30562 | 0 
-1.02227 0.149609 0 0 | 5.26742 | 0 
-0.975391 0.145703 0 0 | 4.99782 | 0 
-0.991016 0.0988281 0 0 | 2.87458 | 0 
-1.00664 0.0519531 0 0 | 1.5528 | 0 
-0.959766 0.0363281 0 0 | 1.49969 | 0 
-0.971484 0.0480469 0 0 | 1.5584 | 0 
-1.01055 0.0207031 0 0 | 1.12807 | 0 
-1.01055 0.00507812 0 0 | 1.04827 | 0 
-0.967578 0.00117187 0 0 | 1.14326 | 0 
-0.963672 -0.0105469 0 0 | 1.2101 | 0 
-0.979297 -0.0417969 0 0 | 1.38812 | 0 
-0.991016 -0.0574219 0 0 | 1.64516 | 0 
-1.00664 -0.0457031 0 0 | 1.4336 | 0 
-0.991016 -0.0144531 0 0 | 1.03946 | 0 
-1.01836 -0.0574219 0 0 | 1.75064 | 0 
-1.06914 -0.0652344 0 0 | 2.9045 | 0 
-1.07305 -0.00273438 0 0 | 2.18781 | 0 
-1.02617 0.0167969 0 0 | 1.24385 | 0 
-1.0457 0.0363281 0 0 | 1.76367 | 0 
-1.10039 0.0324219 0 0 | 3.34297 | 0 
-1.09648 0.0167969 0 0 | 3.04018 | 0 
-1.17461 0.0480469 0 0 | 7.27249 | 0 
-1.16289 -0.0652344 0 0 | 6.98084 | 0 
-1.09258 -0.0144531 0 0 | 2.87976 | 0 
-1.09648 -0.131641 0 0 | 6.23162 | 0 
-1.15117 -0.139453 0 0 | 9.12584 | 0 
-1.07695 -0.158984 0 0 | 6.91938 | 0 
-1.0418 -0.170703 0 0 | 6.67857 | 0 
-1.06133 -0.104297 0 0 | 3.94202 | 0 
-0.994922 -0.131641 0 0 | 4.24232 | 0 
-0.971484 -0.116016 0 0 | 3.65856 | 0 
-1.01055 -0.194141 0 0 | 7.64271 | 0 
-0.916797 -0.166797 0 0 | 7.21108 | 0 
-0.846484 -0.198047 0 0 | 11.8514 | 0 
-0.873828 -0.112109 0 0 | 6.13736 | 0 
-0.877734 -0.100391 0 0 | 5.51327 | 0 
-0.948047 -0.123828 0 0 | 4.31926 | 0 
-0.944141 -0.0496094 0 0 | 1.98536 | 0 
-0.916797 -0.0496094 0 0 | 2.66051 | 0 
-0.936328 -0.0300781 0 0 | 1.8453 | 0 
-0.944141 0.0246094 0 0 | 1.62093 | 0 
-0.901172 0.0441406 0 0 | 3.06297 | 0 
-0.877734 -0.00273438 0 0 | 3.5804 | 0 
-0.854297 0.0128906 0 0 | 4.66867 | 0 
-0.772266 -0.0652344 0 0 | 10.0345 | 0 
-0.772266 -0.00273438 0 0 | 9.20345 | 0 
-0.760547 -0.0457031 0 0 | 10.3278 | 0 
-0.787891 -0.0847656 0 0 | 9.65474 | 0 
-0.682422 -0.174609 0 0 | 20.054 | 0 
-0.565234 -0.198047 0 0 | 26.3238 | 0 
-0.530078 0.00117187 0 0 | 20.1032 | 0 
-0.616016 0.0871094 0 0 | 19.3066 | 0 
-0.537891 0.196484 0 0 | 26.7464 | 0 
-0.416797 0.251172 0 0 | 28.9748 | 0 
-0.291797 0.157422 0 0 | 17.2117 | 0 
-0.256641 0.0363281 0 0 | 10.7437 | 0 
-0.283984 0.0167969 0 0 | 12.2557 | 0 
-0.444141 -0.0339844 0 0 | 19.8159 | 0 
-0.428516 -0.127734 0 0 | 22.2596 | 0 
-0.198047 -0.198047 0 0 | 13.6652 | 0 
-0.198047 -0.0964844 0 0 | 8.62386 | 0 
-0.135547 -0.0808594 0 0 | 4.70068 | 0 
-0.135547 -0.151172 0 0 | 7.6358 | 0 
-0.0535156 -0.151172 0 0 | 4.7676 | 0 
0.0441406 -0.198047 0 0 | 7.21666 | 0 
0.0207031 -0.123828 0 0 | 2.97731 | 0 
0.0207031 -0.0847656 0 0 | 1.47719 | 0 
0.00117187 -0.0847656 0 0 | 1.39255 | 0 
-0.0222656 -0.104297 0 0 | 2.18052 | 0 
-0.0652344 -0.135547 0 0 | 4.26364 | 0 
-0.0496094 -0.0613281 0 0 | 1.22138 | 0 
-0.0730469 -0.0144531 0 0 | 1.08164 | 0 
-0.0417969 -0.0300781 0 0 | 0.523563 | 0 
-0.0222656 -0.0574219 0 0 | 0.745318 | 0 
-0.00664063 -0.0730469 0 0 | 1.04898 | 0 
0.0128906 -0.0691406 0 0 | 0.9666 | 0 
0.0285156 -0.0574219 0 0 | 0.808015 | 0 
0.0324219 -0.0144531 0 0 | 0.249243 | 0 
-0.0105469 -0.0417969 0 0 | 0.36667 | 0 
-0.00273438 -0.00664063 0 0 | 0.0102307 | 0 
0.00507812 0.0128906 0 0 | 0.0380641 | 0 
0.0246094 -0.0105469 0 0 | 0.141973 | 0 
0.0363281 -0.00273438 0 0 | 0.262179 | 0 
0.0441406 0.0246094 0 0 | 0.504 | 0 
0.0128906 0.0324219 0 0 | 0.240777 | 0 
-0.0261719 0.0402344 0 0 | 0.455048 | 0 
-0.0261719 0.0167969 0 0 | 0.191509 | 0 
-0.0417969 0.0167969 0 0 | 0.400531 | 0 
-0.0613281 0.0128906 0 0 | 0.769988 | 0 
-0.0613281 0.0480469 0 0 | 1.19158 | 0 
-0.100391 0.0207031 0 0 | 2.01927 | 0 
-0.123828 0.00898437 0 0 | 2.9084 | 0 
-0.100391 -0.0144531 0 0 | 1.97577 | 0 
-0.119922 -0.0574219 0 0 | 3.36846 | 0 
-0.135547 -0.0144531 0 0 | 3.47248 | 0 
-0.158984 -0.0535156 0 0 | 5.17611 | 0 
-0.143359 0.00507812 0 0 | 3.81547 | 0 
-0.194141 0.0714844 0 0 | 7.5965 | 0 
-0.127734 0.0636719 0 0 | 3.86146 | 0 
-0.119922 0.0949219 0 0 | 4.45678 | 0 
-0.108203 0.173047 0 0 | 7.61614 | 0 
-0.147266 0.208203 0 0 | 11.453 | 0 
-0.100391 0.282422 0 0 | 14.0372 | 0 
-0.00273438 0.286328 0 0 | 12.3463 | 0 
0.0324219 0.149609 0 0 | 4.33252 | 0 
-0.00273438 0.173047 0 0 | 5.38253 | 0 
-0.0535156 0.118359 0 0 | 3.21702 | 0 
-0.0261719 0.0910156 0 0 | 1.73496 | 0 
-0.0457031 0.0753906 0 0 | 1.51836 | 0 
-0.0535156 0.0597656 0 0 | 1.26327 | 0 
-0.0144531 0.0792969 0 0 | 1.26344 | 0 
-0.00664063 0.102734 0 0 | 2.03131 | 0 
0.0363281 0.0832031 0 0 | 1.60328 | 0 
0.0675781 0.0714844 0 0 | 1.8895 | 0 
0.0949219 0.0910156 0 0 | 3.33482 | 0 
0.102734 0.0519531 0 0 | 2.55333 | 0 
0.157422 0.110547 0 0 | 6.85949 | 0 
0.157422 0.145703 0 0 | 8.45758 | 0 
0.0871094 0.180859 0 0 | 7.29222 | 0 
0.114453 0.251172 0 0 | 12.626 | 0 
0.145703 0.188672 0 0 | 10.204 | 0 
0.290234 0.192578 0 0 | 19.0923 | 0 
0.282422 0.0753906 0 0 | 13.2096 | 0 
0.251172 -0.0691406 0 0 | 11.0704 | 0 
0.235547 0.0128906 0 0 | 9.18156 | 0 
0.153516 -0.00664063 0 0 | 4.33459 | 0 
0.133984 0.0246094 0 0 | 3.47701 | 0 
0.0949219 0.0441406 0 0 | 2.11953 | 0 
0.0597656 0.0246094 0 0 | 0.820309 | 0 
0.0636719 0.00117187 0 0 | 0.793959 | 0 
0.0871094 0.00898437 0 0 | 1.4844 | 0 
0.102734 -0.0183594 0 0 | 2.08936 | 0 
0.0636719 -0.0378906 0 0 | 1.07718 | 0 
0.0636719 -0.0652344 0 0 | 1.62625 | 0 
0.0832031 -0.0457031 0 0 | 1.75415 | 0 
0.122266 -0.0574219 0 0 | 3.47057 | 0 
0.153516 -0.0261719 0 0 | 4.46143 | 0 
0.149609 -0.112109 0 0 | 6.51728 | 0 
0.0519531 -0.0847656 0 0 | 1.92305 | 0 
0.0832031 -0.135547 0 0 | 4.77365 | 0 
0.0949219 -0.151172 0 0 | 5.94017 | 0 
0.153516 -0.147266 0 0 | 8.33156 | 0 
0.192578 -0.131641 0 0 | 9.7543 | 0 
0.360547 -0.147266 0 0 | 20.5364 | 0 
0.434766 -0.0730469 0 0 | 20.4009 | 0 
0.489453 -0.166797 0 0 | 25.2525 | 0 
0.665234 -0.143359 0 0 | 19.3306 | 0 
0.766797 -0.108203 0 0 | 11.7697 | 0 
0.692578 -0.0691406 0 0 | 14.9435 | 0 
0.751172 -0.0222656 0 0 | 10.5888 | 0 
0.633984 -0.0339844 0 0 | 17.2911 | 0 
0.598828 0.137891 0 0 | 22.035 | 0 
0.778516 0.0871094 0 0 | 10.2924 | 0 
0.755078 0.188672 0 0 | 16.528 | 0 
0.645703 0.192578 0 0 | 23.018 | 0 
0.497266 0.106641 0 0 | 22.4192 | 0 
0.344922 0.462109 0 0 | 35.6672 | 0 
0.626172 0.329297 0 0 | 32.2981 | 0 
0.653516 0.673047 0 0 | 31.2267 | 0 
0.430859 0.762891 0 0 | 29.0297 | 0 
0.419141 0.583203 0 0 | 37.9171 | 0 
0.251172 0.758984 0 0 | 20.1486 | 0 
0.173047 0.676953 0 0 | 20.2695 | 0 
0.239453 0.563672 0 0 | 28.9232 | 0 
0.192578 0.380078 0 0 | 23.9444 | 0 
0.157422 0.528516 0 0 | 24.6497 | 0 
0.0167969 0.352734 0 0 | 16.1963 | 0 
-0.112109 0.325391 0 0 | 17.0602 | 0 
-0.119922 0.426953 0 0 | 21.8687 | 0 
-0.158984 0.657422 0 0 | 20.5398 | 0 
0.0167969 0.587109 0 0 | 18.9398 | 0 
-0.00273438 0.755078 0 0 | 10.2526 | 0 
-0.162891 0.680859 0 0 | 19.4949 | 0 
-0.139453 0.844922 0 0 | 8.71589 | 0 
-0.0925781 0.864453 0 0 | 5.81317 | 0 
-0.158984 0.911328 0 0 | 6.95606 | 0 
-0.182422 0.919141 0 0 | 8.02155 | 0 
-0.162891 1.03242 0 0 | 6.09516 | 0 
-0.131641 1.03633 0 0 | 4.58072 | 0 
-0.0886719 0.973828 0 0 | 2.60341 | 0 
-0.108203 0.926953 0 0 | 4.12924 | 0 
-0.0652344 0.946484 0 0 | 2.28841 | 0 
-0.0300781 0.942578 0 0 | 1.71123 | 0 
-0.0457031 0.977734 0 0 | 1.46523 | 0 
-0.0496094 1.01289 0 0 | 1.54307 | 0 
-0.0378906 1.02461 0 0 | 1.45263 | 0 
-0.0378906 1.00508 0 0 | 1.29877 | 0 
-0.00273438 0.997266 0 0 | 0.997498 | 0 
0.00117187 1.00508 0 0 | 1.01554 | 0 
0.00898437 1.03633 0 0 | 1.34936 | 0 
0.0207031 1.02852 0 0 | 1.30284 | 0 
0.0246094 0.993359 0 0 | 1.11538 | 0 
0.0480469 0.962109 0 0 | 1.66225 | 0 
0.0128906 0.985547 0 0 | 1.04546 | 0 
0.00117187 0.934766 0 0 | 1.70237 | 0 
0.0480469 0.919141 0 0 | 2.56243 | 0 
0.0324219 0.864453 0 0 | 4.3678 | 0 
-0.00664063 0.903516 0 0 | 2.60706 | 0 
-0.0417969 0.903516 0 0 | 2.94293 | 0 
-0.0652344 0.887891 0 0 | 4.00094 | 0 
-0.0691406 0.833203 0 0 | 6.63497 | 0 
0.0597656 0.809766 0 0 | 7.68857 | 0 
0.0714844 0.833203 0 0 | 6.69826 | 0 
0.0949219 0.911328 0 0 | 4.07827 | 0 
0.173047 0.844922 0 0 | 10.4782 | 0 
0.266797 0.809766 0 0 | 18.1128 | 0 
0.247266 0.926953 0 0 | 11.7835 | 0 
0.216016 1.02852 0 0 | 9.14547 | 0 
0.153516 1.0207 0 0 | 5.45216 | 0 
0.157422 0.977734 0 0 | 5.58412 | 0 
0.122266 0.938672 0 0 | 4.43783 | 0 
0.0832031 0.973828 0 0 | 2.42582 | 0 
0.0753906 0.938672 0 0 | 2.72117 | 0 
0.0597656 0.993359 0 0 | 1.69586 | 0 
0.0832031 1.0207 0 0 | 2.4689 | 0 
0.0597656 1.04414 0 0 | 2.17276 | 0 
0.0910156 1.0793 0 0 | 3.97999 | 0 
0.0519531 1.09102 0 0 | 3.31217 | 0 
0.110547 1.17305 0 0 | 9.05617 | 0 
0.161328 1.17305 0 0 | 11.4655 | 0 
0.212109 1.11055 0 0 | 11.2368 | 0 
0.282422 1.16523 0 0 | 18.3829 | 0 
0.216016 1.18867 0 0 | 15.5818 | 0 
0.126172 1.23945 0 0 | 13.8712 | 0 
0.0246094 1.25898 0 0 | 12.2692 | 0 
-0.0730469 1.22773 0 0 | 11.1531 | 0 
0.0402344 1.15352 0 0 | 5.95233 | 0 
0.0441406 1.11055 0 0 | 3.93422 | 0 
0.0207031 1.06367 0 0 | 2.00595 | 0 
0.00898437 1.09492 0 0 | 2.9413 | 0 
-0.0261719 1.06758 0 0 | 2.1633 | 0 
-0.0652344 1.07539 0 0 | 3.09014 | 0 
-0.0222656 1.15742 0 0 | 5.94349 | 0 
-0.116016 1.14961 0 0 | 7.97861 | 0 
-0.0808594 1.07539 0 0 | 3.52718 | 0 
-0.151172 1.10273 0 0 | 7.43276 | 0 
-0.186328 1.10664 0 0 | 9.52666 | 0 
-0.0847656 1.29023 0 0 | 15.5581 | 0 
-0.0925781 1.40352 0 0 | 21.8411 | 0 
0.0246094 1.39961 0 0 | 20.1545 | 0 
-0.123828 1.47773 0 0 | 24.9784 | 0 
-0.186328 1.79023 0 0 | 16.8437 | 0 
-0.0574219 1.73945 0 0 | 14.335 | 0 
-0.0105469 1.65742 0 0 | 18.2634 | 0 
0.0675781 1.5832 0 0 | 22.0634 | 0 
0.0792969 1.69258 0 0 | 17.617 | 0 
0.270703 1.77852 0 0 | 22.7514 | 0 
0.255078 1.43086 0 0 | 31.5026 | 0 
0.258984 1.33711 0 0 | 27.6232 | 0 
0.309766 1.50898 0 0 | 36.0246 | 0 
0.512891 1.5832 0 0 | 41.4011 | 0 
0.798047 1.56367 0 0 | 29.3191 | 0 
0.669141 1.44258 0 0 | 36.7497 | 0 
0.766797 1.31758 0 0 | 25.3902 | 0 
0.716016 1.05586 0 0 | 14.3562 | 0 
0.649609 1.18477 0 0 | 23.7384 | 0 
0.395703 1.28633 0 0 | 32.0026 | 0 
0.344922 1.06367 0 0 | 17.6568 | 0 
0.516797 1.10273 0 0 | 23.4395 | 0 
0.442578 1.04023 0 0 | 20.952 | 0 
0.426953 0.852734 0 0 | 23.8586 | 0 
0.673047 0.833203 0 0 | 20.8032 | 0 
0.630078 0.997266 0 0 | 18.2349 | 0 
0.708203 0.942578 0 0 | 14.6299 | 0 
0.782422 1.04414 0 0 | 10.0615 | 0 
0.739453 0.903516 0 0 | 13.8073 | 0 
0.762891 0.805859 0 0 | 16.9842 | 0 
0.899609 0.844922 0 0 | 7.8307 | 0 
0.923047 0.911328 0 0 | 4.34115 | 0 
0.805859 0.907422 0 0 | 9.67931 | 0 
0.825391 0.969922 0 0 | 7.23831 | 0 
0.837109 1.0168 0 0 | 6.58622 | 0 
0.911328 1.0168 0 0 | 3.43234 | 0 
0.880078 0.973828 0 0 | 4.56474 | 0 
0.907422 0.930859 0 0 | 4.26341 | 0 
0.966016 0.930859 0 0 | 2.95567 | 0 
0.950391 0.969922 0 0 | 2.50392 | 0 
0.926953 1.04805 0 0 | 3.44477 | 0 
0.958203 1.00898 0 0 | 2.29499 | 0 
0.997266 1.04023 0 0 | 2.39594 | 0 
1.03242 0.997266 0 0 | 2.26869 | 0 
1.03242 0.966016 0 0 | 2.43297 | 0 
0.989453 0.969922 0 0 | 2.11976 | 0 
1.04414 0.954297 0 0 | 2.79253 | 0 
1.0207 0.868359 0 0 | 5.11041 | 0 
1.00508 0.919141 0 0 | 3.12316 | 0 
0.942578 0.895703 0 0 | 4.40601 | 0 
0.973828 0.872266 0 0 | 4.89555 | 0 
0.989453 0.809766 0 0 | 7.98914 | 0 
1.06367 0.829297 0 0 | 7.82999 | 0 
1.05977 0.876172 0 0 | 5.46466 | 0 
1.10273 0.872266 0 0 | 7.04033 | 0 
1.17305 0.825391 0 0 | 12.8466 | 0 
1.25898 0.833203 0 0 | 17.8506 | 0 
1.18086 0.895703 0 0 | 10.0593 | 0 
1.29414 0.985547 0 0 | 15.4253 | 0 
1.2043 0.993359 0 0 | 9.61349 | 0 
1.15352 0.950391 0 0 | 7.01799 | 0 
1.09883 0.934766 0 0 | 4.77629 | 0 
1.07148 1.00117 0 0 | 3.14253 | 0 
1.09492 1.0207 0 0 | 4.05161 | 0 
1.05195 1.0207 0 0 | 2.761 | 0 
1.10273 1.11055 0 0 | 6.77816 | 0 
1.11445 1.17305 0 0 | 10.4454 | 0 
1.25898 1.13008 0 0 | 16.5844 | 0 
1.23945 1.2668 0 0 | 23.5322 | 0 
1.10664 1.23164 0 0 | 13.7526 | 0 
1.04023 1.27461 0 0 | 14.5647 | 0 
0.938672 1.22773 0 0 | 11.7273 | 0 
1.00508 1.1457 0 0 | 6.2338 | 0 
1.04023 1.05977 0 0 | 3.21986 | 0 
1.00508 1.0832 0 0 | 3.52426 | 0 
0.981641 1.07539 0 0 | 3.28765 | 0 
0.942578 1.1418 0 0 | 6.54914 | 0 
0.911328 1.15352 0 0 | 7.97569 | 0 
0.848828 1.10273 0 0 | 8.13041 | 0 
0.821484 1.20039 0 0 | 14.707 | 0 
0.903516 1.28242 0 0 | 16.266 | 0 
0.919141 1.34883 0 0 | 19.7454 | 0 
0.942578 1.37617 0 0 | 20.5491 | 0 
0.864453 1.57148 0 0 | 25.6377 | 0 
0.880078 1.74336 0 0 | 16.9379 | 0 
1.00898 1.77461 0 0 | 12.6431 | 0 
0.993359 1.55586 0 0 | 22.8065 | 0 
1.05586 1.64961 0 0 | 20.3434 | 0 
1.24727 1.67695 0 0 | 28.6263 | 0 
1.18477 1.52852 0 0 | 29.595 | 0 
1.5207 1.33711 0 0 | 39.22 | 0 
1.41133 1.7082 0 0 | 35.9936 | 0 
1.7082 1.69648 0 0 | 31.6916 | 0 
1.60273 1.37227 0 0 | 39.3884 | 0 
1.58711 1.11836 0 0 | 24.949 | 0 
1.45039 1.28633 0 0 | 35.5392 | 0 
1.48555 1.05195 0 0 | 23.8003 | 0 
1.38398 1.02852 0 0 | 20.5921 | 0 
1.44258 0.923047 0 0 | 23.4355 | 0 
1.60273 1.00508 0 0 | 21.572 | 0 
1.71602 0.833203 0 0 | 20.7651 | 0 
1.57539 0.716016 0 0 | 34.0125 | 0 
1.79414 0.610547 0 0 | 28.5369 | 0 
1.5207 0.508984 0 0 | 42.4712 | 0 
1.38398 0.633984 0 0 | 36.437 | 0 
1.26289 0.622266 0 0 | 29.9827 | 0 
1.17305 0.692578 0 0 | 20.737 | 0 
1.04414 0.688672 0 0 | 15.7053 | 0 
0.848828 0.786328 0 0 | 13.2579 | 0 
0.891797 0.649609 0 0 | 19.3384 | 0 
0.946484 0.598828 0 0 | 19.9477 | 0 
0.809766 0.548047 0 0 | 26.8363 | 0 
0.997266 0.387891 0 0 | 18.7665 | 0 
1.16914 0.469922 0 0 | 26.5449 | 0 
1.26289 0.391797 0 0 | 30.3341 | 0 
1.17695 0.251172 0 0 | 17.0917 | 0 
1.29414 0.169141 0 0 | 19.5766 | 0 
1.23164 0.0753906 0 0 | 11.4727 | 0 
1.12227 0.173047 0 0 | 9.44902 | 0 
1.16914 0.0597656 0 0 | 7.2025 | 0 
1.10664 0.0871094 0 0 | 4.85509 | 0 
1.05977 0.130078 0 0 | 4.99496 | 0 
1.05586 0.184766 0 0 | 7.77361 | 0 
1.1418 0.251172 0 0 | 15.1536 | 0 
1.0168 0.294141 0 0 | 13.9141 | 0 
0.977734 0.212109 0 0 | 8.74034 | 0 
0.895703 0.274609 0 0 | 14.4892 | 0 
0.844922 0.231641 0 0 | 13.9998 | 0 
0.919141 0.130078 0 0 | 5.28292 | 0 
0.825391 0.169141 0 0 | 11.2833 | 0 
0.833203 0.110547 0 0 | 8.03035 | 0 
0.880078 0.0988281 0 0 | 5.35803 | 0 
0.895703 0.0636719 0 0 | 3.66742 | 0 
0.973828 0.0714844 0 0 | 2.08019 | 0 
0.942578 0.0910156 0 0 | 3.13165 | 0 
0.954297 0.173047 0 0 | 6.70121 | 0 
1.00898 0.145703 0 0 | 4.96111 | 0 
1.03633 0.106641 0 0 | 3.50677 | 0 
1.00898 0.0675781 0 0 | 1.92653 | 0 
1.03242 0.0636719 0 0 | 2.06636 | 0 
1.03633 0.0363281 0 0 | 1.59405 | 0 
1.00508 0.0363281 0 0 | 1.27597 | 0 
1.00508 0.00507812 0 0 | 1.02039 | 0 
1.03242 0.00117187 0 0 | 1.27295 | 0 
1.03633 -0.0222656 0 0 | 1.43155 | 0 
1.04414 -0.0574219 0 0 | 2.11949 | 0 
1.01289 -0.0574219 0 0 | 1.70585 | 0 
0.997266 -0.0378906 0 0 | 1.27951 | 0 
0.977734 -0.0144531 0 0 | 1.09508 | 0 
0.985547 -0.0574219 0 0 | 1.65963 | 0 
0.954297 -0.0613281 0 0 | 2.0572 | 0 
0.934766 -0.0417969 0 0 | 2.04671 | 0 
0.930859 0.00117187 0 0 | 1.79564 | 0 
0.969922 -0.00273438 0 0 | 1.12028 | 0 
0.966016 0.0324219 0 0 | 1.36813 | 0 
0.942578 0.0441406 0 0 | 1.91637 | 0 
0.923047 0.0402344 0 0 | 2.31779 | 0 
0.887891 0.0167969 0 0 | 3.22429 | 0 
0.864453 0.0480469 0 0 | 4.61451 | 0 
0.825391 0.0128906 0 0 | 6.15246 | 0 
0.801953 -0.0496094 0 0 | 7.92082 | 0 
0.876172 -0.0457031 0 0 | 4.05631 | 0 
0.919141 -0.0261719 0 0 | 2.24348 | 0 
0.915234 -0.100391 0 0 | 4.15711 | 0 
0.868359 -0.100391 0 0 | 5.91844 | 0 
0.833203 -0.119922 0 0 | 8.42265 | 0 
0.852734 -0.194141 0 0 | 11.3107 | 0 
0.954297 -0.186328 0 0 | 7.46013 | 0 
0.926953 -0.112109 0 0 | 4.28673 | 0 
0.981641 -0.119922 0 0 | 3.75141 | 0 
0.989453 -0.0964844 0 0 | 2.79225 | 0 
1.02461 -0.108203 0 0 | 3.40423 | 0 
0.997266 -0.158984 0 0 | 5.60925 | 0 
1.07148 -0.143359 0 0 | 5.95027 | 0 
1.14961 -0.166797 0 0 | 10.4588 | 0 
1.16133 -0.0964844 0 0 | 7.85234 | 0 
1.06758 -0.123828 0 0 | 4.9201 | 0 
1.06758 -0.0535156 0 0 | 2.59058 | 0 
1.11055 -0.0222656 0 0 | 3.64832 | 0 
1.0793 0.0128906 0 0 | 2.41357 | 0 
1.11055 0.0402344 0 0 | 3.86959 | 0 
1.17305 0.0285156 0 0 | 6.88803 | 0 
1.1418 -0.0613281 0 0 | 5.7539 | 0 
1.19258 -0.0144531 0 0 | 7.9335 | 0 
1.21211 0.00507812 0 0 | 9.11601 | 0 
1.27852 -0.123828 0 0 | 16.3091 | 0 
1.48555 -0.151172 0 0 | 26.3704 | 0 
1.40742 -0.0144531 0 0 | 20.3776 | 0 
1.34492 0.298047 0 0 | 30.4876 | 0 
1.46211 0.0949219 0 0 | 23.5912 | 0 
1.65742 0.255078 0 0 | 28.6255 | 0 
1.73945 0.0832031 0 0 | 15.0305 | 0 
1.73555 0.0128906 0 0 | 13.9519 | 0 
1.65352 -0.0222656 0 0 | 18.53 | 0 
1.66133 -0.170703 0 0 | 23.298 | 0 
1.79805 -0.201953 0 0 | 17.3273 | 0 
1.68477 -0.373828 0 0 | 33.982 | 0 
1.67305 -0.237109 0 0 | 26.6952 | 0 
1.54023 -0.408984 0 0 | 40.6307 | 0 
1.50508 -0.655078 0 0 | 38.3061 | 0 
1.75508 -0.698047 0 0 | 26.4552 | 0 
1.63008 -0.772266 0 0 | 28.701 | 0 
1.73945 -0.897266 0 0 | 16.505 | 0 
1.75117 -1.02227 0 0 | 14.1357 | 0 
1.72773 -1.11602 0 0 | 18.1662 | 0 
1.59102 -1.1082 0 0 | 24.3918 | 0 
1.5793 -0.994922 0 0 | 22.2734 | 0 
1.4582 -1.08086 0 0 | 24.2148 | 0 
1.31758 -1.09648 0 0 | 18.8399 | 0 
1.30586 -0.975391 0 0 | 16.2141 | 0 
1.42695 -0.869922 0 0 | 24.9162 | 0 
1.29805 -0.717578 0 0 | 27.1961 | 0 
1.10664 -0.752734 0 0 | 13.7815 | 0 
1.1457 -0.842578 0 0 | 10.4341 | 0 
1.0832 -0.846484 0 0 | 7.5278 | 0 
1.10273 -0.908984 0 0 | 5.64537 | 0 
1.12227 -0.944141 0 0 | 5.569 | 0 
1.18477 -0.940234 0 0 | 8.99954 | 0 
1.28633 -0.830859 0 0 | 19.743 | 0 
1.28242 -1.03398 0 0 | 14.9639 | 0 
1.23555 -1.11211 0 0 | 14.2365 | 0 
1.16914 -1.18633 0 0 | 14.0147 | 0 
1.05586 -1.13555 0 0 | 6.42662 | 0 
1.07539 -1.08477 0 0 | 4.81938 | 0 
1.08711 -1.02227 0 0 | 3.78533 | 0 
1.16914 -1.06914 0 0 | 8.57404 | 0 
1.13008 -0.994922 0 0 | 5.43014 | 0 
1.11836 -0.975391 0 0 | 4.96156 | 0 
1.05195 -1.01055 0 0 | 2.67783 | 0 
1.03633 -0.963672 0 0 | 2.52139 | 0 
1.0207 -1.01055 0 0 | 2.16948 | 0 
1.00117 -0.967578 0 0 | 2.1456 | 0 
0.958203 -0.979297 0 0 | 2.30452 | 0 
0.930859 -0.994922 0 0 | 2.79033 | 0 
0.981641 -1.02227 0 0 | 2.17281 | 0 
0.950391 -1.0418 0 0 | 2.81332 | 0 
0.985547 -1.05742 0 0 | 2.77447 | 0 
1.00898 -1.02617 0 0 | 2.22191 | 0 
1.02852 -1.0457 0 0 | 2.7209 | 0 
1.0168 -1.08867 0 0 | 3.78702 | 0 
1.0207 -1.13555 0 0 | 5.82848 | 0 
0.950391 -1.19805 0 0 | 9.61379 | 0 
0.872266 -1.10039 0 0 | 6.94744 | 0 
0.856641 -1.18633 0 0 | 12.0363 | 0 
0.805859 -1.05352 0 0 | 8.88118 | 0 
0.883984 -1.06133 0 0 | 5.18237 | 0 
0.876172 -0.994922 0 0 | 4.6397 | 0 
0.852734 -0.955859 0 0 | 6.00699 | 0 
0.813672 -0.944141 0 0 | 8.26833 | 0 
0.825391 -0.873828 0 0 | 9.86427 | 0 
0.880078 -0.858203 0 0 | 7.93116 | 0 
0.887891 -0.893359 0 0 | 6.12851 | 0 
0.934766 -0.908984 0 0 | 4.11944 | 0 
0.977734 -0.920703 0 0 | 3.11709 | 0 
1.04023 -0.944141 0 0 | 2.90095 | 0 
1.0168 -0.912891 0 0 | 3.38368 | 0 
1.04023 -0.873828 0 0 | 5.14469 | 0 
0.958203 -0.881641 0 0 | 4.67844 | 0 
0.962109 -0.783984 0 0 | 9.70323 | 0 
1.02852 -0.705859 0 0 | 14.4542 | 0 
0.911328 -0.737109 0 0 | 13.6952 | 0 
0.899609 -0.658984 0 0 | 18.5799 | 0 
0.934766 -0.451953 0 0 | 21.4541 | 0 
1.06758 -0.608203 0 0 | 20.1742 | 0 
1.25117 -0.573047 0 0 | 30.9326 | 0 
1.06758 -0.412891 0 0 | 20.7374 | 0 
1.21211 -0.315234 0 0 | 23.1953 | 0 
1.16914 -0.260547 0 0 | 17.2322 | 0 
1.0168 -0.252734 0 0 | 11.3252 | 0 
0.993359 -0.330859 0 0 | 15.9697 | 0 
0.891797 -0.334766 0 0 | 18.2085 | 0 
0.825391 -0.299609 0 0 | 19.2761 | 0 
0.794141 -0.201953 0 0 | 14.9602 | 0 
0.610547 -0.323047 0 0 | 32.5905 | 0 
0.755078 -0.334766 0 0 | 25.4409 | 0 
0.665234 -0.479297 0 0 | 35.6655 | 0 
0.383984 -0.451953 0 0 | 37.3582 | 0 
0.301953 -0.315234 0 0 | 27.3822 | 0 
0.208203 -0.350391 0 0 | 23.4677 | 0 
0.102734 -0.334766 0 0 | 17.2124 | 0 
0.102734 -0.229297 0 0 | 10.778 | 0 
0.0246094 -0.287891 0 0 | 12.5611 | 0 
-0.0574219 -0.244922 0 0 | 10.3881 | 0 
-0.143359 -0.229297 0 0 | 12.5658 | 0 
-0.112109 -0.303516 0 0 | 15.7842 | 0 
-0.135547 -0.424609 0 0 | 22.5103 | 0 
-0.0105469 -0.393359 0 0 | 18.0147 | 0 
-0.0183594 -0.498828 0 0 | 20.3154 | 0 
-0.108203 -0.533984 0 0 | 22.2931 | 0 
-0.100391 -0.651172 0 0 | 18.1765 | 0 
0.0167969 -0.674609 0 0 | 15.0728 | 0 
0.0949219 -0.631641 0 0 | 18.9044 | 0 
0.137891 -0.549609 0 0 | 23.3634 | 0 
0.294141 -0.698047 0 0 | 26.5185 | 0 
0.243359 -0.893359 0 0 | 12.6022 | 0 
0.153516 -0.834766 0 0 | 9.94494 | 0 
0.161328 -0.920703 0 0 | 6.80183 | 0 
0.110547 -0.908984 0 0 | 4.74637 | 0 
0.0675781 -0.877734 0 0 | 4.47147 | 0 
0.0558594 -0.795703 0 0 | 8.41358 | 0 
0.137891 -0.705859 0 0 | 16.7795 | 0 
0.0246094 -0.791797 0 0 | 8.15076 | 0 
-0.0300781 -0.744922 0 0 | 11.0529 | 0 
-0.166797 -0.701953 0 0 | 18.5009 | 0 
-0.127734 -0.815234 0 0 | 9.74739 | 0 
-0.123828 -0.854297 0 0 | 7.52811 | 0 
-0.198047 -0.924609 0 0 | 8.78858 | 0 
-0.108203 -0.912891 0 0 | 4.52927 | 0 
-0.0925781 -0.936328 0 0 | 3.31954 | 0 
-0.0496094 -0.944141 0 0 | 1.98536 | 0 
-0.0261719 -0.908984 0 0 | 2.55293 | 0 
-0.0691406 -0.873828 0 0 | 4.67842 | 0 
-0.0417969 -0.858203 0 0 | 4.79428 | 0 
0.0324219 -0.826953 0 0 | 6.24278 | 0 
-0.00273438 -0.901172 0 0 | 2.68036 | 0 
0.0167969 -0.940234 0 0 | 1.63679 | 0 
0.0402344 -0.979297 0 0 | 1.36297 | 0 
0.00898437 -0.959766 0 0 | 1.255 | 0 
0.00898437 -0.971484 0 0 | 1.11987 | 0 
-0.0105469 -1.00273 0 0 | 1.02901 | 0 
0.0207031 -0.983203 0 0 | 1.10724 | 0 
0.0402344 -1.01836 0 0 | 1.42298 | 0 
0.0363281 -1.04961 0 0 | 1.84425 | 0 
0.0207031 -1.04961 0 0 | 1.66847 | 0 
-0.00273438 -1.05352 0 0 | 1.67139 | 0 
0.00117187 -1.01445 0 0 | 1.07059 | 0 
-0.0417969 -1.03789 0 0 | 1.70389 | 0 
-0.0574219 -1.06914 0 0 | 2.71906 | 0 
-0.0730469 -0.998828 0 0 | 2.03816 | 0 
-0.0378906 -1.00273 0 0 | 1.29045 | 0 
-0.0417969 -0.979297 0 0 | 1.38812 | 0 
-0.0378906 -0.963672 0 0 | 1.47153 | 0 
-0.0691406 -0.959766 0 0 | 2.17264 | 0 
-0.0925781 -1.01055 0 0 | 2.69635 | 0 
-0.174609 -0.959766 0 0 | 6.70772 | 0 
-0.162891 -1.02227 0 0 | 5.96522 | 0 
-0.116016 -1.06133 0 0 | 4.4144 | 0 
-0.104297 -1.03008 0 0 | 3.32144 | 0 
-0.0808594 -1.07695 0 0 | 3.57576 | 0 
-0.119922 -1.09648 0 0 | 5.70559 | 0 
-0.166797 -1.11602 0 0 | 8.82164 | 0 
-0.0769531 -1.15898 0 0 | 7.08345 | 0 
-0.0144531 -1.15117 0 0 | 5.54849 | 0 
-0.0378906 -1.09258 0 0 | 3.12184 | 0 
-0.00664063 -1.13555 0 0 | 4.71091 | 0 
0.00507812 -1.09258 0 0 | 2.84346 | 0 
0.0207031 -1.13164 0 0 | 4.59556 | 0 
-0.0105469 -1.15898 0 0 | 5.95327 | 0 
0.0792969 -1.15508 0 0 | 6.93946 | 0 
0.145703 -1.15508 0 0 | 9.64456 | 0 
0.165234 -1.09648 0 0 | 7.93382 | 0 
0.0636719 -1.13555 0 0 | 5.49585 | 0 
0.0792969 -1.06523 0 0 | 3.18506 | 0 
0.0910156 -1.02617 0 0 | 2.7873 | 0 
0.0636719 -1.01445 0 0 | 1.86401 | 0 
0.0558594 -0.987109 0 0 | 1.61991 | 0 
0.110547 -0.991016 0 0 | 3.32708 | 0 
0.122266 -0.975391 0 0 | 3.89414 | 0 
0.161328 -0.983203 0 0 | 5.76073 | 0 
0.161328 -1.05352 0 0 | 6.40831 | 0 
0.184766 -1.03008 0 0 | 7.28826 | 0 
0.212109 -0.998828 0 0 | 8.68461 | 0 
0.290234 -1.10039 0 0 | 15.7205 | 0 
0.317578 -1.13164 0 0 | 18.7311 | 0 
0.469922 -1.07305 0 0 | 22.2291 | 0 
0.352734 -0.924609 0 0 | 18.0964 | 0 
0.485547 -0.768359 0 0 | 29.6339 | 0 
0.583203 -0.893359 0 0 | 21.9646 | 0 
0.712109 -0.772266 0 0 | 22.0674 | 0 
0.743359 -0.850391 0 0 | 15.7952 | 0 
0.747266 -0.975391 0 0 | 11.8009 | 0 
0.665234 -0.975391 0 0 | 16.591 | 0 
0.653516 -1.1043 0 0 | 19.4157 | 0 
0.688672 -1.17461 0 0 | 21.0509 | 0 
0.798047 -1.20195 0 0 | 16.1351 | 0 
0.583203 -1.31523 0 0 | 34.7193 | 0 
0.747266 -1.36211 0 0 | 29.0613 | 0 
0.645703 -1.47539 0 0 | 38.5685 | 0 
0.383984 -1.45195 0 0 | 39.2621 | 0 
0.305859 -1.31133 0 0 | 29.01 | 0 
0.223828 -1.3543 0 0 | 26.3413 | 0 
0.0832031 -1.32695 0 0 | 17.7523 | 0 
0.0949219 -1.22539 0 0 | 11.6969 | 0 
0.0324219 -1.28008 0 0 | 13.7251 | 0 
-0.0730469 -1.24102 0 0 | 12.0161 | 0 
-0.116016 -1.31133 0 0 | 18.033 | 0 
-0.123828 -1.42852 0 0 | 23.9412 | 0 
0.00507812 -1.38945 0 0 | 19.6189 | 0 
-0.116016 -1.51445 0 0 | 24.8071 | 0 
0.0167969 -1.65898 0 0 | 18.2202 | 0 
0.130078 -1.55742 0 0 | 24.9568 | 0 
0.270703 -1.69805 0 0 | 27.4604 | 0 
0.266797 -1.9207 0 0 | 16.0294 | 0 
0.196484 -1.83867 0 0 | 14.8322 | 0 
0.133984 -1.88945 0 0 | 9.24395 | 0 
0.0519531 -1.83086 0 0 | 9.01803 | 0 
0.157422 -1.75273 0 0 | 17.4307 | 0 
-0.00273438 -1.7332 0 0 | 14.0589 | 0 
-0.0730469 -1.81914 0 0 | 10.1406 | 0 
-0.155078 -1.7918 0 0 | 15.0217 | 0 
-0.194141 -1.87773 0 0 | 12.9339 | 0 
-0.119922 -1.90508 0 0 | 8.07709 | 0 
-0.0457031 -1.86992 0 0 | 7.06629 | 0 
0.0480469 -1.8543 0 0 | 7.79885 | 0 
0.00898437 -1.9207 0 0 | 4.92085 | 0 
-0.00273438 -1.95586 0 0 | 4.20901 | 0 
0.0363281 -2.03789 0 0 | 4.69575 | 0 
-0.0417969 -2.01445 0 0 | 4.44384 | 0 
-0.0652344 -2.02617 0 0 | 5.07284 | 0 
-0.0496094 -1.97539 0 0 | 4.50582 | 0 
-0.131641 -2.00664 0 0 | 7.28268 | 0 
-0.194141 -1.99492 0 0 | 10.5844 | 0 
-0.119922 -2.01836 0 0 | 6.86157 | 0 
-0.139453 -2.08477 0 0 | 9.35011 | 0 
-0.143359 -2.19023 0 0 | 14.9399 | 0 
-0.0574219 -2.1668 0 0 | 10.3492 | 0 
0.0207031 -2.10039 0 0 | 6.42084 | 0 
0.0128906 -2.17461 0 0 | 10.2001 | 0 
0.0871094 -2.15117 0 0 | 10.2778 | 0 
0.161328 -2.08086 0 0 | 10.3315 | 0 
0.0558594 -2.09648 0 0 | 6.78996 | 0 
0.0714844 -2.02227 0 0 | 5.1842 | 0 
0.0988281 -1.9832 0 0 | 5.86527 | 0 
0.157422 -1.99883 0 0 | 8.52604 | 0 
0.180859 -2.00664 0 0 | 9.85915 | 0 
0.258984 -2.02227 0 0 | 14.8185 | 0 
0.356641 -2.14336 0 0 | 24.7212 | 0 
0.473828 -2.01445 0 0 | 24.1888 | 0 
0.333203 -1.89727 0 0 | 20.7156 | 0 
0.462109 -1.7918 0 0 | 30.5459 | 0 
0.575391 -1.91289 0 0 | 24.3499 | 0 
0.727734 -1.78008 0 0 | 23.2141 | 0 
0.758984 -1.88555 0 0 | 16.0433 | 0 
0.758984 -1.95586 0 0 | 14.2194 | 0 
0.645703 -1.95586 0 0 | 20.7186 | 0 
0.645703 -2.08867 0 0 | 22.3859 | 0 
0.801953 -2.19805 0 0 | 19.0612 | 0 
0.856641 -2.05742 0 0 | 9.40045 | 0 
0.864453 -1.96758 0 0 | 8.23812 | 0 
0.887891 -2.01836 0 0 | 7.30861 | 0 
0.950391 -2.06523 0 0 | 6.47863 | 0 
0.942578 -1.98711 0 0 | 5.51367 | 0 
1.01289 -1.98711 0 0 | 5.04012 | 0 
1.02852 -2.03008 0 0 | 5.51719 | 0 
1.02852 -2.08477 0 0 | 6.94926 | 0 
0.973828 -2.15898 0 0 | 10.3324 | 0 
1.09492 -2.19805 0 0 | 14.5501 | 0 
1.19258 -2.18242 0 0 | 18.5354 | 0 
1.19258 -2.07695 0 0 | 13.3521 | 0 
1.2668 -2.03398 0 0 | 17.0224 | 0 
1.18477 -1.99492 0 0 | 11.4035 | 0 
1.13789 -2.05352 0 0 | 9.59593 | 0 
1.10664 -2.00664 0 0 | 7.42201 | 0 
1.07148 -1.88164 0 0 | 8.32062 | 0 
1.15742 -1.87773 0 0 | 12.1797 | 0 
1.24727 -1.85039 0 0 | 18.9101 | 0 
1.25898 -1.7293 0 0 | 26.4369 | 0 
1.07539 -1.81914 0 0 | 11.358 | 0 
1.00508 -1.75664 0 0 | 13.6839 | 0 
0.938672 -1.80352 0 0 | 11.5676 | 0 
1.00117 -1.87383 0 0 | 7.49504 | 0 
1.0168 -1.94805 0 0 | 5.41247 | 0 
0.942578 -1.92852 0 0 | 6.24328 | 0 
0.880078 -1.8543 0 0 | 10.8258 | 0 
0.848828 -1.93633 0 0 | 9.44138 | 0 
0.817578 -1.76445 0 0 | 18.7552 | 0 
0.923047 -1.7293 0 0 | 16.286 | 0 
0.880078 -1.58477 0 0 | 24.6079 | 0 
1.02461 -1.63555 0 0 | 20.4314 | 0 
0.856641 -1.55352 0 0 | 26.377 | 0 
0.919141 -1.35039 0 0 | 19.8291 | 0 
0.864453 -1.21758 0 0 | 13.6194 | 0 
0.954297 -1.31914 0 0 | 17.2692 | 0 
1.0168 -1.2332 0 0 | 11.5569 | 0 
0.969922 -1.39727 0 0 | 21.0591 | 0 
1.17305 -1.36211 0 0 | 25.0583 | 0 
1.13008 -1.20586 0 0 | 13.1513 | 0 
1.22383 -1.4207 0 0 | 30.6634 | 0 
1.13789 -1.53398 0 0 | 26.945 | 0 
1.30195 -1.69805 0 0 | 30.9917 | 0 
1.3293 -1.45977 0 0 | 38.3589 | 0 
1.5793 -1.43633 0 0 | 42.5518 | 0 
1.75898 -1.48711 0 0 | 34.7085 | 0 
1.79805 -1.70195 0 0 | 26.1296 | 0 
1.55195 -1.70195 0 0 | 37.7504 | 0 
1.54805 -1.95195 0 0 | 26.2066 | 0 
1.39961 -2.06914 0 0 | 25.2448 | 0 
1.55195 -2.19805 0 0 | 33.5052 | 0 
1.67695 -2.07305 0 0 | 22.5748 | 0 
1.79805 -2.07695 0 0 | 15.7198 | 0 
1.73555 -2.13945 0 0 | 22.0956 | 0 
-2.19805 -2.19805 1 0 | | 0 
-2.13555 -2.19805 1 0 | 19.6005 | 0 
-2.13555 -2.13555 1 0 | 15.949 | 0 
-2.19805 -2.07305 1 0 | 16.9597 | 0 
-2.07305 -2.07305 1 0 | 10.6673 | 0 
-2.01445 -1.99883 1 0 | 8.09731 | 0 
-1.95586 -2.06523 1 0 | 9.30353 | 0 
-2.02617 -2.1082 1 0 | 10.9107 | 0 
-1.94805 -2.19805 1 0 | 15.9502 | 0 
-1.81523 -2.19805 1 0 | 20.9373 | 0 
-1.80352 -2.06133 1 0 | 14.938 | 0 
-1.84648 -1.96758 1 0 | 11.7924 | 0 
-1.91289 -2.01445 1 0 | 9.22168 | 0 
-1.94805 -1.94805 1 0 | 8.64842 | 0 
-1.89336 -1.82695 1 0 | 14.4382 | 0 
-1.87383 -1.89727 1 0 | 12.1065 | 0 
-1.78789 -1.83867 1 0 | 18.9338 | 0 
-1.74492 -1.70195 1 0 | 29.2361 | 0 
-1.90508 -1.81133 1 0 | 14.8805 | 0 
-2.06914 -1.81914 1 0 | 14.3131 | 0 
-1.96758 -1.87773 1 0 | 10.415 | 0 
-2.04961 -1.91289 1 0 | 9.80523 | 0 
-2.09258 -1.87383 1 0 | 12.5184 | 0 
-2.17461 -1.90508 1 0 | 15.5254 | 0 
-2.19805 -1.69805 1 0 | 27.7173 | 0 
-2.19023 -1.45977 1 0 | 32.9452 | 0 
-2.06133 -1.31523 1 0 | 20.6997 | 0 
-1.9793 -1.44414 1 0 | 25.4805 | 0 
-1.72148 -1.43242 1 0 | 35.912 | 0 
-1.69805 -1.69805 1 0 | 32.1825 | 0 
-1.68633 -1.4207 1 0 | 37.5436 | 0 
-1.40508 -1.40117 1 0 | 40.3468 | 0 
-1.22148 -1.53008 1 0 | 31.8755 | 0 
-1.40898 -1.59648 1 0 | 41.1634 | 0 
-1.26836 -1.71758 1 0 | 27.7354 | 0 
-1.45977 -1.74883 1 0 | 34.9476 | 0 
-1.4793 -1.99102 1 0 | 26.0864 | 0 
-1.62773 -2.12383 1 0 | 26.9883 | 0 
-1.4207 -2.16289 1 0 | 30.2792 | 0 
-1.28008 -2.0457 1 0 | 18.1141 | 0 
-1.20977 -2.09258 1 0 | 14.9884 | 0 
-1.19805 -2.19805 1 0 | 19.8559 | 0 
-1.0418 -2.14336 1 0 | 9.8145 | 0 
-0.971484 -2.09648 1 0 | 7.28358 | 0 
-1.03789 -2.1082 1 0 | 8.02969 | 0 
-1.04961 -2.02227 1 0 | 5.77332 | 0 
-0.955859 -2.0457 1 0 | 5.89269 | 0 
-0.951953 -1.98711 1 0 | 5.34233 | 0 
-1.03008 -2.01055 1 0 | 5.30586 | 0 
-1.13164 -1.9793 1 0 | 8.51525 | 0 
-1.15508 -2.05352 1 0 | 10.4969 | 0 
-1.15898 -1.91289 1 0 | 11.0537 | 0 
-1.15898 -1.81523 1 0 | 15.2438 | 0 
-1.06133 -1.81523 1 0 | 11.1723 | 0 
-1.0418 -1.74883 1 0 | 14.5627 | 0 
-0.979297 -1.82305 1 0 | 9.93929 | 0 
-1.07305 -1.8582 1 0 | 9.3549 | 0 
-0.998828 -1.90117 1 0 | 6.48165 | 0 
-0.924609 -1.93242 1 0 | 6.58075 | 0 
-0.916797 -1.94414 1 0 | 6.56798 | 0 
-0.830859 -1.83867 1 0 | 13.9211 | 0 
-0.830859 -1.70977 1 0 | 21.2525 | 0 
-0.717578 -1.72148 1 0 | 27.2861 | 0 
-0.787891 -1.90117 1 0 | 13.7462 | 0 
-0.748828 -1.95586 1 0 | 14.8444 | 0 
-0.787891 -2.06133 1 0 | 13.2473 | 0 
-0.862109 -1.98711 1 0 | 8.25132 | 0 
-0.928516 -1.96758 1 0 | 5.93462 | 0 
-0.944141 -2.03008 1 0 | 5.80279 | 0 
-0.826953 -2.1043 1 0 | 12.537 | 0 
-0.912891 -2.15117 1 0 | 11.1061 | 0 
-0.701953 -2.1043 1 0 | 19.968 | 0 
-0.592578 -1.97539 1 0 | 22.7305 | 0 
-0.541797 -2.19414 1 0 | 31.3293 | 0 
-0.248828 -2.10039 1 0 | 16.3267 | 0 
-0.237109 -1.95195 1 0 | 13.512 | 0 
-0.428516 -2.03789 1 0 | 23.6294 | 0 
-0.260547 -1.82695 1 0 | 19.4214 | 0 
-0.393359 -1.75664 1 0 | 30.6638 | 0 
-0.678516 -1.69023 1 0 | 31.3293 | 0 
-0.412891 -1.64727 1 0 | 37.4416 | 0 
-0.428516 -1.33086 1 0 | 35.8303 | 0 
-0.526172 -1.2918 1 0 | 34.4093 | 0 
-0.651172 -1.44805 1 0 | 37.8134 | 0 
-0.764453 -1.29961 1 0 | 24.4358 | 0 
-0.897266 -1.38555 1 0 | 22.2631 | 0 
-0.780078 -1.4832 1 0 | 30.8766 | 0 
-0.881641 -1.67461 1 0 | 20.786 | 0 
-1.05352 -1.47539 1 0 | 23.7299 | 0 
-1.09258 -1.64727 1 0 | 21.5703 | 0 
-1.1707 -1.4168 1 0 | 27.2659 | 0 
-1.02227 -1.27227 1 0 | 14.1583 | 0 
-1.11602 -1.20195 1 0 | 12.2607 | 0 
-1.19805 -1.19805 1 0 | 16.4598 | 0 
-1.1082 -1.08477 1 0 | 6.01582 | 0 
-1.1082 -1.16289 1 0 | 9.60228 | 0 
-1.0418 -1.15898 1 0 | 7.36191 | 0 
-0.971484 -1.15898 1 0 | 7.03757 | 0 
-0.979297 -1.11211 1 0 | 4.66282 | 0 
-1.0418 -1.12773 1 0 | 5.75394 | 0 
-1.06523 -1.01445 1 0 | 3.03586 | 0 
-1.03789 -1.05352 1 0 | 3.03168 | 0 
-0.955859 -1.06914 1 0 | 3.37024 | 0 
-0.987109 -1.0418 1 0 | 2.43787 | 0 
-0.959766 -1.01055 1 0 | 2.28465 | 0 
-0.987109 -0.967578 1 0 | 2.15265 | 0 
-1.01445 -0.991016 1 0 | 2.07086 | 0 
-1.06133 -0.971484 1 0 | 2.96606 | 0 
-1.13555 -0.955859 1 0 | 6.00047 | 0 
-1.08867 -1.06914 1 0 | 4.77194 | 0 
-1.15508 -1.06523 1 0 | 7.68297 | 0 
-1.17852 -0.916797 1 0 | 9.22558 | 0 
-1.08867 -0.920703 1 0 | 4.76344 | 0 
-1.07695 -0.873828 1 0 | 6.05341 | 0 
-1.16289 -0.811328 1 0 | 13.0503 | 0 
-1.12773 -0.737109 1 0 | 15.6781 | 0 
-1.06914 -0.807422 1 0 | 9.19621 | 0 
-1.03008 -0.756641 1 0 | 11.397 | 0 
-0.971484 -0.811328 1 0 | 8.00591 | 0 
-1.00273 -0.862109 1 0 | 5.27689 | 0 
-1.06133 -0.877734 1 0 | 5.44111 | 0 
-1.0457 -0.932422 1 0 | 3.26288 | 0 
-1.02617 -0.940234 1 0 | 2.7713 | 0 
-0.991016 -0.893359 1 0 | 3.96068 | 0 
-0.936328 -0.920703 1 0 | 3.73227 | 0 
-0.889453 -0.936328 1 0 | 4.77679 | 0 
-0.842578 -0.838672 1 0 | 10.6339 | 0 
-0.838672 -0.721484 1 0 | 17.7209 | 0 
-0.709766 -0.713672 1 0 | 25.7795 | 0 
-0.815234 -0.889453 1 0 | 9.79006 | 0 
-0.756641 -0.975391 1 0 | 11.2286 | 0 
-0.787891 -1.04961 1 0 | 9.84852 | 0 
-0.780078 -0.979297 1 0 | 9.7759 | 0 
-0.858203 -0.998828 1 0 | 5.4501 | 0 
-0.889453 -0.959766 1 0 | 4.34943 | 0 
-0.924609 -0.991016 1 0 | 2.95655 | 0 
-0.889453 -1.01445 1 0 | 4.18076 | 0 
-0.924609 -1.03008 1 0 | 3.19762 | 0 
-0.901172 -1.05352 1 0 | 4.35129 | 0 
-0.885547 -1.03008 1 0 | 4.50201 | 0 
-0.830859 -1.13555 1 0 | 10.5302 | 0 
-0.920703 -1.15117 1 0 | 7.573 | 0 
-0.764453 -1.17852 1 0 | 16.7269 | 0 
-0.709766 -1.1082 1 0 | 16.4589 | 0 
-0.576953 -1.08086 1 0 | 21.6204 | 0 
-0.600391 -0.967578 1 0 | 19.5817 | 0 
-0.549609 -1.18633 1 0 | 27.3353 | 0 
-0.354297 -1.1668 1 0 | 22.5906 | 0 
-0.237109 -1.1043 1 0 | 12.5406 | 0 
-0.272266 -1.05742 1 0 | 13.233 | 0 
-0.217578 -0.955859 1 0 | 9.32258 | 0 
-0.440234 -1.03789 1 0 | 20.8588 | 0 
-0.346484 -0.881641 1 0 | 19.2377 | 0 
-0.252734 -0.838672 1 0 | 15.6539 | 0 
-0.408984 -0.760547 1 0 | 28.4949 | 0 
-0.518359 -0.834766 1 0 | 25.8238 | 0 
-0.694141 -0.701953 1 0 | 27.3884 | 0 
-0.420703 -0.674609 1 0 | 33.9806 | 0 
-0.412891 -0.397266 1 0 | 36.858 | 0 
-0.565234 -0.201953 1 0 | 26.5612 | 0 
-0.596484 -0.436328 1 0 | 37.9771 | 0 
-0.725391 -0.311328 1 0 | 25.9244 | 0 
-0.944141 -0.350391 1 0 | 17.524 | 0 
-0.815234 -0.467578 1 0 | 26.694 | 0 
-0.838672 -0.686328 1 0 | 19.784 | 0 
-1.04961 -0.455859 1 0 | 21.4117 | 0 
-1.08086 -0.631641 1 0 | 19.6028 | 0 
-1.17461 -0.389453 1 0 | 24.6553 | 0 
-1.03789 -0.428516 1 0 | 20.5536 | 0 
-1.03008 -0.291797 1 0 | 13.9228 | 0 
-0.955859 -0.241016 1 0 | 10.7922 | 0 
-1.10039 -0.201953 1 0 | 10.2052 | 0 
-1.18633 -0.213672 1 0 | 15.298 | 0 
-1.30742 -0.420703 1 0 | 34.2033 | 0 
-1.34258 -0.268359 1 0 | 28.5224 | 0 
-1.51836 -0.385547 1 0 | 39.9139 | 0 
-1.50273 -0.616016 1 0 | 40.0975 | 0 
-1.27227 -0.647266 1 0 | 29.4505 | 0 
-1.40508 -0.811328 1 0 | 27.1499 | 0 
-1.20586 -0.838672 1 0 | 14.1343 | 0 
-1.31523 -1.0457 1 0 | 17.2203 | 0 
-1.32305 -1.17461 1 0 | 23.0011 | 0 
-1.37383 -0.963672 1 0 | 20.0968 | 0 
-1.56133 -1.1082 1 0 | 25.1585 | 0 
-1.63945 -0.979297 1 0 | 20.1345 | 0 
-1.5418 -0.877734 1 0 | 25.6157 | 0 
-1.69023 -0.717578 1 0 | 29.0649 | 0 
-1.92461 -0.741016 1 0 | 15.921 | 0 
-1.83086 -0.807422 1 0 | 15.6115 | 0 
-1.90117 -0.858203 1 0 | 9.93339 | 0 
-1.74492 -0.834766 1 0 | 18.9854 | 0 
-1.76836 -1.06523 1 0 | 13.9416 | 0 
-1.78008 -1.1707 1 0 | 17.8843 | 0 
-1.88555 -1.14727 1 0 | 11.3342 | 0 
-1.90508 -1.08086 1 0 | 7.78959 | 0 
-1.82695 -1.0457 1 0 | 10.1943 | 0 
-1.91289 -0.959766 1 0 | 6.36144 | 0 
-1.92461 -0.963672 1 0 | 5.99576 | 0 
-2.00664 -0.998828 1 0 | 5.03574 | 0 
-2.07305 -0.983203 1 0 | 6.35725 | 0 
-2.04961 -1.03789 1 0 | 6.04455 | 0 
-1.99102 -1.01445 1 0 | 5.05289 | 0 
-1.99102 -1.07695 1 0 | 6.28872 | 0 
-2.03008 -1.15898 1 0 | 10.233 | 0 
-2.06133 -1.08867 1 0 | 7.68236 | 0 
-2.12383 -1.16289 1 0 | 13.5385 | 0 
-2.15898 -1.08086 1 0 | 11.683 | 0 
-2.08086 -1.0418 1 0 | 7.02375 | 0 
-2.15508 -0.994922 1 0 | 10.025 | 0 
-2.1668 -0.830859 1 0 | 15.5301 | 0 
-2.11602 -0.944141 1 0 | 8.52229 | 0 
-2.01836 -0.920703 1 0 | 6.20616 | 0 
-1.9832 -0.897266 1 0 | 6.80832 | 0 
-2.06133 -0.826953 1 0 | 11.0198 | 0 
-2.11211 -0.713672 1 0 | 19.6157 | 0 
-2.13555 -0.686328 1 0 | 22.3416 | 0 
-2.06914 -0.522266 1 0 | 25.3878 | 0 
-1.92461 -0.658984 1 0 | 20.654 | 0 
-1.76445 -0.530078 1 0 | 32.3119 | 0 
-1.88945 -0.405078 1 0 | 24.327 | 0 
-1.77617 -0.280078 1 0 | 23.4773 | 0 
-1.86602 -0.256641 1 0 | 17.3066 | 0 
-1.96367 -0.248828 1 0 | 14.1062 | 0 
-1.96758 -0.354297 1 0 | 20.3003 | 0 
-2.09258 -0.354297 1 0 | 22.2456 | 0 
-2.19805 -0.198047 1 0 | 18.4598 | 0 
-2.09258 -0.100391 1 0 | 7.96036 | 0 
-2.13555 -0.178516 1 0 | 13.6656 | 0 
-2.01445 -0.147266 1 0 | 8.10744 | 0 
-1.95195 -0.139453 1 0 | 7.88362 | 0 
-1.95977 -0.0886719 1 0 | 5.68119 | 0 
-2.05352 -0.135547 1 0 | 8.2105 | 0 
-2.0418 -0.0339844 1 0 | 4.74256 | 0 
-2.01055 -0.0574219 1 0 | 4.71387 | 0 
-1.96367 -0.0378906 1 0 | 4.40138 | 0 
-2.01055 0.00898437 1 0 | 4.08276 | 0 
-1.95586 0.0207031 1 0 | 4.29494 | 0 
-2.0418 0.0480469 1 0 | 4.96884 | 0 
-2.04961 -0.0105469 1 0 | 4.70734 | 0 
-2.12383 -0.00273438 1 0 | 7.39169 | 0 
-2.19023 -0.0496094 1 0 | 11.6164 | 0 
-2.16289 0.0714844 1 0 | 10.4735 | 0 
-2.1668 0.231641 1 0 | 18.6073 | 0 
-2.01445 0.223828 1 0 | 12.5148 | 0 
-1.96367 0.298047 1 0 | 17.1799 | 0 
-1.98711 0.130078 1 0 | 7.15891 | 0 
-2.0457 0.149609 1 0 | 8.72158 | 0 
-2.06914 0.0832031 1 0 | 6.55529 | 0 
-1.99883 0.110547 1 0 | 6.32712 | 0 
-1.93633 0.0949219 1 0 | 6.27695 | 0 
-1.88164 0.126172 1 0 | 9.18032 | 0 
-1.92852 0.145703 1 0 | 8.64063 | 0 
-1.90117 0.298047 1 0 | 18.5458 | 0 
-1.86992 0.192578 1 0 | 13.1641 | 0 
-1.74492 0.235547 1 0 | 22.5149 | 0 
-1.7332 0.0558594 1 0 | 14.6727 | 0 
-1.70195 -0.0691406 1 0 | 16.806 | 0 
-1.7918 0.0246094 1 0 | 10.7369 | 0 
-1.88164 -0.0105469 1 0 | 6.20527 | 0 
-1.94805 -0.0105469 1 0 | 4.34752 | 0 
-1.93242 -0.0652344 1 0 | 5.45731 | 0 
-1.83477 -0.0457031 1 0 | 8.7027 | 0 
-1.9168 -0.127734 1 0 | 8.08004 | 0 
-1.84258 -0.198047 1 0 | 14.7358 | 0 
-1.6668 -0.190234 1 0 | 24.1423 | 0 
-1.51445 0.00898437 1 0 | 22.2709 | 0 
-1.5418 -0.158984 1 0 | 26.65 | 0 
-1.35039 -0.0925781 1 0 | 19.3769 | 0 
-1.25273 -0.0847656 1 0 | 13.1359 | 0 
-1.25273 -0.0496094 1 0 | 12.228 | 0 
-1.26445 0.0324219 1 0 | 12.716 | 0 
-1.4168 0.0246094 1 0 | 20.7941 | 0 
-1.33477 0.0792969 1 0 | 18.0839 | 0 
-1.36211 0.247266 1 0 | 28.223 | 0 
-1.49883 0.0597656 1 0 | 22.9491 | 0 
-1.66289 0.294141 1 0 | 30.7963 | 0 
-1.53008 0.501172 1 0 | 42.4165 | 0 
-1.42852 0.450391 1 0 | 40.7723 | 0 
-1.49492 0.680859 1 0 | 36.9046 | 0 
-1.58477 0.700391 1 0 | 34.6863 | 0 
-1.9207 0.704297 1 0 | 18.2357 | 0 
-1.72539 0.563672 1 0 | 34.0477 | 0 
-1.82695 0.337109 1 0 | 24.009 | 0 
-1.99883 0.508984 1 0 | 24.2412 | 0 
-2.1043 0.415234 1 0 | 25.2893 | 0 
-2.19805 0.505078 1 0 | 31.8773 | 0 
-2.03008 0.669141 1 0 | 19.6143 | 0 
-2.16289 0.723828 1 0 | 21.6375 | 0 
-2.07695 0.860547 1 0 | 9.80241 | 0 
-2.15117 0.883984 1 0 | 12.1346 | 0 
-2.19414 0.969922 1 0 | 12.4974 | 0 
-2.08477 1.04805 1 0 | 7.28447 | 0 
-2.04961 0.930859 1 0 | 6.48065 | 0 
-2.07305 1.00117 1 0 | 6.33753 | 0 
-2.02617 1.01289 1 0 | 5.3015 | 0 
-1.97539 1.04023 1 0 | 5.4239 | 0 
-2.00664 0.977734 1 0 | 5.09147 | 0 
-1.97539 0.911328 1 0 | 6.3668 | 0 
-1.99492 0.907422 1 0 | 6.45534 | 0 
-2.04961 0.833203 1 0 | 10.3866 | 0 
-1.94023 0.829297 1 0 | 10.3728 | 0 
-1.88945 0.903516 1 0 | 8.48767 | 0 
-1.80742 0.856641 1 0 | 14.2628 | 0 
-1.76445 0.903516 1 0 | 14.8072 | 0 
-1.76055 1.00508 1 0 | 13.4551 | 0 
-1.84258 0.993359 1 0 | 8.89873 | 0 
-1.89727 0.966016 1 0 | 6.77442 | 0 
-1.88945 1.04023 1 0 | 7.28928 | 0 
-1.83086 1.17305 1 0 | 15.2169 | 0 
-1.73711 1.18477 1 0 | 21.2478 | 0 
-1.96758 1.28633 1 0 | 17.9981 | 0 
-2.00273 1.22383 1 0 | 13.8756 | 0 
-1.97148 1.13008 1 0 | 8.48451 | 0 
-2.02617 1.09492 1 0 | 7.16807 | 0 
-2.02227 1.1457 1 0 | 9.40829 | 0 
-2.08477 1.12227 1 0 | 9.80182 | 0 
-2.1707 1.18867 1 0 | 17.5899 | 0 
-2.1082 1.35273 1 0 | 24.5163 | 0 
-2.09258 1.52461 1 0 | 28.2311 | 0 
-2.19805 1.74727 1 0 | 24.852 | 0 
-2.02617 1.63398 1 0 | 23.5735 | 0 
-1.84258 1.62227 1 0 | 27.7265 | 0 
-1.84648 1.79414 1 0 | 18.1952 | 0 
-1.74492 1.60664 1 0 | 33.7855 | 0 
-1.8543 1.37227 1 0 | 26.1785 | 0 
-1.6082 1.38008 1 0 | 39.5631 | 0 
-1.58867 1.5168 1 0 | 43.2591 | 0 
-1.44023 1.59492 1 0 | 42.1973 | 0 
-1.28789 1.52461 1 0 | 36.2246 | 0 
-1.28789 1.42305 1 0 | 34.8982 | 0 
-1.24883 1.10273 1 0 | 14.7165 | 0 
-1.33086 1.29805 1 0 | 31.2966 | 0 
-1.59648 1.17305 1 0 | 27.4964 | 0 
-1.4793 1.15742 1 0 | 27.9516 | 0 
-1.61602 1.04805 1 0 | 21.6234 | 0 
-1.62773 0.837109 1 0 | 25.0973 | 0 
-1.33867 0.852734 1 0 | 21.7934 | 0 
-1.38555 0.958203 1 0 | 20.707 | 0 
-1.27227 0.911328 1 0 | 15.3584 | 0 
-1.22539 0.837109 1 0 | 15.4607 | 0 
-1.1082 0.844922 1 0 | 8.55113 | 0 
-1.19805 0.923047 1 0 | 10.2295 | 0 
-1.17852 1.00117 1 0 | 8.05202 | 0 
-1.11992 1.00898 1 0 | 4.99766 | 0 
-1.09648 0.993359 1 0 | 3.98222 | 0 
-1.1082 0.938672 1 0 | 5.06839 | 0 
-1.05742 0.946484 1 0 | 3.22031 | 0 
-1.03789 0.969922 1 0 | 2.48057 | 0 
-1.07305 0.958203 1 0 | 3.44984 | 0 
-1.07305 1.03633 1 0 | 3.52218 | 0 
-1.02227 1.02852 1 0 | 2.36315 | 0 
-0.991016 1.00117 1 0 | 2.00316 | 0 
-0.975391 1.02461 1 0 | 2.24232 | 0 
-0.975391 0.997266 1 0 | 2.06921 | 0 
-0.994922 0.977734 1 0 | 2.05112 | 0 
-0.994922 0.926953 1 0 | 2.8916 | 0 
-0.975391 0.919141 1 0 | 3.18109 | 0 
-0.979297 0.887891 1 0 | 4.21438 | 0 
-1.05352 0.915234 1 0 | 3.89515 | 0 
-1.02227 0.833203 1 0 | 6.84654 | 0 
-1.01836 0.829297 1 0 | 7.01497 | 0 
-0.963672 0.837109 1 0 | 6.68725 | 0 
-0.893359 0.833203 1 0 | 8.66395 | 0 
-0.928516 0.919141 1 0 | 3.96437 | 0 
-0.877734 0.891797 1 0 | 6.60011 | 0 
-0.842578 0.833203 1 0 | 10.9194 | 0 
-0.725391 0.887891 1 0 | 15.2372 | 0 
-0.737109 0.962109 1 0 | 12.5626 | 0 
-0.799609 1.00898 1 0 | 8.60904 | 0 
-0.842578 0.966016 1 0 | 6.3784 | 0 
-0.862109 0.977734 1 0 | 5.3236 | 0 
-0.940234 0.926953 1 0 | 3.4775 | 0 
-0.889453 1.00898 1 0 | 4.14442 | 0 
-0.928516 1.07539 1 0 | 4.11404 | 0 
-0.920703 1.09883 1 0 | 5.14012 | 0 
-0.916797 1.1457 1 0 | 7.39721 | 0 
-0.830859 1.12227 1 0 | 9.89602 | 0 
-0.717578 1.15742 1 0 | 18.3858 | 0 
-0.752734 1.22773 1 0 | 20.5102 | 0 
-0.826953 1.18867 1 0 | 13.6917 | 0 
-0.983203 1.27461 1 0 | 14.1896 | 0 
-1.07305 1.19258 1 0 | 10.0809 | 0 
-0.979297 1.15742 1 0 | 6.8913 | 0 
-0.963672 1.10273 1 0 | 4.41857 | 0 
-0.994922 1.09883 1 0 | 4.07165 | 0 
-1.06133 1.07148 1 0 | 4.00211 | 0 
-1.02227 1.14961 1 0 | 6.56914 | 0 
-1.13164 1.1457 1 0 | 9.73168 | 0 
-1.08086 1.07539 1 0 | 4.6914 | 0 
-1.18633 1.12227 1 0 | 11.5831 | 0 
-1.11211 1.26289 1 0 | 16.0233 | 0 
-1.1668 1.36836 1 0 | 25.0134 | 0 
-0.975391 1.43086 1 0 | 22.1917 | 0 
-1.14727 1.61055 1 0 | 25.5798 | 0 
-1.06914 1.67695 1 0 | 19.3168 | 0 
-0.959766 1.5832 1 0 | 22.4124 | 0 
-0.869922 1.71211 1 0 | 19.207 | 0 
-0.741016 1.5793 1 0 | 32.3943 | 0 
-0.901172 1.43086 1 0 | 23.7999 | 0 
-0.467578 1.32148 1 0 | 36.1027 | 0 
-0.655078 1.68086 1 0 | 33.0826 | 0 
-0.428516 1.62617 1 0 | 38.8575 | 0 
-0.323047 1.48164 1 0 | 36.6659 | 0 
-0.362109 1.30195 1 0 | 31.5111 | 0 
-0.295703 1.21992 1 0 | 22.5318 | 0 
-0.389453 1.09883 1 0 | 20.9116 | 0 
-0.502734 1.18086 1 0 | 27.4393 | 0 
-0.639453 1.16133 1 0 | 22.8731 | 0 
-0.510547 1.04023 1 0 | 21.6411 | 0 
-0.580859 0.985547 1 0 | 20.0893 | 0 
-0.455859 0.864453 1 0 | 23.9881 | 0 
-0.381641 0.942578 1 0 | 19.0403 | 0 
-0.233203 0.938672 1 0 | 10.6178 | 0 
-0.299609 0.872266 1 0 | 16.9714 | 0 
-0.209766 0.833203 1 0 | 13.2467 | 0 
-0.276172 0.758984 1 0 | 21.7276 | 0 
-0.330859 0.731641 1 0 | 26.663 | 0 
-0.244922 0.501172 1 0 | 29.9944 | 0 
-0.526172 0.485547 1 0 | 40.339 | 0 
-0.635547 0.575391 1 0 | 36.2237 | 0 
-0.744922 0.571484 1 0 | 30.2112 | 0 
-0.866016 0.755078 1 0 | 14.3428 | 0 
-1.03008 0.712109 1 0 | 14.107 | 0 
-1.19805 0.735547 1 0 | 19.6791 | 0 
-1.17852 0.575391 1 0 | 26.2794 | 0 
-0.951953 0.630078 1 0 | 18.5998 | 0 
-1.12383 0.466016 1 0 | 24.1326 | 0 
-1.08867 0.341016 1 0 | 18.2283 | 0 
-0.963672 0.321484 1 0 | 15.6359 | 0 
-0.783984 0.458203 1 0 | 28.3651 | 0 
-0.725391 0.231641 1 0 | 20.9715 | 0 
-0.780078 0.0753906 1 0 | 9.83918 | 0 
-0.776172 0.149609 1 0 | 13.0926 | 0 
-0.873828 0.122266 1 0 | 6.57071 | 0 
-0.881641 0.0910156 1 0 | 5.0193 | 0 
-0.897266 0.0558594 1 0 | 3.43233 | 0 
-0.920703 0.106641 1 0 | 4.23935 | 0 
-0.948047 0.180859 1 0 | 7.2532 | 0 
-0.858203 0.180859 1 0 | 10.276 | 0 
-0.897266 0.282422 1 0 | 14.9224 | 0 
-0.979297 0.208203 1 0 | 8.49327 | 0 
-1.07305 0.255078 1 0 | 12.5729 | 0 
-1.18633 0.278516 1 0 | 19.3748 | 0 
-1.17852 0.114453 1 0 | 9.53871 | 0 
-1.19805 0.0558594 1 0 | 8.84391 | 0 
-1.10039 0.0910156 1 0 | 4.73701 | 0 
-1.06133 0.0519531 1 0 | 2.39297 | 0 
-1.03398 0.0675781 1 0 | 2.19129 | 0 
-1.06133 0.0871094 1 0 | 3.33058 | 0 
-1.05352 0.161328 1 0 | 6.41081 | 0 
-0.994922 0.153516 1 0 | 5.3233 | 0 
-0.951953 0.118359 1 0 | 4.01509 | 0 
-0.983203 0.0871094 1 0 | 2.49322 | 0 
-0.955859 0.0558594 1 0 | 1.91105 | 0 
-0.975391 0.0441406 1 0 | 1.45728 | 0 
-0.987109 0.0246094 1 0 | 1.12958 | 0 
-0.983203 -0.00664063 1 0 | 1.03358 | 0 
-0.955859 -0.0105469 1 0 | 1.32037 | 0 
-0.951953 -0.0378906 1 0 | 1.64444 | 0 
-0.975391 -0.0457031 1 0 | 1.48476 | 0 
-1.00273 -0.0457031 1 0 | 1.42102 | 0 
-1.01055 -0.0222656 1 0 | 1.14385 | 0 
-1.01445 -0.0300781 1 0 | 1.25177 | 0 
-1.03008 -0.0496094 1 0 | 1.72595 | 0 
-1.06523 -0.0496094 1 0 | 2.44988 | 0 
-1.06523 -0.0222656 1 0 | 2.06373 | 0 
-1.05352 -0.00273438 1 0 | 1.67389 | 0 
-1.03398 0.00507812 1 0 | 1.30385 | 0 
-1.03008 0.0402344 1 0 | 1.56107 | 0 
-1.06914 0.0363281 1 0 | 2.33513 | 0 
-1.10039 0.00507812 1 0 | 3.14276 | 0 
-1.19805 0.00507812 1 0 | 8.23629 | 0 
-1.18242 -0.0730469 1 0 | 8.32123 | 0 
-1.08086 -0.0183594 1 0 | 2.50063 | 0 
-1.11602 -0.131641 1 0 | 7.0366 | 0 
-1.17461 -0.127734 1 0 | 9.88822 | 0 
-1.08867 -0.170703 1 0 | 7.95037 | 0 
-1.0457 -0.151172 1 0 | 5.71021 | 0 
-1.02227 -0.104297 1 0 | 3.22755 | 0 
-0.998828 -0.116016 1 0 | 3.55513 | 0 
-0.955859 -0.0847656 1 0 | 2.69058 | 0 
-0.991016 -0.198047 1 0 | 7.83312 | 0 
-0.897266 -0.162891 1 0 | 7.64208 | 0 
-0.854297 -0.139453 1 0 | 8.25699 | 0 
-0.858203 -0.0925781 1 0 | 6.10536 | 0 
-0.940234 -0.100391 1 0 | 3.51772 | 0 
-0.905078 -0.0691406 1 0 | 3.48175 | 0 
-0.928516 -0.0222656 1 0 | 1.95467 | 0 
-0.944141 -0.00273438 1 0 | 1.505 | 0 
-0.936328 0.0207031 1 0 | 1.75376 | 0 
-0.889453 0.0128906 1 0 | 3.14339 | 0 
-0.885547 0.0167969 1 0 | 3.31883 | 0 
-0.830859 0.0128906 1 0 | 5.86099 | 0 
-0.842578 -0.0652344 1 0 | 6.05068 | 0 
-0.803516 -0.0417969 1 0 | 7.69327 | 0 
-0.772266 -0.00664063 1 0 | 9.21321 | 0 
-0.721484 -0.100391 1 0 | 14.2395 | 0 
-0.815234 -0.162891 1 0 | 11.5046 | 0 
-0.616016 -0.116016 1 0 | 20.3954 | 0 
-0.455859 -0.135547 1 0 | 23.2592 | 0 
-0.451953 0.0128906 1 0 | 19.7875 | 0 
-0.651172 -0.0652344 1 0 | 17.0772 | 0 
-0.588672 0.274609 1 0 | 30.4522 | 0 
-0.483203 0.0792969 1 0 | 21.4024 | 0 
-0.346484 0.188672 1 0 | 22.0972 | 0 
-0.229297 0.169141 1 0 | 13.9218 | 0 
-0.264453 0.110547 1 0 | 13.3083 | 0 
-0.229297 0.0714844 1 0 | 9.75487 | 0 
-0.252734 -0.0300781 1 0 | 10.4171 | 0 
-0.303516 0.0441406 1 0 | 13.7782 | 0 
-0.350391 -0.0613281 1 0 | 16.76 | 0 
-0.334766 -0.186328 1 0 | 21.3323 | 0 
-0.198047 -0.198047 1 0 | 13.6677 | 0 
-0.198047 -0.0964844 1 0 | 8.62636 | 0 
-0.135547 -0.0808594 1 0 | 4.70318 | 0 
-0.135547 -0.151172 1 0 | 7.6383 | 0 
-0.0535156 -0.151172 1 0 | 4.7701 | 0 
0.0441406 -0.198047 1 0 | 7.21916 | 0 
0.0207031 -0.123828 1 0 | 2.97981 | 0 
0.0207031 -0.0847656 1 0 | 1.47969 | 0 
0.00117187 -0.0847656 1 0 | 1.39505 | 0 
-0.0222656 -0.104297 1 0 | 2.18302 | 0 
-0.0652344 -0.135547 1 0 | 4.26614 | 0 
-0.0496094 -0.0613281 1 0 | 1.22388 | 0 
-0.0730469 -0.0144531 1 0 | 1.08414 | 0 
-0.0417969 -0.0300781 1 0 | 0.526063 | 0 
-0.0222656 -0.0574219 1 0 | 0.747818 | 0 
-0.00664063 -0.0730469 1 0 | 1.05148 | 0 
0.0128906 -0.0691406 1 0 | 0.9691 | 0 
0.0285156 -0.0574219 1 0 | 0.810515 | 0 
0.0324219 -0.0144531 1 0 | 0.251743 | 0 
-0.0105469 -0.0417969 1 0 | 0.36917 | 0 
0.00507812 0.0128906 1 0 | 0.0405641 | 0 
0.0246094 -0.0105469 1 0 | 0.144473 | 0 
0.0363281 -0.00273438 1 0 | 0.264679 | 0 
0.0441406 0.0246094 1 0 | 0.5065 | 0 
0.0128906 0.0324219 1 0 | 0.243277 | 0 
-0.0261719 0.0402344 1 0 | 0.457548 | 0 
-0.0261719 0.0167969 1 0 | 0.194009 | 0 
-0.0417969 0.0167969 1 0 | 0.403031 | 0 
-0.0613281 0.0128906 1 0 | 0.772488 | 0 
-0.0613281 0.0480469 1 0 | 1.19408 | 0 
-0.100391 0.0207031 1 0 | 2.02177 | 0 
-0.123828 0.00898437 1 0 | 2.9109 | 0 
-0.100391 -0.0144531 1 0 | 1.97827 | 0 
-0.119922 -0.0574219 1 0 | 3.37096 | 0 
-0.135547 -0.0144531 1 0 | 3.47498 | 0 
-0.158984 -0.0535156 1 0 | 5.17861 | 0 
-0.143359 0.00507812 1 0 | 3.81797 | 0 
-0.194141 0.0714844 1 0 | 7.599 | 0 
-0.127734 0.0636719 1 0 | 3.86396 | 0 
-0.119922 0.0949219 1 0 | 4.45928 | 0 
-0.108203 0.173047 1 0 | 7.61864 | 0 
-0.147266 0.208203 1 0 | 11.4555 | 0 
-0.100391 0.282422 1 0 | 14.0397 | 0 
-0.00273438 0.286328 1 0 | 12.3488 | 0 
0.0324219 0.149609 1 0 | 4.33502 | 0 
-0.00273438 0.173047 1 0 | 5.38503 | 0 
-0.0535156 0.118359 1 0 | 3.21952 | 0 
-0.0261719 0.0910156 1 0 | 1.73746 | 0 
-0.0457031 0.0753906 1 0 | 1.52086 | 0 
-0.0535156 0.0636719 1 0 | 1.35906 | 0 
-0.0144531 0.0792969 1 0 | 1.26594 | 0 
-0.00664063 0.102734 1 0 | 2.03381 | 0 
0.0363281 0.0871094 1 0 | 1.73158 | 0 
0.0675781 0.0714844 1 0 | 1.892 | 0 
0.0910156 0.0910156 1 0 | 3.20124 | 0 
0.0988281 0.0519531 1 0 | 2.40981 | 0 
0.161328 0.106641 1 0 | 6.91432 | 0 
0.153516 0.149609 1 0 | 8.45303 | 0 
0.0753906 0.180859 1 0 | 6.93312 | 0 
0.110547 0.243359 1 0 | 11.9736 | 0 
0.157422 0.180859 1 0 | 10.3568 | 0 
0.290234 0.200391 1 0 | 19.5612 | 0 
0.278516 0.0558594 1 0 | 12.4749 | 0 
0.251172 -0.0496094 1 0 | 10.6236 | 0 
0.216016 0.0128906 1 0 | 7.963 | 0 
0.157422 -0.00664063 1 0 | 4.5417 | 0 
0.130078 0.0207031 1 0 | 3.26244 | 0 
0.0949219 0.0402344 1 0 | 2.05741 | 0 
0.0558594 0.0207031 1 0 | 0.700156 | 0 
0.0636719 0.00898437 1 0 | 0.812196 | 0 
0.0871094 0.00507812 1 0 | 1.476 | 0 
0.0988281 -0.0183594 1 0 | 1.94584 | 0 
0.0949219 -0.0144531 1 0 | 1.77936 | 0 
0.0636719 -0.0378906 1 0 | 1.07968 | 0 
0.0597656 -0.0652344 1 0 | 1.53546 | 0 
0.0871094 -0.0457031 1 0 | 1.88246 | 0 
0.122266 -0.0535156 1 0 | 3.38882 | 0 
0.165234 -0.0261719 1 0 | 5.08766 | 0 
0.145703 -0.112109 1 0 | 6.32222 | 0 
0.0519531 -0.0886719 1 0 | 2.05344 | 0 
0.0832031 -0.131641 1 0 | 4.59245 | 0 
0.0949219 -0.151172 1 0 | 5.94267 | 0 
0.153516 -0.147266 1 0 | 8.33406 | 0 
0.192578 -0.131641 1 0 | 9.7568 | 0 
0.360547 -0.147266 1 0 | 20.5389 | 0 
0.434766 -0.0730469 1 0 | 20.4034 | 0 
0.489453 -0.166797 1 0 | 25.255 | 0 
0.665234 -0.143359 1 0 | 19.3331 | 0 
0.766797 -0.108203 1 0 | 11.7722 | 0 
0.692578 -0.0691406 1 0 | 14.946 | 0 
0.751172 -0.0222656 1 0 | 10.5913 | 0 
0.633984 -0.0339844 1 0 | 17.2936 | 0 
0.598828 0.137891 1 0 | 22.0375 | 0 
0.778516 0.0871094 1 0 | 10.2949 | 0 
0.755078 0.188672 1 0 | 16.5305 | 0 
0.645703 0.192578 1 0 | 23.0205 | 0 
0.497266 0.106641 1 0 | 22.4217 | 0 
0.344922 0.462109 1 0 | 35.6697 | 0 
0.626172 0.329297 1 0 | 32.3006 | 0 
0.653516 0.673047 1 0 | 31.2292 | 0 
0.430859 0.762891 1 0 | 29.0322 | 0 
0.419141 0.583203 1 0 | 37.9196 | 0 
0.251172 0.758984 1 0 | 20.1511 | 0 
0.173047 0.676953 1 0 | 20.272 | 0 
0.239453 0.563672 1 0 | 28.9257 | 0 
0.192578 0.380078 1 0 | 23.9469 | 0 
0.157422 0.528516 1 0 | 24.6522 | 0 
0.0167969 0.352734 1 0 | 16.1988 | 0 
-0.112109 0.325391 1 0 | 17.0627 | 0 
-0.119922 0.426953 1 0 | 21.8712 | 0 
-0.158984 0.649609 1 0 | 20.9354 | 0 
0.00507812 0.598828 1 0 | 18.4994 | 0 
0.00117187 0.751172 1 0 | 10.4934 | 0 
-0.151172 0.696484 1 0 | 17.9918 | 0 
-0.178516 0.852734 1 0 | 10.4036 | 0 
-0.131641 0.876172 1 0 | 6.8946 | 0 
-0.186328 0.883984 1 0 | 9.46513 | 0 
-0.182422 1.03633 1 0 | 7.24951 | 0 
-0.123828 1.00898 1 0 | 3.92887 | 0 
-0.104297 1.04414 1 0 | 3.5572 | 0 
-0.0886719 0.993359 1 0 | 2.51813 | 0 
-0.127734 0.930859 1 0 | 4.86564 | 0 
-0.0730469 0.934766 1 0 | 2.74483 | 0 
-0.0144531 0.946484 1 0 | 1.49976 | 0 
-0.0457031 0.981641 1 0 | 1.44415 | 0 
-0.0535156 1.00117 1 0 | 1.56799 | 0 
-0.0535156 1.02461 1 0 | 1.7345 | 0 
-0.0339844 1.0168 1 0 | 1.32028 | 0 
-0.00664063 0.989453 1 0 | 1.01221 | 0 
0.00507812 1.0168 1 0 | 1.09713 | 0 
0.0324219 1.03242 1 0 | 1.483 | 0 
0.0207031 0.997266 1 0 | 1.08343 | 0 
0.0480469 0.966016 1 0 | 1.61734 | 0 
0.0128906 0.985547 1 0 | 1.04796 | 0 
0.00117187 0.934766 1 0 | 1.70487 | 0 
0.0480469 0.919141 1 0 | 2.56493 | 0 
0.0324219 0.864453 1 0 | 4.3703 | 0 
-0.00664063 0.903516 1 0 | 2.60956 | 0 
-0.0417969 0.903516 1 0 | 2.94543 | 0 
-0.0652344 0.887891 1 0 | 4.00344 | 0 
-0.0691406 0.833203 1 0 | 6.63747 | 0 
0.0597656 0.809766 1 0 | 7.69107 | 0 
0.0714844 0.833203 1 0 | 6.70076 | 0 
0.0949219 0.911328 1 0 | 4.08077 | 0 
0.173047 0.844922 1 0 | 10.4807 | 0 
0.266797 0.809766 1 0 | 18.1153 | 0 
0.247266 0.926953 1 0 | 11.786 | 0 
0.216016 1.02852 1 0 | 9.14797 | 0 
0.153516 1.0207 1 0 | 5.45466 | 0 
0.157422 0.977734 1 0 | 5.58662 | 0 
0.122266 0.938672 1 0 | 4.44033 | 0 
0.0832031 0.973828 1 0 | 2.42832 | 0 
0.0753906 0.938672 1 0 | 2.72367 | 0 
0.0597656 0.993359 1 0 | 1.69836 | 0 
0.0832031 1.0207 1 0 | 2.4714 | 0 
0.0597656 1.04414 1 0 | 2.17526 | 0 
0.0910156 1.0793 1 0 | 3.98249 | 0 
0.0519531 1.09102 1 0 | 3.31467 | 0 
0.110547 1.17305 1 0 | 9.05867 | 0 
0.161328 1.17305 1 0 | 11.468 | 0 
0.212109 1.11055 1 0 | 11.2393 | 0 
0.282422 1.16523 1 0 | 18.3854 | 0 
0.216016 1.18867 1 0 | 15.5843 | 0 
0.126172 1.23945 1 0 | 13.8737 | 0 
0.0246094 1.25898 1 0 | 12.2717 | 0 
-0.0730469 1.22773 1 0 | 11.1556 | 0 
0.0402344 1.15352 1 0 | 5.95483 | 0 
0.0441406 1.11055 1 0 | 3.93672 | 0 
0.0207031 1.06367 1 0 | 2.00845 | 0 
0.00898437 1.09492 1 0 | 2.9438 | 0 
-0.0261719 1.06758 1 0 | 2.1658 | 0 
-0.0652344 1.07539 1 0 | 3.09264 | 0 
-0.0222656 1.15742 1 0 | 5.94599 | 0 
-0.116016 1.14961 1 0 | 7.98111 | 0 
-0.0808594 1.07539 1 0 | 3.52968 | 0 
-0.151172 1.10273 1 0 | 7.43526 | 0 
-0.186328 1.10664 1 0 | 9.52916 | 0 
-0.0847656 1.29023 1 0 | 15.5606 | 0 
-0.0925781 1.40352 1 0 | 21.8436 | 0 
0.0246094 1.39961 1 0 | 20.157 | 0 
-0.123828 1.47773 1 0 | 24.9809 | 0 
-0.186328 1.79023 1 0 | 16.8462 | 0 
-0.0574219 1.73945 1 0 | 14.3375 | 0 
-0.0105469 1.65742 1 0 | 18.2659 | 0 
0.0675781 1.5832 1 0 | 22.0659 | 0 
0.0792969 1.69258 1 0 | 17.6195 | 0 
0.270703 1.77852 1 0 | 22.7539 | 0 
0.255078 1.43086 1 0 | 31.5051 | 0 
0.258984 1.33711 1 0 | 27.6257 | 0 
0.309766 1.50898 1 0 | 36.0271 | 0 
0.512891 1.5832 1 0 | 41.4036 | 0 
0.798047 1.56367 1 0 | 29.3216 | 0 
0.669141 1.44258 1 0 | 36.7522 | 0 
0.766797 1.31758 1 0 | 25.3927 | 0 
0.716016 1.05586 1 0 | 14.3587 | 0 
0.649609 1.18477 1 0 | 23.7409 | 0 
0.395703 1.28633 1 0 | 32.0051 | 0 
0.344922 1.06367 1 0 | 17.6593 | 0 
0.516797 1.10273 1 0 | 23.442 | 0 
0.442578 1.04023 1 0 | 20.9545 | 0 
0.426953 0.852734 1 0 | 23.8611 | 0 
0.673047 0.833203 1 0 | 20.8057 | 0 
0.630078 0.997266 1 0 | 18.2374 | 0 
0.708203 0.942578 1 0 | 14.6324 | 0 
0.782422 1.04414 1 0 | 10.064 | 0 
0.739453 0.903516 1 0 | 13.8098 | 0 
0.762891 0.805859 1 0 | 16.9867 | 0 
0.899609 0.844922 1 0 | 7.8332 | 0 
0.923047 0.911328 1 0 | 4.34365 | 0 
0.805859 0.907422 1 0 | 9.68181 | 0 
0.825391 0.969922 1 0 | 7.24081 | 0 
0.837109 1.0168 1 0 | 6.58872 | 0 
0.911328 1.0168 1 0 | 3.43484 | 0 
0.880078 0.973828 1 0 | 4.56724 | 0 
0.907422 0.930859 1 0 | 4.26591 | 0 
0.966016 0.930859 1 0 | 2.95817 | 0 
0.950391 0.969922 1 0 | 2.50642 | 0 
0.926953 1.04805 1 0 | 3.44727 | 0 
0.958203 1.00898 1 0 | 2.29749 | 0 
0.997266 1.04023 1 0 | 2.39844 | 0 
1.03242 0.997266 1 0 | 2.27119 | 0 
1.03242 0.966016 1 0 | 2.43547 | 0 
0.989453 0.969922 1 0 | 2.12226 | 0 
1.04414 0.954297 1 0 | 2.79503 | 0 
1.0207 0.868359 1 0 | 5.11291 | 0 
1.00508 0.919141 1 0 | 3.12566 | 0 
0.942578 0.895703 1 0 | 4.40851 | 0 
0.973828 0.872266 1 0 | 4.89805 | 0 
0.989453 0.809766 1 0 | 7.99164 | 0 
1.06367 0.829297 1 0 | 7.83249 | 0 
1.05977 0.876172 1 0 | 5.46716 | 0 
1.10273 0.872266 1 0 | 7.04283 | 0 
1.17305 0.825391 1 0 | 12.8491 | 0 
1.25898 0.833203 1 0 | 17.8531 | 0 
1.18086 0.895703 1 0 | 10.0618 | 0 
1.29414 0.985547 1 0 | 15.4278 | 0 
1.2043 0.993359 1 0 | 9.61599 | 0 
1.15352 0.950391 1 0 | 7.02049 | 0 
1.09883 0.934766 1 0 | 4.77879 | 0 
1.07148 1.00117 1 0 | 3.14503 | 0 
1.09492 1.0207 1 0 | 4.05411 | 0 
1.05195 1.0207 1 0 | 2.7635 | 0 
1.10273 1.11055 1 0 | 6.78066 | 0 
1.11445 1.17305 1 0 | 10.4479 | 0 
1.25898 1.13008 1 0 | 16.5869 | 0 
1.23945 1.2668 1 0 | 23.5347 | 0 
1.10664 1.23164 1 0 | 13.7551 | 0 
1.04023 1.27461 1 0 | 14.5672 | 0 
0.938672 1.22773 1 0 | 11.7298 | 0 
1.00508 1.1457 1 0 | 6.2363 | 0 
1.04023 1.05977 1 0 | 3.22236 | 0 
1.00508 1.0832 1 0 | 3.52676 | 0 
0.981641 1.07539 1 0 | 3.29015 | 0 
0.942578 1.1418 1 0 | 6.55164 | 0 
0.911328 1.15352 1 0 | 7.97819 | 0 
0.848828 1.10273 1 0 | 8.13291 | 0 
0.821484 1.20039 1 0 | 14.7095 | 0 
0.903516 1.28242 1 0 | 16.2685 | 0 
0.919141 1.34883 1 0 | 19.7479 | 0 
0.942578 1.37617 1 0 | 20.5516 | 0 
0.864453 1.57148 1 0 | 25.6402 | 0 
0.880078 1.74336 1 0 | 16.9404 | 0 
1.00898 1.77461 1 0 | 12.6456 | 0 
0.993359 1.55586 1 0 | 22.809 | 0 
1.05586 1.64961 1 0 | 20.3459 | 0 
1.24727 1.67695 1 0 | 28.6288 | 0 
1.18477 1.52852 1 0 | 29.5975 | 0 
1.5207 1.33711 1 0 | 39.2225 | 0 
1.41133 1.7082 1 0 | 35.9961 | 0 
1.7082 1.69648 1 0 | 31.6941 | 0 
1.60273 1.37227 1 0 | 39.3909 | 0 
1.58711 1.11836 1 0 | 24.9515 | 0 
1.45039 1.28633 1 0 | 35.5417 | 0 
1.48555 1.05195 1 0 | 23.8028 | 0 
1.38398 1.02852 1 0 | 20.5946 | 0 
1.44258 0.923047 1 0 | 23.438 | 0 
1.60273 1.00508 1 0 | 21.5745 | 0 
1.71602 0.833203 1 0 | 20.7676 | 0 
1.57539 0.716016 1 0 | 34.015 | 0 
1.79414 0.610547 1 0 | 28.5394 | 0 
1.5207 0.508984 1 0 | 42.4737 | 0 
1.38398 0.633984 1 0 | 36.4395 | 0 
1.26289 0.622266 1 0 | 29.9852 | 0 
1.17305 0.692578 1 0 | 20.7395 | 0 
1.04414 0.688672 1 0 | 15.7078 | 0 
0.848828 0.786328 1 0 | 13.2604 | 0 
0.891797 0.649609 1 0 | 19.3409 | 0 
0.946484 0.598828 1 0 | 19.9502 | 0 
0.809766 0.548047 1 0 | 26.8388 | 0 
0.997266 0.387891 1 0 | 18.769 | 0 
1.16914 0.469922 1 0 | 26.5474 | 0 
1.26289 0.391797 1 0 | 30.3366 | 0 
1.17695 0.251172 1 0 | 17.0942 | 0 
1.29414 0.169141 1 0 | 19.5791 | 0 
1.23164 0.0753906 1 0 | 11.4752 | 0 
1.12227 0.173047 1 0 | 9.45152 | 0 
1.16914 0.0597656 1 0 | 7.205 | 0 
1.10664 0.0871094 1 0 | 4.85759 | 0 
1.05977 0.130078 1 0 | 4.99746 | 0 
1.05586 0.184766 1 0 | 7.77611 | 0 
1.1418 0.251172 1 0 | 15.1561 | 0 
1.0168 0.294141 1 0 | 13.9166 | 0 
0.977734 0.212109 1 0 | 8.74284 | 0 
0.895703 0.274609 1 0 | 14.4917 | 0 
0.844922 0.231641 1 0 | 14.0023 | 0 
0.919141 0.130078 1 0 | 5.28542 | 0 
0.825391 0.169141 1 0 | 11.2858 | 0 
0.833203 0.110547 1 0 | 8.03285 | 0 
0.880078 0.0988281 1 0 | 5.36053 | 0 
0.895703 0.0636719 1 0 | 3.66992 | 0 
0.973828 0.0714844 1 0 | 2.08269 | 0 
0.942578 0.0910156 1 0 | 3.13415 | 0 
0.954297 0.173047 1 0 | 6.70371 | 0 
1.00898 0.145703 1 0 | 4.96361 | 0 
1.03633 0.106641 1 0 | 3.50927 | 0 
1.00898 0.0675781 1 0 | 1.92903 | 0 
1.03242 0.0636719 1 0 | 2.06886 | 0 
1.03633 0.0363281 1 0 | 1.59655 | 0 
1.00508 0.0363281 1 0 | 1.27847 | 0 
1.00508 0.00507812 1 0 | 1.02289 | 0 
1.03242 0.00117187 1 0 | 1.27545 | 0 
1.03633 -0.0222656 1 0 | 1.43405 | 0 
1.04414 -0.0574219 1 0 | 2.12199 | 0 
1.01289 -0.0574219 1 0 | 1.70835 | 0 
0.997266 -0.0378906 1 0 | 1.28201 | 0 
0.977734 -0.0144531 1 0 | 1.09758 | 0 
0.985547 -0.0574219 1 0 | 1.66213 | 0 
0.954297 -0.0613281 1 0 | 2.0597 | 0 
0.934766 -0.0417969 1 0 | 2.04921 | 0 
0.930859 0.00117187 1 0 | 1.79814 | 0 
0.969922 -0.00273438 1 0 | 1.12278 | 0 
0.966016 0.0324219 1 0 | 1.37063 | 0 
0.942578 0.0441406 1 0 | 1.91887 | 0 
0.923047 0.0402344 1 0 | 2.32029 | 0 
0.887891 0.0167969 1 0 | 3.22679 | 0 
0.825391 0.0128906 1 0 | 6.15496 | 0 
0.801953 -0.0496094 1 0 | 7.92332 | 0 
0.876172 -0.0457031 1 0 | 4.05881 | 0 
0.919141 -0.0261719 1 0 | 2.24598 | 0 
0.915234 -0.100391 1 0 | 4.15961 | 0 
0.868359 -0.100391 1 0 | 5.92094 | 0 
0.833203 -0.119922 1 0 | 8.42515 | 0 
0.852734 -0.194141 1 0 | 11.3132 | 0 
0.954297 -0.186328 1 0 | 7.46263 | 0 
0.926953 -0.112109 1 0 | 4.28923 | 0 
0.981641 -0.119922 1 0 | 3.75391 | 0 
0.989453 -0.0964844 1 0 | 2.79475 | 0 
1.02461 -0.108203 1 0 | 3.40673 | 0 
0.997266 -0.158984 1 0 | 5.61175 | 0 
1.07148 -0.143359 1 0 | 5.95277 | 0 
1.14961 -0.166797 1 0 | 10.4613 | 0 
1.16133 -0.0964844 1 0 | 7.85484 | 0 
1.06758 -0.123828 1 0 | 4.9226 | 0 
1.06758 -0.0535156 1 0 | 2.59308 | 0 
1.11055 -0.0222656 1 0 | 3.65082 | 0 
1.0793 0.0128906 1 0 | 2.41607 | 0 
1.11055 0.0402344 1 0 | 3.87209 | 0 
1.17305 0.0285156 1 0 | 6.89053 | 0 
1.1418 -0.0613281 1 0 | 5.7564 | 0 
1.19258 -0.0144531 1 0 | 7.936 | 0 
1.21211 0.00507812 1 0 | 9.11851 | 0 
1.27852 -0.123828 1 0 | 16.3116 | 0 
1.48555 -0.151172 1 0 | 26.3729 | 0 
1.40742 -0.0144531 1 0 | 20.3801 | 0 
1.34492 0.298047 1 0 | 30.4901 | 0 
1.46211 0.0949219 1 0 | 23.5937 | 0 
1.65742 0.255078 1 0 | 28.628 | 0 
1.73945 0.0832031 1 0 | 15.033 | 0 
1.73555 0.0128906 1 0 | 13.9544 | 0 
1.65352 -0.0222656 1 0 | 18.5325 | 0 
1.66133 -0.170703 1 0 | 23.3005 | 0 
1.79805 -0.201953 1 0 | 17.3298 | 0 
1.68477 -0.373828 1 0 | 33.9845 | 0 
1.67305 -0.237109 1 0 | 26.6977 | 0 
1.54023 -0.408984 1 0 | 40.6332 | 0 
1.50508 -0.655078 1 0 | 38.3086 | 0 
1.75508 -0.698047 1 0 | 26.4577 | 0 
1.63008 -0.772266 1 0 | 28.7035 | 0 
1.73945 -0.897266 1 0 | 16.5075 | 0 
1.75117 -1.02227 1 0 | 14.1382 | 0 
1.72773 -1.11602 1 0 | 18.1687 | 0 
1.59102 -1.1082 1 0 | 24.3943 | 0 
1.5793 -0.994922 1 0 | 22.2759 | 0 
1.4582 -1.08086 1 0 | 24.2173 | 0 
1.31758 -1.09648 1 0 | 18.8424 | 0 
1.30586 -0.975391 1 0 | 16.2166 | 0 
1.42695 -0.869922 1 0 | 24.9187 | 0 
1.29805 -0.717578 1 0 | 27.1986 | 0 
1.10664 -0.752734 1 0 | 13.784 | 0 
1.1457 -0.842578 1 0 | 10.4366 | 0 
1.0832 -0.846484 1 0 | 7.5303 | 0 
1.10273 -0.908984 1 0 | 5.64787 | 0 
1.12227 -0.944141 1 0 | 5.5715 | 0 
1.18477 -0.940234 1 0 | 9.00204 | 0 
1.28633 -0.830859 1 0 | 19.7455 | 0 
1.28242 -1.03398 1 0 | 14.9664 | 0 
1.23555 -1.11211 1 0 | 14.239 | 0 
1.16914 -1.18633 1 0 | 14.0172 | 0 
1.05586 -1.13555 1 0 | 6.42912 | 0 
1.07539 -1.08477 1 0 | 4.82188 | 0 
1.08711 -1.02227 1 0 | 3.78783 | 0 
1.16914 -1.06914 1 0 | 8.57654 | 0 
1.13008 -0.994922 1 0 | 5.43264 | 0 
1.11836 -0.975391 1 0 | 4.96406 | 0 
1.05195 -1.01055 1 0 | 2.68033 | 0 
1.03633 -0.963672 1 0 | 2.52389 | 0 
1.0207 -1.01055 1 0 | 2.17198 | 0 
1.00117 -0.967578 1 0 | 2.1481 | 0 
0.958203 -0.979297 1 0 | 2.30702 | 0 
0.930859 -0.994922 1 0 | 2.79283 | 0 
0.981641 -1.02227 1 0 | 2.17531 | 0 
0.950391 -1.0418 1 0 | 2.81582 | 0 
0.985547 -1.05742 1 0 | 2.77697 | 0 
1.00898 -1.02617 1 0 | 2.22441 | 0 
1.02852 -1.0457 1 0 | 2.7234 | 0 
1.0168 -1.08867 1 0 | 3.78952 | 0 
1.0207 -1.13555 1 0 | 5.83098 | 0 
0.950391 -1.19805 1 0 | 9.61629 | 0 
0.872266 -1.10039 1 0 | 6.94994 | 0 
0.856641 -1.18633 1 0 | 12.0388 | 0 
0.805859 -1.05352 1 0 | 8.88368 | 0 
0.883984 -1.06133 1 0 | 5.18487 | 0 
0.876172 -0.994922 1 0 | 4.6422 | 0 
0.852734 -0.955859 1 0 | 6.00949 | 0 
0.813672 -0.944141 1 0 | 8.27083 | 0 
0.825391 -0.873828 1 0 | 9.86677 | 0 
0.880078 -0.858203 1 0 | 7.93366 | 0 
0.887891 -0.893359 1 0 | 6.13101 | 0 
0.934766 -0.908984 1 0 | 4.12194 | 0 
0.977734 -0.920703 1 0 | 3.11959 | 0 
1.04023 -0.944141 1 0 | 2.90345 | 0 
1.0168 -0.912891 1 0 | 3.38618 | 0 
1.04023 -0.873828 1 0 | 5.14719 | 0 
0.958203 -0.881641 1 0 | 4.68094 | 0 
0.962109 -0.783984 1 0 | 9.70573 | 0 
1.02852 -0.705859 1 0 | 14.4567 | 0 
0.911328 -0.737109 1 0 | 13.6977 | 0 
0.899609 -0.658984 1 0 | 18.5824 | 0 
0.934766 -0.451953 1 0 | 21.4566 | 0 
1.06758 -0.608203 1 0 | 20.1767 | 0 
1.25117 -0.573047 1 0 | 30.9351 | 0 
1.06758 -0.412891 1 0 | 20.7399 | 0 
1.21211 -0.315234 1 0 | 23.1978 | 0 
1.16914 -0.260547 1 0 | 17.2347 | 0 
1.0168 -0.252734 1 0 | 11.3277 | 0 
0.993359 -0.330859 1 0 | 15.9722 | 0 
0.891797 -0.334766 1 0 | 18.211 | 0 
0.825391 -0.299609 1 0 | 19.2786 | 0 
0.794141 -0.201953 1 0 | 14.9627 | 0 
0.610547 -0.323047 1 0 | 32.593 | 0 
0.755078 -0.334766 1 0 | 25.4434 | 0 
0.665234 -0.479297 1 0 | 35.668 | 0 
0.383984 -0.451953 1 0 | 37.3607 | 0 
0.301953 -0.315234 1 0 | 27.3847 | 0 
0.208203 -0.350391 1 0 | 23.4702 | 0 
0.102734 -0.334766 1 0 | 17.2149 | 0 
0.102734 -0.229297 1 0 | 10.7805 | 0 
0.0246094 -0.287891 1 0 | 12.5636 | 0 
-0.0574219 -0.244922 1 0 | 10.3906 | 0 
-0.143359 -0.229297 1 0 | 12.5683 | 0 
-0.112109 -0.303516 1 0 | 15.7867 | 0 
-0.135547 -0.424609 1 0 | 22.5128 | 0 
-0.0105469 -0.393359 1 0 | 18.0172 | 0 
-0.0183594 -0.498828 1 0 | 20.3179 | 0 
-0.108203 -0.533984 1 0 | 22.2956 | 0 
-0.100391 -0.651172 1 0 | 18.179 | 0 
0.0167969 -0.674609 1 0 | 15.0753 | 0 
0.0949219 -0.631641 1 0 | 18.9069 | 0 
0.137891 -0.549609 1 0 | 23.3659 | 0 
0.294141 -0.698047 1 0 | 26.521 | 0 
0.243359 -0.893359 1 0 | 12.6047 | 0 
0.153516 -0.834766 1 0 | 9.94744 | 0 
0.161328 -0.920703 1 0 | 6.80433 | 0 
0.110547 -0.908984 1 0 | 4.74887 | 0 
0.0675781 -0.877734 1 0 | 4.47397 | 0 
0.0558594 -0.795703 1 0 | 8.41608 | 0 
0.137891 -0.705859 1 0 | 16.782 | 0 
0.0246094 -0.791797 1 0 | 8.15326 | 0 
-0.0300781 -0.744922 1 0 | 11.0554 | 0 
-0.166797 -0.701953 1 0 | 18.5034 | 0 
-0.127734 -0.815234 1 0 | 9.74989 | 0 
-0.123828 -0.854297 1 0 | 7.53061 | 0 
-0.198047 -0.924609 1 0 | 8.79108 | 0 
-0.108203 -0.912891 1 0 | 4.53177 | 0 
-0.0925781 -0.936328 1 0 | 3.32204 | 0 
-0.0496094 -0.944141 1 0 | 1.98786 | 0 
-0.0261719 -0.908984 1 0 | 2.55543 | 0 
-0.0691406 -0.873828 1 0 | 4.68092 | 0 
-0.0417969 -0.858203 1 0 | 4.79678 | 0 
0.0324219 -0.826953 1 0 | 6.24528 | 0 
-0.00273438 -0.901172 1 0 | 2.68286 | 0 
0.0167969 -0.940234 1 0 | 1.63929 | 0 
0.0402344 -0.979297 1 0 | 1.36547 | 0 
0.00898437 -0.959766 1 0 | 1.2575 | 0 
0.00898437 -0.971484 1 0 | 1.12237 | 0 
-0.0105469 -1.00273 1 0 | 1.03151 | 0 
0.0207031 -0.983203 1 0 | 1.10974 | 0 
0.0402344 -1.01836 1 0 | 1.42548 | 0 
0.0363281 -1.04961 1 0 | 1.84675 | 0 
0.0207031 -1.04961 1 0 | 1.67097 | 0 
-0.00273438 -1.05352 1 0 | 1.67389 | 0 
0.00117187 -1.01445 1 0 | 1.07309 | 0 
-0.0417969 -1.03789 1 0 | 1.70639 | 0 
-0.0574219 -1.06914 1 0 | 2.72156 | 0 
-0.0730469 -0.998828 1 0 | 2.04066 | 0 
-0.0378906 -1.00273 1 0 | 1.29295 | 0 
-0.0417969 -0.979297 1 0 | 1.39062 | 0 
-0.0378906 -0.963672 1 0 | 1.47403 | 0 
-0.0691406 -0.959766 1 0 | 2.17514 | 0 
-0.0925781 -1.01055 1 0 | 2.69885 | 0 
-0.174609 -0.959766 1 0 | 6.71022 | 0 
-0.162891 -1.02227 1 0 | 5.96772 | 0 
-0.116016 -1.06133 1 0 | 4.4169 | 0 
-0.104297 -1.03008 1 0 | 3.32394 | 0 
-0.0808594 -1.07695 1 0 | 3.57826 | 0 
-0.119922 -1.09648 1 0 | 5.70809 | 0 
-0.166797 -1.11602 1 0 | 8.82414 | 0 
-0.0769531 -1.15898 1 0 | 7.08595 | 0 
-0.0144531 -1.15117 1 0 | 5.55099 | 0 
-0.0378906 -1.09258 1 0 | 3.12434 | 0 
-0.00664063 -1.13555 1 0 | 4.71341 | 0 
0.00507812 -1.09258 1 0 | 2.84596 | 0 
0.0207031 -1.13164 1 0 | 4.59806 | 0 
-0.0105469 -1.15898 1 0 | 5.95577 | 0 
0.0792969 -1.15508 1 0 | 6.94196 | 0 
0.145703 -1.15508 1 0 | 9.64706 | 0 
0.165234 -1.09648 1 0 | 7.93632 | 0 
0.0636719 -1.13555 1 0 | 5.49835 | 0 
0.0792969 -1.06523 1 0 | 3.18756 | 0 
0.0910156 -1.02617 1 0 | 2.7898 | 0 
0.0636719 -1.01445 1 0 | 1.86651 | 0 
0.0558594 -0.987109 1 0 | 1.62241 | 0 
0.110547 -0.991016 1 0 | 3.32958 | 0 
0.122266 -0.975391 1 0 | 3.89664 | 0 
0.161328 -0.983203 1 0 | 5.76323 | 0 
0.161328 -1.05352 1 0 | 6.41081 | 0 
0.184766 -1.03008 1 0 | 7.29076 | 0 
0.212109 -0.998828 1 0 | 8.68711 | 0 
0.290234 -1.10039 1 0 | 15.723 | 0 
0.317578 -1.13164 1 0 | 18.7336 | 0 
0.469922 -1.07305 1 0 | 22.2316 | 0 
0.352734 -0.924609 1 0 | 18.0989 | 0 
0.485547 -0.768359 1 0 | 29.6364 | 0 
0.583203 -0.893359 1 0 | 21.9671 | 0 
0.712109 -0.772266 1 0 | 22.0699 | 0 
0.743359 -0.850391 1 0 | 15.7977 | 0 
0.747266 -0.975391 1 0 | 11.8034 | 0 
0.665234 -0.975391 1 0 | 16.5935 | 0 
0.653516 -1.1043 1 0 | 19.4182 | 0 
0.688672 -1.17461 1 0 | 21.0534 | 0 
0.798047 -1.20195 1 0 | 16.1376 | 0 
0.583203 -1.31523 1 0 | 34.7218 | 0 
0.747266 -1.36211 1 0 | 29.0638 | 0 
0.645703 -1.47539 1 0 | 38.571 | 0 
0.383984 -1.45195 1 0 | 39.2646 | 0 
0.305859 -1.31133 1 0 | 29.0125 | 0 
0.223828 -1.3543 1 0 | 26.3438 | 0 
0.0832031 -1.32695 1 0 | 17.7548 | 0 
0.0949219 -1.22539 1 0 | 11.6994 | 0 
0.0324219 -1.28008 1 0 | 13.7276 | 0 
-0.0730469 -1.24102 1 0 | 12.0186 | 0 
-0.116016 -1.31133 1 0 | 18.0355 | 0 
-0.123828 -1.42852 1 0 | 23.9437 | 0 
0.00507812 -1.38945 1 0 | 19.6214 | 0 
-0.116016 -1.51445 1 0 | 24.8096 | 0 
0.0167969 -1.65898 1 0 | 18.2227 | 0 
0.130078 -1.55742 1 0 | 24.9593 | 0 
0.270703 -1.69805 1 0 | 27.4629 | 0 
0.266797 -1.9207 1 0 | 16.0319 | 0 
0.196484 -1.83867 1 0 | 14.8347 | 0 
0.133984 -1.88945 1 0 | 9.24645 | 0 
0.0519531 -1.83086 1 0 | 9.02053 | 0 
0.157422 -1.75273 1 0 | 17.4332 | 0 
-0.00273438 -1.7332 1 0 | 14.0614 | 0 
-0.0730469 -1.81914 1 0 | 10.1431 | 0 
-0.155078 -1.7918 1 0 | 15.0242 | 0 
-0.194141 -1.87773 1 0 | 12.9364 | 0 
-0.119922 -1.90508 1 0 | 8.07959 | 0 
-0.0457031 -1.86992 1 0 | 7.06879 | 0 
0.0480469 -1.8543 1 0 | 7.80135 | 0 
0.00898437 -1.9207 1 0 | 4.92335 | 0 
-0.00273438 -1.95586 1 0 | 4.21151 | 0 
0.0363281 -2.03789 1 0 | 4.69825 | 0 
-0.0417969 -2.01445 1 0 | 4.44634 | 0 
-0.0652344 -2.02617 1 0 | 5.07534 | 0 
-0.0496094 -1.97539 1 0 | 4.50832 | 0 
-0.131641 -2.00664 1 0 | 7.28518 | 0 
-0.194141 -1.99492 1 0 | 10.5869 | 0 
-0.119922 -2.01836 1 0 | 6.86407 | 0 
-0.139453 -2.08477 1 0 | 9.35261 | 0 
-0.143359 -2.19023 1 0 | 14.9424 | 0 
-0.0574219 -2.1668 1 0 | 10.3517 | 0 
0.0207031 -2.10039 1 0 | 6.42334 | 0 
0.0128906 -2.17461 1 0 | 10.2026 | 0 
0.0871094 -2.15117 1 0 | 10.2803 | 0 
0.161328 -2.08086 1 0 | 10.334 | 0 
0.0558594 -2.09648 1 0 | 6.79246 | 0 
0.0714844 -2.02227 1 0 | 5.1867 | 0 
0.0988281 -1.9832 1 0 | 5.86777 | 0 
0.157422 -1.99883 1 0 | 8.52854 | 0 
0.180859 -2.00664 1 0 | 9.86165 | 0 
0.258984 -2.02227 1 0 | 14.821 | 0 
0.356641 -2.14336 1 0 | 24.7237 | 0 
0.473828 -2.01445 1 0 | 24.1913 | 0 
0.333203 -1.89727 1 0 | 20.7181 | 0 
0.462109 -1.7918 1 0 | 30.5484 | 0 
0.575391 -1.91289 1 0 | 24.3524 | 0 
0.727734 -1.78008 1 0 | 23.2166 | 0 
0.758984 -1.88555 1 0 | 16.0458 | 0 
0.758984 -1.95586 1 0 | 14.2219 | 0 
0.645703 -1.95586 1 0 | 20.7211 | 0 
0.645703 -2.08867 1 0 | 22.3884 | 0 
0.801953 -2.19805 1 0 | 19.0637 | 0 
0.856641 -2.05742 1 0 | 9.40295 | 0 
0.864453 -1.96758 1 0 | 8.24062 | 0 
0.887891 -2.01836 1 0 | 7.31111 | 0 
0.950391 -2.06523 1 0 | 6.48113 | 0 
0.942578 -1.98711 1 0 | 5.51617 | 0 
1.01289 -1.98711 1 0 | 5.04262 | 0 
1.02852 -2.03008 1 0 | 5.51969 | 0 
1.02852 -2.08477 1 0 | 6.95176 | 0 
0.973828 -2.15898 1 0 | 10.3349 | 0 
1.09492 -2.19805 1 0 | 14.5526 | 0 
1.19258 -2.18242 1 0 | 18.5379 | 0 
1.19258 -2.07695 1 0 | 13.3546 | 0 
1.2668 -2.03398 1 0 | 17.0249 | 0 
1.18477 -1.99492 1 0 | 11.406 | 0 
1.13789 -2.05352 1 0 | 9.59843 | 0 
1.10664 -2.00664 1 0 | 7.42451 | 0 
1.07148 -1.88164 1 0 | 8.32312 | 0 
1.15742 -1.87773 1 0 | 12.1822 | 0 
1.24727 -1.85039 1 0 | 18.9126 | 0 
1.25898 -1.7293 1 0 | 26.4394 | 0 
1.07539 -1.81914 1 0 | 11.3605 | 0 
1.00508 -1.75664 1 0 | 13.6864 | 0 
0.938672 -1.80352 1 0 | 11.5701 | 0 
1.00117 -1.87383 1 0 | 7.49754 | 0 
1.0168 -1.94805 1 0 | 5.41497 | 0 
0.942578 -1.92852 1 0 | 6.24578 | 0 
0.880078 -1.8543 1 0 | 10.8283 | 0 
0.848828 -1.93633 1 0 | 9.44388 | 0 
0.817578 -1.76445 1 0 | 18.7577 | 0 
0.923047 -1.7293 1 0 | 16.2885 | 0 
0.880078 -1.58477 1 0 | 24.6104 | 0 
1.02461 -1.63555 1 0 | 20.4339 | 0 
0.856641 -1.55352 1 0 | 26.3795 | 0 
0.919141 -1.35039 1 0 | 19.8316 | 0 
0.864453 -1.21758 1 0 | 13.6219 | 0 
0.954297 -1.31914 1 0 | 17.2717 | 0 
1.0168 -1.2332 1 0 | 11.5594 | 0 
0.969922 -1.39727 1 0 | 21.0616 | 0 
1.17305 -1.36211 1 0 | 25.0608 | 0 
1.13008 -1.20586 1 0 | 13.1538 | 0 
1.22383 -1.4207 1 0 | 30.6659 | 0 
1.13789 -1.53398 1 0 | 26.9475 | 0 
1.30195 -1.69805 1 0 | 30.9942 | 0 
1.3293 -1.45977 1 0 | 38.3614 | 0 
1.5793 -1.43633 1 0 | 42.5543 | 0 
1.75898 -1.48711 1 0 | 34.711 | 0 
1.79805 -1.70195 1 0 | 26.1321 | 0 
1.55195 -1.70195 1 0 | 37.7529 | 0 
1.54805 -1.95195 1 0 | 26.2091 | 0 
1.39961 -2.06914 1 0 | 25.2473 | 0 
1.55195 -2.19805 1 0 | 33.5077 | 0 
1.67695 -2.07305 1 0 | 22.5773 | 0 
1.79805 -2.07695 1 0 | 15.7223 | 0 
1.73555 -2.13945 1 0 | 22.0981 | 0 
-2.19805 -2.19805 -1 1 | | 0 
-2.13555 -2.19805 -1 1 | 19.603 | 0 
-2.13555 -2.13555 -1 1 | 15.9515 | 0 
-2.19805 -2.07305 -1 1 | 16.9622 | 0 
-2.07305 -2.07305 -1 1 | 10.6698 | 0 
-2.01445 -1.99883 -1 1 | 8.09981 | 0 
-1.95586 -2.06523 -1 1 | 9.30603 | 0 
-2.02617 -2.1082 -1 1 | 10.9132 | 0 
-1.94805 -2.19805 -1 1 | 15.9527 | 0 
-1.81523 -2.19805 -1 1 | 20.9398 | 0 
-1.80352 -2.06133 -1 1 | 14.9405 | 0 
-1.84648 -1.96758 -1 1 | 11.7949 | 0 
-1.91289 -2.01445 -1 1 | 9.22418 | 0 
-1.94805 -1.94805 -1 1 | 8.65092 | 0 
-1.89336 -1.82695 -1 1 | 14.4407 | 0 
-1.87383 -1.89727 -1 1 | 12.109 | 0 
-1.78789 -1.83867 -1 1 | 18.9363 | 0 
-1.74492 -1.70195 -1 1 | 29.2386 | 0 
-1.90508 -1.81133 -1 1 | 14.883 | 0 
-2.06914 -1.81914 -1 1 | 14.3156 | 0 
-1.96758 -1.87773 -1 1 | 10.4175 | 0 
-2.04961 -1.91289 -1 1 | 9.80773 | 0 
-2.09258 -1.87383 -1 1 | 12.5209 | 0 
-2.17461 -1.90508 -1 1 | 15.5279 | 0 
-2.19805 -1.69805 -1 1 | 27.7198 | 0 
-2.19023 -1.45977 -1 1 | 32.9477 | 0 
-2.06133 -1.31523 -1 1 | 20.7022 | 0 
-1.9793 -1.44414 -1 1 | 25.483 | 0 
-1.72148 -1.43242 -1 1 | 35.9145 | 0 
-1.69805 -1.69805 -1 1 | 32.185 | 0 
-1.68633 -1.4207 -1 1 | 37.5461 | 0 
-1.40508 -1.40117 -1 1 | 40.3493 | 0 
-1.22148 -1.53008 -1 1 | 31.878 | 0 
-1.40898 -1.59648 -1 1 | 41.1659 | 0 
-1.26836 -1.71758 -1 1 | 27.7379 | 0 
-1.45977 -1.74883 -1 1 | 34.9501 | 0 
-1.4793 -1.99102 -1 1 | 26.0889 | 0 
-1.62773 -2.12383 -1 1 | 26.9908 | 0 
-1.4207 -2.16289 -1 1 | 30.2817 | 0 
-1.28008 -2.0457 -1 1 | 18.1166 | 0 
-1.20977 -2.09258 -1 1 | 14.9909 | 0 
-1.19805 -2.19805 -1 1 | 19.8584 | 0 
-1.0418 -2.14336 -1 1 | 9.817 | 0 
-0.971484 -2.09648 -1 1 | 7.28608 | 0 
-1.03789 -2.1082 -1 1 | 8.03219 | 0 
-1.04961 -2.02227 -1 1 | 5.77582 | 0 
-0.955859 -2.0457 -1 1 | 5.89519 | 0 
-0.951953 -1.98711 -1 1 | 5.34483 | 0 
-1.03008 -2.01055 -1 1 | 5.30836 | 0 
-1.13164 -1.9793 -1 1 | 8.51775 | 0 
-1.15508 -2.05352 -1 1 | 10.4994 | 0 
-1.15898 -1.91289 -1 1 | 11.0562 | 0 
-1.15898 -1.81523 -1 1 | 15.2463 | 0 
-1.06133 -1.81523 -1 1 | 11.1748 | 0 
-1.0418 -1.74883 -1 1 | 14.5652 | 0 
-0.979297 -1.82305 -1 1 | 9.94179 | 0 
-1.07305 -1.8582 -1 1 | 9.3574 | 0 
-0.998828 -1.90117 -1 1 | 6.48415 | 0 
-0.924609 -1.93242 -1 1 | 6.58325 | 0 
-0.916797 -1.94414 -1 1 | 6.57048 | 0 
-0.830859 -1.83867 -1 1 | 13.9236 | 0 
-0.830859 -1.70977 -1 1 | 21.255 | 0 
-0.717578 -1.72148 -1 1 | 27.2886 | 0 
-0.787891 -1.90117 -1 1 | 13.7487 | 0 
-0.748828 -1.95586 -1 1 | 14.8469 | 0 
-0.787891 -2.06133 -1 1 | 13.2498 | 0 
-0.862109 -1.98711 -1 1 | 8.25382 | 0 
-0.928516 -1.96758 -1 1 | 5.93712 | 0 
-0.944141 -2.03008 -1 1 | 5.80529 | 0 
-0.826953 -2.1043 -1 1 | 12.5395 | 0 
-0.912891 -2.15117 -1 1 | 11.1086 | 0 
-0.701953 -2.1043 -1 1 | 19.9705 | 0 
-0.592578 -1.97539 -1 1 | 22.733 | 0 
-0.541797 -2.19414 -1 1 | 31.3318 | 0 
-0.248828 -2.10039 -1 1 | 16.3292 | 0 
-0.237109 -1.95195 -1 1 | 13.5145 | 0 
-0.428516 -2.03789 -1 1 | 23.6319 | 0 
-0.260547 -1.82695 -1 1 | 19.4239 | 0 
-0.393359 -1.75664 -1 1 | 30.6663 | 0 
-0.678516 -1.69023 -1 1 | 31.3318 | 0 
-0.412891 -1.64727 -1 1 | 37.4441 | 0 
-0.428516 -1.33086 -1 1 | 35.8328 | 0 
-0.526172 -1.2918 -1 1 | 34.4118 | 0 
-0.651172 -1.44805 -1 1 | 37.8159 | 0 
-0.764453 -1.29961 -1 1 | 24.4383 | 0 
-0.897266 -1.38555 -1 1 | 22.2656 | 0 
-0.780078 -1.4832 -1 1 | 30.8791 | 0 
-0.881641 -1.67461 -1 1 | 20.7885 | 0 
-1.05352 -1.47539 -1 1 | 23.7324 | 0 
-1.09258 -1.64727 -1 1 | 21.5728 | 0 
-1.1707 -1.4168 -1 1 | 27.2684 | 0 
-1.02227 -1.27227 -1 1 | 14.1608 | 0 
-1.11602 -1.20195 -1 1 | 12.2632 | 0 
-1.19805 -1.19805 -1 1 | 16.4623 | 0 
-1.1082 -1.08477 -1 1 | 6.01832 | 0 
-1.1082 -1.16289 -1 1 | 9.60478 | 0 
-1.0418 -1.15898 -1 1 | 7.36441 | 0 
-0.971484 -1.15898 -1 1 | 7.04007 | 0 
-0.979297 -1.11211 -1 1 | 4.66532 | 0 
-1.0418 -1.12773 -1 1 | 5.75644 | 0 
-1.06523 -1.01445 -1 1 | 3.03836 | 0 
-1.03789 -1.05352 -1 1 | 3.03418 | 0 
-0.955859 -1.06914 -1 1 | 3.37274 | 0 
-0.987109 -1.0418 -1 1 | 2.44037 | 0 
-0.959766 -1.01055 -1 1 | 2.28715 | 0 
-0.987109 -0.967578 -1 1 | 2.15515 | 0 
-1.01445 -0.991016 -1 1 | 2.07336 | 0 
-1.06133 -0.971484 -1 1 | 2.96856 | 0 
-1.13555 -0.955859 -1 1 | 6.00297 | 0 
-1.08867 -1.06914 -1 1 | 4.77444 | 0 
-1.15508 -1.06523 -1 1 | 7.68547 | 0 
-1.17852 -0.916797 -1 1 | 9.22808 | 0 
-1.08867 -0.920703 -1 1 | 4.76594 | 0 
-1.07695 -0.873828 -1 1 | 6.05591 | 0 
-1.16289 -0.811328 -1 1 | 13.0528 | 0 
-1.12773 -0.737109 -1 1 | 15.6806 | 0 
-1.06914 -0.807422 -1 1 | 9.19871 | 0 
-1.03008 -0.756641 -1 1 | 11.3995 | 0 
-0.971484 -0.811328 -1 1 | 8.00841 | 0 
-1.00273 -0.862109 -1 1 | 5.27939 | 0 
-1.06133 -0.877734 -1 1 | 5.44361 | 0 
-1.0457 -0.932422 -1 1 | 3.26538 | 0 
-1.02617 -0.940234 -1 1 | 2.7738 | 0 
-0.991016 -0.893359 -1 1 | 3.96318 | 0 
-0.936328 -0.920703 -1 1 | 3.73477 | 0 
-0.889453 -0.936328 -1 1 | 4.77929 | 0 
-0.842578 -0.838672 -1 1 | 10.6364 | 0 
-0.838672 -0.721484 -1 1 | 17.7234 | 0 
-0.709766 -0.713672 -1 1 | 25.782 | 0 
-0.815234 -0.889453 -1 1 | 9.79256 | 0 
-0.756641 -0.975391 -1 1 | 11.2311 | 0 
-0.787891 -1.04961 -1 1 | 9.85102 | 0 
-0.780078 -0.979297 -1 1 | 9.7784 | 0 
-0.858203 -0.998828 -1 1 | 5.4526 | 0 
-0.889453 -0.959766 -1 1 | 4.35193 | 0 
-0.924609 -0.991016 -1 1 | 2.95905 | 0 
-0.889453 -1.01445 -1 1 | 4.18326 | 0 
-0.924609 -1.03008 -1 1 | 3.20012 | 0 
-0.901172 -1.05352 -1 1 | 4.35379 | 0 
-0.885547 -1.03008 -1 1 | 4.50451 | 0 
-0.830859 -1.13555 -1 1 | 10.5327 | 0 
-0.920703 -1.15117 -1 1 | 7.5755 | 0 
-0.764453 -1.17852 -1 1 | 16.7294 | 0 
-0.709766 -1.1082 -1 1 | 16.4614 | 0 
-0.576953 -1.08086 -1 1 | 21.6229 | 0 
-0.600391 -0.967578 -1 1 | 19.5842 | 0 
-0.549609 -1.18633 -1 1 | 27.3378 | 0 
-0.354297 -1.1668 -1 1 | 22.5931 | 0 
-0.237109 -1.1043 -1 1 | 12.5431 | 0 
-0.272266 -1.05742 -1 1 | 13.2355 | 0 
-0.217578 -0.955859 -1 1 | 9.32508 | 0 
-0.440234 -1.03789 -1 1 | 20.8613 | 0 
-0.346484 -0.881641 -1 1 | 19.2402 | 0 
-0.252734 -0.838672 -1 1 | 15.6564 | 0 
-0.408984 -0.760547 -1 1 | 28.4974 | 0 
-0.518359 -0.834766 -1 1 | 25.8263 | 0 
-0.694141 -0.701953 -1 1 | 27.3909 | 0 
-0.420703 -0.674609 -1 1 | 33.9831 | 0 
-0.412891 -0.397266 -1 1 | 36.8605 | 0 
-0.565234 -0.201953 -1 1 | 26.5637 | 0 
-0.596484 -0.436328 -1 1 | 37.9796 | 0 
-0.725391 -0.311328 -1 1 | 25.9269 | 0 
-0.944141 -0.350391 -1 1 | 17.5265 | 0 
-0.815234 -0.467578 -1 1 | 26.6965 | 0 
-0.838672 -0.686328 -1 1 | 19.7865 | 0 
-1.04961 -0.455859 -1 1 | 21.4142 | 0 
-1.08086 -0.631641 -1 1 | 19.6053 | 0 
-1.17461 -0.389453 -1 1 | 24.6578 | 0 
-1.03789 -0.428516 -1 1 | 20.5561 | 0 
-1.03008 -0.291797 -1 1 | 13.9253 | 0 
-0.955859 -0.241016 -1 1 | 10.7947 | 0 
-1.10039 -0.201953 -1 1 | 10.2077 | 0 
-1.18633 -0.213672 -1 1 | 15.3005 | 0 
-1.30742 -0.420703 -1 1 | 34.2058 | 0 
-1.34258 -0.268359 -1 1 | 28.5249 | 0 
-1.51836 -0.385547 -1 1 | 39.9164 | 0 
-1.50273 -0.616016 -1 1 | 40.1 | 0 
-1.27227 -0.647266 -1 1 | 29.453 | 0 
-1.40508 -0.811328 -1 1 | 27.1524 | 0 
-1.20586 -0.838672 -1 1 | 14.1368 | 0 
-1.31523 -1.0457 -1 1 | 17.2228 | 0 
-1.32305 -1.17461 -1 1 | 23.0036 | 0 
-1.37383 -0.963672 -1 1 | 20.0993 | 0 
-1.56133 -1.1082 -1 1 | 25.161 | 0 
-1.63945 -0.979297 -1 1 | 20.137 | 0 
-1.5418 -0.877734 -1 1 | 25.6182 | 0 
-1.69023 -0.717578 -1 1 | 29.0674 | 0 
-1.92461 -0.741016 -1 1 | 15.9235 | 0 
-1.83086 -0.807422 -1 1 | 15.614 | 0 
-1.90117 -0.858203 -1 1 | 9.93589 | 0 
-1.74492 -0.834766 -1 1 | 18.9879 | 0 
-1.76836 -1.06523 -1 1 | 13.9441 | 0 
-1.78008 -1.1707 -1 1 | 17.8868 | 0 
-1.88555 -1.14727 -1 1 | 11.3367 | 0 
-1.90508 -1.08086 -1 1 | 7.79209 | 0 
-1.82695 -1.0457 -1 1 | 10.1968 | 0 
-1.91289 -0.959766 -1 1 | 6.36394 | 0 
-1.92461 -0.963672 -1 1 | 5.99826 | 0 
-2.00664 -0.998828 -1 1 | 5.03824 | 0 
-2.07305 -0.983203 -1 1 | 6.35975 | 0 
-2.04961 -1.03789 -1 1 | 6.04705 | 0 
-1.99102 -1.01445 -1 1 | 5.05539 | 0 
-1.99102 -1.07695 -1 1 | 6.29122 | 0 
-2.03008 -1.15898 -1 1 | 10.2355 | 0 
-2.06133 -1.08867 -1 1 | 7.68486 | 0 
-2.12383 -1.16289 -1 1 | 13.541 | 0 
-2.15898 -1.08086 -1 1 | 11.6855 | 0 
-2.08086 -1.0418 -1 1 | 7.02625 | 0 
-2.15508 -0.994922 -1 1 | 10.0275 | 0 
-2.1668 -0.830859 -1 1 | 15.5326 | 0 
-2.11602 -0.944141 -1 1 | 8.52479 | 0 
-2.01836 -0.920703 -1 1 | 6.20866 | 0 
-1.9832 -0.897266 -1 1 | 6.81082 | 0 
-2.06133 -0.826953 -1 1 | 11.0223 | 0 
-2.11211 -0.713672 -1 1 | 19.6182 | 0 
-2.13555 -0.686328 -1 1 | 22.3441 | 0 
-2.06914 -0.522266 -1 1 | 25.3903 | 0 
-1.92461 -0.658984 -1 1 | 20.6565 | 0 
-1.76445 -0.530078 -1 1 | 32.3144 | 0 
-1.88945 -0.405078 -1 1 | 24.3295 | 0 
-1.77617 -0.280078 -1 1 | 23.4798 | 0 
-1.86602 -0.256641 -1 1 | 17.3091 | 0 
-1.96367 -0.248828 -1 1 | 14.1087 | 0 
-1.96758 -0.354297 -1 1 | 20.3028 | 0 
-2.09258 -0.354297 -1 1 | 22.2481 | 0 
-2.19805 -0.198047 -1 1 | 18.4623 | 0 
-2.09648 -0.104297 -1 1 | 8.26455 | 0 
-2.12383 -0.178516 -1 1 | 13.0826 | 0 
-2.02227 -0.162891 -1 1 | 9.01475 | 0 
-1.9793 -0.143359 -1 1 | 7.81746 | 0 
-1.96758 -0.0808594 -1 1 | 5.35275 | 0 
-2.06523 -0.131641 -1 1 | 8.34587 | 0 
-2.03008 -0.0144531 -1 1 | 4.34568 | 0 
-1.99883 -0.0496094 -1 1 | 4.48493 | 0 
-1.95977 -0.0339844 -1 1 | 4.39179 | 0 
-2.00273 0.00507812 -1 1 | 4.02254 | 0 
-1.96367 0.0363281 -1 1 | 4.38108 | 0 
-2.03008 0.0285156 -1 1 | 4.46516 | 0 
-2.06133 -0.00273438 -1 1 | 4.98883 | 0 
-2.12383 -0.0105469 -1 1 | 7.41477 | 0 
-2.19023 -0.0339844 -1 1 | 11.3628 | 0 
-2.16289 0.0558594 -1 1 | 10.0918 | 0 
-2.15898 0.223828 -1 1 | 17.6672 | 0 
-2.03008 0.219922 -1 1 | 12.474 | 0 
-1.9793 0.274609 -1 1 | 15.6226 | 0 
-1.96367 0.114453 -1 1 | 6.60969 | 0 
-2.0418 0.173047 -1 1 | 9.89784 | 0 
-2.03008 0.0910156 -1 1 | 5.90363 | 0 
-2.00664 0.0636719 -1 1 | 4.834 | 0 
-1.97539 0.0558594 -1 1 | 4.63922 | 0 
-1.84258 0.0949219 -1 1 | 9.64121 | 0 
-1.88945 0.137891 -1 1 | 9.43506 | 0 
-1.9207 0.247266 -1 1 | 14.7992 | 0 
-1.83477 0.219922 -1 1 | 16.4634 | 0 
-1.71758 0.239453 -1 1 | 24.3733 | 0 
-1.81523 0.0714844 -1 1 | 10.312 | 0 
-1.73711 0.00117187 -1 1 | 13.8319 | 0 
-1.79961 -0.0417969 -1 1 | 10.5214 | 0 
-1.86992 0.0480469 -1 1 | 7.11425 | 0 
-1.89727 -0.00664063 -1 1 | 5.62537 | 0 
-1.88164 -0.0730469 -1 1 | 7.22594 | 0 
-1.82695 -0.0691406 -1 1 | 9.62751 | 0 
-1.88164 -0.0847656 -1 1 | 7.57799 | 0 
-1.8582 -0.194141 -1 1 | 13.7706 | 0 
-1.70977 -0.178516 -1 1 | 21.1193 | 0 
-1.55742 -0.0535156 -1 1 | 22.3496 | 0 
-1.4168 -0.174609 -1 1 | 26.1454 | 0 
-1.28789 -0.198047 -1 1 | 20.8546 | 0 
-1.27617 -0.0457031 -1 1 | 13.6822 | 0 
-1.34648 -0.00664063 -1 1 | 17.5245 | 0 
-1.43242 0.122266 -1 1 | 23.9923 | 0 
-1.2332 0.227734 -1 1 | 19.1298 | 0 
-1.56523 0.204297 -1 1 | 28.8361 | 0 
-1.67852 0.481641 -1 1 | 37.3299 | 0 
-1.31133 0.380078 -1 1 | 32.9208 | 0 
-1.44805 0.594922 -1 1 | 40.2013 | 0 
-1.24883 0.719922 -1 1 | 23.8879 | 0 
-1.51445 0.692578 -1 1 | 36.2672 | 0 
-1.6707 0.704297 -1 1 | 30.9034 | 0 
-1.70586 0.684766 -1 1 | 30.1069 | 0 
-1.93633 0.774609 -1 1 | 13.6039 | 0 
-1.9207 0.641797 -1 1 | 21.6086 | 0 
-1.70586 0.657422 -1 1 | 31.5795 | 0 
-1.84648 0.497266 -1 1 | 27.9626 | 0 
-2.02227 0.352734 -1 1 | 20.3327 | 0 
-2.11602 0.481641 -1 1 | 27.1893 | 0 
-2.0418 0.571484 -1 1 | 23.8516 | 0 
-2.02617 0.762891 -1 1 | 14.0182 | 0 
-2.15117 0.692578 -1 1 | 22.8242 | 0 
-2.09648 0.801953 -1 1 | 13.6187 | 0 
-2.15898 0.930859 -1 1 | 11.0495 | 0 
-2.14336 1.0168 -1 1 | 9.47831 | 0 
-2.1043 0.962109 -1 1 | 7.71223 | 0 
-2.08477 0.934766 -1 1 | 7.43844 | 0 
-2.0418 0.985547 -1 1 | 5.52931 | 0 
-2.03008 1.02461 -1 1 | 5.4734 | 0 
-2.01055 1.02852 -1 1 | 5.28717 | 0 
-1.95195 0.958203 -1 1 | 5.52837 | 0 
-1.96758 0.946484 -1 1 | 5.53898 | 0 
-1.99883 0.868359 -1 1 | 7.98467 | 0 
-2.05742 0.895703 -1 1 | 7.75554 | 0 
-2.01445 0.801953 -1 1 | 11.5407 | 0 
-1.89336 0.841016 -1 1 | 11.0471 | 0 
-1.82695 0.805859 -1 1 | 15.9051 | 0 
-1.77617 0.887891 -1 1 | 14.6911 | 0 
-1.72148 1.02461 -1 1 | 15.9198 | 0 
-1.87383 0.958203 -1 1 | 7.75844 | 0 
-1.90117 0.989453 -1 1 | 6.48719 | 0 
-1.92461 1.09102 -1 1 | 7.59163 | 0 
-1.88555 1.16914 -1 1 | 12.5386 | 0 
-1.84258 1.07148 -1 1 | 10.0457 | 0 
-1.78789 1.1457 -1 1 | 16.0618 | 0 
-1.72539 1.27852 -1 1 | 27.9388 | 0 
-1.8582 1.22383 -1 1 | 17.0318 | 0 
-2.06133 1.24727 -1 1 | 16.3712 | 0 
-1.99102 1.21211 -1 1 | 13.096 | 0 
-1.95586 1.10273 -1 1 | 7.44055 | 0 
-2.05352 1.05977 -1 1 | 6.60186 | 0 
-2.13555 1.16133 -1 1 | 14.0393 | 0 
-2.17852 1.2043 -1 1 | 19.027 | 0 
-2.14336 1.31367 -1 1 | 24.0093 | 0 
-2.03789 1.35273 -1 1 | 22.2859 | 0 
-2.07695 1.46602 -1 1 | 27.3871 | 0 
-2.16289 1.75508 -1 1 | 22.2403 | 0 
-2.04961 1.59102 -1 1 | 25.628 | 0 
-1.88555 1.7043 -1 1 | 21.7734 | 0 
-1.7293 1.47383 -1 1 | 36.3299 | 0 
-1.55352 1.33711 -1 1 | 38.8503 | 0 
-1.58867 1.7668 -1 1 | 33.0847 | 0 
-1.46367 1.57539 -1 1 | 43.2687 | 0 
-1.2918 1.72383 -1 1 | 28.8784 | 0 
-1.41289 1.35273 -1 1 | 38.3863 | 0 
-1.39727 1.16523 -1 1 | 26.2254 | 0 
-1.56914 1.21602 -1 1 | 30.8979 | 0 
-1.65117 1.1418 -1 1 | 23.5663 | 0 
-1.45586 0.985547 -1 1 | 22.7549 | 0 
-1.59648 0.915234 -1 1 | 22.9945 | 0 
-1.47539 0.864453 -1 1 | 26.2224 | 0 
-1.39727 1.02852 -1 1 | 21.1633 | 0 
-1.31523 0.993359 -1 1 | 16.7153 | 0 
-1.21758 0.923047 -1 1 | 11.4628 | 0 
-1.27617 0.809766 -1 1 | 20.2588 | 0 
-1.11992 0.833203 -1 1 | 9.66749 | 0 
-1.19023 0.887891 -1 1 | 10.9225 | 0 
-1.16289 1.04023 -1 1 | 7.5532 | 0 
-1.11602 1.0207 -1 1 | 4.91806 | 0 
-1.12383 0.973828 -1 1 | 5.22829 | 0 
-1.04961 0.926953 -1 1 | 3.4827 | 0 
-1.01445 0.981641 -1 1 | 2.1054 | 0 
-1.04961 0.989453 -1 1 | 2.58953 | 0 
-1.03789 1.0207 -1 1 | 2.4906 | 0 
-1.02617 0.993359 -1 1 | 2.1884 | 0 
-0.991016 1.04023 -1 1 | 2.40297 | 0 
-0.967578 1.01289 -1 1 | 2.20671 | 0 
-0.983203 0.985547 -1 1 | 2.03984 | 0 
-0.998828 0.926953 -1 1 | 2.89706 | 0 
-0.967578 0.911328 -1 1 | 3.49081 | 0 
-0.983203 0.864453 -1 1 | 5.1873 | 0 
-1.0457 0.903516 -1 1 | 4.10629 | 0 
-1.06914 0.837109 -1 1 | 7.57364 | 0 
-0.908984 0.801953 -1 1 | 9.85882 | 0 
-0.862109 0.868359 -1 1 | 8.25652 | 0 
-0.838672 0.821484 -1 1 | 11.7536 | 0 
-0.713672 0.860547 -1 1 | 17.117 | 0 
-0.783984 0.891797 -1 1 | 11.5192 | 0 
-0.729297 0.934766 -1 1 | 13.5361 | 0 
-0.776172 1.04023 -1 1 | 10.3703 | 0 
-0.846484 0.997266 -1 1 | 6.01982 | 0 
-0.866016 0.930859 -1 1 | 5.8895 | 0 
-0.905078 0.926953 -1 1 | 4.44474 | 0 
-0.924609 1.00508 -1 1 | 2.97628 | 0 
-0.897266 1.02461 -1 1 | 3.99122 | 0 
-0.936328 1.03633 -1 1 | 3.00469 | 0 
-0.908984 1.09883 -1 1 | 5.49653 | 0 
-0.905078 1.17305 -1 1 | 9.27774 | 0 
-0.877734 1.11055 -1 1 | 7.13404 | 0 
-0.756641 1.0793 -1 1 | 12.541 | 0 
-0.772266 1.2082 -1 1 | 18.0706 | 0 
-0.866016 1.2707 -1 1 | 17.006 | 0 
-0.951953 1.28242 -1 1 | 15.0311 | 0 
-1.01836 1.21992 -1 1 | 10.7181 | 0 
-0.963672 1.19648 -1 1 | 9.32513 | 0 
-0.971484 1.11836 -1 1 | 4.99973 | 0 
-0.963672 1.09492 -1 1 | 4.11833 | 0 
-0.994922 1.06367 -1 1 | 2.92099 | 0 
-1.02617 1.11055 -1 1 | 4.74306 | 0 
-1.0418 1.0793 -1 1 | 3.81382 | 0 
-1.01836 1.13398 -1 1 | 5.73359 | 0 
-1.11211 1.16523 -1 1 | 9.90185 | 0 
-1.10039 1.09102 -1 1 | 5.92154 | 0 
-1.19023 1.12227 -1 1 | 11.8221 | 0 
-1.1043 1.29023 -1 1 | 17.4618 | 0 
-1.08086 1.38398 -1 1 | 21.8105 | 0 
-1.0418 1.54805 -1 1 | 23.3774 | 0 
-1.14336 1.63398 -1 1 | 24.4328 | 0 
-1.12773 1.7082 -1 1 | 19.8423 | 0 
-0.979297 1.73164 -1 1 | 15.1981 | 0 
-0.967578 1.59492 -1 1 | 21.9653 | 0 
-0.920703 1.66914 -1 1 | 19.7192 | 0 
-0.787891 1.64961 -1 1 | 26.8864 | 0 
-0.916797 1.43477 -1 1 | 23.4114 | 0 
-0.647266 1.36055 -1 1 | 34.6917 | 0 
-0.639453 1.6457 -1 1 | 35.617 | 0 
-0.491016 1.63008 -1 1 | 39.7292 | 0 
-0.393359 1.78633 -1 1 | 28.9259 | 0 
-0.393359 1.4582 -1 1 | 39.7812 | 0 
-0.201953 1.34883 -1 1 | 24.71 | 0 
-0.225391 1.08711 -1 1 | 11.1583 | 0 
-0.326953 1.16523 -1 1 | 21.0408 | 0 
-0.416797 1.13398 -1 1 | 23.4681 | 0 
-0.530078 1.24336 -1 1 | 31.2368 | 0 
-0.639453 1.05195 -1 1 | 18.4493 | 0 
-0.533984 0.934766 -1 1 | 21.7651 | 0 
-0.651172 0.883984 -1 1 | 19.5698 | 0 
-0.330859 0.817578 -1 1 | 21.5281 | 0 
-0.420703 1.01289 -1 1 | 20.025 | 0 
-0.283984 0.985547 -1 1 | 13.2173 | 0 
-0.229297 0.895703 -1 1 | 11.6342 | 0 
-0.209766 0.852734 -1 1 | 12.259 | 0 
-0.436328 0.766797 -1 1 | 28.9403 | 0 
-0.291797 0.602734 -1 1 | 31.0375 | 0 
-0.393359 0.481641 -1 1 | 38.1632 | 0 
-0.616016 0.454297 -1 1 | 37.6401 | 0 
-0.600391 0.704297 -1 1 | 31.7695 | 0 
-0.815234 0.563672 -1 1 | 26.2127 | 0 
-0.928516 0.591016 -1 1 | 20.6172 | 0 
-0.850391 0.782422 -1 1 | 13.4196 | 0 
-1.0418 0.696484 -1 1 | 15.2178 | 0 
-1.19414 0.700391 -1 1 | 21.5502 | 0 
-1.18633 0.551953 -1 1 | 27.2942 | 0 
-0.959766 0.645703 -1 1 | 17.755 | 0 
-1.14336 0.450391 -1 1 | 24.823 | 0 
-0.951953 0.341016 -1 1 | 16.8918 | 0 
-0.850391 0.481641 -1 1 | 24.996 | 0 
-0.713672 0.321484 -1 1 | 27.2225 | 0 
-0.737109 0.102734 -1 1 | 13.3799 | 0 
-0.846484 0.145703 -1 1 | 8.95094 | 0 
-0.854297 0.0832031 -1 1 | 5.9833 | 0 
-0.905078 0.102734 -1 1 | 4.57316 | 0 
-0.940234 0.141797 -1 1 | 5.31913 | 0 
-0.932422 0.184766 -1 1 | 7.81155 | 0 
-0.842578 0.286328 -1 1 | 17.5654 | 0 
-1.02617 0.282422 -1 1 | 13.2958 | 0 
-1.18242 0.258984 -1 1 | 17.9148 | 0 
-1.11992 0.219922 -1 1 | 12.1359 | 0 
-1.19023 0.169141 -1 1 | 12.9179 | 0 
-1.13164 0.0636719 -1 1 | 5.30933 | 0 
-1.09258 0.0753906 -1 1 | 3.95014 | 0 
-1.04961 0.0636719 -1 1 | 2.38225 | 0 
-1.01836 0.0832031 -1 1 | 2.4511 | 0 
-1.06523 0.173047 -1 1 | 7.34908 | 0 
-0.994922 0.130078 -1 1 | 4.17499 | 0 
-0.975391 0.118359 -1 1 | 3.72984 | 0 
-0.994922 0.0988281 -1 1 | 2.8765 | 0 
-1.01055 0.0558594 -1 1 | 1.66089 | 0 
-0.963672 0.0363281 -1 1 | 1.45373 | 0 
-0.967578 0.0480469 -1 1 | 1.60252 | 0 
-1.01055 0.0207031 -1 1 | 1.13307 | 0 
-1.01055 0.00507812 -1 1 | 1.05327 | 0 
-0.967578 0.00117187 -1 1 | 1.14826 | 0 
-0.963672 -0.0105469 -1 1 | 1.2151 | 0 
-0.975391 -0.0417969 -1 1 | 1.4203 | 0 
-0.967578 -0.0652344 -1 1 | 1.98055 | 0 
-0.994922 -0.0652344 -1 1 | 1.83253 | 0 
-0.987109 -0.0417969 -1 1 | 1.35678 | 0 
-1.02617 -0.0183594 -1 1 | 1.25973 | 0 
-1.02227 -0.0457031 -1 1 | 1.5593 | 0 
-1.03789 -0.0496094 -1 1 | 1.84862 | 0 
-1.05742 -0.0183594 -1 1 | 1.83376 | 0 
-1.05352 0.0128906 -1 1 | 1.70785 | 0 
-1.02617 0.00507812 -1 1 | 1.19805 | 0 
-1.01836 0.0285156 -1 1 | 1.26941 | 0 
-1.04961 0.0324219 -1 1 | 1.79639 | 0 
-1.08086 0.0167969 -1 1 | 2.49225 | 0 
-1.12773 0.0167969 -1 1 | 4.38416 | 0 
-1.18633 0.00117187 -1 1 | 7.51789 | 0 
-1.17852 -0.0457031 -1 1 | 7.46347 | 0 
-1.11602 -0.0417969 -1 1 | 4.13634 | 0 
-1.09648 -0.135547 -1 1 | 6.42032 | 0 
-1.17852 -0.143359 -1 1 | 10.8623 | 0 
-1.05352 -0.190234 -1 1 | 8.04354 | 0 
-1.06133 -0.119922 -1 1 | 4.58603 | 0 
-1.01445 -0.0808594 -1 1 | 2.34493 | 0 
-0.994922 -0.116016 -1 1 | 3.55466 | 0 
-0.955859 -0.147266 -1 1 | 5.30652 | 0 
-0.936328 -0.190234 -1 1 | 8.03998 | 0 
-0.869922 -0.178516 -1 1 | 9.60974 | 0 
-0.869922 -0.135547 -1 1 | 7.35094 | 0 
-0.889453 -0.119922 -1 1 | 5.83428 | 0 
-0.889453 -0.0652344 -1 1 | 3.94551 | 0 
-0.940234 -0.0300781 -1 1 | 1.76482 | 0 
-0.928516 0.00507812 -1 1 | 1.86409 | 0 
-0.932422 0.0480469 -1 1 | 2.21694 | 0 
-0.897266 0.0441406 -1 1 | 3.20618 | 0 
-0.916797 -0.00664063 -1 1 | 2.18992 | 0 
-0.862109 0.0285156 -1 1 | 4.43333 | 0 
-0.826953 0.00117187 -1 1 | 6.04022 | 0 
-0.862109 -0.0496094 -1 1 | 4.75677 | 0 
-0.764453 -0.0144531 -1 1 | 9.72393 | 0 
-0.721484 0.00507812 -1 1 | 12.3128 | 0 
-0.764453 -0.0925781 -1 1 | 11.3357 | 0 
-0.651172 -0.100391 -1 1 | 18.1815 | 0 
-0.463672 -0.155078 -1 1 | 24.3679 | 0 
-0.471484 -0.0300781 -1 1 | 20.2462 | 0 
-0.584766 0.0636719 -1 1 | 19.7555 | 0 
-0.557422 0.266797 -1 1 | 30.7965 | 0 
-0.389453 0.0519531 -1 1 | 18.3706 | 0 
-0.319141 0.216016 -1 1 | 22.2433 | 0 
-0.264453 0.169141 -1 1 | 16.1456 | 0 
-0.256641 0.00898437 -1 1 | 10.504 | 0 
-0.334766 -0.0105469 -1 1 | 15.2169 | 0 
-0.334766 -0.112109 -1 1 | 17.5874 | 0 
-0.295703 -0.170703 -1 1 | 18.1751 | 0 
-0.198047 -0.198047 -1 1 | 13.6702 | 0 
-0.198047 -0.0964844 -1 1 | 8.62886 | 0 
-0.135547 -0.0808594 -1 1 | 4.70568 | 0 
-0.135547 -0.151172 -1 1 | 7.6408 | 0 
-0.0535156 -0.151172 -1 1 | 4.7726 | 0 
0.0441406 -0.198047 -1 1 | 7.22166 | 0 
0.0207031 -0.123828 -1 1 | 2.98231 | 0 
0.0207031 -0.0847656 -1 1 | 1.48219 | 0 
0.00117187 -0.0847656 -1 1 | 1.39755 | 0 
-0.0222656 -0.104297 -1 1 | 2.18552 | 0 
-0.0652344 -0.135547 -1 1 | 4.26864 | 0 
-0.0496094 -0.0613281 -1 1 | 1.22638 | 0 
-0.0730469 -0.0144531 -1 1 | 1.08664 | 0 
-0.0417969 -0.0300781 -1 1 | 0.528563 | 0 
-0.0222656 -0.0574219 -1 1 | 0.750318 | 0 
-0.00664063 -0.0730469 -1 1 | 1.05398 | 0 
0.0128906 -0.0691406 -1 1 | 0.9716 | 0 
0.0285156 -0.0574219 -1 1 | 0.813015 | 0 
0.0324219 -0.0144531 -1 1 | 0.254243 | 0 
-0.0105469 -0.0417969 -1 1 | 0.37167 | 0 
0.00507812 0.0128906 -1 1 | 0.0430641 | 0 
0.0246094 -0.0105469 -1 1 | 0.146973 | 0 
0.0363281 -0.00273438 -1 1 | 0.267179 | 0 
0.0441406 0.0246094 -1 1 | 0.509 | 0 
0.0128906 0.0324219 -1 1 | 0.245777 | 0 
-0.0261719 0.0402344 -1 1 | 0.460048 | 0 
-0.0261719 0.0167969 -1 1 | 0.196509 | 0 
-0.0417969 0.0167969 -1 1 | 0.405531 | 0 
-0.0613281 0.0128906 -1 1 | 0.774988 | 0 
-0.0613281 0.0480469 -1 1 | 1.19658 | 0 
-0.100391 0.0207031 -1 1 | 2.02427 | 0 
-0.123828 0.00898437 -1 1 | 2.9134 | 0 
-0.100391 -0.0144531 -1 1 | 1.98077 | 0 
-0.119922 -0.0574219 -1 1 | 3.37346 | 0 
-0.135547 -0.0144531 -1 1 | 3.47748 | 0 
-0.158984 -0.0535156 -1 1 | 5.18111 | 0 
-0.143359 0.00507812 -1 1 | 3.82047 | 0 
-0.194141 0.0714844 -1 1 | 7.6015 | 0 
-0.127734 0.0636719 -1 1 | 3.86646 | 0 
-0.119922 0.0949219 -1 1 | 4.46178 | 0 
-0.108203 0.173047 -1 1 | 7.62114 | 0 
-0.147266 0.208203 -1 1 | 11.458 | 0 
-0.100391 0.282422 -1 1 | 14.0422 | 0 
-0.00273438 0.286328 -1 1 | 12.3513 | 0 
0.0324219 0.149609 -1 1 | 4.33752 | 0 
-0.00273438 0.173047 -1 1 | 5.38753 | 0 
-0.0535156 0.118359 -1 1 | 3.22202 | 0 
-0.0261719 0.0910156 -1 1 | 1.73996 | 0 
-0.0457031 0.0753906 -1 1 | 1.52336 | 0 
-0.0535156 0.0636719 -1 1 | 1.36156 | 0 
-0.0144531 0.0792969 -1 1 | 1.26844 | 0 
-0.00664063 0.102734 -1 1 | 2.03631 | 0 
0.0363281 0.0871094 -1 1 | 1.73408 | 0 
0.0675781 0.0714844 -1 1 | 1.8945 | 0 
0.0910156 0.0910156 -1 1 | 3.20374 | 0 
0.0988281 0.0519531 -1 1 | 2.41231 | 0 
0.161328 0.106641 -1 1 | 6.91682 | 0 
0.153516 0.149609 -1 1 | 8.45553 | 0 
0.0753906 0.180859 -1 1 | 6.93562 | 0 
0.110547 0.243359 -1 1 | 11.9761 | 0 
0.157422 0.180859 -1 1 | 10.3593 | 0 
0.290234 0.200391 -1 1 | 19.5637 | 0 
0.278516 0.0558594 -1 1 | 12.4774 | 0 
0.251172 -0.0496094 -1 1 | 10.6261 | 0 
0.216016 0.0128906 -1 1 | 7.9655 | 0 
0.157422 -0.00664063 -1 1 | 4.5442 | 0 
0.130078 0.0207031 -1 1 | 3.26494 | 0 
0.0949219 0.0402344 -1 1 | 2.05991 | 0 
0.0558594 0.0207031 -1 1 | 0.702656 | 0 
0.0636719 0.00898437 -1 1 | 0.814696 | 0 
0.0871094 0.00507812 -1 1 | 1.4785 | 0 
0.0988281 -0.0183594 -1 1 | 1.94834 | 0 
0.0949219 -0.0144531 -1 1 | 1.78186 | 0 
0.0636719 -0.0378906 -1 1 | 1.08218 | 0 
0.0597656 -0.0652344 -1 1 | 1.53796 | 0 
0.0871094 -0.0457031 -1 1 | 1.88496 | 0 
0.122266 -0.0535156 -1 1 | 3.39132 | 0 
0.165234 -0.0261719 -1 1 | 5.09016 | 0 
0.145703 -0.112109 -1 1 | 6.32472 | 0 
0.0519531 -0.0886719 -1 1 | 2.05594 | 0 
0.0832031 -0.131641 -1 1 | 4.59495 | 0 
0.0949219 -0.151172 -1 1 | 5.94517 | 0 
0.153516 -0.147266 -1 1 | 8.33656 | 0 
0.192578 -0.131641 -1 1 | 9.7593 | 0 
0.360547 -0.147266 -1 1 | 20.5414 | 0 
0.434766 -0.0730469 -1 1 | 20.4059 | 0 
0.489453 -0.166797 -1 1 | 25.2575 | 0 
0.665234 -0.143359 -1 1 | 19.3356 | 0 
0.766797 -0.108203 -1 1 | 11.7747 | 0 
0.692578 -0.0691406 -1 1 | 14.9485 | 0 
0.751172 -0.0222656 -1 1 | 10.5938 | 0 
0.633984 -0.0339844 -1 1 | 17.2961 | 0 
0.598828 0.137891 -1 1 | 22.04 | 0 
0.778516 0.0871094 -1 1 | 10.2974 | 0 
0.755078 0.188672 -1 1 | 16.533 | 0 
0.645703 0.192578 -1 1 | 23.023 | 0 
0.497266 0.106641 -1 1 | 22.4242 | 0 
0.344922 0.462109 -1 1 | 35.6722 | 0 
0.626172 0.329297 -1 1 | 32.3031 | 0 
0.653516 0.673047 -1 1 | 31.2317 | 0 
0.430859 0.762891 -1 1 | 29.0347 | 0 
0.419141 0.583203 -1 1 | 37.9221 | 0 
0.251172 0.758984 -1 1 | 20.1536 | 0 
0.173047 0.676953 -1 1 | 20.2745 | 0 
0.239453 0.563672 -1 1 | 28.9282 | 0 
0.192578 0.380078 -1 1 | 23.9494 | 0 
0.157422 0.528516 -1 1 | 24.6547 | 0 
0.0167969 0.352734 -1 1 | 16.2013 | 0 
-0.112109 0.325391 -1 1 | 17.0652 | 0 
-0.119922 0.426953 -1 1 | 21.8737 | 0 
-0.158984 0.649609 -1 1 | 20.9379 | 0 
0.00507812 0.598828 -1 1 | 18.5019 | 0 
0.00117187 0.751172 -1 1 | 10.4959 | 0 
-0.151172 0.696484 -1 1 | 17.9943 | 0 
-0.178516 0.852734 -1 1 | 10.4061 | 0 
-0.131641 0.876172 -1 1 | 6.8971 | 0 
-0.186328 0.883984 -1 1 | 9.46763 | 0 
-0.182422 1.03633 -1 1 | 7.25201 | 0 
-0.123828 1.00898 -1 1 | 3.93137 | 0 
-0.104297 1.04414 -1 1 | 3.5597 | 0 
-0.0886719 0.993359 -1 1 | 2.52063 | 0 
-0.127734 0.930859 -1 1 | 4.86814 | 0 
-0.0730469 0.934766 -1 1 | 2.74733 | 0 
-0.0144531 0.946484 -1 1 | 1.50226 | 0 
-0.0457031 0.981641 -1 1 | 1.44665 | 0 
-0.0535156 1.00117 -1 1 | 1.57049 | 0 
-0.0535156 1.02461 -1 1 | 1.737 | 0 
-0.0339844 1.0168 -1 1 | 1.32278 | 0 
-0.00664063 0.989453 -1 1 | 1.01471 | 0 
0.00507812 1.0168 -1 1 | 1.09963 | 0 
0.0324219 1.03242 -1 1 | 1.4855 | 0 
0.0207031 0.997266 -1 1 | 1.08593 | 0 
0.0480469 0.966016 -1 1 | 1.61984 | 0 
0.0128906 0.985547 -1 1 | 1.05046 | 0 
0.00117187 0.934766 -1 1 | 1.70737 | 0 
0.0480469 0.919141 -1 1 | 2.56743 | 0 
0.0324219 0.864453 -1 1 | 4.3728 | 0 
-0.00664063 0.903516 -1 1 | 2.61206 | 0 
-0.0417969 0.903516 -1 1 | 2.94793 | 0 
-0.0652344 0.887891 -1 1 | 4.00594 | 0 
-0.0691406 0.833203 -1 1 | 6.63997 | 0 
0.0597656 0.809766 -1 1 | 7.69357 | 0 
0.0714844 0.833203 -1 1 | 6.70326 | 0 
0.0949219 0.911328 -1 1 | 4.08327 | 0 
0.173047 0.844922 -1 1 | 10.4832 | 0 
0.266797 0.809766 -1 1 | 18.1178 | 0 
0.247266 0.926953 -1 1 | 11.7885 | 0 
0.216016 1.02852 -1 1 | 9.15047 | 0 
0.153516 1.0207 -1 1 | 5.45716 | 0 
0.157422 0.977734 -1 1 | 5.58912 | 0 
0.122266 0.938672 -1 1 | 4.44283 | 0 
0.0832031 0.973828 -1 1 | 2.43082 | 0 
0.0753906 0.938672 -1 1 | 2.72617 | 0 
0.0597656 0.993359 -1 1 | 1.70086 | 0 
0.0832031 1.0207 -1 1 | 2.4739 | 0 
0.0597656 1.04414 -1 1 | 2.17776 | 0 
0.0910156 1.0793 -1 1 | 3.98499 | 0 
0.0519531 1.09102 -1 1 | 3.31717 | 0 
0.110547 1.17305 -1 1 | 9.06117 | 0 
0.161328 1.17305 -1 1 | 11.4705 | 0 
0.212109 1.11055 -1 1 | 11.2418 | 0 
0.282422 1.16523 -1 1 | 18.3879 | 0 
0.216016 1.18867 -1 1 | 15.5868 | 0 
0.126172 1.23945 -1 1 | 13.8762 | 0 
0.0246094 1.25898 -1 1 | 12.2742 | 0 
-0.0730469 1.22773 -1 1 | 11.1581 | 0 
0.0402344 1.15352 -1 1 | 5.95733 | 0 
0.0441406 1.11055 -1 1 | 3.93922 | 0 
0.0207031 1.06367 -1 1 | 2.01095 | 0 
0.00898437 1.09492 -1 1 | 2.9463 | 0 
-0.0261719 1.06758 -1 1 | 2.1683 | 0 
-0.0652344 1.07539 -1 1 | 3.09514 | 0 
-0.0222656 1.15742 -1 1 | 5.94849 | 0 
-0.116016 1.14961 -1 1 | 7.98361 | 0 
-0.0808594 1.07539 -1 1 | 3.53218 | 0 
-0.151172 1.10273 -1 1 | 7.43776 | 0 
-0.186328 1.10664 -1 1 | 9.53166 | 0 
-0.0847656 1.29023 -1 1 | 15.5631 | 0 
-0.0925781 1.40352 -1 1 | 21.8461 | 0 
0.0246094 1.39961 -1 1 | 20.1595 | 0 
-0.123828 1.47773 -1 1 | 24.9834 | 0 
-0.186328 1.79023 -1 1 | 16.8487 | 0 
-0.0574219 1.73945 -1 1 | 14.34 | 0 
-0.0105469 1.65742 -1 1 | 18.2684 | 0 
0.0675781 1.5832 -1 1 | 22.0684 | 0 
0.0792969 1.69258 -1 1 | 17.622 | 0 
0.270703 1.77852 -1 1 | 22.7564 | 0 
0.255078 1.43086 -1 1 | 31.5076 | 0 
0.258984 1.33711 -1 1 | 27.6282 | 0 
0.309766 1.50898 -1 1 | 36.0296 | 0 
0.512891 1.5832 -1 1 | 41.4061 | 0 
0.798047 1.56367 -1 1 | 29.3241 | 0 
0.669141 1.44258 -1 1 | 36.7547 | 0 
0.766797 1.31758 -1 1 | 25.3952 | 0 
0.716016 1.05586 -1 1 | 14.3612 | 0 
0.649609 1.18477 -1 1 | 23.7434 | 0 
0.395703 1.28633 -1 1 | 32.0076 | 0 
0.344922 1.06367 -1 1 | 17.6618 | 0 
0.516797 1.10273 -1 1 | 23.4445 | 0 
0.442578 1.04023 -1 1 | 20.957 | 0 
0.426953 0.852734 -1 1 | 23.8636 | 0 
0.673047 0.833203 -1 1 | 20.8082 | 0 
0.630078 0.997266 -1 1 | 18.2399 | 0 
0.708203 0.942578 -1 1 | 14.6349 | 0 
0.782422 1.04414 -1 1 | 10.0665 | 0 
0.739453 0.903516 -1 1 | 13.8123 | 0 
0.762891 0.805859 -1 1 | 16.9892 | 0 
0.899609 0.844922 -1 1 | 7.8357 | 0 
0.923047 0.911328 -1 1 | 4.34615 | 0 
0.805859 0.907422 -1 1 | 9.68431 | 0 
0.825391 0.969922 -1 1 | 7.24331 | 0 
0.837109 1.0168 -1 1 | 6.59122 | 0 
0.911328 1.0168 -1 1 | 3.43734 | 0 
0.880078 0.973828 -1 1 | 4.56974 | 0 
0.907422 0.930859 -1 1 | 4.26841 | 0 
0.966016 0.930859 -1 1 | 2.96067 | 0 
0.950391 0.969922 -1 1 | 2.50892 | 0 
0.926953 1.04805 -1 1 | 3.44977 | 0 
0.958203 1.00898 -1 1 | 2.29999 | 0 
0.997266 1.04023 -1 1 | 2.40094 | 0 
1.03242 0.997266 -1 1 | 2.27369 | 0 
1.03242 0.966016 -1 1 | 2.43797 | 0 
0.989453 0.969922 -1 1 | 2.12476 | 0 
1.04414 0.954297 -1 1 | 2.79753 | 0 
1.0207 0.868359 -1 1 | 5.11541 | 0 
1.00508 0.919141 -1 1 | 3.12816 | 0 
0.942578 0.895703 -1 1 | 4.41101 | 0 
0.973828 0.872266 -1 1 | 4.90055 | 0 
0.989453 0.809766 -1 1 | 7.99414 | 0 
1.06367 0.829297 -1 1 | 7.83499 | 0 
1.05977 0.876172 -1 1 | 5.46966 | 0 
1.10273 0.872266 -1 1 | 7.04533 | 0 
1.17305 0.825391 -1 1 | 12.8516 | 0 
1.25898 0.833203 -1 1 | 17.8556 | 0 
1.18086 0.895703 -1 1 | 10.0643 | 0 
1.29414 0.985547 -1 1 | 15.4303 | 0 
1.2043 0.993359 -1 1 | 9.61849 | 0 
1.15352 0.950391 -1 1 | 7.02299 | 0 
1.09883 0.934766 -1 1 | 4.78129 | 0 
1.07148 1.00117 -1 1 | 3.14753 | 0 
1.09492 1.0207 -1 1 | 4.05661 | 0 
1.05195 1.0207 -1 1 | 2.766 | 0 
1.10273 1.11055 -1 1 | 6.78316 | 0 
1.11445 1.17305 -1 1 | 10.4504 | 0 
1.25898 1.13008 -1 1 | 16.5894 | 0 
1.23945 1.2668 -1 1 | 23.5372 | 0 
1.10664 1.23164 -1 1 | 13.7576 | 0 
1.04023 1.27461 -1 1 | 14.5697 | 0 
0.938672 1.22773 -1 1 | 11.7323 | 0 
1.00508 1.1457 -1 1 | 6.2388 | 0 
1.04023 1.05977 -1 1 | 3.22486 | 0 
1.00508 1.0832 -1 1 | 3.52926 | 0 
0.981641 1.07539 -1 1 | 3.29265 | 0 
0.942578 1.1418 -1 1 | 6.55414 | 0 
0.911328 1.15352 -1 1 | 7.98069 | 0 
0.848828 1.10273 -1 1 | 8.13541 | 0 
0.821484 1.20039 -1 1 | 14.712 | 0 
0.903516 1.28242 -1 1 | 16.271 | 0 
0.919141 1.34883 -1 1 | 19.7504 | 0 
0.942578 1.37617 -1 1 | 20.5541 | 0 
0.864453 1.57148 -1 1 | 25.6427 | 0 
0.880078 1.74336 -1 1 | 16.9429 | 0 
1.00898 1.77461 -1 1 | 12.6481 | 0 
0.993359 1.55586 -1 1 | 22.8115 | 0 
1.05586 1.64961 -1 1 | 20.3484 | 0 
1.24727 1.67695 -1 1 | 28.6313 | 0 
1.18477 1.52852 -1 1 | 29.6 | 0 
1.5207 1.33711 -1 1 | 39.225 | 0 
1.41133 1.7082 -1 1 | 35.9986 | 0 
1.7082 1.69648 -1 1 | 31.6966 | 0 
1.60273 1.37227 -1 1 | 39.3934 | 0 
1.58711 1.11836 -1 1 | 24.954 | 0 
1.45039 1.28633 -1 1 | 35.5442 | 0 
1.48555 1.05195 -1 1 | 23.8053 | 0 
1.38398 1.02852 -1 1 | 20.5971 | 0 
1.44258 0.923047 -1 1 | 23.4405 | 0 
1.60273 1.00508 -1 1 | 21.577 | 0 
1.71602 0.833203 -1 1 | 20.7701 | 0 
1.57539 0.716016 -1 1 | 34.0175 | 0 
1.79414 0.610547 -1 1 | 28.5419 | 0 
1.5207 0.508984 -1 1 | 42.4762 | 0 
1.38398 0.633984 -1 1 | 36.442 | 0 
1.26289 0.622266 -1 1 | 29.9877 | 0 
1.17305 0.692578 -1 1 | 20.742 | 0 
1.04414 0.688672 -1 1 | 15.7103 | 0 
0.848828 0.786328 -1 1 | 13.2629 | 0 
0.891797 0.649609 -1 1 | 19.3434 | 0 
0.946484 0.598828 -1 1 | 19.9527 | 0 
0.809766 0.548047 -1 1 | 26.8413 | 0 
0.997266 0.387891 -1 1 | 18.7715 | 0 
1.16914 0.469922 -1 1 | 26.5499 | 0 
1.26289 0.391797 -1 1 | 30.3391 | 0 
1.17695 0.251172 -1 1 | 17.0967 | 0 
1.29414 0.169141 -1 1 | 19.5816 | 0 
1.23164 0.0753906 -1 1 | 11.4777 | 0 
1.12227 0.173047 -1 1 | 9.45402 | 0 
1.16914 0.0597656 -1 1 | 7.2075 | 0 
1.10664 0.0871094 -1 1 | 4.86009 | 0 
1.05977 0.130078 -1 1 | 4.99996 | 0 
1.05586 0.184766 -1 1 | 7.77861 | 0 
1.1418 0.251172 -1 1 | 15.1586 | 0 
1.0168 0.294141 -1 1 | 13.9191 | 0 
0.977734 0.212109 -1 1 | 8.74534 | 0 
0.895703 0.274609 -1 1 | 14.4942 | 0 
0.844922 0.231641 -1 1 | 14.0048 | 0 
0.919141 0.130078 -1 1 | 5.28792 | 0 
0.825391 0.169141 -1 1 | 11.2883 | 0 
0.833203 0.110547 -1 1 | 8.03535 | 0 
0.880078 0.0988281 -1 1 | 5.36303 | 0 
0.895703 0.0636719 -1 1 | 3.67242 | 0 
0.973828 0.0714844 -1 1 | 2.08519 | 0 
0.942578 0.0910156 -1 1 | 3.13665 | 0 
0.954297 0.173047 -1 1 | 6.70621 | 0 
1.00898 0.145703 -1 1 | 4.96611 | 0 
1.03633 0.106641 -1 1 | 3.51177 | 0 
1.00898 0.0675781 -1 1 | 1.93153 | 0 
1.03242 0.0636719 -1 1 | 2.07136 | 0 
1.03633 0.0363281 -1 1 | 1.59905 | 0 
1.00508 0.0363281 -1 1 | 1.28097 | 0 
1.00508 0.00507812 -1 1 | 1.02539 | 0 
1.03242 0.00117187 -1 1 | 1.27795 | 0 
1.03633 -0.0222656 -1 1 | 1.43655 | 0 
1.04414 -0.0574219 -1 1 | 2.12449 | 0 
1.01289 -0.0574219 -1 1 | 1.71085 | 0 
0.997266 -0.0378906 -1 1 | 1.28451 | 0 
0.977734 -0.0144531 -1 1 | 1.10008 | 0 
0.985547 -0.0574219 -1 1 | 1.66463 | 0 
0.954297 -0.0613281 -1 1 | 2.0622 | 0 
0.934766 -0.0417969 -1 1 | 2.05171 | 0 
0.930859 0.00117187 -1 1 | 1.80064 | 0 
0.969922 -0.00273438 -1 1 | 1.12528 | 0 
0.966016 0.0324219 -1 1 | 1.37313 | 0 
0.942578 0.0441406 -1 1 | 1.92137 | 0 
0.923047 0.0402344 -1 1 | 2.32279 | 0 
0.887891 0.0167969 -1 1 | 3.22929 | 0 
0.825391 0.0128906 -1 1 | 6.15746 | 0 
0.801953 -0.0496094 -1 1 | 7.92582 | 0 
0.876172 -0.0457031 -1 1 | 4.06131 | 0 
0.919141 -0.0261719 -1 1 | 2.24848 | 0 
0.915234 -0.100391 -1 1 | 4.16211 | 0 
0.868359 -0.100391 -1 1 | 5.92344 | 0 
0.833203 -0.119922 -1 1 | 8.42765 | 0 
0.852734 -0.194141 -1 1 | 11.3157 | 0 
0.954297 -0.186328 -1 1 | 7.46513 | 0 
0.926953 -0.112109 -1 1 | 4.29173 | 0 
0.981641 -0.119922 -1 1 | 3.75641 | 0 
0.989453 -0.0964844 -1 1 | 2.79725 | 0 
1.02461 -0.108203 -1 1 | 3.40923 | 0 
0.997266 -0.158984 -1 1 | 5.61425 | 0 
1.07148 -0.143359 -1 1 | 5.95527 | 0 
1.14961 -0.166797 -1 1 | 10.4638 | 0 
1.16133 -0.0964844 -1 1 | 7.85734 | 0 
1.06758 -0.123828 -1 1 | 4.9251 | 0 
1.06758 -0.0535156 -1 1 | 2.59558 | 0 
1.11055 -0.0222656 -1 1 | 3.65332 | 0 
1.0793 0.0128906 -1 1 | 2.41857 | 0 
1.11055 0.0402344 -1 1 | 3.87459 | 0 
1.17305 0.0285156 -1 1 | 6.89303 | 0 
1.1418 -0.0613281 -1 1 | 5.7589 | 0 
1.19258 -0.0144531 -1 1 | 7.9385 | 0 
1.21211 0.00507812 -1 1 | 9.12101 | 0 
1.27852 -0.123828 -1 1 | 16.3141 | 0 
1.48555 -0.151172 -1 1 | 26.3754 | 0 
1.40742 -0.0144531 -1 1 | 20.3826 | 0 
1.34492 0.298047 -1 1 | 30.4926 | 0 
1.46211 0.0949219 -1 1 | 23.5962 | 0 
1.65742 0.255078 -1 1 | 28.6305 | 0 
1.73945 0.0832031 -1 1 | 15.0355 | 0 
1.73555 0.0128906 -1 1 | 13.9569 | 0 
1.65352 -0.0222656 -1 1 | 18.535 | 0 
1.66133 -0.170703 -1 1 | 23.303 | 0 
1.79805 -0.201953 -1 1 | 17.3323 | 0 
1.68477 -0.373828 -1 1 | 33.987 | 0 
1.67305 -0.237109 -1 1 | 26.7002 | 0 
1.54023 -0.408984 -1 1 | 40.6357 | 0 
1.50508 -0.655078 -1 1 | 38.3111 | 0 
1.75508 -0.698047 -1 1 | 26.4602 | 0 
1.63008 -0.772266 -1 1 | 28.706 | 0 
1.73945 -0.897266 -1 1 | 16.51 | 0 
1.75117 -1.02227 -1 1 | 14.1407 | 0 
1.72773 -1.11602 -1 1 | 18.1712 | 0 
1.59102 -1.1082 -1 1 | 24.3968 | 0 
1.5793 -0.994922 -1 1 | 22.2784 | 0 
1.4582 -1.08086 -1 1 | 24.2198 | 0 
1.31758 -1.09648 -1 1 | 18.8449 | 0 
1.30586 -0.975391 -1 1 | 16.2191 | 0 
1.42695 -0.869922 -1 1 | 24.9212 | 0 
1.29805 -0.717578 -1 1 | 27.2011 | 0 
1.10664 -0.752734 -1 1 | 13.7865 | 0 
1.1457 -0.842578 -1 1 | 10.4391 | 0 
1.0832 -0.846484 -1 1 | 7.5328 | 0 
1.10273 -0.908984 -1 1 | 5.65037 | 0 
1.12227 -0.944141 -1 1 | 5.574 | 0 
1.18477 -0.940234 -1 1 | 9.00454 | 0 
1.28633 -0.830859 -1 1 | 19.748 | 0 
1.28242 -1.03398 -1 1 | 14.9689 | 0 
1.23555 -1.11211 -1 1 | 14.2415 | 0 
1.16914 -1.18633 -1 1 | 14.0197 | 0 
1.05586 -1.13555 -1 1 | 6.43162 | 0 
1.07539 -1.08477 -1 1 | 4.82438 | 0 
1.08711 -1.02227 -1 1 | 3.79033 | 0 
1.16914 -1.06914 -1 1 | 8.57904 | 0 
1.13008 -0.994922 -1 1 | 5.43514 | 0 
1.11836 -0.975391 -1 1 | 4.96656 | 0 
1.05195 -1.01055 -1 1 | 2.68283 | 0 
1.03633 -0.963672 -1 1 | 2.52639 | 0 
1.0207 -1.01055 -1 1 | 2.17448 | 0 
1.00117 -0.967578 -1 1 | 2.1506 | 0 
0.958203 -0.979297 -1 1 | 2.30952 | 0 
0.930859 -0.994922 -1 1 | 2.79533 | 0 
0.981641 -1.02227 -1 1 | 2.17781 | 0 
0.950391 -1.0418 -1 1 | 2.81832 | 0 
0.985547 -1.05742 -1 1 | 2.77947 | 0 
1.00898 -1.02617 -1 1 | 2.22691 | 0 
1.02852 -1.0457 -1 1 | 2.7259 | 0 
1.0168 -1.08867 -1 1 | 3.79202 | 0 
1.0207 -1.13555 -1 1 | 5.83348 | 0 
0.950391 -1.19805 -1 1 | 9.61879 | 0 
0.872266 -1.10039 -1 1 | 6.95244 | 0 
0.856641 -1.18633 -1 1 | 12.0413 | 0 
0.805859 -1.05352 -1 1 | 8.88618 | 0 
0.883984 -1.06133 -1 1 | 5.18737 | 0 
0.876172 -0.994922 -1 1 | 4.6447 | 0 
0.852734 -0.955859 -1 1 | 6.01199 | 0 
0.813672 -0.944141 -1 1 | 8.27333 | 0 
0.825391 -0.873828 -1 1 | 9.86927 | 0 
0.880078 -0.858203 -1 1 | 7.93616 | 0 
0.887891 -0.893359 -1 1 | 6.13351 | 0 
0.934766 -0.908984 -1 1 | 4.12444 | 0 
0.977734 -0.920703 -1 1 | 3.12209 | 0 
1.04023 -0.944141 -1 1 | 2.90595 | 0 
1.0168 -0.912891 -1 1 | 3.38868 | 0 
1.04023 -0.873828 -1 1 | 5.14969 | 0 
0.958203 -0.881641 -1 1 | 4.68344 | 0 
0.962109 -0.783984 -1 1 | 9.70823 | 0 
1.02852 -0.705859 -1 1 | 14.4592 | 0 
0.911328 -0.737109 -1 1 | 13.7002 | 0 
0.899609 -0.658984 -1 1 | 18.5849 | 0 
0.934766 -0.451953 -1 1 | 21.4591 | 0 
1.06758 -0.608203 -1 1 | 20.1792 | 0 
1.25117 -0.573047 -1 1 | 30.9376 | 0 
1.06758 -0.412891 -1 1 | 20.7424 | 0 
1.21211 -0.315234 -1 1 | 23.2003 | 0 
1.16914 -0.260547 -1 1 | 17.2372 | 0 
1.0168 -0.252734 -1 1 | 11.3302 | 0 
0.993359 -0.330859 -1 1 | 15.9747 | 0 
0.891797 -0.334766 -1 1 | 18.2135 | 0 
0.825391 -0.299609 -1 1 | 19.2811 | 0 
0.794141 -0.201953 -1 1 | 14.9652 | 0 
0.610547 -0.323047 -1 1 | 32.5955 | 0 
0.755078 -0.334766 -1 1 | 25.4459 | 0 
0.665234 -0.479297 -1 1 | 35.6705 | 0 
0.383984 -0.451953 -1 1 | 37.3632 | 0 
0.301953 -0.315234 -1 1 | 27.3872 | 0 
0.208203 -0.350391 -1 1 | 23.4727 | 0 
0.102734 -0.334766 -1 1 | 17.2174 | 0 
0.102734 -0.229297 -1 1 | 10.783 | 0 
0.0246094 -0.287891 -1 1 | 12.5661 | 0 
-0.0574219 -0.244922 -1 1 | 10.3931 | 0 
-0.143359 -0.229297 -1 1 | 12.5708 | 0 
-0.112109 -0.303516 -1 1 | 15.7892 | 0 
-0.135547 -0.424609 -1 1 | 22.5153 | 0 
-0.0105469 -0.393359 -1 1 | 18.0197 | 0 
-0.0183594 -0.498828 -1 1 | 20.3204 | 0 
-0.108203 -0.533984 -1 1 | 22.2981 | 0 
-0.100391 -0.651172 -1 1 | 18.1815 | 0 
0.0167969 -0.674609 -1 1 | 15.0778 | 0 
0.0949219 -0.631641 -1 1 | 18.9094 | 0 
0.137891 -0.549609 -1 1 | 23.3684 | 0 
0.294141 -0.698047 -1 1 | 26.5235 | 0 
0.243359 -0.893359 -1 1 | 12.6072 | 0 
0.153516 -0.834766 -1 1 | 9.94994 | 0 
0.161328 -0.920703 -1 1 | 6.80683 | 0 
0.110547 -0.908984 -1 1 | 4.75137 | 0 
0.0675781 -0.877734 -1 1 | 4.47647 | 0 
0.0558594 -0.795703 -1 1 | 8.41858 | 0 
0.137891 -0.705859 -1 1 | 16.7845 | 0 
0.0246094 -0.791797 -1 1 | 8.15576 | 0 
-0.0300781 -0.744922 -1 1 | 11.0579 | 0 
-0.166797 -0.701953 -1 1 | 18.5059 | 0 
-0.127734 -0.815234 -1 1 | 9.75239 | 0 
-0.123828 -0.854297 -1 1 | 7.53311 | 0 
-0.198047 -0.924609 -1 1 | 8.79358 | 0 
-0.108203 -0.912891 -1 1 | 4.53427 | 0 
-0.0925781 -0.936328 -1 1 | 3.32454 | 0 
-0.0496094 -0.944141 -1 1 | 1.99036 | 0 
-0.0261719 -0.908984 -1 1 | 2.55793 | 0 
-0.0691406 -0.873828 -1 1 | 4.68342 | 0 
-0.0417969 -0.858203 -1 1 | 4.79928 | 0 
0.0324219 -0.826953 -1 1 | 6.24778 | 0 
-0.00273438 -0.901172 -1 1 | 2.68536 | 0 
0.0167969 -0.940234 -1 1 | 1.64179 | 0 
0.0402344 -0.979297 -1 1 | 1.36797 | 0 
0.00898437 -0.959766 -1 1 | 1.26 | 0 
0.00898437 -0.971484 -1 1 | 1.12487 | 0 
-0.0105469 -1.00273 -1 1 | 1.03401 | 0 
0.0207031 -0.983203 -1 1 | 1.11224 | 0 
0.0402344 -1.01836 -1 1 | 1.42798 | 0 
0.0363281 -1.04961 -1 1 | 1.84925 | 0 
0.0207031 -1.04961 -1 1 | 1.67347 | 0 
-0.00273438 -1.05352 -1 1 | 1.67639 | 0 
0.00117187 -1.01445 -1 1 | 1.07559 | 0 
-0.0417969 -1.03789 -1 1 | 1.70889 | 0 
-0.0574219 -1.06914 -1 1 | 2.72406 | 0 
-0.0730469 -0.998828 -1 1 | 2.04316 | 0 
-0.0378906 -1.00273 -1 1 | 1.29545 | 0 
-0.0417969 -0.979297 -1 1 | 1.39312 | 0 
-0.0378906 -0.963672 -1 1 | 1.47653 | 0 
-0.0691406 -0.959766 -1 1 | 2.17764 | 0 
-0.0925781 -1.01055 -1 1 | 2.70135 | 0 
-0.174609 -0.959766 -1 1 | 6.71272 | 0 
-0.162891 -1.02227 -1 1 | 5.97022 | 0 
-0.116016 -1.06133 -1 1 | 4.4194 | 0 
-0.104297 -1.03008 -1 1 | 3.32644 | 0 
-0.0808594 -1.07695 -1 1 | 3.58076 | 0 
-0.119922 -1.09648 -1 1 | 5.71059 | 0 
-0.166797 -1.11602 -1 1 | 8.82664 | 0 
-0.0769531 -1.15898 -1 1 | 7.08845 | 0 
-0.0144531 -1.15117 -1 1 | 5.55349 | 0 
-0.0378906 -1.09258 -1 1 | 3.12684 | 0 
-0.00664063 -1.13555 -1 1 | 4.71591 | 0 
0.00507812 -1.09258 -1 1 | 2.84846 | 0 
0.0207031 -1.13164 -1 1 | 4.60056 | 0 
-0.0105469 -1.15898 -1 1 | 5.95827 | 0 
0.0792969 -1.15508 -1 1 | 6.94446 | 0 
0.145703 -1.15508 -1 1 | 9.64956 | 0 
0.165234 -1.09648 -1 1 | 7.93882 | 0 
0.0636719 -1.13555 -1 1 | 5.50085 | 0 
0.0792969 -1.06523 -1 1 | 3.19006 | 0 
0.0910156 -1.02617 -1 1 | 2.7923 | 0 
0.0636719 -1.01445 -1 1 | 1.86901 | 0 
0.0558594 -0.987109 -1 1 | 1.62491 | 0 
0.110547 -0.991016 -1 1 | 3.33208 | 0 
0.122266 -0.975391 -1 1 | 3.89914 | 0 
0.161328 -0.983203 -1 1 | 5.76573 | 0 
0.161328 -1.05352 -1 1 | 6.41331 | 0 
0.184766 -1.03008 -1 1 | 7.29326 | 0 
0.212109 -0.998828 -1 1 | 8.68961 | 0 
0.290234 -1.10039 -1 1 | 15.7255 | 0 
0.317578 -1.13164 -1 1 | 18.7361 | 0 
0.469922 -1.07305 -1 1 | 22.2341 | 0 
0.352734 -0.924609 -1 1 | 18.1014 | 0 
0.485547 -0.768359 -1 1 | 29.6389 | 0 
0.583203 -0.893359 -1 1 | 21.9696 | 0 
0.712109 -0.772266 -1 1 | 22.0724 | 0 
0.743359 -0.850391 -1 1 | 15.8002 | 0 
0.747266 -0.975391 -1 1 | 11.8059 | 0 
0.665234 -0.975391 -1 1 | 16.596 | 0 
0.653516 -1.1043 -1 1 | 19.4207 | 0 
0.688672 -1.17461 -1 1 | 21.0559 | 0 
0.798047 -1.20195 -1 1 | 16.1401 | 0 
0.583203 -1.31523 -1 1 | 34.7243 | 0 
0.747266 -1.36211 -1 1 | 29.0663 | 0 
0.645703 -1.47539 -1 1 | 38.5735 | 0 
0.383984 -1.45195 -1 1 | 39.2671 | 0 
0.305859 -1.31133 -1 1 | 29.015 | 0 
0.223828 -1.3543 -1 1 | 26.3463 | 0 
0.0832031 -1.32695 -1 1 | 17.7573 | 0 
0.0949219 -1.22539 -1 1 | 11.7019 | 0 
0.0324219 -1.28008 -1 1 | 13.7301 | 0 
-0.0730469 -1.24102 -1 1 | 12.0211 | 0 
-0.116016 -1.31133 -1 1 | 18.038 | 0 
-0.123828 -1.42852 -1 1 | 23.9462 | 0 
0.00507812 -1.38945 -1 1 | 19.6239 | 0 
-0.116016 -1.51445 -1 1 | 24.8121 | 0 
0.0167969 -1.65898 -1 1 | 18.2252 | 0 
0.130078 -1.55742 -1 1 | 24.9618 | 0 
0.270703 -1.69805 -1 1 | 27.4654 | 0 
0.266797 -1.9207 -1 1 | 16.0344 | 0 
0.196484 -1.83867 -1 1 | 14.8372 | 0 
0.133984 -1.88945 -1 1 | 9.24895 | 0 
0.0519531 -1.83086 -1 1 | 9.02303 | 0 
0.157422 -1.75273 -1 1 | 17.4357 | 0 
-0.00273438 -1.7332 -1 1 | 14.0639 | 0 
-0.0730469 -1.81914 -1 1 | 10.1456 | 0 
-0.155078 -1.7918 -1 1 | 15.0267 | 0 
-0.194141 -1.87773 -1 1 | 12.9389 | 0 
-0.119922 -1.90508 -1 1 | 8.08209 | 0 
-0.0457031 -1.86992 -1 1 | 7.07129 | 0 
0.0480469 -1.8543 -1 1 | 7.80385 | 0 
0.00898437 -1.9207 -1 1 | 4.92585 | 0 
-0.00273438 -1.95586 -1 1 | 4.21401 | 0 
0.0363281 -2.03789 -1 1 | 4.70075 | 0 
-0.0417969 -2.01445 -1 1 | 4.44884 | 0 
-0.0652344 -2.02617 -1 1 | 5.07784 | 0 
-0.0496094 -1.97539 -1 1 | 4.51082 | 0 
-0.131641 -2.00664 -1 1 | 7.28768 | 0 
-0.194141 -1.99492 -1 1 | 10.5894 | 0 
-0.119922 -2.01836 -1 1 | 6.86657 | 0 
-0.139453 -2.08477 -1 1 | 9.35511 | 0 
-0.143359 -2.19023 -1 1 | 14.9449 | 0 
-0.0574219 -2.1668 -1 1 | 10.3542 | 0 
0.0207031 -2.10039 -1 1 | 6.42584 | 0 
0.0128906 -2.17461 -1 1 | 10.2051 | 0 
0.0871094 -2.15117 -1 1 | 10.2828 | 0 
0.161328 -2.08086 -1 1 | 10.3365 | 0 
0.0558594 -2.09648 -1 1 | 6.79496 | 0 
0.0714844 -2.02227 -1 1 | 5.1892 | 0 
0.0988281 -1.9832 -1 1 | 5.87027 | 0 
0.157422 -1.99883 -1 1 | 8.53104 | 0 
0.180859 -2.00664 -1 1 | 9.86415 | 0 
0.258984 -2.02227 -1 1 | 14.8235 | 0 
0.356641 -2.14336 -1 1 | 24.7262 | 0 
0.473828 -2.01445 -1 1 | 24.1938 | 0 
0.333203 -1.89727 -1 1 | 20.7206 | 0 
0.462109 -1.7918 -1 1 | 30.5509 | 0 
0.575391 -1.91289 -1 1 | 24.3549 | 0 
0.727734 -1.78008 -1 1 | 23.2191 | 0 
0.758984 -1.88555 -1 1 | 16.0483 | 0 
0.758984 -1.95586 -1 1 | 14.2244 | 0 
0.645703 -1.95586 -1 1 | 20.7236 | 0 
0.645703 -2.08867 -1 1 | 22.3909 | 0 
0.801953 -2.19805 -1 1 | 19.0662 | 0 
0.856641 -2.05742 -1 1 | 9.40545 | 0 
0.864453 -1.96758 -1 1 | 8.24312 | 0 
0.887891 -2.01836 -1 1 | 7.31361 | 0 
0.950391 -2.06523 -1 1 | 6.48363 | 0 
0.942578 -1.98711 -1 1 | 5.51867 | 0 
1.01289 -1.98711 -1 1 | 5.04512 | 0 
1.02852 -2.03008 -1 1 | 5.52219 | 0 
1.02852 -2.08477 -1 1 | 6.95426 | 0 
0.973828 -2.15898 -1 1 | 10.3374 | 0 
1.09492 -2.19805 -1 1 | 14.5551 | 0 
1.19258 -2.18242 -1 1 | 18.5404 | 0 
1.19258 -2.07695 -1 1 | 13.3571 | 0 
1.2668 -2.03398 -1 1 | 17.0274 | 0 
1.18477 -1.99492 -1 1 | 11.4085 | 0 
1.13789 -2.05352 -1 1 | 9.60093 | 0 
1.10664 -2.00664 -1 1 | 7.42701 | 0 
1.07148 -1.88164 -1 1 | 8.32562 | 0 
1.15742 -1.87773 -1 1 | 12.1847 | 0 
1.24727 -1.85039 -1 1 | 18.9151 | 0 
1.25898 -1.7293 -1 1 | 26.4419 | 0 
1.07539 -1.81914 -1 1 | 11.363 | 0 
1.00508 -1.75664 -1 1 | 13.6889 | 0 
0.938672 -1.80352 -1 1 | 11.5726 | 0 
1.00117 -1.87383 -1 1 | 7.50004 | 0 
1.0168 -1.94805 -1 1 | 5.41747 | 0 
0.942578 -1.92852 -1 1 | 6.24828 | 0 
0.880078 -1.8543 -1 1 | 10.8308 | 0 
0.848828 -1.93633 -1 1 | 9.44638 | 0 
0.817578 -1.76445 -1 1 | 18.7602 | 0 
0.923047 -1.7293 -1 1 | 16.291 | 0 
0.880078 -1.58477 -1 1 | 24.6129 | 0 
1.02461 -1.63555 -1 1 | 20.4364 | 0 
0.856641 -1.55352 -1 1 | 26.382 | 0 
0.919141 -1.35039 -1 1 | 19.8341 | 0 
0.864453 -1.21758 -1 1 | 13.6244 | 0 
0.954297 -1.31914 -1 1 | 17.2742 | 0 
1.0168 -1.2332 -1 1 | 11.5619 | 0 
0.969922 -1.39727 -1 1 | 21.0641 | 0 
1.17305 -1.36211 -1 1 | 25.0633 | 0 
1.13008 -1.20586 -1 1 | 13.1563 | 0 
1.22383 -1.4207 -1 1 | 30.6684 | 0 
1.13789 -1.53398 -1 1 | 26.95 | 0 
1.30195 -1.69805 -1 1 | 30.9967 | 0 
1.3293 -1.45977 -1 1 | 38.3639 | 0 
1.5793 -1.43633 -1 1 | 42.5568 | 0 
1.75898 -1.48711 -1 1 | 34.7135 | 0 
1.79805 -1.70195 -1 1 | 26.1346 | 0 
1.55195 -1.70195 -1 1 | 37.7554 | 0 
1.54805 -1.95195 -1 1 | 26.2116 | 0 
1.39961 -2.06914 -1 1 | 25.2498 | 0 
1.55195 -2.19805 -1 1 | 33.5102 | 0 
1.67695 -2.07305 -1 1 | 22.5798 | 0 
1.79805 -2.07695 -1 1 | 15.7248 | 0 
1.73555 -2.13945 -1 1 | 22.1006 | 0 
-2.19805 -2.19805 0 1 | | 0 
-2.13555 -2.19805 0 1 | 19.6005 | 0 
-2.13555 -2.13555 0 1 | 15.949 | 0 
-2.19805 -2.07305 0 1 | 16.9597 | 0 
-2.07305 -2.07305 0 1 | 10.6673 | 0 
-2.01445 -1.99883 0 1 | 8.09731 | 0 
-1.95586 -2.06523 0 1 | 9.30353 | 0 
-2.02617 -2.1082 0 1 | 10.9107 | 0 
-1.94805 -2.19805 0 1 | 15.9502 | 0 
-1.81523 -2.19805 0 1 | 20.9373 | 0 
-1.80352 -2.06133 0 1 | 14.938 | 0 
-1.84648 -1.96758 0 1 | 11.7924 | 0 
-1.91289 -2.01445 0 1 | 9.22168 | 0 
-1.94805 -1.94805 0 1 | 8.64842 | 0 
-1.89336 -1.82695 0 1 | 14.4382 | 0 
-1.87383 -1.89727 0 1 | 12.1065 | 0 
-1.78789 -1.83867 0 1 | 18.9338 | 0 
-1.74492 -1.70195 0 1 | 29.2361 | 0 
-1.90508 -1.81133 0 1 | 14.8805 | 0 
-2.06914 -1.81914 0 1 | 14.3131 | 0 
-1.96758 -1.87773 0 1 | 10.415 | 0 
-2.04961 -1.91289 0 1 | 9.80523 | 0 
-2.09258 -1.87383 0 1 | 12.5184 | 0 
-2.17461 -1.90508 0 1 | 15.5254 | 0 
-2.19805 -1.69805 0 1 | 27.7173 | 0 
-2.19023 -1.45977 0 1 | 32.9452 | 0 
-2.06133 -1.31523 0 1 | 20.6997 | 0 
-1.9793 -1.44414 0 1 | 25.4805 | 0 
-1.72148 -1.43242 0 1 | 35.912 | 0 
-1.69805 -1.69805 0 1 | 32.1825 | 0 
-1.68633 -1.4207 0 1 | 37.5436 | 0 
-1.40508 -1.40117 0 1 | 40.3468 | 0 
-1.22148 -1.53008 0 1 | 31.8755 | 0 
-1.40898 -1.59648 0 1 | 41.1634 | 0 
-1.26836 -1.71758 0 1 | 27.7354 | 0 
-1.45977 -1.74883 0 1 | 34.9476 | 0 
-1.4793 -1.99102 0 1 | 26.0864 | 0 
-1.62773 -2.12383 0 1 | 26.9883 | 0 
-1.4207 -2.16289 0 1 | 30.2792 | 0 
-1.28008 -2.0457 0 1 | 18.1141 | 0 
-1.20977 -2.09258 0 1 | 14.9884 | 0 
-1.19805 -2.19805 0 1 | 19.8559 | 0 
-1.0418 -2.14336 0 1 | 9.8145 | 0 
-0.971484 -2.09648 0 1 | 7.28358 | 0 
-1.03789 -2.1082 0 1 | 8.02969 | 0 
-1.04961 -2.02227 0 1 | 5.77332 | 0 
-0.955859 -2.0457 0 1 | 5.89269 | 0 
-0.951953 -1.98711 0 1 | 5.34233 | 0 
-1.03008 -2.01055 0 1 | 5.30586 | 0 
-1.13164 -1.9793 0 1 | 8.51525 | 0 
-1.15508 -2.05352 0 1 | 10.4969 | 0 
-1.15898 -1.91289 0 1 | 11.0537 | 0 
-1.15898 -1.81523 0 1 | 15.2438 | 0 
-1.06133 -1.81523 0 1 | 11.1723 | 0 
-1.0418 -1.74883 0 1 | 14.5627 | 0 
-0.979297 -1.82305 0 1 | 9.93929 | 0 
-1.07305 -1.8582 0 1 | 9.3549 | 0 
-0.998828 -1.90117 0 1 | 6.48165 | 0 
-0.924609 -1.93242 0 1 | 6.58075 | 0 
-0.916797 -1.94414 0 1 | 6.56798 | 0 
-0.830859 -1.83867 0 1 | 13.9211 | 0 
-0.830859 -1.70977 0 1 | 21.2525 | 0 
-0.717578 -1.72148 0 1 | 27.2861 | 0 
-0.787891 -1.90117 0 1 | 13.7462 | 0 
-0.748828 -1.95586 0 1 | 14.8444 | 0 
-0.787891 -2.06133 0 1 | 13.2473 | 0 
-0.862109 -1.98711 0 1 | 8.25132 | 0 
-0.928516 -1.96758 0 1 | 5.93462 | 0 
-0.944141 -2.03008 0 1 | 5.80279 | 0 
-0.826953 -2.1043 0 1 | 12.537 | 0 
-0.912891 -2.15117 0 1 | 11.1061 | 0 
-0.701953 -2.1043 0 1 | 19.968 | 0 
-0.592578 -1.97539 0 1 | 22.7305 | 0 
-0.541797 -2.19414 0 1 | 31.3293 | 0 
-0.248828 -2.10039 0 1 | 16.3267 | 0 
-0.237109 -1.95195 0 1 | 13.512 | 0 
-0.428516 -2.03789 0 1 | 23.6294 | 0 
-0.260547 -1.82695 0 1 | 19.4214 | 0 
-0.393359 -1.75664 0 1 | 30.6638 | 0 
-0.678516 -1.69023 0 1 | 31.3293 | 0 
-0.412891 -1.64727 0 1 | 37.4416 | 0 
-0.428516 -1.33086 0 1 | 35.8303 | 0 
-0.526172 -1.2918 0 1 | 34.4093 | 0 
-0.651172 -1.44805 0 1 | 37.8134 | 0 
-0.764453 -1.29961 0 1 | 24.4358 | 0 
-0.897266 -1.38555 0 1 | 22.2631 | 0 
-0.780078 -1.4832 0 1 | 30.8766 | 0 
-0.881641 -1.67461 0 1 | 20.786 | 0 
-1.05352 -1.47539 0 1 | 23.7299 | 0 
-1.09258 -1.64727 0 1 | 21.5703 | 0 
-1.1707 -1.4168 0 1 | 27.2659 | 0 
-1.02227 -1.27227 0 1 | 14.1583 | 0 
-1.11602 -1.20195 0 1 | 12.2607 | 0 
-1.19805 -1.19805 0 1 | 16.4598 | 0 
-1.1082 -1.08477 0 1 | 6.01582 | 0 
-1.1082 -1.16289 0 1 | 9.60228 | 0 
-1.0418 -1.15898 0 1 | 7.36191 | 0 
-0.971484 -1.15898 0 1 | 7.03757 | 0 
-0.979297 -1.11211 0 1 | 4.66282 | 0 
-1.0418 -1.12773 0 1 | 5.75394 | 0 
-1.06523 -1.01445 0 1 | 3.03586 | 0 
-1.03789 -1.05352 0 1 | 3.03168 | 0 
-0.955859 -1.06914 0 1 | 3.37024 | 0 
-0.987109 -1.0418 0 1 | 2.43787 | 0 
-0.959766 -1.01055 0 1 | 2.28465 | 0 
-0.987109 -0.967578 0 1 | 2.15265 | 0 
-1.01445 -0.991016 0 1 | 2.07086 | 0 
-1.06133 -0.971484 0 1 | 2.96606 | 0 
-1.13555 -0.955859 0 1 | 6.00047 | 0 
-1.08867 -1.06914 0 1 | 4.77194 | 0 
-1.15508 -1.06523 0 1 | 7.68297 | 0 
-1.17852 -0.916797 0 1 | 9.22558 | 0 
-1.08867 -0.920703 0 1 | 4.76344 | 0 
-1.07695 -0.873828 0 1 | 6.05341 | 0 
-1.16289 -0.811328 0 1 | 13.0503 | 0 
-1.12773 -0.737109 0 1 | 15.6781 | 0 
-1.06914 -0.807422 0 1 | 9.19621 | 0 
-1.03008 -0.756641 0 1 | 11.397 | 0 
-0.971484 -0.811328 0 1 | 8.00591 | 0 
-1.00273 -0.862109 0 1 | 5.27689 | 0 
-1.06133 -0.877734 0 1 | 5.44111 | 0 
-1.0457 -0.932422 0 1 | 3.26288 | 0 
-1.02617 -0.940234 0 1 | 2.7713 | 0 
-0.991016 -0.893359 0 1 | 3.96068 | 0 
-0.936328 -0.920703 0 1 | 3.73227 | 0 
-0.889453 -0.936328 0 1 | 4.77679 | 0 
-0.842578 -0.838672 0 1 | 10.6339 | 0 
-0.838672 -0.721484 0 1 | 17.7209 | 0 
-0.709766 -0.713672 0 1 | 25.7795 | 0 
-0.815234 -0.889453 0 1 | 9.79006 | 0 
-0.756641 -0.975391 0 1 | 11.2286 | 0 
-0.787891 -1.04961 0 1 | 9.84852 | 0 
-0.780078 -0.979297 0 1 | 9.7759 | 0 
-0.858203 -0.998828 0 1 | 5.4501 | 0 
-0.889453 -0.959766 0 1 | 4.34943 | 0 
-0.924609 -0.991016 0 1 | 2.95655 | 0 
-0.889453 -1.01445 0 1 | 4.18076 | 0 
-0.924609 -1.03008 0 1 | 3.19762 | 0 
-0.901172 -1.05352 0 1 | 4.35129 | 0 
-0.885547 -1.03008 0 1 | 4.50201 | 0 
-0.830859 -1.13555 0 1 | 10.5302 | 0 
-0.920703 -1.15117 0 1 | 7.573 | 0 
-0.764453 -1.17852 0 1 | 16.7269 | 0 
-0.709766 -1.1082 0 1 | 16.4589 | 0 
-0.576953 -1.08086 0 1 | 21.6204 | 0 
-0.600391 -0.967578 0 1 | 19.5817 | 0 
-0.549609 -1.18633 0 1 | 27.3353 | 0 
-0.354297 -1.1668 0 1 | 22.5906 | 0 
-0.237109 -1.1043 0 1 | 12.5406 | 0 
-0.272266 -1.05742 0 1 | 13.233 | 0 
-0.217578 -0.955859 0 1 | 9.32258 | 0 
-0.440234 -1.03789 0 1 | 20.8588 | 0 
-0.346484 -0.881641 0 1 | 19.2377 | 0 
-0.252734 -0.838672 0 1 | 15.6539 | 0 
-0.408984 -0.760547 0 1 | 28.4949 | 0 
-0.518359 -0.834766 0 1 | 25.8238 | 0 
-0.694141 -0.701953 0 1 | 27.3884 | 0 
-0.420703 -0.674609 0 1 | 33.9806 | 0 
-0.412891 -0.397266 0 1 | 36.858 | 0 
-0.565234 -0.201953 0 1 | 26.5612 | 0 
-0.596484 -0.436328 0 1 | 37.9771 | 0 
-0.725391 -0.311328 0 1 | 25.9244 | 0 
-0.944141 -0.350391 0 1 | 17.524 | 0 
-0.815234 -0.467578 0 1 | 26.694 | 0 
-0.838672 -0.686328 0 1 | 19.784 | 0 
-1.04961 -0.455859 0 1 | 21.4117 | 0 
-1.08086 -0.631641 0 1 | 19.6028 | 0 
-1.17461 -0.389453 0 1 | 24.6553 | 0 
-1.03789 -0.428516 0 1 | 20.5536 | 0 
-1.03008 -0.291797 0 1 | 13.9228 | 0 
-0.955859 -0.241016 0 1 | 10.7922 | 0 
-1.10039 -0.201953 0 1 | 10.2052 | 0 
-1.18633 -0.213672 0 1 | 15.298 | 0 
-1.30742 -0.420703 0 1 | 34.2033 | 0 
-1.34258 -0.268359 0 1 | 28.5224 | 0 
-1.51836 -0.385547 0 1 | 39.9139 | 0 
-1.50273 -0.616016 0 1 | 40.0975 | 0 
-1.27227 -0.647266 0 1 | 29.4505 | 0 
-1.40508 -0.811328 0 1 | 27.1499 | 0 
-1.20586 -0.838672 0 1 | 14.1343 | 0 
-1.31523 -1.0457 0 1 | 17.2203 | 0 
-1.32305 -1.17461 0 1 | 23.0011 | 0 
-1.37383 -0.963672 0 1 | 20.0968 | 0 
-1.56133 -1.1082 0 1 | 25.1585 | 0 
-1.63945 -0.979297 0 1 | 20.1345 | 0 
-1.5418 -0.877734 0 1 | 25.6157 | 0 
-1.69023 -0.717578 0 1 | 29.0649 | 0 
-1.92461 -0.741016 0 1 | 15.921 | 0 
-1.83086 -0.807422 0 1 | 15.6115 | 0 
-1.90117 -0.858203 0 1 | 9.93339 | 0 
-1.74492 -0.834766 0 1 | 18.9854 | 0 
-1.76836 -1.06523 0 1 | 13.9416 | 0 
-1.78008 -1.1707 0 1 | 17.8843 | 0 
-1.88555 -1.14727 0 1 | 11.3342 | 0 
-1.90508 -1.08086 0 1 | 7.78959 | 0 
-1.82695 -1.0457 0 1 | 10.1943 | 0 
-1.91289 -0.959766 0 1 | 6.36144 | 0 
-1.92461 -0.963672 0 1 | 5.99576 | 0 
-2.00664 -0.998828 0 1 | 5.03574 | 0 
-2.07305 -0.983203 0 1 | 6.35725 | 0 
-2.04961 -1.03789 0 1 | 6.04455 | 0 
-1.99102 -1.01445 0 1 | 5.05289 | 0 
-1.99102 -1.07695 0 1 | 6.28872 | 0 
-2.03008 -1.15898 0 1 | 10.233 | 0 
-2.06133 -1.08867 0 1 | 7.68236 | 0 
-2.12383 -1.16289 0 1 | 13.5385 | 0 
-2.15898 -1.08086 0 1 | 11.683 | 0 
-2.08086 -1.0418 0 1 | 7.02375 | 0 
-2.15508 -0.994922 0 1 | 10.025 | 0 
-2.1668 -0.830859 0 1 | 15.5301 | 0 
-2.11602 -0.944141 0 1 | 8.52229 | 0 
-2.01836 -0.920703 0 1 | 6.20616 | 0 
-1.9832 -0.897266 0 1 | 6.80832 | 0 
-2.06133 -0.826953 0 1 | 11.0198 | 0 
-2.11211 -0.713672 0 1 | 19.6157 | 0 
-2.13555 -0.686328 0 1 | 22.3416 | 0 
-2.06914 -0.522266 0 1 | 25.3878 | 0 
-1.92461 -0.658984 0 1 | 20.654 | 0 
-1.76445 -0.530078 0 1 | 32.3119 | 0 
-1.88945 -0.405078 0 1 | 24.327 | 0 
-1.77617 -0.280078 0 1 | 23.4773 | 0 
-1.86602 -0.256641 0 1 | 17.3066 | 0 
-1.96367 -0.248828 0 1 | 14.1062 | 0 
-1.96758 -0.354297 0 1 | 20.3003 | 0 
-2.09258 -0.354297 0 1 | 22.2456 | 0 
-2.19805 -0.198047 0 1 | 18.4598 | 0 
-2.1043 -0.0964844 0 1 | 8.2933 | 0 
-2.03008 -0.182422 0 1 | 10.2154 | 0 
-1.99883 -0.143359 0 1 | 7.80844 | 0 
-2.00664 -0.0769531 0 1 | 5.19005 | 0 
-2.06914 -0.0769531 0 1 | 6.36495 | 0 
-2.01445 -0.0730469 0 1 | 5.14196 | 0 
-1.97539 -0.0300781 0 1 | 4.20293 | 0 
-2.00664 0.00117187 0 1 | 4.03808 | 0 
-1.95977 0.0246094 0 1 | 4.28093 | 0 
-2.0418 0.0402344 0 1 | 4.83376 | 0 
-2.09258 0.0207031 0 1 | 6.11092 | 0 
-2.08477 -0.0378906 0 1 | 6.01734 | 0 
-2.13945 -0.0339844 0 1 | 8.40735 | 0 
-2.15898 -0.00664063 0 1 | 9.26042 | 0 
-2.19023 0.102734 0 1 | 13.1546 | 0 
-2.08086 0.0714844 0 1 | 6.59249 | 0 
-2.17852 0.290234 0 1 | 22.9918 | 0 
-2.02227 0.274609 0 1 | 15.8053 | 0 
-1.95195 0.176953 0 1 | 9.86594 | 0 
-2.01836 0.118359 0 1 | 6.79688 | 0 
-2.01055 0.0636719 0 1 | 4.86043 | 0 
-1.93633 0.0597656 0 1 | 5.24189 | 0 
-1.88164 0.0597656 0 1 | 6.8836 | 0 
-1.86992 0.133984 0 1 | 10.0143 | 0 
-1.94023 0.165234 0 1 | 9.4134 | 0 
-1.90898 0.247266 0 1 | 15.1271 | 0 
-1.7332 0.274609 0 1 | 25.6754 | 0 
-1.74492 0.0558594 0 1 | 13.979 | 0 
-1.71367 -0.0105469 0 1 | 15.224 | 0 
-1.7957 -0.0339844 0 1 | 10.623 | 0 
-1.81523 0.0402344 0 1 | 9.63205 | 0 
-1.89336 0.0441406 0 1 | 6.13345 | 0 
-1.89336 -0.0339844 0 1 | 5.97762 | 0 
-1.86602 -0.0574219 0 1 | 7.47079 | 0 
-1.83867 -0.100391 0 1 | 10.0299 | 0 
-1.92461 -0.0769531 0 1 | 5.95996 | 0 
-1.93242 -0.147266 0 1 | 8.63046 | 0 
-1.8582 -0.147266 0 1 | 11.1743 | 0 
-1.73711 -0.198047 0 1 | 20.6617 | 0 
-1.66289 -0.0613281 0 1 | 18.7088 | 0 
-1.5457 -0.0144531 0 1 | 22.0236 | 0 
-1.55742 -0.0847656 0 1 | 23.1765 | 0 
-1.4168 -0.131641 0 1 | 23.9215 | 0 
-1.2332 -0.123828 0 1 | 13.3623 | 0 
-1.31133 -0.0222656 0 1 | 15.579 | 0 
-1.2293 0.0167969 0 1 | 10.2724 | 0 
-1.43633 -0.00664063 0 1 | 21.2847 | 0 
-1.31133 0.216016 0 1 | 23.4083 | 0 
-1.52227 0.266797 0 1 | 33.3467 | 0 
-1.6668 0.145703 0 1 | 21.7008 | 0 
-1.6707 0.493359 0 1 | 37.8072 | 0 
-1.47539 0.333203 0 1 | 37.1639 | 0 
-1.37383 0.602734 0 1 | 37.26 | 0 
-1.53789 0.614453 0 1 | 39.9869 | 0 
-1.72539 0.704297 0 1 | 27.8479 | 0 
-1.86992 0.555859 0 1 | 26.3566 | 0 
-1.74492 0.364453 0 1 | 30.0864 | 0 
-1.83477 0.489453 0 1 | 28.5087 | 0 
-2.06523 0.348828 0 1 | 21.0358 | 0 
-2.17852 0.501172 0 1 | 30.6573 | 0 
-2.07305 0.731641 0 1 | 17.0212 | 0 
-2.12383 0.798047 0 1 | 15.0539 | 0 
-2.19414 0.844922 0 1 | 16.4757 | 0 
-2.19023 0.950391 0 1 | 12.5172 | 0 
-2.1668 0.993359 0 1 | 10.7001 | 0 
-2.11992 0.926953 0 1 | 9.09766 | 0 
-2.02227 0.977734 0 1 | 5.24342 | 0 
-2.03398 1.02852 0 1 | 5.58463 | 0 
-1.98711 1.04023 0 1 | 5.38381 | 0 
-2.00273 0.981641 0 1 | 5.045 | 0 
-1.95977 0.895703 0 1 | 7.03476 | 0 
-2.01445 0.903516 0 1 | 6.70004 | 0 
-2.02227 0.809766 0 1 | 11.1779 | 0 
-1.90508 0.848828 0 1 | 10.2606 | 0 
-1.86211 0.903516 0 1 | 9.59247 | 0 
-1.75273 0.872266 0 1 | 16.7151 | 0 
-1.70586 0.985547 0 1 | 16.663 | 0 
-1.84648 0.981641 0 1 | 8.74436 | 0 
-1.92852 0.954297 0 1 | 6.03367 | 0 
-1.93242 0.993359 0 1 | 5.62021 | 0 
-1.94414 1.03242 0 1 | 5.66448 | 0 
-1.94805 1.15352 0 1 | 9.95833 | 0 
-1.85039 1.13789 0 1 | 12.3478 | 0 
-1.74883 1.10273 0 1 | 16.3626 | 0 
-1.7293 1.21211 0 1 | 23.401 | 0 
-1.95586 1.26289 0 1 | 16.614 | 0 
-2.00664 1.2043 0 1 | 12.6558 | 0 
-2.00664 1.12617 0 1 | 8.28726 | 0 
-2.00273 1.11055 0 1 | 7.56505 | 0 
-2.03789 1.11836 0 1 | 8.32842 | 0 
-2.12383 1.12227 0 1 | 11.4582 | 0 
-2.1668 1.1418 0 1 | 14.7215 | 0 
-2.11211 1.40352 0 1 | 27.0314 | 0 
-1.97148 1.49727 0 1 | 26.2897 | 0 
-2.12773 1.63398 0 1 | 26.912 | 0 
-1.99492 1.7043 0 1 | 19.7242 | 0 
-1.92852 1.57539 0 1 | 26.0943 | 0 
-1.92852 1.72383 0 1 | 19.3221 | 0 
-1.77617 1.61445 0 1 | 31.6505 | 0 
-1.86602 1.4582 0 1 | 28.6072 | 0 
-1.49492 1.52852 0 1 | 44.4085 | 0 
-1.49102 1.5793 0 1 | 43.4881 | 0 
-1.34648 1.50508 0 1 | 39.7734 | 0 
-1.20977 1.40352 0 1 | 29.1528 | 0 
-1.33477 1.16914 0 1 | 23.3639 | 0 
-1.48711 1.19648 0 1 | 30.3133 | 0 
-1.61992 1.05195 0 1 | 21.5544 | 0 
-1.4793 1.06367 0 1 | 24.0274 | 0 
-1.6082 1.00898 0 1 | 21.3994 | 0 
-1.49492 0.876172 0 1 | 25.8769 | 0 
-1.3543 1.02852 0 1 | 19.1486 | 0 
-1.20586 1.03242 0 1 | 9.99125 | 0 
-1.28398 0.829297 0 1 | 19.6792 | 0 
-1.11992 0.864453 0 1 | 8.12365 | 0 
-1.18633 0.883984 0 1 | 10.8378 | 0 
-1.19023 1.01289 0 1 | 8.81034 | 0 
-1.09648 1.02852 0 1 | 4.20468 | 0 
-1.1043 0.966016 0 1 | 4.45372 | 0 
-1.1043 0.942578 0 1 | 4.8257 | 0 
-1.02617 0.954297 0 1 | 2.5106 | 0 
-1.03789 0.981641 0 1 | 2.39186 | 0 
-1.06133 0.997266 0 1 | 2.85821 | 0 
-1.02617 1.04805 0 1 | 2.74106 | 0 
-1.02227 0.993359 0 1 | 2.14069 | 0 
-1.00664 1.0168 0 1 | 2.11404 | 0 
-0.979297 1.02852 0 1 | 2.26393 | 0 
-0.967578 1.00898 0 1 | 2.17946 | 0 
-0.975391 0.969922 0 1 | 2.19199 | 0 
-0.987109 0.958203 0 1 | 2.27068 | 0 
-0.975391 0.934766 0 1 | 2.77529 | 0 
-0.971484 0.915234 0 1 | 3.32911 | 0 
-1.01055 0.895703 0 1 | 3.91939 | 0 
-1.06523 0.903516 0 1 | 4.56385 | 0 
-1.02227 0.856641 0 1 | 5.66886 | 0 
-1.00664 0.848828 0 1 | 5.92691 | 0 
-0.916797 0.852734 0 1 | 6.88986 | 0 
-0.862109 0.883984 0 1 | 7.59261 | 0 
-0.701953 0.837109 0 1 | 18.9652 | 0 
-0.783984 0.942578 0 1 | 10.0303 | 0 
-0.717578 0.997266 0 1 | 13.5365 | 0 
-0.811328 1.00508 0 1 | 7.91732 | 0 
-0.850391 0.977734 0 1 | 5.88164 | 0 
-0.885547 0.962109 0 1 | 4.47062 | 0 
-0.916797 0.934766 0 1 | 3.88077 | 0 
-0.944141 1.01289 0 1 | 2.56225 | 0 
-0.897266 1.01289 0 1 | 3.87832 | 0 
-0.924609 1.04805 0 1 | 3.50914 | 0 
-0.901172 1.07539 0 1 | 4.93895 | 0 
-0.932422 1.12617 0 1 | 6.00935 | 0 
-0.858203 1.11445 0 1 | 8.17038 | 0 
-0.826953 1.09102 0 1 | 8.81885 | 0 
-0.741016 1.06367 0 1 | 13.0368 | 0 
-0.741016 1.23945 0 1 | 21.9899 | 0 
-0.936328 1.25898 0 1 | 13.8181 | 0 
-1.07305 1.28633 0 1 | 16.1063 | 0 
-0.979297 1.22383 0 1 | 10.9067 | 0 
-0.951953 1.13008 0 1 | 5.79613 | 0 
-0.987109 1.06758 0 1 | 3.03738 | 0 
-1.0418 1.09102 0 1 | 4.2121 | 0 
-1.07305 1.09492 0 1 | 5.11411 | 0 
-1.01836 1.13398 0 1 | 5.73109 | 0 
-1.11992 1.12227 0 1 | 8.03166 | 0 
-1.12383 1.09883 0 1 | 7.21674 | 0 
-1.17461 1.11836 0 1 | 10.7113 | 0 
-1.12773 1.21602 0 1 | 13.6853 | 0 
-1.1043 1.34883 0 1 | 20.9309 | 0 
-1.02617 1.44648 0 1 | 22.7227 | 0 
-1.14727 1.58711 0 1 | 26.3609 | 0 
-1.03789 1.71211 0 1 | 16.6514 | 0 
-0.951953 1.62617 0 1 | 21.0242 | 0 
-0.948047 1.5793 0 1 | 22.7078 | 0 
-0.795703 1.67695 0 1 | 25.0457 | 0 
-0.756641 1.51289 0 1 | 32.4139 | 0 
-0.873828 1.42305 0 1 | 24.626 | 0 
-0.510547 1.5207 0 1 | 42.4693 | 0 
-0.463672 1.66914 0 1 | 37.6089 | 0 
-0.260547 1.61836 0 1 | 30.7115 | 0 
-0.405078 1.38008 0 1 | 37.6378 | 0 
-0.233203 1.28633 0 1 | 22.9209 | 0 
-0.233203 1.0793 0 1 | 11.3841 | 0 
-0.448047 1.11445 0 1 | 23.3934 | 0 
-0.479297 1.17695 0 1 | 27.1027 | 0 
-0.588672 1.21211 0 1 | 27.9476 | 0 
-0.514453 1.11445 0 1 | 23.9442 | 0 
-0.584766 1.0168 0 1 | 20.0489 | 0 
-0.670703 0.817578 0 1 | 21.7799 | 0 
-0.401172 0.841016 0 1 | 23.5919 | 0 
-0.330859 1.00898 0 1 | 16.0107 | 0 
-0.260547 1.03633 0 1 | 12.0659 | 0 
-0.283984 0.887891 0 1 | 15.3706 | 0 
-0.436328 0.751172 0 1 | 29.8939 | 0 
-0.315234 0.649609 0 1 | 30.4065 | 0 
-0.221484 0.380078 0 1 | 25.7069 | 0 
-0.377734 0.442578 0 1 | 36.8887 | 0 
-0.498828 0.313672 0 1 | 34.2442 | 0 
-0.491016 0.653516 0 1 | 36.3525 | 0 
-0.721484 0.786328 0 1 | 20.6607 | 0 
-0.744922 0.665234 0 1 | 26.3967 | 0 
-0.858203 0.653516 0 1 | 20.577 | 0 
-0.908984 0.704297 0 1 | 15.7482 | 0 
-0.967578 0.755078 0 1 | 11.3966 | 0 
-1.05352 0.716016 0 1 | 14.3042 | 0 
-1.11602 0.782422 0 1 | 12.3784 | 0 
-1.1707 0.661328 0 1 | 22.3192 | 0 
-1.00664 0.454297 0 1 | 20.8214 | 0 
-1.16289 0.352734 0 1 | 22.2912 | 0 
-0.842578 0.423047 0 1 | 24.2508 | 0 
-0.741016 0.462109 0 1 | 31.0473 | 0 
-0.803516 0.255078 0 1 | 17.7327 | 0 
-0.709766 0.188672 0 1 | 19.2843 | 0 
-0.764453 0.0871094 0 1 | 11.1484 | 0 
-0.787891 0.145703 0 1 | 12.1921 | 0 
-0.862109 0.126172 0 1 | 7.26704 | 0 
-0.858203 0.102734 0 1 | 6.47473 | 0 
-0.944141 0.126172 0 1 | 4.50063 | 0 
-0.924609 0.180859 0 1 | 7.78234 | 0 
-0.842578 0.184766 0 1 | 11.2673 | 0 
-0.924609 0.294141 0 1 | 14.783 | 0 
-1.03008 0.286328 0 1 | 13.5864 | 0 
-1.11992 0.212109 0 1 | 11.6504 | 0 
-1.19805 0.153516 0 1 | 12.557 | 0 
-1.11211 0.0753906 0 1 | 4.7261 | 0 
-1.09258 0.106641 0 1 | 5.01427 | 0 
-1.06523 0.0636719 0 1 | 2.75922 | 0 
-1.0418 0.0753906 0 1 | 2.53749 | 0 
-1.06914 0.0910156 0 1 | 3.6738 | 0 
-1.02227 0.141797 0 1 | 4.87849 | 0 
-0.955859 0.157422 0 1 | 5.82876 | 0 
-0.983203 0.106641 0 1 | 3.19825 | 0 
-0.975391 0.0519531 0 1 | 1.60396 | 0 
-0.951953 0.0441406 0 1 | 1.74503 | 0 
-0.983203 0.0480469 0 1 | 1.47937 | 0 
-0.983203 0.0207031 0 1 | 1.10974 | 0 
-0.987109 -0.0105469 0 1 | 1.03173 | 0 
-0.955859 -0.00664063 0 1 | 1.30705 | 0 
-0.955859 -0.0378906 0 1 | 1.5818 | 0 
-0.975391 -0.0496094 0 1 | 1.55753 | 0 
-1.00664 -0.0457031 0 1 | 1.4361 | 0 
-1.01055 -0.0183594 0 1 | 1.11245 | 0 
-1.01445 -0.0378906 0 1 | 1.35632 | 0 
-1.03789 -0.0457031 0 1 | 1.77335 | 0 
-1.07305 -0.0496094 0 1 | 2.67316 | 0 
-1.06914 -0.0144531 0 1 | 2.11585 | 0 
-1.04961 -0.00664063 0 1 | 1.59481 | 0 
-1.0418 0.0128906 0 1 | 1.46365 | 0 
-1.0418 0.0402344 0 1 | 1.75016 | 0 
-1.08086 0.0285156 0 1 | 2.59472 | 0 
-1.13164 0.0167969 0 1 | 4.56907 | 0 
-1.1668 -0.00664063 0 1 | 6.37975 | 0 
-1.15508 -0.0652344 0 1 | 6.5525 | 0 
-1.07695 -0.0574219 0 1 | 2.95577 | 0 
-1.13164 -0.104297 0 1 | 6.59547 | 0 
-1.16289 -0.178516 0 1 | 11.8406 | 0 
-1.07305 -0.147266 0 1 | 6.19454 | 0 
-1.03789 -0.123828 0 1 | 4.25417 | 0 
-0.998828 -0.0769531 0 1 | 2.15267 | 0 
-0.967578 -0.108203 0 1 | 3.38059 | 0 
-0.987109 -0.194141 0 1 | 7.60922 | 0 
-0.893359 -0.174609 0 1 | 8.43137 | 0 
-0.858203 -0.143359 0 1 | 8.26253 | 0 
-0.854297 -0.0847656 0 1 | 6.0305 | 0 
-0.944141 -0.112109 0 1 | 3.89611 | 0 
-0.932422 -0.0691406 0 1 | 2.69355 | 0 
-0.905078 -0.0222656 0 1 | 2.6463 | 0 
-0.936328 0.0167969 0 1 | 1.72476 | 0 
-0.889453 0.0402344 0 1 | 3.4299 | 0 
-0.830859 0.0363281 0 1 | 6.08874 | 0 
-0.850391 -0.0574219 0 1 | 5.4751 | 0 
-0.811328 -0.0261719 0 1 | 7.03764 | 0 
-0.741016 -0.00273438 0 1 | 11.1173 | 0 
-0.748828 -0.0183594 0 1 | 10.7037 | 0 
-0.772266 -0.119922 0 1 | 11.9258 | 0 
-0.666797 -0.151172 0 1 | 19.6448 | 0 
-0.518359 -0.0339844 0 1 | 20.433 | 0 
-0.623828 -0.00664063 0 1 | 17.5233 | 0 
-0.643359 0.110547 0 1 | 18.9556 | 0 
-0.526172 0.223828 0 1 | 28.5575 | 0 
-0.405078 0.110547 0 1 | 20.7692 | 0 
-0.299609 0.212109 0 1 | 20.8458 | 0 
-0.237109 0.173047 0 1 | 14.6307 | 0 
-0.280078 0.0558594 0 1 | 12.5723 | 0 
-0.237109 0.00507812 0 1 | 9.25478 | 0 
-0.264453 -0.0730469 0 1 | 12.0195 | 0 
-0.334766 0.0167969 0 1 | 15.2482 | 0 
-0.330859 -0.0964844 0 1 | 16.768 | 0 
-0.307422 -0.182422 0 1 | 19.5408 | 0 
-0.198047 -0.198047 0 1 | 13.6677 | 0 
-0.198047 -0.0964844 0 1 | 8.62636 | 0 
-0.135547 -0.0808594 0 1 | 4.70318 | 0 
-0.135547 -0.151172 0 1 | 7.6383 | 0 
-0.0535156 -0.151172 0 1 | 4.7701 | 0 
0.0441406 -0.198047 0 1 | 7.21916 | 0 
0.0207031 -0.123828 0 1 | 2.97981 | 0 
0.0207031 -0.0847656 0 1 | 1.47969 | 0 
0.00117187 -0.0847656 0 1 | 1.39505 | 0 
-0.0222656 -0.104297 0 1 | 2.18302 | 0 
-0.0652344 -0.135547 0 1 | 4.26614 | 0 
-0.0496094 -0.0613281 0 1 | 1.22388 | 0 
-0.0730469 -0.0144531 0 1 | 1.08414 | 0 
-0.0417969 -0.0300781 0 1 | 0.526063 | 0 
-0.0222656 -0.0574219 0 1 | 0.747818 | 0 
-0.00664063 -0.0730469 0 1 | 1.05148 | 0 
0.0128906 -0.0691406 0 1 | 0.9691 | 0 
0.0285156 -0.0574219 0 1 | 0.810515 | 0 
0.0324219 -0.0144531 0 1 | 0.251743 | 0 
-0.0105469 -0.0417969 0 1 | 0.36917 | 0 
0.00507812 0.0128906 0 1 | 0.0405641 | 0 
0.0246094 -0.0105469 0 1 | 0.144473 | 0 
0.0363281 -0.00273438 0 1 | 0.264679 | 0 
0.0441406 0.0246094 0 1 | 0.5065 | 0 
0.0128906 0.0324219 0 1 | 0.243277 | 0 
-0.0261719 0.0402344 0 1 | 0.457548 | 0 
-0.0261719 0.0167969 0 1 | 0.194009 | 0 
-0.0417969 0.0167969 0 1 | 0.403031 | 0 
-0.0613281 0.0128906 0 1 | 0.772488 | 0 
-0.0613281 0.0480469 0 1 | 1.19408 | 0 
-0.100391 0.0207031 0 1 | 2.02177 | 0 
-0.123828 0.00898437 0 1 | 2.9109 | 0 
-0.100391 -0.0144531 0 1 | 1.97827 | 0 
-0.119922 -0.0574219 0 1 | 3.37096 | 0 
-0.135547 -0.0144531 0 1 | 3.47498 | 0 
-0.158984 -0.0535156 0 1 | 5.17861 | 0 
-0.143359 0.00507812 0 1 | 3.81797 | 0 
-0.194141 0.0714844 0 1 | 7.599 | 0 
-0.127734 0.0636719 0 1 | 3.86396 | 0 
-0.119922 0.0949219 0 1 | 4.45928 | 0 
-0.108203 0.173047 0 1 | 7.61864 | 0 
-0.147266 0.208203 0 1 | 11.4555 | 0 
-0.100391 0.282422 0 1 | 14.0397 | 0 
-0.00273438 0.286328 0 1 | 12.3488 | 0 
0.0324219 0.149609 0 1 | 4.33502 | 0 
-0.00273438 0.173047 0 1 | 5.38503 | 0 
-0.0535156 0.118359 0 1 | 3.21952 | 0 
-0.0261719 0.0910156 0 1 | 1.73746 | 0 
-0.0457031 0.0753906 0 1 | 1.52086 | 0 
-0.0535156 0.0636719 0 1 | 1.35906 | 0 
-0.0144531 0.0792969 0 1 | 1.26594 | 0 
-0.00664063 0.102734 0 1 | 2.03381 | 0 
0.0363281 0.0871094 0 1 | 1.73158 | 0 
0.0675781 0.0714844 0 1 | 1.892 | 0 
0.0910156 0.0910156 0 1 | 3.20124 | 0 
0.0988281 0.0519531 0 1 | 2.40981 | 0 
0.161328 0.106641 0 1 | 6.91432 | 0 
0.153516 0.149609 0 1 | 8.45303 | 0 
0.0753906 0.180859 0 1 | 6.93312 | 0 
0.110547 0.243359 0 1 | 11.9736 | 0 
0.157422 0.180859 0 1 | 10.3568 | 0 
0.290234 0.200391 0 1 | 19.5612 | 0 
0.278516 0.0558594 0 1 | 12.4749 | 0 
0.251172 -0.0496094 0 1 | 10.6236 | 0 
0.216016 0.0128906 0 1 | 7.963 | 0 
0.157422 -0.00664063 0 1 | 4.5417 | 0 
0.130078 0.0207031 0 1 | 3.26244 | 0 
0.0949219 0.0402344 0 1 | 2.05741 | 0 
0.0558594 0.0207031 0 1 | 0.700156 | 0 
0.0636719 0.00898437 0 1 | 0.812196 | 0 
0.0871094 0.00507812 0 1 | 1.476 | 0 
0.0988281 -0.0183594 0 1 | 1.94584 | 0 
0.0949219 -0.0144531 0 1 | 1.77936 | 0 
0.0636719 -0.0378906 0 1 | 1.07968 | 0 
0.0597656 -0.0652344 0 1 | 1.53546 | 0 
0.0871094 -0.0457031 0 1 | 1.88246 | 0 
0.122266 -0.0535156 0 1 | 3.38882 | 0 
0.165234 -0.0261719 0 1 | 5.08766 | 0 
0.145703 -0.112109 0 1 | 6.32222 | 0 
0.0519531 -0.0886719 0 1 | 2.05344 | 0 
0.0832031 -0.131641 0 1 | 4.59245 | 0 
0.0949219 -0.151172 0 1 | 5.94267 | 0 
0.153516 -0.147266 0 1 | 8.33406 | 0 
0.192578 -0.131641 0 1 | 9.7568 | 0 
0.360547 -0.147266 0 1 | 20.5389 | 0 
0.434766 -0.0730469 0 1 | 20.4034 | 0 
0.489453 -0.166797 0 1 | 25.255 | 0 
0.665234 -0.143359 0 1 | 19.3331 | 0 
0.766797 -0.108203 0 1 | 11.7722 | 0 
0.692578 -0.0691406 0 1 | 14.946 | 0 
0.751172 -0.0222656 0 1 | 10.5913 | 0 
0.633984 -0.0339844 0 1 | 17.2936 | 0 
0.598828 0.137891 0 1 | 22.0375 | 0 
0.778516 0.0871094 0 1 | 10.2949 | 0 
0.755078 0.188672 0 1 | 16.5305 | 0 
0.645703 0.192578 0 1 | 23.0205 | 0 
0.497266 0.106641 0 1 | 22.4217 | 0 
0.344922 0.462109 0 1 | 35.6697 | 0 
0.626172 0.329297 0 1 | 32.3006 | 0 
0.653516 0.673047 0 1 | 31.2292 | 0 
0.430859 0.762891 0 1 | 29.0322 | 0 
0.419141 0.583203 0 1 | 37.9196 | 0 
0.251172 0.758984 0 1 | 20.1511 | 0 
0.173047 0.676953 0 1 | 20.272 | 0 
0.239453 0.563672 0 1 | 28.9257 | 0 
0.192578 0.380078 0 1 | 23.9469 | 0 
0.157422 0.528516 0 1 | 24.6522 | 0 
0.0167969 0.352734 0 1 | 16.1988 | 0 
-0.112109 0.325391 0 1 | 17.0627 | 0 
-0.119922 0.426953 0 1 | 21.8712 | 0 
-0.158984 0.649609 0 1 | 20.9354 | 0 
0.00507812 0.598828 0 1 | 18.4994 | 0 
0.00117187 0.751172 0 1 | 10.4934 | 0 
-0.151172 0.696484 0 1 | 17.9918 | 0 
-0.178516 0.852734 0 1 | 10.4036 | 0 
-0.131641 0.876172 0 1 | 6.8946 | 0 
-0.186328 0.883984 0 1 | 9.46513 | 0 
-0.182422 1.03633 0 1 | 7.24951 | 0 
-0.123828 1.00898 0 1 | 3.92887 | 0 
-0.104297 1.04414 0 1 | 3.5572 | 0 
-0.0886719 0.993359 0 1 | 2.51813 | 0 
-0.127734 0.930859 0 1 | 4.86564 | 0 
-0.0730469 0.934766 0 1 | 2.74483 | 0 
-0.0144531 0.946484 0 1 | 1.49976 | 0 
-0.0457031 0.981641 0 1 | 1.44415 | 0 
-0.0535156 1.00117 0 1 | 1.56799 | 0 
-0.0535156 1.02461 0 1 | 1.7345 | 0 
-0.0339844 1.0168 0 1 | 1.32028 | 0 
-0.00664063 0.989453 0 1 | 1.01221 | 0 
0.00507812 1.0168 0 1 | 1.09713 | 0 
0.0324219 1.03242 0 1 | 1.483 | 0 
0.0207031 0.997266 0 1 | 1.08343 | 0 
0.0480469 0.966016 0 1 | 1.61734 | 0 
0.0128906 0.985547 0 1 | 1.04796 | 0 
0.00117187 0.934766 0 1 | 1.70487 | 0 
0.0480469 0.919141 0 1 | 2.56493 | 0 
0.0324219 0.864453 0 1 | 4.3703 | 0 
-0.00664063 0.903516 0 1 | 2.60956 | 0 
-0.0417969 0.903516 0 1 | 2.94543 | 0 
-0.0652344 0.887891 0 1 | 4.00344 | 0 
-0.0691406 0.833203 0 1 | 6.63747 | 0 
0.0597656 0.809766 0 1 | 7.69107 | 0 
0.0714844 0.833203 0 1 | 6.70076 | 0 
0.0949219 0.911328 0 1 | 4.08077 | 0 
0.173047 0.844922 0 1 | 10.4807 | 0 
0.266797 0.809766 0 1 | 18.1153 | 0 
0.247266 0.926953 0 1 | 11.786 | 0 
0.216016 1.02852 0 1 | 9.14797 | 0 
0.153516 1.0207 0 1 | 5.45466 | 0 
0.157422 0.977734 0 1 | 5.58662 | 0 
0.122266 0.938672 0 1 | 4.44033 | 0 
0.0832031 0.973828 0 1 | 2.42832 | 0 
0.0753906 0.938672 0 1 | 2.72367 | 0 
0.0597656 0.993359 0 1 | 1.69836 | 0 
0.0832031 1.0207 0 1 | 2.4714 | 0 
0.0597656 1.04414 0 1 | 2.17526 | 0 
0.0910156 1.0793 0 1 | 3.98249 | 0 
0.0519531 1.09102 0 1 | 3.31467 | 0 
0.110547 1.17305 0 1 | 9.05867 | 0 
0.161328 1.17305 0 1 | 11.468 | 0 
0.212109 1.11055 0 1 | 11.2393 | 0 
0.282422 1.16523 0 1 | 18.3854 | 0 
0.216016 1.18867 0 1 | 15.5843 | 0 
0.126172 1.23945 0 1 | 13.8737 | 0 
0.0246094 1.25898 0 1 | 12.2717 | 0 
-0.0730469 1.22773 0 1 | 11.1556 | 0 
0.0402344 1.15352 0 1 | 5.95483 | 0 
0.0441406 1.11055 0 1 | 3.93672 | 0 
0.0207031 1.06367 0 1 | 2.00845 | 0 
0.00898437 1.09492 0 1 | 2.9438 | 0 
-0.0261719 1.06758 0 1 | 2.1658 | 0 
-0.0652344 1.07539 0 1 | 3.09264 | 0 
-0.0222656 1.15742 0 1 | 5.94599 | 0 
-0.116016 1.14961 0 1 | 7.98111 | 0 
-0.0808594 1.07539 0 1 | 3.52968 | 0 
-0.151172 1.10273 0 1 | 7.43526 | 0 
-0.186328 1.10664 0 1 | 9.52916 | 0 
-0.0847656 1.29023 0 1 | 15.5606 | 0 
-0.0925781 1.40352 0 1 | 21.8436 | 0 
0.0246094 1.39961 0 1 | 20.157 | 0 
-0.123828 1.47773 0 1 | 24.9809 | 0 
-0.186328 1.79023 0 1 | 16.8462 | 0 
-0.0574219 1.73945 0 1 | 14.3375 | 0 
-0.0105469 1.65742 0 1 | 18.2659 | 0 
0.0675781 1.5832 0 1 | 22.0659 | 0 
0.0792969 1.69258 0 1 | 17.6195 | 0 
0.270703 1.77852 0 1 | 22.7539 | 0 
0.255078 1.43086 0 1 | 31.5051 | 0 
0.258984 1.33711 0 1 | 27.6257 | 0 
0.309766 1.50898 0 1 | 36.0271 | 0 
0.512891 1.5832 0 1 | 41.4036 | 0 
0.798047 1.56367 0 1 | 29.3216 | 0 
0.669141 1.44258 0 1 | 36.7522 | 0 
0.766797 1.31758 0 1 | 25.3927 | 0 
0.716016 1.05586 0 1 | 14.3587 | 0 
0.649609 1.18477 0 1 | 23.7409 | 0 
0.395703 1.28633 0 1 | 32.0051 | 0 
0.344922 1.06367 0 1 | 17.6593 | 0 
0.516797 1.10273 0 1 | 23.442 | 0 
0.442578 1.04023 0 1 | 20.9545 | 0 
0.426953 0.852734 0 1 | 23.8611 | 0 
0.673047 0.833203 0 1 | 20.8057 | 0 
0.630078 0.997266 0 1 | 18.2374 | 0 
0.708203 0.942578 0 1 | 14.6324 | 0 
0.782422 1.04414 0 1 | 10.064 | 0 
0.739453 0.903516 0 1 | 13.8098 | 0 
0.762891 0.805859 0 1 | 16.9867 | 0 
0.899609 0.844922 0 1 | 7.8332 | 0 
0.923047 0.911328 0 1 | 4.34365 | 0 
0.805859 0.907422 0 1 | 9.68181 | 0 
0.825391 0.969922 0 1 | 7.24081 | 0 
0.837109 1.0168 0 1 | 6.58872 | 0 
0.911328 1.0168 0 1 | 3.43484 | 0 
0.880078 0.973828 0 1 | 4.56724 | 0 
0.907422 0.930859 0 1 | 4.26591 | 0 
0.966016 0.930859 0 1 | 2.95817 | 0 
0.950391 0.969922 0 1 | 2.50642 | 0 
0.926953 1.04805 0 1 | 3.44727 | 0 
0.958203 1.00898 0 1 | 2.29749 | 0 
0.997266 1.04023 0 1 | 2.39844 | 0 
1.03242 0.997266 0 1 | 2.27119 | 0 
1.03242 0.966016 0 1 | 2.43547 | 0 
0.989453 0.969922 0 1 | 2.12226 | 0 
1.04414 0.954297 0 1 | 2.79503 | 0 
1.0207 0.868359 0 1 | 5.11291 | 0 
1.00508 0.919141 0 1 | 3.12566 | 0 
0.942578 0.895703 0 1 | 4.40851 | 0 
0.973828 0.872266 0 1 | 4.89805 | 0 
0.989453 0.809766 0 1 | 7.99164 | 0 
1.06367 0.829297 0 1 | 7.83249 | 0 
1.05977 0.876172 0 1 | 5.46716 | 0 
1.10273 0.872266 0 1 | 7.04283 | 0 
1.17305 0.825391 0 1 | 12.8491 | 0 
1.25898 0.833203 0 1 | 17.8531 | 0 
1.18086 0.895703 0 1 | 10.0618 | 0 
1.29414 0.985547 0 1 | 15.4278 | 0 
1.2043 0.993359 0 1 | 9.61599 | 0 
1.15352 0.950391 0 1 | 7.02049 | 0 
1.09883 0.934766 0 1 | 4.77879 | 0 
1.07148 1.00117 0 1 | 3.14503 | 0 
1.09492 1.0207 0 1 | 4.05411 | 0 
1.05195 1.0207 0 1 | 2.7635 | 0 
1.10273 1.11055 0 1 | 6.78066 | 0 
1.11445 1.17305 0 1 | 10.4479 | 0 
1.25898 1.13008 0 1 | 16.5869 | 0 
1.23945 1.2668 0 1 | 23.5347 | 0 
1.10664 1.23164 0 1 | 13.7551 | 0 
1.04023 1.27461 0 1 | 14.5672 | 0 
0.938672 1.22773 0 1 | 11.7298 | 0 
1.00508 1.1457 0 1 | 6.2363 | 0 
1.04023 1.05977 0 1 | 3.22236 | 0 
1.00508 1.0832 0 1 | 3.52676 | 0 
0.981641 1.07539 0 1 | 3.29015 | 0 
0.942578 1.1418 0 1 | 6.55164 | 0 
0.911328 1.15352 0 1 | 7.97819 | 0 
0.848828 1.10273 0 1 | 8.13291 | 0 
0.821484 1.20039 0 1 | 14.7095 | 0 
0.903516 1.28242 0 1 | 16.2685 | 0 
0.919141 1.34883 0 1 | 19.7479 | 0 
0.942578 1.37617 0 1 | 20.5516 | 0 
0.864453 1.57148 0 1 | 25.6402 | 0 
0.880078 1.74336 0 1 | 16.9404 | 0 
1.00898 1.77461 0 1 | 12.6456 | 0 
0.993359 1.55586 0 1 | 22.809 | 0 
1.05586 1.64961 0 1 | 20.3459 | 0 
1.24727 1.67695 0 1 | 28.6288 | 0 
1.18477 1.52852 0 1 | 29.5975 | 0 
1.5207 1.33711 0 1 | 39.2225 | 0 
1.41133 1.7082 0 1 | 35.9961 | 0 
1.7082 1.69648 0 1 | 31.6941 | 0 
1.60273 1.37227 0 1 | 39.3909 | 0 
1.58711 1.11836 0 1 | 24.9515 | 0 
1.45039 1.28633 0 1 | 35.5417 | 0 
1.48555 1.05195 0 1 | 23.8028 | 0 
1.38398 1.02852 0 1 | 20.5946 | 0 
1.44258 0.923047 0 1 | 23.438 | 0 
1.60273 1.00508 0 1 | 21.5745 | 0 
1.71602 0.833203 0 1 | 20.7676 | 0 
1.57539 0.716016 0 1 | 34.015 | 0 
1.79414 0.610547 0 1 | 28.5394 | 0 
1.5207 0.508984 0 1 | 42.4737 | 0 
1.38398 0.633984 0 1 | 36.4395 | 0 
1.26289 0.622266 0 1 | 29.9852 | 0 
1.17305 0.692578 0 1 | 20.7395 | 0 
1.04414 0.688672 0 1 | 15.7078 | 0 
0.848828 0.786328 0 1 | 13.2604 | 0 
0.891797 0.649609 0 1 | 19.3409 | 0 
0.946484 0.598828 0 1 | 19.9502 | 0 
0.809766 0.548047 0 1 | 26.8388 | 0 
0.997266 0.387891 0 1 | 18.769 | 0 
1.16914 0.469922 0 1 | 26.5474 | 0 
1.26289 0.391797 0 1 | 30.3366 | 0 
1.17695 0.251172 0 1 | 17.0942 | 0 
1.29414 0.169141 0 1 | 19.5791 | 0 
1.23164 0.0753906 0 1 | 11.4752 | 0 
1.12227 0.173047 0 1 | 9.45152 | 0 
1.16914 0.0597656 0 1 | 7.205 | 0 
1.10664 0.0871094 0 1 | 4.85759 | 0 
1.05977 0.130078 0 1 | 4.99746 | 0 
1.05586 0.184766 0 1 | 7.77611 | 0 
1.1418 0.251172 0 1 | 15.1561 | 0 
1.0168 0.294141 0 1 | 13.9166 | 0 
0.977734 0.212109 0 1 | 8.74284 | 0 
0.895703 0.274609 0 1 | 14.4917 | 0 
0.844922 0.231641 0 1 | 14.0023 | 0 
0.919141 0.130078 0 1 | 5.28542 | 0 
0.825391 0.169141 0 1 | 11.2858 | 0 
0.833203 0.110547 0 1 | 8.03285 | 0 
0.880078 0.0988281 0 1 | 5.36053 | 0 
0.895703 0.0636719 0 1 | 3.66992 | 0 
0.973828 0.0714844 0 1 | 2.08269 | 0 
0.942578 0.0910156 0 1 | 3.13415 | 0 
0.954297 0.173047 0 1 | 6.70371 | 0 
1.00898 0.145703 0 1 | 4.96361 | 0 
1.03633 0.106641 0 1 | 3.50927 | 0 
1.00898 0.0675781 0 1 | 1.92903 | 0 
1.03242 0.0636719 0 1 | 2.06886 | 0 
1.03633 0.0363281 0 1 | 1.59655 | 0 
1.00508 0.0363281 0 1 | 1.27847 | 0 
1.00508 0.00507812 0 1 | 1.02289 | 0 
1.03242 0.00117187 0 1 | 1.27545 | 0 
1.03633 -0.0222656 0 1 | 1.43405 | 0 
1.04414 -0.0574219 0 1 | 2.12199 | 0 
1.01289 -0.0574219 0 1 | 1.70835 | 0 
0.997266 -0.0378906 0 1 | 1.28201 | 0 
0.977734 -0.0144531 0 1 | 1.09758 | 0 
0.985547 -0.0574219 0 1 | 1.66213 | 0 
0.954297 -0.0613281 0 1 | 2.0597 | 0 
0.934766 -0.0417969 0 1 | 2.04921 | 0 
0.930859 0.00117187 0 1 | 1.79814 | 0 
0.969922 -0.00273438 0 1 | 1.12278 | 0 
0.966016 0.0324219 0 1 | 1.37063 | 0 
0.942578 0.0441406 0 1 | 1.91887 | 0 
0.923047 0.0402344 0 1 | 2.32029 | 0 
0.887891 0.0167969 0 1 | 3.22679 | 0 
0.825391 0.0128906 0 1 | 6.15496 | 0 
0.801953 -0.0496094 0 1 | 7.92332 | 0 
0.876172 -0.0457031 0 1 | 4.05881 | 0 
0.919141 -0.0261719 0 1 | 2.24598 | 0 
0.915234 -0.100391 0 1 | 4.15961 | 0 
0.868359 -0.100391 0 1 | 5.92094 | 0 
0.833203 -0.119922 0 1 | 8.42515 | 0 
0.852734 -0.194141 0 1 | 11.3132 | 0 
0.954297 -0.186328 0 1 | 7.46263 | 0 
0.926953 -0.112109 0 1 | 4.28923 | 0 
0.981641 -0.119922 0 1 | 3.75391 | 0 
0.989453 -0.0964844 0 1 | 2.79475 | 0 
1.02461 -0.108203 0 1 | 3.40673 | 0 
0.997266 -0.158984 0 1 | 5.61175 | 0 
1.07148 -0.143359 0 1 | 5.95277 | 0 
1.14961 -0.166797 0 1 | 10.4613 | 0 
1.16133 -0.0964844 0 1 | 7.85484 | 0 
1.06758 -0.123828 0 1 | 4.9226 | 0 
1.06758 -0.0535156 0 1 | 2.59308 | 0 
1.11055 -0.0222656 0 1 | 3.65082 | 0 
1.0793 0.0128906 0 1 | 2.41607 | 0 
1.11055 0.0402344 0 1 | 3.87209 | 0 
1.17305 0.0285156 0 1 | 6.89053 | 0 
1.1418 -0.0613281 0 1 | 5.7564 | 0 
1.19258 -0.0144531 0 1 | 7.936 | 0 
1.21211 0.00507812 0 1 | 9.11851 | 0 
1.27852 -0.123828 0 1 | 16.3116 | 0 
1.48555 -0.151172 0 1 | 26.3729 | 0 
1.40742 -0.0144531 0 1 | 20.3801 | 0 
1.34492 0.298047 0 1 | 30.4901 | 0 
1.46211 0.0949219 0 1 | 23.5937 | 0 
1.65742 0.255078 0 1 | 28.628 | 0 
1.73945 0.0832031 0 1 | 15.033 | 0 
1.73555 0.0128906 0 1 | 13.9544 | 0 
1.65352 -0.0222656 0 1 | 18.5325 | 0 
1.66133 -0.170703 0 1 | 23.3005 | 0 
1.79805 -0.201953 0 1 | 17.3298 | 0 
1.68477 -0.373828 0 1 | 33.9845 | 0 
1.67305 -0.237109 0 1 | 26.6977 | 0 
1.54023 -0.408984 0 1 | 40.6332 | 0 
1.50508 -0.655078 0 1 | 38.3086 | 0 
1.75508 -0.698047 0 1 | 26.4577 | 0 
1.63008 -0.772266 0 1 | 28.7035 | 0 
1.73945 -0.897266 0 1 | 16.5075 | 0 
1.75117 -1.02227 0 1 | 14.1382 | 0 
1.72773 -1.11602 0 1 | 18.1687 | 0 
1.59102 -1.1082 0 1 | 24.3943 | 0 
1.5793 -0.994922 0 1 | 22.2759 | 0 
1.4582 -1.08086 0 1 | 24.2173 | 0 
1.31758 -1.09648 0 1 | 18.8424 | 0 
1.30586 -0.975391 0 1 | 16.2166 | 0 
1.42695 -0.869922 0 1 | 24.9187 | 0 
1.29805 -0.717578 0 1 | 27.1986 | 0 
1.10664 -0.752734 0 1 | 13.784 | 0 
1.1457 -0.842578 0 1 | 10.4366 | 0 
1.0832 -0.846484 0 1 | 7.5303 | 0 
1.10273 -0.908984 0 1 | 5.64787 | 0 
1.12227 -0.944141 0 1 | 5.5715 | 0 
1.18477 -0.940234 0 1 | 9.00204 | 0 
1.28633 -0.830859 0 1 | 19.7455 | 0 
1.28242 -1.03398 0 1 | 14.9664 | 0 
1.23555 -1.11211 0 1 | 14.239 | 0 
1.16914 -1.18633 0 1 | 14.0172 | 0 
1.05586 -1.13555 0 1 | 6.42912 | 0 
1.07539 -1.08477 0 1 | 4.82188 | 0 
1.08711 -1.02227 0 1 | 3.78783 | 0 
1.16914 -1.06914 0 1 | 8.57654 | 0 
1.13008 -0.994922 0 1 | 5.43264 | 0 
1.11836 -0.975391 0 1 | 4.96406 | 0 
1.05195 -1.01055 0 1 | 2.68033 | 0 
1.03633 -0.963672 0 1 | 2.52389 | 0 
1.0207 -1.01055 0 1 | 2.17198 | 0 
1.00117 -0.967578 0 1 | 2.1481 | 0 
0.958203 -0.979297 0 1 | 2.30702 | 0 
0.930859 -0.994922 0 1 | 2.79283 | 0 
0.981641 -1.02227 0 1 | 2.17531 | 0 
0.950391 -1.0418 0 1 | 2.81582 | 0 
0.985547 -1.05742 0 1 | 2.77697 | 0 
1.00898 -1.02617 0 1 | 2.22441 | 0 
1.02852 -1.0457 0 1 | 2.7234 | 0 
1.0168 -1.08867 0 1 | 3.78952 | 0 
1.0207 -1.13555 0 1 | 5.83098 | 0 
0.950391 -1.19805 0 1 | 9.61629 | 0 
0.872266 -1.10039 0 1 | 6.94994 | 0 
0.856641 -1.18633 0 1 | 12.0388 | 0 
0.805859 -1.05352 0 1 | 8.88368 | 0 
0.883984 -1.06133 0 1 | 5.18487 | 0 
0.876172 -0.994922 0 1 | 4.6422 | 0 
0.852734 -0.955859 0 1 | 6.00949 | 0 
0.813672 -0.944141 0 1 | 8.27083 | 0 
0.825391 -0.873828 0 1 | 9.86677 | 0 
0.880078 -0.858203 0 1 | 7.93366 | 0 
0.887891 -0.893359 0 1 | 6.13101 | 0 
0.934766 -0.908984 0 1 | 4.12194 | 0 
0.977734 -0.920703 0 1 | 3.11959 | 0 
1.04023 -0.944141 0 1 | 2.90345 | 0 
1.0168 -0.912891 0 1 | 3.38618 | 0 
1.04023 -0.873828 0 1 | 5.14719 | 0 
0.958203 -0.881641 0 1 | 4.68094 | 0 
0.962109 -0.783984 0 1 | 9.70573 | 0 
1.02852 -0.705859 0 1 | 14.4567 | 0 
0.911328 -0.737109 0 1 | 13.6977 | 0 
0.899609 -0.658984 0 1 | 18.5824 | 0 
0.934766 -0.451953 0 1 | 21.4566 | 0 
1.06758 -0.608203 0 1 | 20.1767 | 0 
1.25117 -0.573047 0 1 | 30.9351 | 0 
1.06758 -0.412891 0 1 | 20.7399 | 0 
1.21211 -0.315234 0 1 | 23.1978 | 0 
1.16914 -0.260547 0 1 | 17.2347 | 0 
1.0168 -0.252734 0 1 | 11.3277 | 0 
0.993359 -0.330859 0 1 | 15.9722 | 0 
0.891797 -0.334766 0 1 | 18.211 | 0 
0.825391 -0.299609 0 1 | 19.2786 | 0 
0.794141 -0.201953 0 1 | 14.9627 | 0 
0.610547 -0.323047 0 1 | 32.593 | 0 
0.755078 -0.334766 0 1 | 25.4434 | 0 
0.665234 -0.479297 0 1 | 35.668 | 0 
0.383984 -0.451953 0 1 | 37.3607 | 0 
0.301953 -0.315234 0 1 | 27.3847 | 0 
0.208203 -0.350391 0 1 | 23.4702 | 0 
0.102734 -0.334766 0 1 | 17.2149 | 0 
0.102734 -0.229297 0 1 | 10.7805 | 0 
0.0246094 -0.287891 0 1 | 12.5636 | 0 
-0.0574219 -0.244922 0 1 | 10.3906 | 0 
-0.143359 -0.229297 0 1 | 12.5683 | 0 
-0.112109 -0.303516 0 1 | 15.7867 | 0 
-0.135547 -0.424609 0 1 | 22.5128 | 0 
-0.0105469 -0.393359 0 1 | 18.0172 | 0 
-0.0183594 -0.498828 0 1 | 20.3179 | 0 
-0.108203 -0.533984 0 1 | 22.2956 | 0 
-0.100391 -0.651172 0 1 | 18.179 | 0 
0.0167969 -0.674609 0 1 | 15.0753 | 0 
0.0949219 -0.631641 0 1 | 18.9069 | 0 
0.137891 -0.549609 0 1 | 23.3659 | 0 
0.294141 -0.698047 0 1 | 26.521 | 0 
0.243359 -0.893359 0 1 | 12.6047 | 0 
0.153516 -0.834766 0 1 | 9.94744 | 0 
0.161328 -0.920703 0 1 | 6.80433 | 0 
0.110547 -0.908984 0 1 | 4.74887 | 0 
0.0675781 -0.877734 0 1 | 4.47397 | 0 
0.0558594 -0.795703 0 1 | 8.41608 | 0 
0.137891 -0.705859 0 1 | 16.782 | 0 
0.0246094 -0.791797 0 1 | 8.15326 | 0 
-0.0300781 -0.744922 0 1 | 11.0554 | 0 
-0.166797 -0.701953 0 1 | 18.5034 | 0 
-0.127734 -0.815234 0 1 | 9.74989 | 0 
-0.123828 -0.854297 0 1 | 7.53061 | 0 
-0.198047 -0.924609 0 1 | 8.79108 | 0 
-0.108203 -0.912891 0 1 | 4.53177 | 0 
-0.0925781 -0.936328 0 1 | 3.32204 | 0 
-0.0496094 -0.944141 0 1 | 1.98786 | 0 
-0.0261719 -0.908984 0 1 | 2.55543 | 0 
-0.0691406 -0.873828 0 1 | 4.68092 | 0 
-0.0417969 -0.858203 0 1 | 4.79678 | 0 
0.0324219 -0.826953 0 1 | 6.24528 | 0 
-0.00273438 -0.901172 0 1 | 2.68286 | 0 
0.0167969 -0.940234 0 1 | 1.63929 | 0 
0.0402344 -0.979297 0 1 | 1.36547 | 0 
0.00898437 -0.959766 0 1 | 1.2575 | 0 
0.00898437 -0.971484 0 1 | 1.12237 | 0 
-0.0105469 -1.00273 0 1 | 1.03151 | 0 
0.0207031 -0.983203 0 1 | 1.10974 | 0 
0.0402344 -1.01836 0 1 | 1.42548 | 0 
0.0363281 -1.04961 0 1 | 1.84675 | 0 
0.0207031 -1.04961 0 1 | 1.67097 | 0 
-0.00273438 -1.05352 0 1 | 1.67389 | 0 
0.00117187 -1.01445 0 1 | 1.07309 | 0 
-0.0417969 -1.03789 0 1 | 1.70639 | 0 
-0.0574219 -1.06914 0 1 | 2.72156 | 0 
-0.0730469 -0.998828 0 1 | 2.04066 | 0 
-0.0378906 -1.00273 0 1 | 1.29295 | 0 
-0.0417969 -0.979297 0 1 | 1.39062 | 0 
-0.0378906 -0.963672 0 1 | 1.47403 | 0 
-0.0691406 -0.959766 0 1 | 2.17514 | 0 
-0.0925781 -1.01055 0 1 | 2.69885 | 0 
-0.174609 -0.959766 0 1 | 6.71022 | 0 
-0.162891 -1.02227 0 1 | 5.96772 | 0 
-0.116016 -1.06133 0 1 | 4.4169 | 0 
-0.104297 -1.03008 0 1 | 3.32394 | 0 
-0.0808594 -1.07695 0 1 | 3.57826 | 0 
-0.119922 -1.09648 0 1 | 5.70809 | 0 
-0.166797 -1.11602 0 1 | 8.82414 | 0 
-0.0769531 -1.15898 0 1 | 7.08595 | 0 
-0.0144531 -1.15117 0 1 | 5.55099 | 0 
-0.0378906 -1.09258 0 1 | 3.12434 | 0 
-0.00664063 -1.13555 0 1 | 4.71341 | 0 
0.00507812 -1.09258 0 1 | 2.84596 | 0 
0.0207031 -1.13164 0 1 | 4.59806 | 0 
-0.0105469 -1.15898 0 1 | 5.95577 | 0 
0.0792969 -1.15508 0 1 | 6.94196 | 0 
0.145703 -1.15508 0 1 | 9.64706 | 0 
0.165234 -1.09648 0 1 | 7.93632 | 0 
0.0636719 -1.13555 0 1 | 5.49835 | 0 
0.0792969 -1.06523 0 1 | 3.18756 | 0 
0.0910156 -1.02617 0 1 | 2.7898 | 0 
0.0636719 -1.01445 0 1 | 1.86651 | 0 
0.0558594 -0.987109 0 1 | 1.62241 | 0 
0.110547 -0.991016 0 1 | 3.32958 | 0 
0.122266 -0.975391 0 1 | 3.89664 | 0 
0.161328 -0.983203 0 1 | 5.76323 | 0 
0.161328 -1.05352 0 1 | 6.41081 | 0 
0.184766 -1.03008 0 1 | 7.29076 | 0 
0.212109 -0.998828 0 1 | 8.68711 | 0 
0.290234 -1.10039 0 1 | 15.723 | 0 
0.317578 -1.13164 0 1 | 18.7336 | 0 
0.469922 -1.07305 0 1 | 22.2316 | 0 
0.352734 -0.924609 0 1 | 18.0989 | 0 
0.485547 -0.768359 0 1 | 29.6364 | 0 
0.583203 -0.893359 0 1 | 21.9671 | 0 
0.712109 -0.772266 0 1 | 22.0699 | 0 
0.743359 -0.850391 0 1 | 15.7977 | 0 
0.747266 -0.975391 0 1 | 11.8034 | 0 
0.665234 -0.975391 0 1 | 16.5935 | 0 
0.653516 -1.1043 0 1 | 19.4182 | 0 
0.688672 -1.17461 0 1 | 21.0534 | 0 
0.798047 -1.20195 0 1 | 16.1376 | 0 
0.583203 -1.31523 0 1 | 34.7218 | 0 
0.747266 -1.36211 0 1 | 29.0638 | 0 
0.645703 -1.47539 0 1 | 38.571 | 0 
0.383984 -1.45195 0 1 | 39.2646 | 0 
0.305859 -1.31133 0 1 | 29.0125 | 0 
0.223828 -1.3543 0 1 | 26.3438 | 0 
0.0832031 -1.32695 0 1 | 17.7548 | 0 
0.0949219 -1.22539 0 1 | 11.6994 | 0 
0.0324219 -1.28008 0 1 | 13.7276 | 0 
-0.0730469 -1.24102 0 1 | 12.0186 | 0 
-0.116016 -1.31133 0 1 | 18.0355 | 0 
-0.123828 -1.42852 0 1 | 23.9437 | 0 
0.00507812 -1.38945 0 1 | 19.6214 | 0 
-0.116016 -1.51445 0 1 | 24.8096 | 0 
0.0167969 -1.65898 0 1 | 18.2227 | 0 
0.130078 -1.55742 0 1 | 24.9593 | 0 
0.270703 -1.69805 0 1 | 27.4629 | 0 
0.266797 -1.9207 0 1 | 16.0319 | 0 
0.196484 -1.83867 0 1 | 14.8347 | 0 
0.133984 -1.88945 0 1 | 9.24645 | 0 
0.0519531 -1.83086 0 1 | 9.02053 | 0 
0.157422 -1.75273 0 1 | 17.4332 | 0 
-0.00273438 -1.7332 0 1 | 14.0614 | 0 
-0.0730469 -1.81914 0 1 | 10.1431 | 0 
-0.155078 -1.7918 0 1 | 15.0242 | 0 
-0.194141 -1.87773 0 1 | 12.9364 | 0 
-0.119922 -1.90508 0 1 | 8.07959 | 0 
-0.0457031 -1.86992 0 1 | 7.06879 | 0 
0.0480469 -1.8543 0 1 | 7.80135 | 0 
0.00898437 -1.9207 0 1 | 4.92335 | 0 
-0.00273438 -1.95586 0 1 | 4.21151 | 0 
0.0363281 -2.03789 0 1 | 4.69825 | 0 
-0.0417969 -2.01445 0 1 | 4.44634 | 0 
-0.0652344 -2.02617 0 1 | 5.07534 | 0 
-0.0496094 -1.97539 0 1 | 4.50832 | 0 
-0.131641 -2.00664 0 1 | 7.28518 | 0 
-0.194141 -1.99492 0 1 | 10.5869 | 0 
-0.119922 -2.01836 0 1 | 6.86407 | 0 
-0.139453 -2.08477 0 1 | 9.35261 | 0 
-0.143359 -2.19023 0 1 | 14.9424 | 0 
-0.0574219 -2.1668 0 1 | 10.3517 | 0 
0.0207031 -2.10039 0 1 | 6.42334 | 0 
0.0128906 -2.17461 0 1 | 10.2026 | 0 
0.0871094 -2.15117 0 1 | 10.2803 | 0 
0.161328 -2.08086 0 1 | 10.334 | 0 
0.0558594 -2.09648 0 1 | 6.79246 | 0 
0.0714844 -2.02227 0 1 | 5.1867 | 0 
0.0988281 -1.9832 0 1 | 5.86777 | 0 
0.157422 -1.99883 0 1 | 8.52854 | 0 
0.180859 -2.00664 0 1 | 9.86165 | 0 
0.258984 -2.02227 0 1 | 14.821 | 0 
0.356641 -2.14336 0 1 | 24.7237 | 0 
0.473828 -2.01445 0 1 | 24.1913 | 0 
0.333203 -1.89727 0 1 | 20.7181 | 0 
0.462109 -1.7918 0 1 | 30.5484 | 0 
0.575391 -1.91289 0 1 | 24.3524 | 0 
0.727734 -1.78008 0 1 | 23.2166 | 0 
0.758984 -1.88555 0 1 | 16.0458 | 0 
0.758984 -1.95586 0 1 | 14.2219 | 0 
0.645703 -1.95586 0 1 | 20.7211 | 0 
0.645703 -2.08867 0 1 | 22.3884 | 0 
0.801953 -2.19805 0 1 | 19.0637 | 0 
0.856641 -2.05742 0 1 | 9.40295 | 0 
0.864453 -1.96758 0 1 | 8.24062 | 0 
0.887891 -2.01836 0 1 | 7.31111 | 0 
0.950391 -2.06523 0 1 | 6.48113 | 0 
0.942578 -1.98711 0 1 | 5.51617 | 0 
1.01289 -1.98711 0 1 | 5.04262 | 0 
1.02852 -2.03008 0 1 | 5.51969 | 0 
1.02852 -2.08477 0 1 | 6.95176 | 0 
0.973828 -2.15898 0 1 | 10.3349 | 0 
1.09492 -2.19805 0 1 | 14.5526 | 0 
1.19258 -2.18242 0 1 | 18.5379 | 0 
1.19258 -2.07695 0 1 | 13.3546 | 0 
1.2668 -2.03398 0 1 | 17.0249 | 0 
1.18477 -1.99492 0 1 | 11.406 | 0 
1.13789 -2.05352 0 1 | 9.59843 | 0 
1.10664 -2.00664 0 1 | 7.42451 | 0 
1.07148 -1.88164 0 1 | 8.32312 | 0 
1.15742 -1.87773 0 1 | 12.1822 | 0 
1.24727 -1.85039 0 1 | 18.9126 | 0 
1.25898 -1.7293 0 1 | 26.4394 | 0 
1.07539 -1.81914 0 1 | 11.3605 | 0 
1.00508 -1.75664 0 1 | 13.6864 | 0 
0.938672 -1.80352 0 1 | 11.5701 | 0 
1.00117 -1.87383 0 1 | 7.49754 | 0 
1.0168 -1.94805 0 1 | 5.41497 | 0 
0.942578 -1.92852 0 1 | 6.24578 | 0 
0.880078 -1.8543 0 1 | 10.8283 | 0 
0.848828 -1.93633 0 1 | 9.44388 | 0 
0.817578 -1.76445 0 1 | 18.7577 | 0 
0.923047 -1.7293 0 1 | 16.2885 | 0 
0.880078 -1.58477 0 1 | 24.6104 | 0 
1.02461 -1.63555 0 1 | 20.4339 | 0 
0.856641 -1.55352 0 1 | 26.3795 | 0 
0.919141 -1.35039 0 1 | 19.8316 | 0 
0.864453 -1.21758 0 1 | 13.6219 | 0 
0.954297 -1.31914 0 1 | 17.2717 | 0 
1.0168 -1.2332 0 1 | 11.5594 | 0 
0.969922 -1.39727 0 1 | 21.0616 | 0 
1.17305 -1.36211 0 1 | 25.0608 | 0 
1.13008 -1.20586 0 1 | 13.1538 | 0 
1.22383 -1.4207 0 1 | 30.6659 | 0 
1.13789 -1.53398 0 1 | 26.9475 | 0 
1.30195 -1.69805 0 1 | 30.9942 | 0 
1.3293 -1.45977 0 1 | 38.3614 | 0 
1.5793 -1.43633 0 1 | 42.5543 | 0 
1.75898 -1.48711 0 1 | 34.711 | 0 
1.79805 -1.70195 0 1 | 26.1321 | 0 
1.55195 -1.70195 0 1 | 37.7529 | 0 
1.54805 -1.95195 0 1 | 26.2091 | 0 
1.39961 -2.06914 0 1 | 25.2473 | 0 
1.55195 -2.19805 0 1 | 33.5077 | 0 
1.67695 -2.07305 0 1 | 22.5773 | 0 
1.79805 -2.07695 0 1 | 15.7223 | 0 
1.73555 -2.13945 0 1 | 22.0981 | 0 
-2.19805 -2.19805 1 1 | | 0 
-2.13555 -2.19805 1 1 | 19.603 | 0 
-2.13555 -2.13555 1 1 | 15.9515 | 0 
-2.19805 -2.07305 1 1 | 16.9622 | 0 
-2.07305 -2.07305 1 1 | 10.6698 | 0 
-2.01445 -1.99883 1 1 | 8.09981 | 0 
-1.95586 -2.06523 1 1 | 9.30603 | 0 
-2.02617 -2.1082 1 1 | 10.9132 | 0 
-1.94805 -2.19805 1 1 | 15.9527 | 0 
-1.81523 -2.19805 1 1 | 20.9398 | 0 
-1.80352 -2.06133 1 1 | 14.9405 | 0 
-1.84648 -1.96758 1 1 | 11.7949 | 0 
-1.91289 -2.01445 1 1 | 9.22418 | 0 
-1.94805 -1.94805 1 1 | 8.65092 | 0 
-1.89336 -1.82695 1 1 | 14.4407 | 0 
-1.87383 -1.89727 1 1 | 12.109 | 0 
-1.78789 -1.83867 1 1 | 18.9363 | 0 
-1.74492 -1.70195 1 1 | 29.2386 | 0 
-1.90508 -1.81133 1 1 | 14.883 | 0 
-2.06914 -1.81914 1 1 | 14.3156 | 0 
-1.96758 -1.87773 1 1 | 10.4175 | 0 
-2.04961 -1.91289 1 1 | 9.80773 | 0 
-2.09258 -1.87383 1 1 | 12.5209 | 0 
-2.17461 -1.90508 1 1 | 15.5279 | 0 
-2.19805 -1.69805 1 1 | 27.7198 | 0 
-2.19023 -1.45977 1 1 | 32.9477 | 0 
-2.06133 -1.31523 1 1 | 20.7022 | 0 
-1.9793 -1.44414 1 1 | 25.483 | 0 
-1.72148 -1.43242 1 1 | 35.9145 | 0 
-1.69805 -1.69805 1 1 | 32.185 | 0 
-1.68633 -1.4207 1 1 | 37.5461 | 0 
-1.40508 -1.40117 1 1 | 40.3493 | 0 
-1.22148 -1.53008 1 1 | 31.878 | 0 
-1.40898 -1.59648 1 1 | 41.1659 | 0 
-1.26836 -1.71758 1 1 | 27.7379 | 0 
-1.45977 -1.74883 1 1 | 34.9501 | 0 
-1.4793 -1.99102 1 1 | 26.0889 | 0 
-1.62773 -2.12383 1 1 | 26.9908 | 0 
-1.4207 -2.16289 1 1 | 30.2817 | 0 
-1.28008 -2.0457 1 1 | 18.1166 | 0 
-1.20977 -2.09258 1 1 | 14.9909 | 0 
-1.19805 -2.19805 1 1 | 19.8584 | 0 
-1.0418 -2.14336 1 1 | 9.817 | 0 
-0.971484 -2.09648 1 1 | 7.28608 | 0 
-1.03789 -2.1082 1 1 | 8.03219 | 0 
-1.04961 -2.02227 1 1 | 5.77582 | 0 
-0.955859 -2.0457 1 1 | 5.89519 | 0 
-0.951953 -1.98711 1 1 | 5.34483 | 0 
-1.03008 -2.01055 1 1 | 5.30836 | 0 
-1.13164 -1.9793 1 1 | 8.51775 | 0 
-1.15508 -2.05352 1 1 | 10.4994 | 0 
-1.15898 -1.91289 1 1 | 11.0562 | 0 
-1.15898 -1.81523 1 1 | 15.2463 | 0 
-1.06133 -1.81523 1 1 | 11.1748 | 0 
-1.0418 -1.74883 1 1 | 14.5652 | 0 
-0.979297 -1.82305 1 1 | 9.94179 | 0 
-1.07305 -1.8582 1 1 | 9.3574 | 0 
-0.998828 -1.90117 1 1 | 6.48415 | 0 
-0.924609 -1.93242 1 1 | 6.58325 | 0 
-0.916797 -1.94414 1 1 | 6.57048 | 0 
-0.830859 -1.83867 1 1 | 13.9236 | 0 
-0.830859 -1.70977 1 1 | 21.255 | 0 
-0.717578 -1.72148 1 1 | 27.2886 | 0 
-0.787891 -1.90117 1 1 | 13.7487 | 0 
-0.748828 -1.95586 1 1 | 14.8469 | 0 
-0.787891 -2.06133 1 1 | 13.2498 | 0 
-0.862109 -1.98711 1 1 | 8.25382 | 0 
-0.928516 -1.96758 1 1 | 5.93712 | 0 
-0.944141 -2.03008 1 1 | 5.80529 | 0 
-0.826953 -2.1043 1 1 | 12.5395 | 0 
-0.912891 -2.15117 1 1 | 11.1086 | 0 
-0.701953 -2.1043 1 1 | 19.9705 | 0 
-0.592578 -1.97539 1 1 | 22.733 | 0 
-0.541797 -2.19414 1 1 | 31.3318 | 0 
-0.248828 -2.10039 1 1 | 16.3292 | 0 
-0.237109 -1.95195 1 1 | 13.5145 | 0 
-0.428516 -2.03789 1 1 | 23.6319 | 0 
-0.260547 -1.82695 1 1 | 19.4239 | 0 
-0.393359 -1.75664 1 1 | 30.6663 | 0 
-0.678516 -1.69023 1 1 | 31.3318 | 0 
-0.412891 -1.64727 1 1 | 37.4441 | 0 
-0.428516 -1.33086 1 1 | 35.8328 | 0 
-0.526172 -1.2918 1 1 | 34.4118 | 0 
-0.651172 -1.44805 1 1 | 37.8159 | 0 
-0.764453 -1.29961 1 1 | 24.4383 | 0 
-0.897266 -1.38555 1 1 | 22.2656 | 0 
-0.780078 -1.4832 1 1 | 30.8791 | 0 
-0.881641 -1.67461 1 1 | 20.7885 | 0 
-1.05352 -1.47539 1 1 | 23.7324 | 0 
-1.09258 -1.64727 1 1 | 21.5728 | 0 
-1.1707 -1.4168 1 1 | 27.2684 | 0 
-1.02227 -1.27227 1 1 | 14.1608 | 0 
-1.11602 -1.20195 1 1 | 12.2632 | 0 
-1.19805 -1.19805 1 1 | 16.4623 | 0 
-1.1082 -1.08477 1 1 | 6.01832 | 0 
-1.1082 -1.16289 1 1 | 9.60478 | 0 
-1.0418 -1.15898 1 1 | 7.36441 | 0 
-0.971484 -1.15898 1 1 | 7.04007 | 0 
-0.979297 -1.11211 1 1 | 4.66532 | 0 
-1.0418 -1.12773 1 1 | 5.75644 | 0 
-1.06523 -1.01445 1 1 | 3.03836 | 0 
-1.03789 -1.05352 1 1 | 3.03418 | 0 
-0.955859 -1.06914 1 1 | 3.37274 | 0 
-0.987109 -1.0418 1 1 | 2.44037 | 0 
-0.959766 -1.01055 1 1 | 2.28715 | 0 
-0.987109 -0.967578 1 1 | 2.15515 | 0 
-1.01445 -0.991016 1 1 | 2.07336 | 0 
-1.06133 -0.971484 1 1 | 2.96856 | 0 
-1.13555 -0.955859 1 1 | 6.00297 | 0 
-1.08867 -1.06914 1 1 | 4.77444 | 0 
-1.15508 -1.06523 1 1 | 7.68547 | 0 
-1.17852 -0.916797 1 1 | 9.22808 | 0 
-1.08867 -0.920703 1 1 | 4.76594 | 0 
-1.07695 -0.873828 1 1 | 6.05591 | 0 
-1.16289 -0.811328 1 1 | 13.0528 | 0 
-1.12773 -0.737109 1 1 | 15.6806 | 0 
-1.06914 -0.807422 1 1 | 9.19871 | 0 
-1.03008 -0.756641 1 1 | 11.3995 | 0 
-0.971484 -0.811328 1 1 | 8.00841 | 0 
-1.00273 -0.862109 1 1 | 5.27939 | 0 
-1.06133 -0.877734 1 1 | 5.44361 | 0 
-1.0457 -0.932422 1 1 | 3.26538 | 0 
-1.02617 -0.940234 1 1 | 2.7738 | 0 
-0.991016 -0.893359 1 1 | 3.96318 | 0 
-0.936328 -0.920703 1 1 | 3.73477 | 0 
-0.889453 -0.936328 1 1 | 4.77929 | 0 
-0.842578 -0.838672 1 1 | 10.6364 | 0 
-0.838672 -0.721484 1 1 | 17.7234 | 0 
-0.709766 -0.713672 1 1 | 25.782 | 0 
-0.815234 -0.889453 1 1 | 9.79256 | 0 
-0.756641 -0.975391 1 1 | 11.2311 | 0 
-0.787891 -1.04961 1 1 | 9.85102 | 0 
-0.780078 -0.979297 1 1 | 9.7784 | 0 
-0.858203 -0.998828 1 1 | 5.4526 | 0 
-0.889453 -0.959766 1 1 | 4.35193 | 0 
-0.924609 -0.991016 1 1 | 2.95905 | 0 
-0.889453 -1.01445 1 1 | 4.18326 | 0 
-0.924609 -1.03008 1 1 | 3.20012 | 0 
-0.901172 -1.05352 1 1 | 4.35379 | 0 
-0.885547 -1.03008 1 1 | 4.50451 | 0 
-0.830859 -1.13555 1 1 | 10.5327 | 0 
-0.920703 -1.15117 1 1 | 7.5755 | 0 
-0.764453 -1.17852 1 1 | 16.7294 | 0 
-0.709766 -1.1082 1 1 | 16.4614 | 0 
-0.576953 -1.08086 1 1 | 21.6229 | 0 
-0.600391 -0.967578 1 1 | 19.5842 | 0 
-0.549609 -1.18633 1 1 | 27.3378 | 0 
-0.354297 -1.1668 1 1 | 22.5931 | 0 
-0.237109 -1.1043 1 1 | 12.5431 | 0 
-0.272266 -1.05742 1 1 | 13.2355 | 0 
-0.217578 -0.955859 1 1 | 9.32508 | 0 
-0.440234 -1.03789 1 1 | 20.8613 | 0 
-0.346484 -0.881641 1 1 | 19.2402 | 0 
-0.252734 -0.838672 1 1 | 15.6564 | 0 
-0.408984 -0.760547 1 1 | 28.4974 | 0 
-0.518359 -0.834766 1 1 | 25.8263 | 0 
-0.694141 -0.701953 1 1 | 27.3909 | 0 
-0.420703 -0.674609 1 1 | 33.9831 | 0 
-0.412891 -0.397266 1 1 | 36.8605 | 0 
-0.565234 -0.201953 1 1 | 26.5637 | 0 
-0.596484 -0.436328 1 1 | 37.9796 | 0 
-0.725391 -0.311328 1 1 | 25.9269 | 0 
-0.944141 -0.350391 1 1 | 17.5265 | 0 
-0.815234 -0.467578 1 1 | 26.6965 | 0 
-0.838672 -0.686328 1 1 | 19.7865 | 0 
-1.04961 -0.455859 1 1 | 21.4142 | 0 
-1.08086 -0.631641 1 1 | 19.6053 | 0 
-1.17461 -0.389453 1 1 | 24.6578 | 0 
-1.03789 -0.428516 1 1 | 20.5561 | 0 
-1.03008 -0.291797 1 1 | 13.9253 | 0 
-0.955859 -0.241016 1 1 | 10.7947 | 0 
-1.10039 -0.201953 1 1 | 10.2077 | 0 
-1.18633 -0.213672 1 1 | 15.3005 | 0 
-1.30742 -0.420703 1 1 | 34.2058 | 0 
-1.34258 -0.268359 1 1 | 28.5249 | 0 
-1.51836 -0.385547 1 1 | 39.9164 | 0 
-1.50273 -0.616016 1 1 | 40.1 | 0 
-1.27227 -0.647266 1 1 | 29.453 | 0 
-1.40508 -0.811328 1 1 | 27.1524 | 0 
-1.20586 -0.838672 1 1 | 14.1368 | 0 
-1.31523 -1.0457 1 1 | 17.2228 | 0 
-1.32305 -1.17461 1 1 | 23.0036 | 0 
-1.37383 -0.963672 1 1 | 20.0993 | 0 
-1.56133 -1.1082 1 1 | 25.161 | 0 
-1.63945 -0.979297 1 1 | 20.137 | 0 
-1.5418 -0.877734 1 1 | 25.6182 | 0 
-1.69023 -0.717578 1 1 | 29.0674 | 0 
-1.92461 -0.741016 1 1 | 15.9235 | 0 
-1.83086 -0.807422 1 1 | 15.614 | 0 
-1.90117 -0.858203 1 1 | 9.93589 | 0 
-1.74492 -0.834766 1 1 | 18.9879 | 0 
-1.76836 -1.06523 1 1 | 13.9441 | 0 
-1.78008 -1.1707 1 1 | 17.8868 | 0 
-1.88555 -1.14727 1 1 | 11.3367 | 0 
-1.90508 -1.08086 1 1 | 7.79209 | 0 
-1.82695 -1.0457 1 1 | 10.1968 | 0 
-1.91289 -0.959766 1 1 | 6.36394 | 0 
-1.92461 -0.963672 1 1 | 5.99826 | 0 
-2.00664 -0.998828 1 1 | 5.03824 | 0 
-2.07305 -0.983203 1 1 | 6.35975 | 0 
-2.04961 -1.03789 1 1 | 6.04705 | 0 
-1.99102 -1.01445 1 1 | 5.05539 | 0 
-1.99102 -1.07695 1 1 | 6.29122 | 0 
-2.03008 -1.15898 1 1 | 10.2355 | 0 
-2.06133 -1.08867 1 1 | 7.68486 | 0 
-2.12383 -1.16289 1 1 | 13.541 | 0 
-2.15898 -1.08086 1 1 | 11.6855 | 0 
-2.08086 -1.0418 1 1 | 7.02625 | 0 
-2.15508 -0.994922 1 1 | 10.0275 | 0 
-2.1668 -0.830859 1 1 | 15.5326 | 0 
-2.11602 -0.944141 1 1 | 8.52479 | 0 
-2.01836 -0.920703 1 1 | 6.20866 | 0 
-1.9832 -0.897266 1 1 | 6.81082 | 0 
-2.06133 -0.826953 1 1 | 11.0223 | 0 
-2.11211 -0.713672 1 1 | 19.6182 | 0 
-2.13555 -0.686328 1 1 | 22.3441 | 0 
-2.06914 -0.522266 1 1 | 25.3903 | 0 
-1.92461 -0.658984 1 1 | 20.6565 | 0 
-1.76445 -0.530078 1 1 | 32.3144 | 0 
-1.88945 -0.405078 1 1 | 24.3295 | 0 
-1.77617 -0.280078 1 1 | 23.4798 | 0 
-1.86602 -0.256641 1 1 | 17.3091 | 0 
-1.96367 -0.248828 1 1 | 14.1087 | 0 
-1.96758 -0.354297 1 1 | 20.3028 | 0 
-2.09258 -0.354297 1 1 | 22.2481 | 0 
-2.19805 -0.198047 1 1 | 18.4623 | 0 
-2.09648 -0.104297 1 1 | 8.26455 | 0 
-2.12383 -0.178516 1 1 | 13.0826 | 0 
-2.02227 -0.162891 1 1 | 9.01475 | 0 
-1.9793 -0.143359 1 1 | 7.81746 | 0 
-1.96758 -0.0808594 1 1 | 5.35275 | 0 
-2.06523 -0.131641 1 1 | 8.34587 | 0 
-2.03008 -0.0144531 1 1 | 4.34568 | 0 
-1.99883 -0.0496094 1 1 | 4.48493 | 0 
-1.95977 -0.0339844 1 1 | 4.39179 | 0 
-2.00273 0.00507812 1 1 | 4.02254 | 0 
-1.96367 0.0363281 1 1 | 4.38108 | 0 
-2.03008 0.0285156 1 1 | 4.46516 | 0 
-2.06133 -0.00273438 1 1 | 4.98883 | 0 
-2.12383 -0.0105469 1 1 | 7.41477 | 0 
-2.19023 -0.0339844 1 1 | 11.3628 | 0 
-2.16289 0.0558594 1 1 | 10.0918 | 0 
-2.15898 0.223828 1 1 | 17.6672 | 0 
-2.03008 0.219922 1 1 | 12.474 | 0 
-1.9793 0.274609 1 1 | 15.6226 | 0 
-1.96367 0.114453 1 1 | 6.60969 | 0 
-2.0418 0.173047 1 1 | 9.89784 | 0 
-2.03008 0.0910156 1 1 | 5.90363 | 0 
-2.00664 0.0636719 1 1 | 4.834 | 0 
-1.97539 0.0558594 1 1 | 4.63922 | 0 
-1.84258 0.0949219 1 1 | 9.64121 | 0 
-1.88945 0.137891 1 1 | 9.43506 | 0 
-1.9207 0.247266 1 1 | 14.7992 | 0 
-1.83477 0.219922 1 1 | 16.4634 | 0 
-1.71758 0.239453 1 1 | 24.3733 | 0 
-1.81523 0.0714844 1 1 | 10.312 | 0 
-1.73711 0.00117187 1 1 | 13.8319 | 0 
-1.79961 -0.0417969 1 1 | 10.5214 | 0 
-1.86992 0.0480469 1 1 | 7.11425 | 0 
-1.89727 -0.00664063 1 1 | 5.62537 | 0 
-1.88164 -0.0730469 1 1 | 7.22594 | 0 
-1.82695 -0.0691406 1 1 | 9.62751 | 0 
-1.88164 -0.0847656 1 1 | 7.57799 | 0 
-1.8582 -0.194141 1 1 | 13.7706 | 0 
-1.70977 -0.178516 1 1 | 21.1193 | 0 
-1.55742 -0.0535156 1 1 | 22.3496 | 0 
-1.4168 -0.174609 1 1 | 26.1454 | 0 
-1.28789 -0.198047 1 1 | 20.8546 | 0 
-1.27617 -0.0457031 1 1 | 13.6822 | 0 
-1.34648 -0.00664063 1 1 | 17.5245 | 0 
-1.43242 0.122266 1 1 | 23.9923 | 0 
-1.2332 0.227734 1 1 | 19.1298 | 0 
-1.56523 0.204297 1 1 | 28.8361 | 0 
-1.67852 0.481641 1 1 | 37.3299 | 0 
-1.31133 0.380078 1 1 | 32.9208 | 0 
-1.44805 0.594922 1 1 | 40.2013 | 0 
-1.24883 0.719922 1 1 | 23.8879 | 0 
-1.51445 0.692578 1 1 | 36.2672 | 0 
-1.6707 0.704297 1 1 | 30.9034 | 0 
-1.70586 0.684766 1 1 | 30.1069 | 0 
-1.93633 0.774609 1 1 | 13.6039 | 0 
-1.9207 0.641797 1 1 | 21.6086 | 0 
-1.70586 0.657422 1 1 | 31.5795 | 0 
-1.84648 0.497266 1 1 | 27.9626 | 0 
-2.02227 0.352734 1 1 | 20.3327 | 0 
-2.11602 0.481641 1 1 | 27.1893 | 0 
-2.0418 0.571484 1 1 | 23.8516 | 0 
-2.02617 0.762891 1 1 | 14.0182 | 0 
-2.15117 0.692578 1 1 | 22.8242 | 0 
-2.09648 0.801953 1 1 | 13.6187 | 0 
-2.15898 0.930859 1 1 | 11.0495 | 0 
-2.14336 1.0168 1 1 | 9.47831 | 0 
-2.1043 0.962109 1 1 | 7.71223 | 0 
-2.08477 0.934766 1 1 | 7.43844 | 0 
-2.0418 0.985547 1 1 | 5.52931 | 0 
-2.03008 1.02461 1 1 | 5.4734 | 0 
-2.01055 1.02852 1 1 | 5.28717 | 0 
-1.95195 0.958203 1 1 | 5.52837 | 0 
-1.96758 0.946484 1 1 | 5.53898 | 0 
-1.99883 0.868359 1 1 | 7.98467 | 0 
-2.05742 0.895703 1 1 | 7.75554 | 0 
-2.01445 0.801953 1 1 | 11.5407 | 0 
-1.89336 0.841016 1 1 | 11.0471 | 0 
-1.82695 0.805859 1 1 | 15.9051 | 0 
-1.77617 0.887891 1 1 | 14.6911 | 0 
-1.72148 1.02461 1 1 | 15.9198 | 0 
-1.87383 0.958203 1 1 | 7.75844 | 0 
-1.90117 0.989453 1 1 | 6.48719 | 0 
-1.92461 1.09102 1 1 | 7.59163 | 0 
-1.88555 1.16914 1 1 | 12.5386 | 0 
-1.84258 1.07148 1 1 | 10.0457 | 0 
-1.78789 1.1457 1 1 | 16.0618 | 0 
-1.72539 1.27852 1 1 | 27.9388 | 0 
-1.8582 1.22383 1 1 | 17.0318 | 0 
-2.06133 1.24727 1 1 | 16.3712 | 0 
-1.99102 1.21211 1 1 | 13.096 | 0 
-1.95586 1.10273 1 1 | 7.44055 | 0 
-2.05352 1.05977 1 1 | 6.60186 | 0 
-2.13555 1.16133 1 1 | 14.0393 | 0 
-2.17852 1.2043 1 1 | 19.027 | 0 
-2.14336 1.31367 1 1 | 24.0093 | 0 
-2.03789 1.35273 1 1 | 22.2859 | 0 
-2.07695 1.46602 1 1 | 27.3871 | 0 
-2.16289 1.75508 1 1 | 22.2403 | 0 
-2.04961 1.59102 1 1 | 25.628 | 0 
-1.88555 1.7043 1 1 | 21.7734 | 0 
-1.7293 1.47383 1 1 | 36.3299 | 0 
-1.55352 1.33711 1 1 | 38.8503 | 0 
-1.58867 1.7668 1 1 | 33.0847 | 0 
-1.46367 1.57539 1 1 | 43.2687 | 0 
-1.2918 1.72383 1 1 | 28.8784 | 0 
-1.41289 1.35273 1 1 | 38.3863 | 0 
-1.39727 1.16523 1 1 | 26.2254 | 0 
-1.56914 1.21602 1 1 | 30.8979 | 0 
-1.65117 1.1418 1 1 | 23.5663 | 0 
-1.45586 0.985547 1 1 | 22.7549 | 0 
-1.59648 0.915234 1 1 | 22.9945 | 0 
-1.47539 0.864453 1 1 | 26.2224 | 0 
-1.39727 1.02852 1 1 | 21.1633 | 0 
-1.31523 0.993359 1 1 | 16.7153 | 0 
-1.21758 0.923047 1 1 | 11.4628 | 0 
-1.27617 0.809766 1 1 | 20.2588 | 0 
-1.11992 0.833203 1 1 | 9.66749 | 0 
-1.19023 0.887891 1 1 | 10.9225 | 0 
-1.16289 1.04023 1 1 | 7.5532 | 0 
-1.11602 1.0207 1 1 | 4.91806 | 0 
-1.12383 0.973828 1 1 | 5.22829 | 0 
-1.04961 0.926953 1 1 | 3.4827 | 0 
-1.01445 0.981641 1 1 | 2.1054 | 0 
-1.04961 0.989453 1 1 | 2.58953 | 0 
-1.03789 1.0207 1 1 | 2.4906 | 0 
-1.02617 0.993359 1 1 | 2.1884 | 0 
-0.991016 1.04023 1 1 | 2.40297 | 0 
-0.967578 1.01289 1 1 | 2.20671 | 0 
-0.983203 0.985547 1 1 | 2.03984 | 0 
-0.998828 0.926953 1 1 | 2.89706 | 0 
-0.967578 0.911328 1 1 | 3.49081 | 0 
-0.983203 0.864453 1 1 | 5.1873 | 0 
-1.0457 0.903516 1 1 | 4.10629 | 0 
-1.06914 0.837109 1 1 | 7.57364 | 0 
-0.908984 0.801953 1 1 | 9.85882 | 0 
-0.862109 0.868359 1 1 | 8.25652 | 0 
-0.838672 0.821484 1 1 | 11.7536 | 0 
-0.713672 0.860547 1 1 | 17.117 | 0 
-0.783984 0.891797 1 1 | 11.5192 | 0 
-0.729297 0.934766 1 1 | 13.5361 | 0 
-0.776172 1.04023 1 1 | 10.3703 | 0 
-0.846484 0.997266 1 1 | 6.01982 | 0 
-0.866016 0.930859 1 1 | 5.8895 | 0 
-0.905078 0.926953 1 1 | 4.44474 | 0 
-0.924609 1.00508 1 1 | 2.97628 | 0 
-0.897266 1.02461 1 1 | 3.99122 | 0 
-0.936328 1.03633 1 1 | 3.00469 | 0 
-0.908984 1.09883 1 1 | 5.49653 | 0 
-0.905078 1.17305 1 1 | 9.27774 | 0 
-0.877734 1.11055 1 1 | 7.13404 | 0 
-0.756641 1.0793 1 1 | 12.541 | 0 
-0.772266 1.2082 1 1 | 18.0706 | 0 
-0.866016 1.2707 1 1 | 17.006 | 0 
-0.951953 1.28242 1 1 | 15.0311 | 0 
-1.01836 1.21992 1 1 | 10.7181 | 0 
-0.963672 1.19648 1 1 | 9.32513 | 0 
-0.971484 1.11836 1 1 | 4.99973 | 0 
-0.963672 1.09492 1 1 | 4.11833 | 0 
-0.994922 1.06367 1 1 | 2.92099 | 0 
-1.02617 1.11055 1 1 | 4.74306 | 0 
-1.0418 1.0793 1 1 | 3.81382 | 0 
-1.01836 1.13398 1 1 | 5.73359 | 0 
-1.11211 1.16523 1 1 | 9.90185 | 0 
-1.10039 1.09102 1 1 | 5.92154 | 0 
-1.19023 1.12227 1 1 | 11.8221 | 0 
-1.1043 1.29023 1 1 | 17.4618 | 0 
-1.08086 1.38398 1 1 | 21.8105 | 0 
-1.0418 1.54805 1 1 | 23.3774 | 0 
-1.14336 1.63398 1 1 | 24.4328 | 0 
-1.12773 1.7082 1 1 | 19.8423 | 0 
-0.979297 1.73164 1 1 | 15.1981 | 0 
-0.967578 1.59492 1 1 | 21.9653 | 0 
-0.920703 1.66914 1 1 | 19.7192 | 0 
-0.787891 1.64961 1 1 | 26.8864 | 0 
-0.916797 1.43477 1 1 | 23.4114 | 0 
-0.647266 1.36055 1 1 | 34.6917 | 0 
-0.639453 1.6457 1 1 | 35.617 | 0 
-0.491016 1.63008 1 1 | 39.7292 | 0 
-0.393359 1.78633 1 1 | 28.9259 | 0 
-0.393359 1.4582 1 1 | 39.7812 | 0 
-0.201953 1.34883 1 1 | 24.71 | 0 
-0.225391 1.08711 1 1 | 11.1583 | 0 
-0.326953 1.16523 1 1 | 21.0408 | 0 
-0.416797 1.13398 1 1 | 23.4681 | 0 
-0.530078 1.24336 1 1 | 31.2368 | 0 
-0.639453 1.05195 1 1 | 18.4493 | 0 
-0.533984 0.934766 1 1 | 21.7651 | 0 
-0.651172 0.883984 1 1 | 19.5698 | 0 
-0.330859 0.817578 1 1 | 21.5281 | 0 
-0.420703 1.01289 1 1 | 20.025 | 0 
-0.283984 0.985547 1 1 | 13.2173 | 0 
-0.229297 0.895703 1 1 | 11.6342 | 0 
-0.209766 0.852734 1 1 | 12.259 | 0 
-0.436328 0.766797 1 1 | 28.9403 | 0 
-0.291797 0.602734 1 1 | 31.0375 | 0 
-0.393359 0.481641 1 1 | 38.1632 | 0 
-0.616016 0.454297 1 1 | 37.6401 | 0 
-0.600391 0.704297 1 1 | 31.7695 | 0 
-0.815234 0.563672 1 1 | 26.2127 | 0 
-0.928516 0.591016 1 1 | 20.6172 | 0 
-0.850391 0.782422 1 1 | 13.4196 | 0 
-1.0418 0.696484 1 1 | 15.2178 | 0 
-1.19414 0.700391 1 1 | 21.5502 | 0 
-1.18633 0.551953 1 1 | 27.2942 | 0 
-0.959766 0.645703 1 1 | 17.755 | 0 
-1.14336 0.450391 1 1 | 24.823 | 0 
-0.951953 0.341016 1 1 | 16.8918 | 0 
-0.850391 0.481641 1 1 | 24.996 | 0 
-0.713672 0.321484 1 1 | 27.2225 | 0 
-0.737109 0.102734 1 1 | 13.3799 | 0 
-0.846484 0.145703 1 1 | 8.95094 | 0 
-0.854297 0.0832031 1 1 | 5.9833 | 0 
-0.905078 0.102734 1 1 | 4.57316 | 0 
-0.940234 0.141797 1 1 | 5.31913 | 0 
-0.932422 0.184766 1 1 | 7.81155 | 0 
-0.842578 0.286328 1 1 | 17.5654 | 0 
-1.02617 0.282422 1 1 | 13.2958 | 0 
-1.18242 0.258984 1 1 | 17.9148 | 0 
-1.11992 0.219922 1 1 | 12.1359 | 0 
-1.19023 0.169141 1 1 | 12.9179 | 0 
-1.13164 0.0636719 1 1 | 5.30933 | 0 
-1.09258 0.0753906 1 1 | 3.95014 | 0 
-1.04961 0.0636719 1 1 | 2.38225 | 0 
-1.01836 0.0832031 1 1 | 2.4511 | 0 
-1.06523 0.173047 1 1 | 7.34908 | 0 
-0.994922 0.130078 1 1 | 4.17499 | 0 
-0.975391 0.118359 1 1 | 3.72984 | 0 
-0.994922 0.0988281 1 1 | 2.8765 | 0 
-1.01055 0.0558594 1 1 | 1.66089 | 0 
-0.963672 0.0363281 1 1 | 1.45373 | 0 
-0.967578 0.0480469 1 1 | 1.60252 | 0 
-1.01055 0.0207031 1 1 | 1.13307 | 0 
-1.01055 0.00507812 1 1 | 1.05327 | 0 
-0.967578 0.00117187 1 1 | 1.14826 | 0 
-0.963672 -0.0105469 1 1 | 1.2151 | 0 
-0.975391 -0.0417969 1 1 | 1.4203 | 0 
-0.967578 -0.0652344 1 1 | 1.98055 | 0 
-0.994922 -0.0652344 1 1 | 1.83253 | 0 
-0.987109 -0.0417969 1 1 | 1.35678 | 0 
-1.02617 -0.0183594 1 1 | 1.25973 | 0 
-1.02227 -0.0457031 1 1 | 1.5593 | 0 
-1.03789 -0.0496094 1 1 | 1.84862 | 0 
-1.05742 -0.0183594 1 1 | 1.83376 | 0 
-1.05352 0.0128906 1 1 | 1.70785 | 0 
-1.02617 0.00507812 1 1 | 1.19805 | 0 
-1.01836 0.0285156 1 1 | 1.26941 | 0 
-1.04961 0.0324219 1 1 | 1.79639 | 0 
-1.08086 0.0167969 1 1 | 2.49225 | 0 
-1.12773 0.0167969 1 1 | 4.38416 | 0 
-1.18633 0.00117187 1 1 | 7.51789 | 0 
-1.17852 -0.0457031 1 1 | 7.46347 | 0 
-1.11602 -0.0417969 1 1 | 4.13634 | 0 
-1.09648 -0.135547 1 1 | 6.42032 | 0 
-1.17852 -0.143359 1 1 | 10.8623 | 0 
-1.05352 -0.190234 1 1 | 8.04354 | 0 
-1.06133 -0.119922 1 1 | 4.58603 | 0 
-1.01445 -0.0808594 1 1 | 2.34493 | 0 
-0.994922 -0.116016 1 1 | 3.55466 | 0 
-0.955859 -0.147266 1 1 | 5.30652 | 0 
-0.936328 -0.190234 1 1 | 8.03998 | 0 
-0.869922 -0.178516 1 1 | 9.60974 | 0 
-0.869922 -0.135547 1 1 | 7.35094 | 0 
-0.889453 -0.119922 1 1 | 5.83428 | 0 
-0.889453 -0.0652344 1 1 | 3.94551 | 0 
-0.940234 -0.0300781 1 1 | 1.76482 | 0 
-0.928516 0.00507812 1 1 | 1.86409 | 0 
-0.932422 0.0480469 1 1 | 2.21694 | 0 
-0.897266 0.0441406 1 1 | 3.20618 | 0 
-0.916797 -0.00664063 1 1 | 2.18992 | 0 
-0.862109 0.0285156 1 1 | 4.43333 | 0 
-0.826953 0.00117187 1 1 | 6.04022 | 0 
-0.862109 -0.0496094 1 1 | 4.75677 | 0 
-0.764453 -0.0144531 1 1 | 9.72393 | 0 
-0.721484 0.00507812 1 1 | 12.3128 | 0 
-0.764453 -0.0925781 1 1 | 11.3357 | 0 
-0.651172 -0.100391 1 1 | 18.1815 | 0 
-0.463672 -0.155078 1 1 | 24.3679 | 0 
-0.471484 -0.0300781 1 1 | 20.2462 | 0 
-0.584766 0.0636719 1 1 | 19.7555 | 0 
-0.557422 0.266797 1 1 | 30.7965 | 0 
-0.389453 0.0519531 1 1 | 18.3706 | 0 
-0.319141 0.216016 1 1 | 22.2433 | 0 
-0.264453 0.169141 1 1 | 16.1456 | 0 
-0.256641 0.00898437 1 1 | 10.504 | 0 
-0.334766 -0.0105469 1 1 | 15.2169 | 0 
-0.334766 -0.112109 1 1 | 17.5874 | 0 
-0.295703 -0.170703 1 1 | 18.1751 | 0 
-0.198047 -0.198047 1 1 | 13.6702 | 0 
-0.198047 -0.0964844 1 1 | 8.62886 | 0 
-0.135547 -0.0808594 1 1 | 4.70568 | 0 
-0.135547 -0.151172 1 1 | 7.6408 | 0 
-0.0535156 -0.151172 1 1 | 4.7726 | 0 
0.0441406 -0.198047 1 1 | 7.22166 | 0 
0.0207031 -0.123828 1 1 | 2.98231 | 0 
0.0207031 -0.0847656 1 1 | 1.48219 | 0 
0.00117187 -0.0847656 1 1 | 1.39755 | 0 
-0.0222656 -0.104297 1 1 | 2.18552 | 0 
-0.0652344 -0.135547 1 1 | 4.26864 | 0 
-0.0496094 -0.0613281 1 1 | 1.22638 | 0 
-0.0730469 -0.0144531 1 1 | 1.08664 | 0 
-0.0417969 -0.0300781 1 1 | 0.528563 | 0 
-0.0222656 -0.0574219 1 1 | 0.750318 | 0 
-0.00664063 -0.0730469 1 1 | 1.05398 | 0 
0.0128906 -0.0691406 1 1 | 0.9716 | 0 
0.0285156 -0.0574219 1 1 | 0.813015 | 0 
0.0324219 -0.0144531 1 1 | 0.254243 | 0 
-0.0105469 -0.0417969 1 1 | 0.37167 | 0 
0.00507812 0.0128906 1 1 | 0.0430641 | 0 
0.0246094 -0.0105469 1 1 | 0.146973 | 0 
0.0363281 -0.00273438 1 1 | 0.267179 | 0 
0.0441406 0.0246094 1 1 | 0.509 | 0 
0.0128906 0.0324219 1 1 | 0.245777 | 0 
-0.0261719 0.0402344 1 1 | 0.460048 | 0 
-0.0261719 0.0167969 1 1 | 0.196509 | 0 
-0.0417969 0.0167969 1 1 | 0.405531 | 0 
-0.0613281 0.0128906 1 1 | 0.774988 | 0 
-0.0613281 0.0480469 1 1 | 1.19658 | 0 
-0.100391 0.0207031 1 1 | 2.02427 | 0 
-0.123828 0.00898437 1 1 | 2.9134 | 0 
-0.100391 -0.0144531 1 1 | 1.98077 | 0 
-0.119922 -0.0574219 1 1 | 3.37346 | 0 
-0.135547 -0.0144531 1 1 | 3.47748 | 0 
-0.158984 -0.0535156 1 1 | 5.18111 | 0 
-0.143359 0.00507812 1 1 | 3.82047 | 0 
-0.194141 0.0714844 1 1 | 7.6015 | 0 
-0.127734 0.0636719 1 1 | 3.86646 | 0 
-0.119922 0.0949219 1 1 | 4.46178 | 0 
-0.108203 0.173047 1 1 | 7.62114 | 0 
-0.147266 0.208203 1 1 | 11.458 | 0 
-0.100391 0.282422 1 1 | 14.0422 | 0 
-0.00273438 0.286328 1 1 | 12.3513 | 0 
0.0324219 0.149609 1 1 | 4.33752 | 0 
-0.00273438 0.173047 1 1 | 5.38753 | 0 
-0.0535156 0.118359 1 1 | 3.22202 | 0 
-0.0261719 0.0910156 1 1 | 1.73996 | 0 
-0.0457031 0.0753906 1 1 | 1.52336 | 0 
-0.0535156 0.0636719 1 1 | 1.36156 | 0 
-0.0144531 0.0792969 1 1 | 1.26844 | 0 
-0.00664063 0.102734 1 1 | 2.03631 | 0 
0.0363281 0.0871094 1 1 | 1.73408 | 0 
0.0675781 0.0714844 1 1 | 1.8945 | 0 
0.0910156 0.0910156 1 1 | 3.20374 | 0 
0.0988281 0.0519531 1 1 | 2.41231 | 0 
0.161328 0.106641 1 1 | 6.91682 | 0 
0.153516 0.149609 1 1 | 8.45553 | 0 
0.0753906 0.180859 1 1 | 6.93562 | 0 
0.110547 0.243359 1 1 | 11.9761 | 0 
0.157422 0.180859 1 1 | 10.3593 | 0 
0.290234 0.200391 1 1 | 19.5637 | 0 
0.278516 0.0558594 1 1 | 12.4774 | 0 
0.251172 -0.0496094 1 1 | 10.6261 | 0 
0.216016 0.0128906 1 1 | 7.9655 | 0 
0.157422 -0.00664063 1 1 | 4.5442 | 0 
0.130078 0.0207031 1 1 | 3.26494 | 0 
0.0949219 0.0402344 1 1 | 2.05991 | 0 
0.0558594 0.0207031 1 1 | 0.702656 | 0 
0.0636719 0.00898437 1 1 | 0.814696 | 0 
0.0871094 0.00507812 1 1 | 1.4785 | 0 
0.0988281 -0.0183594 1 1 | 1.94834 | 0 
0.0949219 -0.0144531 1 1 | 1.78186 | 0 
0.0636719 -0.0378906 1 1 | 1.08218 | 0 
0.0597656 -0.0652344 1 1 | 1.53796 | 0 
0.0871094 -0.0457031 1 1 | 1.88496 | 0 
0.122266 -0.0535156 1 1 | 3.39132 | 0 
0.165234 -0.0261719 1 1 | 5.09016 | 0 
0.145703 -0.112109 1 1 | 6.32472 | 0 
0.0519531 -0.0886719 1 1 | 2.05594 | 0 
0.0832031 -0.131641 1 1 | 4.59495 | 0 
0.0949219 -0.151172 1 1 | 5.94517 | 0 
0.153516 -0.147266 1 1 | 8.33656 | 0 
0.192578 -0.131641 1 1 | 9.7593 | 0 
0.360547 -0.147266 1 1 | 20.5414 | 0 
0.434766 -0.0730469 1 1 | 20.4059 | 0 
0.489453 -0.166797 1 1 | 25.2575 | 0 
0.665234 -0.143359 1 1 | 19.3356 | 0 
0.766797 -0.108203 1 1 | 11.7747 | 0 
0.692578 -0.0691406 1 1 | 14.9485 | 0 
0.751172 -0.0222656 1 1 | 10.5938 | 0 
0.633984 -0.0339844 1 1 | 17.2961 | 0 
0.598828 0.137891 1 1 | 22.04 | 0 
0.778516 0.0871094 1 1 | 10.2974 | 0 
0.755078 0.188672 1 1 | 16.533 | 0 
0.645703 0.192578 1 1 | 23.023 | 0 
0.497266 0.106641 1 1 | 22.4242 | 0 
0.344922 0.462109 1 1 | 35.6722 | 0 
0.626172 0.329297 1 1 | 32.3031 | 0 
0.653516 0.673047 1 1 | 31.2317 | 0 
0.430859 0.762891 1 1 | 29.0347 | 0 
0.419141 0.583203 1 1 | 37.9221 | 0 
0.251172 0.758984 1 1 | 20.1536 | 0 
0.173047 0.676953 1 1 | 20.2745 | 0 
0.239453 0.563672 1 1 | 28.9282 | 0 
0.192578 0.380078 1 1 | 23.9494 | 0 
0.157422 0.528516 1 1 | 24.6547 | 0 
0.0167969 0.352734 1 1 | 16.2013 | 0 
-0.112109 0.325391 1 1 | 17.0652 | 0 
-0.119922 0.426953 1 1 | 21.8737 | 0 
-0.158984 0.649609 1 1 | 20.9379 | 0 
0.00507812 0.598828 1 1 | 18.5019 | 0 
0.00117187 0.751172 1 1 | 10.4959 | 0 
-0.151172 0.696484 1 1 | 17.9943 | 0 
-0.178516 0.852734 1 1 | 10.4061 | 0 
-0.131641 0.876172 1 1 | 6.8971 | 0 
-0.186328 0.883984 1 1 | 9.46763 | 0 
-0.182422 1.03633 1 1 | 7.25201 | 0 
-0.123828 1.00898 1 1 | 3.93137 | 0 
-0.104297 1.04414 1 1 | 3.5597 | 0 
-0.0886719 0.993359 1 1 | 2.52063 | 0 
-0.127734 0.930859 1 1 | 4.86814 | 0 
-0.0730469 0.934766 1 1 | 2.74733 | 0 
-0.0144531 0.946484 1 1 | 1.50226 | 0 
-0.0457031 0.981641 1 1 | 1.44665 | 0 
-0.0535156 1.00117 1 1 | 1.57049 | 0 
-0.0535156 1.02461 1 1 | 1.737 | 0 
-0.0339844 1.0168 1 1 | 1.32278 | 0 
-0.00664063 0.989453 1 1 | 1.01471 | 0 
0.00507812 1.0168 1 1 | 1.09963 | 0 
0.0324219 1.03242 1 1 | 1.4855 | 0 
0.0207031 0.997266 1 1 | 1.08593 | 0 
0.0480469 0.966016 1 1 | 1.61984 | 0 
0.0128906 0.985547 1 1 | 1.05046 | 0 
0.00117187 0.934766 1 1 | 1.70737 | 0 
0.0480469 0.919141 1 1 | 2.56743 | 0 
0.0324219 0.864453 1 1 | 4.3728 | 0 
-0.00664063 0.903516 1 1 | 2.61206 | 0 
-0.0417969 0.903516 1 1 | 2.94793 | 0 
-0.0652344 0.887891 1 1 | 4.00594 | 0 
-0.0691406 0.833203 1 1 | 6.63997 | 0 
0.0597656 0.809766 1 1 | 7.69357 | 0 
0.0714844 0.833203 1 1 | 6.70326 | 0 
0.0949219 0.911328 1 1 | 4.08327 | 0 
0.173047 0.844922 1 1 | 10.4832 | 0 
0.266797 0.809766 1 1 | 18.1178 | 0 
0.247266 0.926953 1 1 | 11.7885 | 0 
0.216016 1.02852 1 1 | 9.15047 | 0 
0.153516 1.0207 1 1 | 5.45716 | 0 
0.157422 0.977734 1 1 | 5.58912 | 0 
0.122266 0.938672 1 1 | 4.44283 | 0 
0.0832031 0.973828 1 1 | 2.43082 | 0 
0.0753906 0.938672 1 1 | 2.72617 | 0 
0.0597656 0.993359 1 1 | 1.70086 | 0 
0.0832031 1.0207 1 1 | 2.4739 | 0 
0.0597656 1.04414 1 1 | 2.17776 | 0 
0.0910156 1.0793 1 1 | 3.98499 | 0 
0.0519531 1.09102 1 1 | 3.31717 | 0 
0.110547 1.17305 1 1 | 9.06117 | 0 
0.161328 1.17305 1 1 | 11.4705 | 0 
0.212109 1.11055 1 1 | 11.2418 | 0 
0.282422 1.16523 1 1 | 18.3879 | 0 
0.216016 1.18867 1 1 | 15.5868 | 0 
0.126172 1.23945 1 1 | 13.8762 | 0 
0.0246094 1.25898 1 1 | 12.2742 | 0 
-0.0730469 1.22773 1 1 | 11.1581 | 0 
0.0402344 1.15352 1 1 | 5.95733 | 0 
0.0441406 1.11055 1 1 | 3.93922 | 0 
0.0207031 1.06367 1 1 | 2.01095 | 0 
0.00898437 1.09492 1 1 | 2.9463 | 0 
-0.0261719 1.06758 1 1 | 2.1683 | 0 
-0.0652344 1.07539 1 1 | 3.09514 | 0 
-0.0222656 1.15742 1 1 | 5.94849 | 0 
-0.116016 1.14961 1 1 | 7.98361 | 0 
-0.0808594 1.07539 1 1 | 3.53218 | 0 
-0.151172 1.10273 1 1 | 7.43776 | 0 
-0.186328 1.10664 1 1 | 9.53166 | 0 
-0.0847656 1.29023 1 1 | 15.5631 | 0 
-0.0925781 1.40352 1 1 | 21.8461 | 0 
0.0246094 1.39961 1 1 | 20.1595 | 0 
-0.123828 1.47773 1 1 | 24.9834 | 0 
-0.186328 1.79023 1 1 | 16.8487 | 0 
-0.0574219 1.73945 1 1 | 14.34 | 0 
-0.0105469 1.65742 1 1 | 18.2684 | 0 
0.0675781 1.5832 1 1 | 22.0684 | 0 
0.0792969 1.69258 1 1 | 17.622 | 0 
0.270703 1.77852 1 1 | 22.7564 | 0 
0.255078 1.43086 1 1 | 31.5076 | 0 
0.258984 1.33711 1 1 | 27.6282 | 0 
0.309766 1.50898 1 1 | 36.0296 | 0 
0.512891 1.5832 1 1 | 41.4061 | 0 
0.798047 1.56367 1 1 | 29.3241 | 0 
0.669141 1.44258 1 1 | 36.7547 | 0 
0.766797 1.31758 1 1 | 25.3952 | 0 
0.716016 1.05586 1 1 | 14.3612 | 0 
0.649609 1.18477 1 1 | 23.7434 | 0 
0.395703 1.28633 1 1 | 32.0076 | 0 
0.344922 1.06367 1 1 | 17.6618 | 0 
0.516797 1.10273 1 1 | 23.4445 | 0 
0.442578 1.04023 1 1 | 20.957 | 0 
0.426953 0.852734 1 1 | 23.8636 | 0 
0.673047 0.833203 1 1 | 20.8082 | 0 
0.630078 0.997266 1 1 | 18.2399 | 0 
0.708203 0.942578 1 1 | 14.6349 | 0 
0.782422 1.04414 1 1 | 10.0665 | 0 
0.739453 0.903516 1 1 | 13.8123 | 0 
0.762891 0.805859 1 1 | 16.9892 | 0 
0.899609 0.844922 1 1 | 7.8357 | 0 
0.923047 0.911328 1 1 | 4.34615 | 0 
0.805859 0.907422 1 1 | 9.68431 | 0 
0.825391 0.969922 1 1 | 7.24331 | 0 
0.837109 1.0168 1 1 | 6.59122 | 0 
0.911328 1.0168 1 1 | 3.43734 | 0 
0.880078 0.973828 1 1 | 4.56974 | 0 
0.907422 0.930859 1 1 | 4.26841 | 0 
0.966016 0.930859 1 1 | 2.96067 | 0 
0.950391 0.969922 1 1 | 2.50892 | 0 
0.926953 1.04805 1 1 | 3.44977 | 0 
0.958203 1.00898 1 1 | 2.29999 | 0 
0.997266 1.04023 1 1 | 2.40094 | 0 
1.03242 0.997266 1 1 | 2.27369 | 0 
1.03242 0.966016 1 1 | 2.43797 | 0 
0.989453 0.969922 1 1 | 2.12476 | 0 
1.04414 0.954297 1 1 | 2.79753 | 0 
1.0207 0.868359 1 1 | 5.11541 | 0 
1.00508 0.919141 1 1 | 3.12816 | 0 
0.942578 0.895703 1 1 | 4.41101 | 0 
0.973828 0.872266 1 1 | 4.90055 | 0 
0.989453 0.809766 1 1 | 7.99414 | 0 
1.06367 0.829297 1 1 | 7.83499 | 0 
1.05977 0.876172 1 1 | 5.46966 | 0 
1.10273 0.872266 1 1 | 7.04533 | 0 
1.17305 0.825391 1 1 | 12.8516 | 0 
1.25898 0.833203 1 1 | 17.8556 | 0 
1.18086 0.895703 1 1 | 10.0643 | 0 
1.29414 0.985547 1 1 | 15.4303 | 0 
1.2043 0.993359 1 1 | 9.61849 | 0 
1.15352 0.950391 1 1 | 7.02299 | 0 
1.09883 0.934766 1 1 | 4.78129 | 0 
1.07148 1.00117 1 1 | 3.14753 | 0 
1.09492 1.0207 1 1 | 4.05661 | 0 
1.05195 1.0207 1 1 | 2.766 | 0 
1.10273 1.11055 1 1 | 6.78316 | 0 
1.11445 1.17305 1 1 | 10.4504 | 0 
1.25898 1.13008 1 1 | 16.5894 | 0 
1.23945 1.2668 1 1 | 23.5372 | 0 
1.10664 1.23164 1 1 | 13.7576 | 0 
1.04023 1.27461 1 1 | 14.5697 | 0 
0.938672 1.22773 1 1 | 11.7323 | 0 
1.00508 1.1457 1 1 | 6.2388 | 0 
1.04023 1.05977 1 1 | 3.22486 | 0 
1.00508 1.0832 1 1 | 3.52926 | 0 
0.981641 1.07539 1 1 | 3.29265 | 0 
0.942578 1.1418 1 1 | 6.55414 | 0 
0.911328 1.15352 1 1 | 7.98069 | 0 
0.848828 1.10273 1 1 | 8.13541 | 0 
0.821484 1.20039 1 1 | 14.712 | 0 
0.903516 1.28242 1 1 | 16.271 | 0 
0.919141 1.34883 1 1 | 19.7504 | 0 
0.942578 1.37617 1 1 | 20.5541 | 0 
0.864453 1.57148 1 1 | 25.6427 | 0 
0.880078 1.74336 1 1 | 16.9429 | 0 
1.00898 1.77461 1 1 | 12.6481 | 0 
0.993359 1.55586 1 1 | 22.8115 | 0 
1.05586 1.64961 1 1 | 20.3484 | 0 
1.24727 1.67695 1 1 | 28.6313 | 0 
1.18477 1.52852 1 1 | 29.6 | 0 
1.5207 1.33711 1 1 | 39.225 | 0 
1.41133 1.7082 1 1 | 35.9986 | 0 
1.7082 1.69648 1 1 | 31.6966 | 0 
1.60273 1.37227 1 1 | 39.3934 | 0 
1.58711 1.11836 1 1 | 24.954 | 0 
1.45039 1.28633 1 1 | 35.5442 | 0 
1.48555 1.05195 1 1 | 23.8053 | 0 
1.38398 1.02852 1 1 | 20.5971 | 0 
1.44258 0.923047 1 1 | 23.4405 | 0 
1.60273 1.00508 1 1 | 21.577 | 0 
1.71602 0.833203 1 1 | 20.7701 | 0 
1.57539 0.716016 1 1 | 34.0175 | 0 
1.79414 0.610547 1 1 | 28.5419 | 0 
1.5207 0.508984 1 1 | 42.4762 | 0 
1.38398 0.633984 1 1 | 36.442 | 0 
1.26289 0.622266 1 1 | 29.9877 | 0 
1.17305 0.692578 1 1 | 20.742 | 0 
1.04414 0.688672 1 1 | 15.7103 | 0 
0.848828 0.786328 1 1 | 13.2629 | 0 
0.891797 0.649609 1 1 | 19.3434 | 0 
0.946484 0.598828 1 1 | 19.9527 | 0 
0.809766 0.548047 1 1 | 26.8413 | 0 
0.997266 0.387891 1 1 | 18.7715 | 0 
1.16914 0.469922 1 1 | 26.5499 | 0 
1.26289 0.391797 1 1 | 30.3391 | 0 
1.17695 0.251172 1 1 | 17.0967 | 0 
1.29414 0.169141 1 1 | 19.5816 | 0 
1.23164 0.0753906 1 1 | 11.4777 | 0 
1.12227 0.173047 1 1 | 9.45402 | 0 
1.16914 0.0597656 1 1 | 7.2075 | 0 
1.10664 0.0871094 1 1 | 4.86009 | 0 
1.05977 0.130078 1 1 | 4.99996 | 0 
1.05586 0.184766 1 1 | 7.77861 | 0 
1.1418 0.251172 1 1 | 15.1586 | 0 
1.0168 0.294141 1 1 | 13.9191 | 0 
0.977734 0.212109 1 1 | 8.74534 | 0 
0.895703 0.274609 1 1 | 14.4942 | 0 
0.844922 0.231641 1 1 | 14.0048 | 0 
0.919141 0.130078 1 1 | 5.28792 | 0 
0.825391 0.169141 1 1 | 11.2883 | 0 
0.833203 0.110547 1 1 | 8.03535 | 0 
0.880078 0.0988281 1 1 | 5.36303 | 0 
0.895703 0.0636719 1 1 | 3.67242 | 0 
0.973828 0.0714844 1 1 | 2.08519 | 0 
0.942578 0.0910156 1 1 | 3.13665 | 0 
0.954297 0.173047 1 1 | 6.70621 | 0 
1.00898 0.145703 1 1 | 4.96611 | 0 
1.03633 0.106641 1 1 | 3.51177 | 0 
1.00898 0.0675781 1 1 | 1.93153 | 0 
1.03242 0.0636719 1 1 | 2.07136 | 0 
1.03633 0.0363281 1 1 | 1.59905 | 0 
1.00508 0.0363281 1 1 | 1.28097 | 0 
1.00508 0.00507812 1 1 | 1.02539 | 0 
1.03242 0.00117187 1 1 | 1.27795 | 0 
1.03633 -0.0222656 1 1 | 1.43655 | 0 
1.04414 -0.0574219 1 1 | 2.12449 | 0 
1.01289 -0.0574219 1 1 | 1.71085 | 0 
0.997266 -0.0378906 1 1 | 1.28451 | 0 
0.977734 -0.0144531 1 1 | 1.10008 | 0 
0.985547 -0.0574219 1 1 | 1.66463 | 0 
0.954297 -0.0613281 1 1 | 2.0622 | 0 
0.934766 -0.0417969 1 1 | 2.05171 | 0 
0.930859 0.00117187 1 1 | 1.80064 | 0 
0.969922 -0.00273438 1 1 | 1.12528 | 0 
0.966016 0.0324219 1 1 | 1.37313 | 0 
0.942578 0.0441406 1 1 | 1.92137 | 0 
0.923047 0.0402344 1 1 | 2.32279 | 0 
0.887891 0.0167969 1 1 | 3.22929 | 0 
0.825391 0.0128906 1 1 | 6.15746 | 0 
0.801953 -0.0496094 1 1 | 7.92582 | 0 
0.876172 -0.0457031 1 1 | 4.06131 | 0 
0.919141 -0.0261719 1 1 | 2.24848 | 0 
0.915234 -0.100391 1 1 | 4.16211 | 0 
0.868359 -0.100391 1 1 | 5.92344 | 0 
0.833203 -0.119922 1 1 | 8.42765 | 0 
0.852734 -0.194141 1 1 | 11.3157 | 0 
0.954297 -0.186328 1 1 | 7.46513 | 0 
0.926953 -0.112109 1 1 | 4.29173 | 0 
0.981641 -0.119922 1 1 | 3.75641 | 0 
0.989453 -0.0964844 1 1 | 2.79725 | 0 
1.02461 -0.108203 1 1 | 3.40923 | 0 
0.997266 -0.158984 1 1 | 5.61425 | 0 
1.07148 -0.143359 1 1 | 5.95527 | 0 
1.14961 -0.166797 1 1 | 10.4638 | 0 
1.16133 -0.0964844 1 1 | 7.85734 | 0 
1.06758 -0.123828 1 1 | 4.9251 | 0 
1.06758 -0.0535156 1 1 | 2.59558 | 0 
1.11055 -0.0222656 1 1 | 3.65332 | 0 
1.0793 0.0128906 1 1 | 2.41857 | 0 
1.11055 0.0402344 1 1 | 3.87459 | 0 
1.17305 0.0285156 1 1 | 6.89303 | 0 
1.1418 -0.0613281 1 1 | 5.7589 | 0 
1.19258 -0.0144531 1 1 | 7.9385 | 0 
1.21211 0.00507812 1 1 | 9.12101 | 0 
1.27852 -0.123828 1 1 | 16.3141 | 0 
1.48555 -0.151172 1 1 | 26.3754 | 0 
1.40742 -0.0144531 1 1 | 20.3826 | 0 
1.34492 0.298047 1 1 | 30.4926 | 0 
1.46211 0.0949219 1 1 | 23.5962 | 0 
1.65742 0.255078 1 1 | 28.6305 | 0 
1.73945 0.0832031 1 1 | 15.0355 | 0 
1.73555 0.0128906 1 1 | 13.9569 | 0 
1.65352 -0.0222656 1 1 | 18.535 | 0 
1.66133 -0.170703 1 1 | 23.303 | 0 
1.79805 -0.201953 1 1 | 17.3323 | 0 
1.68477 -0.373828 1 1 | 33.987 | 0 
1.67305 -0.237109 1 1 | 26.7002 | 0 
1.54023 -0.408984 1 1 | 40.6357 | 0 
1.50508 -0.655078 1 1 | 38.3111 | 0 
1.75508 -0.698047 1 1 | 26.4602 | 0 
1.63008 -0.772266 1 1 | 28.706 | 0 
1.73945 -0.897266 1 1 | 16.51 | 0 
1.75117 -1.02227 1 1 | 14.1407 | 0 
1.72773 -1.11602 1 1 | 18.1712 | 0 
1.59102 -1.1082 1 1 | 24.3968 | 0 
1.5793 -0.994922 1 1 | 22.2784 | 0 
1.4582 -1.08086 1 1 | 24.2198 | 0 
1.31758 -1.09648 1 1 | 18.8449 | 0 
1.30586 -0.975391 1 1 | 16.2191 | 0 
1.42695 -0.869922 1 1 | 24.9212 | 0 
1.29805 -0.717578 1 1 | 27.2011 | 0 
1.10664 -0.752734 1 1 | 13.7865 | 0 
1.1457 -0.842578 1 1 | 10.4391 | 0 
1.0832 -0.846484 1 1 | 7.5328 | 0 
1.10273 -0.908984 1 1 | 5.65037 | 0 
1.12227 -0.944141 1 1 | 5.574 | 0 
1.18477 -0.940234 1 1 | 9.00454 | 0 
1.28633 -0.830859 1 1 | 19.748 | 0 
1.28242 -1.03398 1 1 | 14.9689 | 0 
1.23555 -1.11211 1 1 | 14.2415 | 0 
1.16914 -1.18633 1 1 | 14.0197 | 0 
1.05586 -1.13555 1 1 | 6.43162 | 0 
1.07539 -1.08477 1 1 | 4.82438 | 0 
1.08711 -1.02227 1 1 | 3.79033 | 0 
1.16914 -1.06914 1 1 | 8.57904 | 0 
1.13008 -0.994922 1 1 | 5.43514 | 0 
1.11836 -0.975391 1 1 | 4.96656 | 0 
1.05195 -1.01055 1 1 | 2.68283 | 0 
1.03633 -0.963672 1 1 | 2.52639 | 0 
1.0207 -1.01055 1 1 | 2.17448 | 0 
1.00117 -0.967578 1 1 | 2.1506 | 0 
0.958203 -0.979297 1 1 | 2.30952 | 0 
0.930859 -0.994922 1 1 | 2.79533 | 0 
0.981641 -1.02227 1 1 | 2.17781 | 0 
0.950391 -1.0418 1 1 | 2.81832 | 0 
0.985547 -1.05742 1 1 | 2.77947 | 0 
1.00898 -1.02617 1 1 | 2.22691 | 0 
1.02852 -1.0457 1 1 | 2.7259 | 0 
1.0168 -1.08867 1 1 | 3.79202 | 0 
1.0207 -1.13555 1 1 | 5.83348 | 0 
0.950391 -1.19805 1 1 | 9.61879 | 0 
0.872266 -1.10039 1 1 | 6.95244 | 0 
0.856641 -1.18633 1 1 | 12.0413 | 0 
0.805859 -1.05352 1 1 | 8.88618 | 0 
0.883984 -1.06133 1 1 | 5.18737 | 0 
0.876172 -0.994922 1 1 | 4.6447 | 0 
0.852734 -0.955859 1 1 | 6.01199 | 0 
0.813672 -0.944141 1 1 | 8.27333 | 0 
0.825391 -0.873828 1 1 | 9.86927 | 0 
0.880078 -0.858203 1 1 | 7.93616 | 0 
0.887891 -0.893359 1 1 | 6.13351 | 0 
0.934766 -0.908984 1 1 | 4.12444 | 0 
0.977734 -0.920703 1 1 | 3.12209 | 0 
1.04023 -0.944141 1 1 | 2.90595 | 0 
1.0168 -0.912891 1 1 | 3.38868 | 0 
1.04023 -0.873828 1 1 | 5.14969 | 0 
0.958203 -0.881641 1 1 | 4.68344 | 0 
0.962109 -0.783984 1 1 | 9.70823 | 0 
1.02852 -0.705859 1 1 | 14.4592 | 0 
0.911328 -0.737109 1 1 | 13.7002 | 0 
0.899609 -0.658984 1 1 | 18.5849 | 0 
0.934766 -0.451953 1 1 | 21.4591 | 0 
1.06758 -0.608203 1 1 | 20.1792 | 0 
1.25117 -0.573047 1 1 | 30.9376 | 0 
1.06758 -0.412891 1 1 | 20.7424 | 0 
1.21211 -0.315234 1 1 | 23.2003 | 0 
1.16914 -0.260547 1 1 | 17.2372 | 0 
1.0168 -0.252734 1 1 | 11.3302 | 0 
0.993359 -0.330859 1 1 | 15.9747 | 0 
0.891797 -0.334766 1 1 | 18.2135 | 0 
0.825391 -0.299609 1 1 | 19.2811 | 0 
0.794141 -0.201953 1 1 | 14.9652 | 0 
0.610547 -0.323047 1 1 | 32.5955 | 0 
0.755078 -0.334766 1 1 | 25.4459 | 0 
0.665234 -0.479297 1 1 | 35.6705 | 0 
0.383984 -0.451953 1 1 | 37.3632 | 0 
0.301953 -0.315234 1 1 | 27.3872 | 0 
0.208203 -0.350391 1 1 | 23.4727 | 0 
0.102734 -0.334766 1 1 | 17.2174 | 0 
0.102734 -0.229297 1 1 | 10.783 | 0 
0.0246094 -0.287891 1 1 | 12.5661 | 0 
-0.0574219 -0.244922 1 1 | 10.3931 | 0 
-0.143359 -0.229297 1 1 | 12.5708 | 0 
-0.112109 -0.303516 1 1 | 15.7892 | 0 
-0.135547 -0.424609 1 1 | 22.5153 | 0 
-0.0105469 -0.393359 1 1 | 18.0197 | 0 
-0.0183594 -0.498828 1 1 | 20.3204 | 0 
-0.108203 -0.533984 1 1 | 22.2981 | 0 
-0.100391 -0.651172 1 1 | 18.1815 | 0 
0.0167969 -0.674609 1 1 | 15.0778 | 0 
0.0949219 -0.631641 1 1 | 18.9094 | 0 
0.137891 -0.549609 1 1 | 23.3684 | 0 
0.294141 -0.698047 1 1 | 26.5235 | 0 
0.243359 -0.893359 1 1 | 12.6072 | 0 
0.153516 -0.834766 1 1 | 9.94994 | 0 
0.161328 -0.920703 1 1 | 6.80683 | 0 
0.110547 -0.908984 1 1 | 4.75137 | 0 
0.0675781 -0.877734 1 1 | 4.47647 | 0 
0.0558594 -0.795703 1 1 | 8.41858 | 0 
0.137891 -0.705859 1 1 | 16.7845 | 0 
0.0246094 -0.791797 1 1 | 8.15576 | 0 
-0.0300781 -0.744922 1 1 | 11.0579 | 0 
-0.166797 -0.701953 1 1 | 18.5059 | 0 
-0.127734 -0.815234 1 1 | 9.75239 | 0 
-0.123828 -0.854297 1 1 | 7.53311 | 0 
-0.198047 -0.924609 1 1 | 8.79358 | 0 
-0.108203 -0.912891 1 1 | 4.53427 | 0 
-0.0925781 -0.936328 1 1 | 3.32454 | 0 
-0.0496094 -0.944141 1 1 | 1.99036 | 0 
-0.0261719 -0.908984 1 1 | 2.55793 | 0 
-0.0691406 -0.873828 1 1 | 4.68342 | 0 
-0.0417969 -0.858203 1 1 | 4.79928 | 0 
0.0324219 -0.826953 1 1 | 6.24778 | 0 
-0.00273438 -0.901172 1 1 | 2.68536 | 0 
0.0167969 -0.940234 1 1 | 1.64179 | 0 
0.0402344 -0.979297 1 1 | 1.36797 | 0 
0.00898437 -0.959766 1 1 | 1.26 | 0 
0.00898437 -0.971484 1 1 | 1.12487 | 0 
-0.0105469 -1.00273 1 1 | 1.03401 | 0 
0.0207031 -0.983203 1 1 | 1.11224 | 0 
0.0402344 -1.01836 1 1 | 1.42798 | 0 
0.0363281 -1.04961 1 1 | 1.84925 | 0 
0.0207031 -1.04961 1 1 | 1.67347 | 0 
-0.00273438 -1.05352 1 1 | 1.67639 | 0 
0.00117187 -1.01445 1 1 | 1.07559 | 0 
-0.0417969 -1.03789 1 1 | 1.70889 | 0 
-0.0574219 -1.06914 1 1 | 2.72406 | 0 
-0.0730469 -0.998828 1 1 | 2.04316 | 0 
-0.0378906 -1.00273 1 1 | 1.29545 | 0 
-0.0417969 -0.979297 1 1 | 1.39312 | 0 
-0.0378906 -0.963672 1 1 | 1.47653 | 0 
-0.0691406 -0.959766 1 1 | 2.17764 | 0 
-0.0925781 -1.01055 1 1 | 2.70135 | 0 
-0.174609 -0.959766 1 1 | 6.71272 | 0 
-0.162891 -1.02227 1 1 | 5.97022 | 0 
-0.116016 -1.06133 1 1 | 4.4194 | 0 
-0.104297 -1.03008 1 1 | 3.32644 | 0 
-0.0808594 -1.07695 1 1 | 3.58076 | 0 
-0.119922 -1.09648 1 1 | 5.71059 | 0 
-0.166797 -1.11602 1 1 | 8.82664 | 0 
-0.0769531 -1.15898 1 1 | 7.08845 | 0 
-0.0144531 -1.15117 1 1 | 5.55349 | 0 
-0.0378906 -1.09258 1 1 | 3.12684 | 0 
-0.00664063 -1.13555 1 1 | 4.71591 | 0 
0.00507812 -1.09258 1 1 | 2.84846 | 0 
0.0207031 -1.13164 1 1 | 4.60056 | 0 
-0.0105469 -1.15898 1 1 | 5.95827 | 0 
0.0792969 -1.15508 1 1 | 6.94446 | 0 
0.145703 -1.15508 1 1 | 9.64956 | 0 
0.165234 -1.09648 1 1 | 7.93882 | 0 
0.0636719 -1.13555 1 1 | 5.50085 | 0 
0.0792969 -1.06523 1 1 | 3.19006 | 0 
0.0910156 -1.02617 1 1 | 2.7923 | 0 
0.0636719 -1.01445 1 1 | 1.86901 | 0 
0.0558594 -0.987109 1 1 | 1.62491 | 0 
0.110547 -0.991016 1 1 | 3.33208 | 0 
0.122266 -0.975391 1 1 | 3.89914 | 0 
0.161328 -0.983203 1 1 | 5.76573 | 0 
0.161328 -1.05352 1 1 | 6.41331 | 0 
0.184766 -1.03008 1 1 | 7.29326 | 0 
0.212109 -0.998828 1 1 | 8.68961 | 0 
0.290234 -1.10039 1 1 | 15.7255 | 0 
0.317578 -1.13164 1 1 | 18.7361 | 0 
0.469922 -1.07305 1 1 | 22.2341 | 0 
0.352734 -0.924609 1 1 | 18.1014 | 0 
0.485547 -0.768359 1 1 | 29.6389 | 0 
0.583203 -0.893359 1 1 | 21.9696 | 0 
0.712109 -0.772266 1 1 | 22.0724 | 0 
0.743359 -0.850391 1 1 | 15.8002 | 0 
0.747266 -0.975391 1 1 | 11.8059 | 0 
0.665234 -0.975391 1 1 | 16.596 | 0 
0.653516 -1.1043 1 1 | 19.4207 | 0 
0.688672 -1.17461 1 1 | 21.0559 | 0 
0.798047 -1.20195 1 1 | 16.1401 | 0 
0.583203 -1.31523 1 1 | 34.7243 | 0 
0.747266 -1.36211 1 1 | 29.0663 | 0 
0.645703 -1.47539 1 1 | 38.5735 | 0 
0.383984 -1.45195 1 1 | 39.2671 | 0 
0.305859 -1.31133 1 1 | 29.015 | 0 
0.223828 -1.3543 1 1 | 26.3463 | 0 
0.0832031 -1.32695 1 1 | 17.7573 | 0 
0.0949219 -1.22539 1 1 | 11.7019 | 0 
0.0324219 -1.28008 1 1 | 13.7301 | 0 
-0.0730469 -1.24102 1 1 | 12.0211 | 0 
-0.116016 -1.31133 1 1 | 18.038 | 0 
-0.123828 -1.42852 1 1 | 23.9462 | 0 
0.00507812 -1.38945 1 1 | 19.6239 | 0 
-0.116016 -1.51445 1 1 | 24.8121 | 0 
0.0167969 -1.65898 1 1 | 18.2252 | 0 
0.130078 -1.55742 1 1 | 24.9618 | 0 
0.270703 -1.69805 1 1 | 27.4654 | 0 
0.266797 -1.9207 1 1 | 16.0344 | 0 
0.196484 -1.83867 1 1 | 14.8372 | 0 
0.133984 -1.88945 1 1 | 9.24895 | 0 
0.0519531 -1.83086 1 1 | 9.02303 | 0 
0.157422 -1.75273 1 1 | 17.4357 | 0 
-0.00273438 -1.7332 1 1 | 14.0639 | 0 
-0.0730469 -1.81914 1 1 | 10.1456 | 0 
-0.155078 -1.7918 1 1 | 15.0267 | 0 
-0.194141 -1.87773 1 1 | 12.9389 | 0 
-0.119922 -1.90508 1 1 | 8.08209 | 0 
-0.0457031 -1.86992 1 1 | 7.07129 | 0 
0.0480469 -1.8543 1 1 | 7.80385 | 0 
0.00898437 -1.9207 1 1 | 4.92585 | 0 
-0.00273438 -1.95586 1 1 | 4.21401 | 0 
0.0363281 -2.03789 1 1 | 4.70075 | 0 
-0.0417969 -2.01445 1 1 | 4.44884 | 0 
-0.0652344 -2.02617 1 1 | 5.07784 | 0 
-0.0496094 -1.97539 1 1 | 4.51082 | 0 
-0.131641 -2.00664 1 1 | 7.28768 | 0 
-0.194141 -1.99492 1 1 | 10.5894 | 0 
-0.119922 -2.01836 1 1 | 6.86657 | 0 
-0.139453 -2.08477 1 1 | 9.35511 | 0 
-0.143359 -2.19023 1 1 | 14.9449 | 0 
-0.0574219 -2.1668 1 1 | 10.3542 | 0 
0.0207031 -2.10039 1 1 | 6.42584 | 0 
0.0128906 -2.17461 1 1 | 10.2051 | 0 
0.0871094 -2.15117 1 1 | 10.2828 | 0 
0.161328 -2.08086 1 1 | 10.3365 | 0 
0.0558594 -2.09648 1 1 | 6.79496 | 0 
0.0714844 -2.02227 1 1 | 5.1892 | 0 
0.0988281 -1.9832 1 1 | 5.87027 | 0 
0.157422 -1.99883 1 1 | 8.53104 | 0 
0.180859 -2.00664 1 1 | 9.86415 | 0 
0.258984 -2.02227 1 1 | 14.8235 | 0 
0.356641 -2.14336 1 1 | 24.7262 | 0 
0.473828 -2.01445 1 1 | 24.1938 | 0 
0.333203 -1.89727 1 1 | 20.7206 | 0 
0.462109 -1.7918 1 1 | 30.5509 | 0 
0.575391 -1.91289 1 1 | 24.3549 | 0 
0.727734 -1.78008 1 1 | 23.2191 | 0 
0.758984 -1.88555 1 1 | 16.0483 | 0 
0.758984 -1.95586 1 1 | 14.2244 | 0 
0.645703 -1.95586 1 1 | 20.7236 | 0 
0.645703 -2.08867 1 1 | 22.3909 | 0 
0.801953 -2.19805 1 1 | 19.0662 | 0 
0.856641 -2.05742 1 1 | 9.40545 | 0 
0.864453 -1.96758 1 1 | 8.24312 | 0 
0.887891 -2.01836 1 1 | 7.31361 | 0 
0.950391 -2.06523 1 1 | 6.48363 | 0 
0.942578 -1.98711 1 1 | 5.51867 | 0 
1.01289 -1.98711 1 1 | 5.04512 | 0 
1.02852 -2.03008 1 1 | 5.52219 | 0 
1.02852 -2.08477 1 1 | 6.95426 | 0 
0.973828 -2.15898 1 1 | 10.3374 | 0 
1.09492 -2.19805 1 1 | 14.5551 | 0 
1.19258 -2.18242 1 1 | 18.5404 | 0 
1.19258 -2.07695 1 1 | 13.3571 | 0 
1.2668 -2.03398 1 1 | 17.0274 | 0 
1.18477 -1.99492 1 1 | 11.4085 | 0 
1.13789 -2.05352 1 1 | 9.60093 | 0 
1.10664 -2.00664 1 1 | 7.42701 | 0 
1.07148 -1.88164 1 1 | 8.32562 | 0 
1.15742 -1.87773 1 1 | 12.1847 | 0 
1.24727 -1.85039 1 1 | 18.9151 | 0 
1.25898 -1.7293 1 1 | 26.4419 | 0 
1.07539 -1.81914 1 1 | 11.363 | 0 
1.00508 -1.75664 1 1 | 13.6889 | 0 
0.938672 -1.80352 1 1 | 11.5726 | 0 
1.00117 -1.87383 1 1 | 7.50004 | 0 
1.0168 -1.94805 1 1 | 5.41747 | 0 
0.942578 -1.92852 1 1 | 6.24828 | 0 
0.880078 -1.8543 1 1 | 10.8308 | 0 
0.848828 -1.93633 1 1 | 9.44638 | 0 
0.817578 -1.76445 1 1 | 18.7602 | 0 
0.923047 -1.7293 1 1 | 16.291 | 0 
0.880078 -1.58477 1 1 | 24.6129 | 0 
1.02461 -1.63555 1 1 | 20.4364 | 0 
0.856641 -1.55352 1 1 | 26.382 | 0 
0.919141 -1.35039 1 1 | 19.8341 | 0 
0.864453 -1.21758 1 1 | 13.6244 | 0 
0.954297 -1.31914 1 1 | 17.2742 | 0 
1.0168 -1.2332 1 1 | 11.5619 | 0 
0.969922 -1.39727 1 1 | 21.0641 | 0 
1.17305 -1.36211 1 1 | 25.0633 | 0 
1.13008 -1.20586 1 1 | 13.1563 | 0 
1.22383 -1.4207 1 1 | 30.6684 | 0 
1.13789 -1.53398 1 1 | 26.95 | 0 
1.30195 -1.69805 1 1 | 30.9967 | 0 
1.3293 -1.45977 1 1 | 38.3639 | 0 
1.5793 -1.43633 1 1 | 42.5568 | 0 
1.75898 -1.48711 1 1 | 34.7135 | 0 
1.79805 -1.70195 1 1 | 26.1346 | 0 
1.55195 -1.70195 1 1 | 37.7554 | 0 
1.54805 -1.95195 1 1 | 26.2116 | 0 
1.39961 -2.06914 1 1 | 25.2498 | 0 
1.55195 -2.19805 1 1 | 33.5102 | 0 
1.67695 -2.07305 1 1 | 22.5798 | 0 
1.79805 -2.07695 1 1 | 15.7248 | 0 
1.73555 -2.13945 1 1 | 22.1006 | 0 
-0.00273438 -0.00664063 0 0 | 0.0102307 
0 0 0 0 | 0 